strategy,n_targeted,pct_targeted,email_cost_total,treated_outcome_rate,control_outcome_rate,incremental_conversion_rate,incremental_conversions,incremental_profit,incremental_spend,net_value,net_value_per_customer,note
send_everyone,16000,1.0,800.0,0.009743301480232341,0.005257228689447991,0.00448607279078435,47.884340968832156,5421.101120554216,8476.102215546374,4621.101120554216,0.28881882003463855,
send_no_one,0,0.0,0.0,,,,0.0,0.0,0.0,0.0,0.0,
target_by_response_probability,4800,0.3,240.0,0.012759170653907496,0.010810810810810811,0.0019483598430966847,6.108108108108106,691.5135729002542,753.1256756756748,451.5135729002542,0.09406532768755295,top 30% by response_score
target_by_predicted_uplift,4800,0.3,240.0,0.009993753903810118,0.0037546933667083854,0.006239060537101732,19.977471839799747,2261.69751499913,2872.0831163954945,2021.69751499913,0.4211869822914854,top 30% by tau_hat
target_by_expected_profit_positive,15948,0.99675,797.4000000000001,0.009773517526548257,0.0052760504993404934,0.004497467027207764,47.85754663651781,5418.0676699105425,8473.46172979084,4620.667669910543,0.2897333627985041,tau_hat (visit-uplift) used as a documented proxy for conversion-uplift
