test_row_id,y_true,treatment,cf_predicted_uplift
0,0,0,0.05604569721341679
1,0,1,0.03450714646881484
2,0,1,0.029575235012632775
3,1,0,0.04049309910686627
4,1,1,0.03936493541900543
5,0,1,0.09629056852063356
6,0,1,-0.010247639308748863
7,1,0,0.04093503346519152
8,0,0,0.08342606712416177
9,0,0,0.08765114228759405
10,0,1,0.03383759633120023
11,1,1,0.031707034519930954
12,0,1,0.07054506889592989
13,0,1,0.08232778418188477
14,0,1,0.04612960607915839
15,0,0,0.01720777322012622
16,0,1,0.05086944091122188
17,0,0,0.10033845895516838
18,0,1,0.10362079082017554
19,0,0,0.05044827721964146
20,0,1,0.09971957187956715
21,1,1,-0.008917078963805503
22,0,1,0.11978655092059413
23,0,1,0.044108953205400536
24,0,1,0.05915390071578819
25,1,1,0.08371349453353177
26,0,1,0.07908365273024394
27,0,1,-0.01584177509921786
28,0,0,0.024747819485461398
29,1,1,0.04688321128497509
30,0,1,0.12149990705450645
31,0,1,0.031225202795826856
32,0,1,0.047484057871053004
33,1,1,0.02622188962414798
34,0,1,0.05727821139400992
35,1,1,0.035561162203101085
36,0,1,0.03904151144624379
37,1,1,0.07422078862803166
38,0,0,0.07682443912677112
39,0,1,-0.017251962588298544
40,0,0,0.01269713297587649
41,0,1,0.06738433934002622
42,0,1,-0.003520918941948198
43,0,1,0.0077983194221384056
44,0,0,0.06779167021302293
45,0,1,0.07169741239481911
46,0,1,0.06034501367433412
47,0,0,0.054591000412911095
48,1,0,0.0810831412944814
49,0,1,0.07332933454587828
50,1,1,0.07836917138517498
51,0,1,0.047228805165215826
52,0,0,0.07993796372783918
53,0,1,0.0950807931295247
54,0,1,0.05598716783132793
55,0,1,0.08724132430819445
56,1,1,0.11299901937948567
57,0,1,0.046744871374045566
58,0,0,0.05012234501564977
59,0,1,0.012050545214199071
60,0,1,0.024380933468126115
61,0,0,0.05582611388291296
62,0,1,0.09424443318677755
63,0,1,0.07404028941109113
64,0,1,0.03759584784613551
65,0,0,0.05677696633198161
66,0,0,0.06483774201252818
67,0,0,0.08628891795096898
68,1,1,0.0859643051790636
69,0,1,0.06626240959185449
70,0,1,0.08255520124695892
71,0,1,0.012888978579148141
72,0,0,0.029031023021487384
73,0,0,-0.020846977324285726
74,0,0,0.10435597317432722
75,0,0,0.0757166993350839
76,0,0,0.04479375070959793
77,0,0,0.07866880946465146
78,0,1,0.04975991146664807
79,0,1,0.03104786008823346
80,0,1,0.09201890417557174
81,0,1,0.0095949318286693
82,0,0,0.024078470577299976
83,1,0,0.10768317675096206
84,0,1,0.04355950765879474
85,1,1,0.08973175419781665
86,0,1,0.13332709338007165
87,1,1,0.08406456877291668
88,0,0,0.09017077390553838
89,0,1,0.06519629624249113
90,0,0,0.08297280367731977
91,0,0,0.08432549082456739
92,0,1,0.04523336782236789
93,0,1,0.0014897448182381035
94,1,1,0.08242636794301246
95,0,1,0.08543788706407707
96,0,1,0.08807047915677255
97,0,1,-0.020271081106762928
98,0,0,0.11753553906952915
99,0,1,0.08168536879614724
100,0,1,0.0235783373232199
101,0,0,0.03757159139937927
102,0,0,0.045590636534948784
103,0,1,0.21659919679818238
104,0,1,0.18466572148634133
105,0,1,0.09050921240215551
106,0,0,0.05679181107394908
107,0,1,0.02723803837856434
108,0,1,0.03551442100663256
109,0,1,0.06893044828170714
110,0,1,0.03567132021614358
111,1,1,0.033467912081802526
112,0,1,0.07281713665006508
113,0,1,0.06031672040285954
114,0,1,0.03550353167825793
115,0,0,0.05621983339157896
116,0,0,0.08371558221386347
117,0,1,0.08341871552942874
118,1,1,0.02012162193415605
119,0,0,0.07494603221045126
120,0,1,0.05590864686986326
121,0,0,0.08627213497693043
122,0,0,0.03404507912202828
123,0,0,0.048091865498350386
124,0,0,0.04919538777671523
125,1,1,0.0360519065738735
126,0,1,0.08042736665179186
127,0,1,0.09002384680521477
128,0,1,0.11798316991522063
129,0,0,0.07452854975565368
130,0,0,0.07623119060270059
131,0,1,0.08097211802864017
132,0,1,0.08938782190500903
133,0,1,0.036260557624621034
134,0,0,0.022457723389592982
135,0,1,0.02040845314128975
136,1,1,0.06098706420609175
137,1,1,0.08609591155380812
138,0,0,0.0457824556408076
139,0,0,0.060862127002805924
140,1,0,0.07223417917145411
141,1,1,0.22482917299778882
142,1,1,0.07193116163707973
143,0,1,0.08505351458649993
144,0,1,0.016170550209400225
145,0,1,0.07189496626737293
146,0,1,0.09196491717871752
147,0,0,0.04680847597194711
148,0,0,0.08355631350767934
149,0,0,0.08899984735649702
150,0,0,0.12170863184057121
151,0,1,0.03936666385729845
152,0,0,0.03013563209612627
153,0,0,0.06070215281065412
154,0,1,0.05185583564628346
155,0,0,0.03625719020667041
156,0,1,0.059953073590604526
157,0,0,0.1277068239364242
158,0,1,0.003121419144756249
159,0,0,0.015376579937990312
160,0,1,0.0510415615264699
161,0,1,0.08387917614179538
162,0,1,0.08870064099836887
163,0,0,0.049487349480516224
164,0,1,0.06246258641388126
165,0,0,0.015691450514494415
166,0,1,0.05073235502774276
167,0,1,0.10615263448781179
168,0,1,0.038473902511187874
169,0,0,0.06414825923340124
170,0,0,0.058463722348606875
171,0,0,0.02741828620827781
172,0,0,0.023567876034725044
173,0,1,-0.009182750668168066
174,0,1,0.031130730634442452
175,0,0,0.06103863301978325
176,1,1,0.08688845232985966
177,0,0,0.051270371527477376
178,0,1,0.06389666885401835
179,0,1,0.08867855273232886
180,0,1,0.055840822252094746
181,1,1,-0.04517527543664929
182,1,0,0.04058948850525723
183,0,1,0.03697642796938132
184,0,1,0.07594559248286184
185,0,1,-0.025322323419743123
186,1,1,0.08233268767880411
187,0,1,0.0002592221559856167
188,0,0,0.07454821436565992
189,1,1,0.03193053597460496
190,0,1,0.06600358109043253
191,0,0,0.03691548950964184
192,0,0,0.0987342228216833
193,0,1,-0.004536306839876908
194,0,0,0.038464030120468506
195,0,1,0.08830731608915221
196,1,1,0.10208761238842676
197,0,0,0.07709701916963826
198,1,1,0.12890929713871496
199,0,0,0.05116960895426629
200,0,1,0.08649707254245816
201,0,1,0.048851063820392115
202,0,1,0.08238721119392373
203,0,0,0.07872464123847546
204,0,1,0.05805510631202755
205,0,1,0.07434150220273587
206,0,0,0.0677296270070688
207,0,1,0.12544646563887224
208,1,1,0.0342551429673435
209,0,1,0.09239041577360044
210,0,1,-0.030824357304549604
211,0,1,0.05681958086632641
212,0,0,0.06712926995383806
213,0,0,0.06623187494852069
214,0,1,0.09925821458051758
215,1,1,0.06448863902376131
216,0,1,0.06641515018700117
217,1,1,0.07466925925563725
218,0,1,0.02823568087351852
219,0,1,0.07029176566441842
220,0,1,0.06396741880875736
221,0,1,0.06800285044729942
222,0,0,0.06392863615450803
223,0,0,0.06919572591375152
224,0,0,-0.07843506458641886
225,0,1,0.07631456475131905
226,0,1,0.03099618165808793
227,0,0,0.05350492804459761
228,1,1,0.04781081088721563
229,0,1,0.004495701367793953
230,0,1,0.10474504866490009
231,0,0,0.0415273083028162
232,0,1,0.1149317107026982
233,0,1,0.06807166521532731
234,0,0,0.05395140040137129
235,1,1,0.013309904382632659
236,0,0,0.017611020818260326
237,1,1,0.0726966228035204
238,1,1,0.06408248148496368
239,0,1,0.02876810334987459
240,0,1,0.049185297343190944
241,0,0,0.06646311797317855
242,0,1,0.03532791330013656
243,1,0,0.10047408662254936
244,0,0,0.0021542255742682537
245,0,1,0.07117370216042898
246,0,1,0.038872209702859595
247,1,0,0.02369426529162122
248,0,0,0.07963014318048431
249,1,0,0.0704661192357383
250,0,1,0.027302687981733284
251,0,1,0.039599249335266075
252,0,0,0.11011676887948196
253,1,1,0.023582055100842478
254,1,0,0.0691287826748639
255,0,1,0.07826326799389885
256,0,1,0.06424375487126296
257,0,1,0.07736917578837278
258,0,1,0.06179532756649457
259,0,1,0.05202816524341651
260,0,1,0.03559229814591275
261,1,1,0.03526428832735318
262,0,1,0.07541245962760082
263,0,1,0.07581191318307216
264,0,1,0.08901592284124217
265,0,1,0.04223275043299024
266,0,1,0.07917028447752991
267,0,0,0.051837024870409046
268,0,1,0.04292819728258529
269,0,1,0.02203175909056196
270,0,1,0.06566549619676076
271,0,1,0.045882086743203196
272,0,1,0.06017294686190405
273,0,1,0.10060741418735389
274,0,1,0.04010482695724005
275,0,1,0.05094545326096171
276,0,1,0.0017714075762823855
277,0,1,0.09440041088222999
278,1,0,0.026840896382944845
279,0,1,0.057852801714616514
280,0,1,0.10493307288656582
281,0,0,0.08782226749988487
282,0,0,0.039363730799321164
283,0,0,0.025413929147671294
284,0,1,-0.01680028671650899
285,1,1,0.09273383860096013
286,0,1,0.06760843706933536
287,1,1,-0.07571926278383392
288,1,1,0.09691993545465655
289,0,1,0.07998750393663026
290,0,0,0.07868976826889115
291,0,1,0.08844536452146054
292,0,1,0.0908391450560248
293,1,1,0.029373294048774395
294,0,0,0.043619260671045074
295,0,0,0.03793351954553362
296,0,1,0.05982509499091315
297,0,1,0.0634351549976516
298,0,0,0.05104723904456426
299,0,1,0.05286213925904233
300,0,1,0.08007652544146357
301,0,1,0.09647364561877081
302,0,0,0.05974058188822683
303,0,0,0.06407176426867642
304,0,1,0.04939450260627126
305,1,0,0.1034014852668412
306,1,1,0.04999498655772995
307,0,0,0.13064630178043443
308,0,1,0.04971851329000662
309,0,1,0.09126148532607244
310,0,1,0.180852369006858
311,0,1,-0.07490725840088266
312,0,1,-0.011899274730488796
313,0,0,0.0069636498799903745
314,0,1,0.06754313386657593
315,1,1,0.06318175311294993
316,0,0,-0.03153580325696112
317,0,1,0.09819527717414203
318,1,1,-0.004593469218516805
319,0,1,0.13780520003940316
320,0,0,0.03136095086007011
321,0,1,0.06006344802333226
322,0,1,0.047445818769907486
323,0,1,0.05960241248035164
324,1,0,0.09252061554938867
325,0,0,0.017685153425139544
326,0,1,0.06718111891065634
327,1,0,0.03255510369791885
328,0,0,0.09920316291372712
329,0,1,-0.027630634239069363
330,0,0,0.07795406934331524
331,0,0,0.04911168412014333
332,0,1,0.0810831412944814
333,0,0,0.09651463934028442
334,0,0,0.07383011540810544
335,0,1,0.07969262674651555
336,0,0,0.04337236817937298
337,0,1,-0.01984427330803154
338,0,1,-0.01256039430857897
339,0,0,0.018567714523553602
340,0,1,-0.0006267962715751363
341,0,1,0.07690741668621226
342,0,1,0.08681345660838705
343,0,1,0.02513153320355871
344,0,1,0.07398184892952742
345,1,1,0.051992709934111536
346,1,1,0.04803464048754291
347,1,1,0.08964505674182874
348,0,0,0.058881949507405856
349,1,1,0.08571413518134792
350,0,0,0.07888954513249449
351,0,1,0.09280618684254684
352,0,0,0.07998366526446525
353,0,0,0.0445392070877767
354,0,1,0.05628406994990118
355,1,1,0.09061908785804029
356,0,0,0.09698450786798851
357,1,1,0.01737739923434417
358,0,0,0.03447876649142609
359,0,1,0.05414401365332766
360,0,1,0.08456886038297681
361,1,0,0.08876685188374472
362,0,1,0.04044493800163439
363,0,1,0.04115598488300916
364,0,1,0.017162549888843998
365,1,0,0.06923445292790326
366,0,1,0.10985762189867794
367,1,1,0.1053198300087062
368,0,1,0.10301944871731758
369,0,0,0.05852836012661779
370,1,1,-0.005900074463077776
371,0,1,0.04845342338425618
372,0,1,0.10325590858797265
373,0,0,0.04909168594562885
374,1,0,0.08474619851631694
375,0,0,0.0892397013945169
376,0,1,0.05156306232780991
377,0,0,0.05103935450669811
378,0,1,0.030110812526130043
379,0,0,0.1669356014217546
380,1,1,0.015599560846021598
381,0,1,0.07910299711373414
382,0,1,0.04137670521365813
383,0,0,0.06800285044729942
384,0,0,-0.036174279382744756
385,0,1,0.06850483479894157
386,1,0,-0.052938423635727816
387,0,0,0.07777446145331778
388,1,1,0.07229306064630575
389,0,0,0.08561259336986976
390,0,0,0.030802843783279243
391,1,0,0.05360657860815787
392,0,1,0.04561791234476848
393,0,1,0.08283847079775361
394,0,1,0.028862662125805766
395,0,0,0.09431466148218051
396,0,0,0.03793351954553362
397,1,0,0.08671189754824614
398,0,1,0.03996537443708609
399,0,1,0.10316950085515027
400,0,0,0.06923523749255853
401,0,0,0.04497419347449014
402,0,1,0.0597626987182418
403,0,1,0.062270913917552115
404,0,1,0.1635446381622359
405,0,0,-0.05324944593260783
406,0,0,0.08060948665194968
407,0,1,0.024430975061403376
408,1,0,0.07422251993938161
409,1,0,0.03333253604226448
410,0,1,0.10083269583110571
411,1,1,0.16203680532269385
412,0,1,0.08127084848226268
413,0,0,0.02922576210822561
414,0,0,0.09164271593952544
415,1,1,0.06256932624837716
416,1,1,0.0443812015539424
417,0,0,0.038581184414388875
418,0,1,0.08344295245695701
419,0,0,0.04120568085973103
420,0,1,0.06846737103712669
421,0,1,0.08482090875074676
422,0,1,0.049677103661260116
423,0,1,0.06754040588953393
424,0,1,0.07887103638128601
425,1,1,0.1331306991990513
426,1,1,0.03616091406400024
427,0,1,0.037184370768815894
428,0,1,0.019888499449726718
429,0,0,0.013977431173766874
430,0,1,0.08566433263062416
431,0,1,0.0066129755718213334
432,0,1,0.05852836012661779
433,0,1,0.08013553478412716
434,0,1,0.06254380317548497
435,1,1,0.05893625410529066
436,1,1,0.07752948176044477
437,0,0,0.022455219460700643
438,0,1,0.04605030669913762
439,0,1,0.0780751753556844
440,0,1,0.047924512085560755
441,0,1,0.04469512028070988
442,0,1,0.06470360499131037
443,0,1,0.07328348690864174
444,0,0,0.06297865337261901
445,0,1,0.10876427216352913
446,0,0,0.06416651146894277
447,0,1,0.008890842460203344
448,0,1,0.08645061791859016
449,0,1,0.0511373083272407
450,0,1,0.08153358675754666
451,0,1,0.08714074100481654
452,0,0,0.07275414313734194
453,0,1,0.09439220582555147
454,0,0,0.05349266459150867
455,0,1,0.0415005898319967
456,0,0,0.054018068461779783
457,0,1,0.04039529631087313
458,0,0,0.09156983502370697
459,0,1,0.05993140254789292
460,0,1,0.026639190069628504
461,0,1,0.08462009219385298
462,0,1,0.03352670552181691
463,0,1,0.10208646148210399
464,0,0,0.015108235935010067
465,0,0,0.05378738924887046
466,0,1,0.11376398152124675
467,0,0,0.09387548033024802
468,0,1,0.0926617233367772
469,0,1,0.03950970382616198
470,0,1,0.04832286391586113
471,1,1,0.10620728442629954
472,0,0,0.045858631099265926
473,0,0,0.07735599679613278
474,0,1,0.04719113286699951
475,1,1,0.06059861751220966
476,0,1,0.09884619689415736
477,0,0,0.08505351458649993
478,0,1,0.10354466102017244
479,1,1,0.06714773938587001
480,0,0,0.057230406188217536
481,0,1,0.07178023354529049
482,0,1,0.09387460551370287
483,1,0,0.025898085956657824
484,0,0,0.08119869436565366
485,0,1,0.04720166988416695
486,0,0,0.18687104919620484
487,1,1,0.03607594282589002
488,0,0,0.05557373472128735
489,0,0,0.08965478422844687
490,0,1,0.07957273339601767
491,1,1,0.033720259563452815
492,0,1,0.10451711242329806
493,0,0,0.07760018721471999
494,0,1,0.06304803737729363
495,1,0,0.06253295196280906
496,0,0,0.08021512948072121
497,0,0,0.04779893062743251
498,0,0,0.1491765773226606
499,0,0,0.13879550340856178
500,1,0,0.07326281349220937
501,0,0,0.013008730122602091
502,0,0,0.08235430016139722
503,0,1,0.02475936574351556
504,0,0,0.05020753674763667
505,0,1,0.07969262674651555
506,0,0,0.05724265997066155
507,0,0,0.04480723926284287
508,0,1,0.10613350021341018
509,0,0,0.09438134448500479
510,0,0,0.05825414037636681
511,0,1,0.09191120867077865
512,0,1,0.07896767841059782
513,1,1,0.04944660553368821
514,1,1,0.06172882675297714
515,0,0,0.09107836146755868
516,0,1,0.037502713287863226
517,0,0,0.06362853680469707
518,1,1,0.060468135482897756
519,0,1,0.09609258162968982
520,1,1,0.08295445745646014
521,0,1,0.02671058930794558
522,0,1,0.0600978095150881
523,0,1,0.08333940648301026
524,1,1,0.03534931127916957
525,0,1,0.05112217724607304
526,0,0,0.10322588809995502
527,1,1,0.019760551786471903
528,1,1,0.11451268101465897
529,0,0,0.08159612025794474
530,0,0,0.06177750652058073
531,0,1,0.12338860470089219
532,1,1,0.1099259136883403
533,0,0,0.07187911643233827
534,0,0,0.039808271155821466
535,1,1,0.04011806390126639
536,0,1,0.056226044541363304
537,0,1,0.05675869396577962
538,0,1,0.041476194359149926
539,0,1,0.10783810796753854
540,0,1,0.008147017305546095
541,1,1,0.06264106835899169
542,0,0,0.07894219904289979
543,0,1,0.06250195432114872
544,0,0,0.09414679152186217
545,1,1,0.06926202431267975
546,0,1,0.03594581529006388
547,0,1,0.03083535435951229
548,0,0,0.06199103955689422
549,0,1,0.08275021920930364
550,1,1,0.05284498586665351
551,0,0,0.056700555901219224
552,0,1,0.06741230955909469
553,1,1,0.05962336066164459
554,1,1,0.07599961982397688
555,1,0,0.018089403660995207
556,0,1,0.14317663376814566
557,0,1,0.03963752655059021
558,1,1,0.09080543110870049
559,0,1,-0.11162205166581957
560,0,1,0.1048802275591689
561,0,0,0.04559367746165606
562,0,0,0.029321991290191446
563,0,0,0.046125401481875106
564,0,1,0.02657621024952303
565,0,0,0.057741960387727345
566,0,0,0.0713583053132652
567,0,0,0.029960104484959546
568,0,0,0.09690269358697808
569,0,0,0.12772916701608292
570,0,1,0.04905121810862137
571,0,1,0.03407776258015795
572,0,1,0.05625900204964415
573,1,1,0.08976460474003473
574,0,0,0.16060670657658682
575,0,1,0.1314126843962945
576,0,1,0.025992039087178315
577,0,1,0.025898085956657824
578,0,1,0.06886465919177089
579,0,0,0.050150469871288475
580,0,0,0.08187661011611877
581,0,1,0.025567172958158385
582,0,1,0.04397148975902268
583,0,1,0.05275658382568152
584,0,1,0.13080477401358204
585,0,0,-0.01578219481616247
586,0,1,0.11700003411040691
587,1,1,0.031208327939471397
588,0,1,0.07124076612614971
589,0,1,0.0972258522811437
590,0,1,0.05701111928518497
591,0,1,0.10725149733705823
592,1,1,0.03984683027565408
593,0,0,0.12455274790756246
594,1,0,0.07658711645970041
595,0,1,0.044330986331981084
596,0,0,0.03759584784613551
597,1,1,0.06950621396099828
598,1,0,0.06152191063505964
599,0,1,0.03700136657910466
600,0,1,0.05086982114518693
601,0,1,0.0701639933095208
602,1,1,0.04441763112962194
603,0,1,-0.025618901467579225
604,0,1,0.05505660676719154
605,1,1,0.04110727785510948
606,0,1,0.04583873052081928
607,0,1,0.05489216168854989
608,1,1,0.07521219312272712
609,0,1,0.12382591458001173
610,0,1,0.03704826468062114
611,0,0,0.07501573231961184
612,0,1,0.04075178673864299
613,0,1,0.035695291617090535
614,0,1,0.013101252760951546
615,0,1,0.05091626858320804
616,0,0,0.04552106923852349
617,1,0,0.055268006360980004
618,0,0,0.05443893084230643
619,0,1,0.006096922987809089
620,0,0,0.03386517706245287
621,0,1,0.10657941786393038
622,0,0,0.07713022421818261
623,0,0,0.014744617517886277
624,0,1,0.022457723389592982
625,0,1,0.13352734986590353
626,0,1,0.0615964266118216
627,0,0,0.05089955980984777
628,0,0,0.03759584784613551
629,0,0,0.05370872957148483
630,1,1,0.07301446116917674
631,0,0,0.12301424888537829
632,0,1,0.10457336865063205
633,0,1,0.07913718022377848
634,0,0,0.08475147532540425
635,0,1,0.09837089603727045
636,0,1,0.07037276152270142
637,0,1,0.0634287258823277
638,0,0,0.15515267597927274
639,0,1,0.051659486132837745
640,0,0,0.06363255009133609
641,1,1,0.02040845314128975
642,0,1,0.07324050695705964
643,1,0,0.004691836698814761
644,0,1,0.08774778838283176
645,0,0,0.08454686010359137
646,0,0,0.08123923235306413
647,1,1,0.06573165395963966
648,0,1,-0.03241360782196784
649,0,1,0.09577370946460478
650,0,0,0.06654186933238834
651,0,0,0.05060338696421143
652,0,1,0.08977647489482875
653,0,0,0.05505660676719154
654,0,1,0.054599679616924995
655,0,0,0.03793351954553362
656,0,0,0.07578826548230724
657,0,1,-0.016397898252654086
658,1,0,0.12385626698031554
659,0,0,0.03168070241344659
660,1,1,-0.013751976754756229
661,0,0,0.041273845096184085
662,0,1,0.0169748628377219
663,0,1,0.13055815079363353
664,0,0,0.06238885061857362
665,0,0,0.09023245993452449
666,0,1,0.08047070237168324
667,0,1,0.08243831617038724
668,0,1,0.07145734814407287
669,0,1,0.02063114382859972
670,0,0,0.054943704682269834
671,0,1,0.06755474466401085
672,0,1,0.014345659904242636
673,0,1,0.11084044662635624
674,0,0,0.04534239155853216
675,0,1,0.05198022721050531
676,0,1,0.054903357931870955
677,0,1,0.026210493857178704
678,1,1,0.1381201200279979
679,1,1,0.015233118210850244
680,0,1,0.10601877109402308
681,0,0,0.042576309754914554
682,0,0,0.03665568428489907
683,0,0,0.0835864732568121
684,0,1,0.07266496131131756
685,1,0,0.07188659518708523
686,1,1,0.07505226954494768
687,0,0,0.08743175176263085
688,0,1,0.10506379135375535
689,0,1,0.0954380353046726
690,0,1,0.0545589208824247
691,0,0,0.08693058961400107
692,0,1,0.08876455054047408
693,0,1,0.02359066273420335
694,0,0,0.03203185299554272
695,1,1,0.03592927102450397
696,0,0,0.014171536338383944
697,0,1,0.1237606150678945
698,0,0,0.041273845096184085
699,0,0,0.00501127659159703
700,0,0,0.06231832630040826
701,0,0,0.032920070301893437
702,0,0,0.07036197455427971
703,0,1,0.07794349628740976
704,1,1,0.0649476108378533
705,0,0,0.08159612025794474
706,0,0,0.048091865498350386
707,1,1,0.05326208804346316
708,0,1,0.051704506167982986
709,0,1,0.06403199604380469
710,0,1,0.04778844188626426
711,0,0,0.032525444421742905
712,0,1,0.0598531000783097
713,0,1,0.09155610450565387
714,0,1,0.09411764066940939
715,0,1,0.08576815635356705
716,0,1,0.08652077641432385
717,0,1,0.08963684525522762
718,0,0,0.0011925257546066131
719,0,1,-0.0066067556245160974
720,0,1,0.01418505310050669
721,0,0,0.03993203455824852
722,0,1,0.11610570346814213
723,1,0,0.07329252796382425
724,0,1,0.04975991146664807
725,0,1,0.0797207674167886
726,1,1,0.05263700006892877
727,1,1,0.01911363414014447
728,1,1,0.005037825871215623
729,0,0,0.013990312216183742
730,0,0,0.1183116259257123
731,0,0,0.07474747389253922
732,0,0,0.042411468439863126
733,0,1,0.06105460979544891
734,0,0,0.04425371164193953
735,0,1,-0.018852950153208647
736,0,1,0.01564334881076901
737,0,1,0.04725688231862879
738,0,1,0.027760400198902024
739,0,1,0.05880680608146181
740,0,0,0.05915170551302132
741,0,1,0.06990951622195024
742,0,1,0.05998408960463325
743,0,1,0.06397212993913359
744,0,1,0.08128676704710863
745,0,0,0.09511744201972837
746,0,1,0.09425771175750085
747,0,0,0.0868778071408488
748,0,1,0.04990983957733214
749,0,1,0.26406083690249477
750,0,1,-0.024144106437809565
751,0,0,0.059704307448650816
752,0,1,0.05466797796779396
753,0,1,0.041683755954875196
754,0,0,0.07689472670502275
755,0,1,-0.047030831202343304
756,0,0,0.0029331837493006274
757,0,1,0.04494770251044483
758,0,0,0.07646585989081142
759,0,1,0.10198564444883768
760,0,1,0.06600915063712576
761,0,1,0.08517329623083972
762,0,0,0.01942365031618523
763,0,0,0.0350729947800576
764,0,1,0.053854388441485435
765,1,1,0.03855293021834283
766,0,0,0.04073704716290141
767,0,1,0.12030944492582372
768,0,1,0.11775130683524092
769,0,0,0.04945722537681585
770,0,1,0.013115968836169833
771,0,1,0.15851469033286164
772,0,1,0.04034450887634666
773,0,0,0.05934587931786167
774,0,0,0.07770006064388431
775,0,1,0.030067376305271676
776,0,0,0.04916806133020179
777,0,0,0.022440127483919242
778,0,0,0.054431942705766706
779,0,1,0.07369359415884146
780,0,0,0.10658617187321076
781,0,1,0.14012686625633616
782,0,1,0.042901471353414766
783,0,1,0.09736808704895576
784,0,1,0.008519848146049835
785,0,1,0.0587243013283799
786,0,0,0.11799465644345267
787,0,1,0.03546527218091389
788,0,1,0.042935707228373005
789,1,1,0.08539081641425245
790,0,1,0.042827763792296955
791,0,0,0.05501304881538101
792,0,1,0.07828034394506499
793,0,0,0.10093605848422317
794,0,0,0.09041224409587721
795,0,1,0.06586264811930007
796,0,1,0.01418505310050669
797,0,0,0.09323439574609652
798,0,1,0.06152191063505964
799,0,1,0.08018691946351385
800,1,0,0.07694781756716523
801,1,1,0.10386720532753824
802,0,0,0.030371140570939953
803,0,1,0.01418505310050669
804,0,1,0.07410345858722887
805,0,0,0.07101228721590014
806,0,0,0.07637475473199089
807,0,1,0.11394491203931342
808,0,0,0.04078278796629898
809,0,1,0.0902654457444835
810,0,1,-0.004265531678497497
811,0,1,0.03992815725690249
812,0,1,0.11804514161275377
813,0,0,0.06693846805749933
814,0,0,0.05559207561689032
815,1,1,0.09772408254640502
816,1,1,0.06926202431267975
817,0,0,0.1938873353758043
818,0,1,0.11446192605974946
819,0,1,0.04624845231260044
820,0,1,0.027403210077316525
821,0,1,0.10638310464002469
822,0,0,0.06449197571191426
823,0,0,0.02973171613030727
824,0,1,0.03532791330013656
825,0,1,0.10514791290729894
826,0,1,0.049470363267753184
827,0,1,0.05501166099100964
828,0,1,0.10694890297689694
829,0,1,0.03883034023966769
830,0,1,0.15596366964957176
831,0,0,0.09150428182514254
832,0,0,0.025340620124559732
833,0,1,0.04764238481826527
834,0,1,0.08947409662419462
835,0,0,0.042865601628895356
836,0,1,0.022745222515096503
837,0,1,0.09658569390271914
838,0,1,0.047385665914513125
839,0,1,0.04202904613521216
840,0,0,0.06573165395963966
841,1,0,0.07635362932959279
842,0,1,0.09234774162934961
843,0,1,0.046550335950367894
844,0,0,0.08946326267776428
845,1,1,0.06048864921755878
846,0,1,0.048288104812877014
847,0,1,0.045821325584932134
848,0,1,0.0810831412944814
849,0,1,0.04987537684154564
850,1,0,0.021539540335272167
851,0,0,0.11568351561339316
852,0,1,0.02598092731044245
853,0,1,-0.018166514323587374
854,1,1,0.008464260092762577
855,1,1,0.07580993699668742
856,0,1,0.054478918571041826
857,0,1,0.06923235527695748
858,1,1,0.03542171202759453
859,0,1,0.030179458912905938
860,0,1,0.07445712974957212
861,0,1,0.049683906247817405
862,0,0,0.024078470577299976
863,0,1,0.0532505106154344
864,0,1,0.04501990696838283
865,0,0,0.030076946612938915
866,0,0,0.052300785565397426
867,0,1,0.09474539472481869
868,0,1,0.04131776789777113
869,0,0,0.0657492591589306
870,0,1,0.05505660676719154
871,0,1,0.044566336790272776
872,0,0,0.06754635762329878
873,0,1,0.08965140338528407
874,1,0,-0.05834984921151595
875,0,0,0.030488534955953023
876,0,1,0.035788199231024734
877,0,1,0.12055082847696852
878,0,1,0.03534931127916957
879,0,1,0.06765205999781414
880,0,1,0.04717776090432137
881,0,1,0.06573165395963966
882,0,0,0.10022293662096643
883,0,0,0.11386225089820018
884,0,1,0.04212386932063665
885,1,1,0.21204497966933164
886,0,1,0.03757053625353787
887,0,1,0.04143271233802395
888,0,1,0.03976115148220474
889,0,1,0.013683465696562813
890,0,0,0.062317940165478786
891,0,1,0.02903688275707049
892,0,1,0.05921341320337686
893,1,0,0.002415007469670133
894,1,1,0.0782512613163957
895,1,1,0.1682766557372224
896,0,0,0.07666241388143857
897,0,1,0.020895141743852097
898,0,1,0.08727430227448929
899,0,0,0.05568984018989036
900,0,1,0.10182677150994784
901,1,1,0.04735359632757938
902,0,1,0.10082704209136048
903,0,1,0.09152685674552292
904,0,1,0.03914087199182682
905,0,1,0.07400970419944586
906,0,1,0.04668028193031876
907,0,1,-0.025715681864824952
908,0,1,0.11525443238451877
909,0,1,0.058057131853356786
910,0,0,0.03718138682029988
911,0,0,0.06324840148868209
912,1,1,0.02403180925238453
913,1,1,0.09637867516537946
914,0,1,0.06292060584899357
915,0,1,0.06254025282130543
916,0,0,0.06848179123122144
917,0,1,0.0692509264519033
918,0,1,0.012373946835941452
919,0,1,0.04612960607915839
920,0,1,0.006161161575857971
921,0,1,0.03333253604226448
922,0,0,0.21335642116988968
923,0,1,0.08353203638585488
924,0,1,0.031726954337489066
925,0,0,0.15528321915730564
926,0,1,0.09003735690747551
927,0,1,0.044978643285831704
928,0,1,0.05419769131123288
929,0,1,0.04397154309569899
930,0,1,0.0877514730954453
931,0,0,0.07192430335894538
932,1,1,-0.019627751402032545
933,0,1,0.05982796830031557
934,0,0,0.07891498063003716
935,0,1,0.07256451724232818
936,1,0,0.08556363648653763
937,0,1,0.04115598488300916
938,1,1,0.08453374327170692
939,0,0,0.044987236003000114
940,0,1,0.14092536413502946
941,0,0,0.03283517055157942
942,0,1,0.008675318202808271
943,0,0,0.08400379701919192
944,1,1,0.16330317582635856
945,0,1,0.04039482485293534
946,0,1,0.04775859066171676
947,1,1,0.05097014120563324
948,1,0,0.10435989819419465
949,0,1,0.06275128175473231
950,0,0,-0.0853222189828847
951,0,1,0.06390137331773574
952,0,1,0.09449230606086875
953,0,0,0.09659160141351103
954,0,1,0.046923421190659426
955,1,1,0.10880958922238407
956,0,0,0.08686121653674345
957,0,0,-0.007514358220813672
958,0,1,0.045963734270379475
959,0,1,0.08437485431881166
960,0,1,0.06851853855113896
961,0,1,0.03284490785746645
962,0,1,0.05849684693470755
963,0,1,0.08144826663942312
964,0,0,0.08218867366672292
965,0,1,0.05671491018733826
966,0,0,0.059328816058692765
967,0,1,0.05299157415709345
968,0,1,0.04314748609778049
969,0,1,0.04332769819284493
970,0,1,0.10970363543536696
971,0,1,0.03333253604226448
972,0,0,0.10893106808719709
973,0,1,0.045989469987783665
974,0,1,0.07584030925253626
975,0,1,0.23712184516573423
976,0,1,0.07520047288150776
977,0,1,0.05519720651736487
978,0,0,0.04939386738816548
979,0,0,0.061714708606433605
980,0,1,0.08075209672252251
981,1,1,0.03799515479566418
982,0,1,0.0815229543496204
983,0,1,0.043191240316437174
984,0,0,0.0519736036210305
985,0,0,0.07169844683752406
986,0,1,0.08735129676411924
987,0,1,0.03205608639415229
988,0,1,0.054105942321003325
989,1,1,0.20980152804093996
990,0,1,0.10865761280404544
991,0,1,0.03574334374668896
992,0,0,0.07109568747943881
993,0,0,0.014171509585537478
994,0,1,0.03922289749762104
995,1,1,0.0689374853971928
996,0,1,0.07520047288150776
997,0,1,0.03770447749753601
998,0,0,0.028076719306892137
999,1,1,0.09147744518250056
1000,0,1,0.014203110894078025
1001,0,1,0.06950621396099828
1002,1,1,0.06555659860243405
1003,0,1,0.06842791126562331
1004,0,1,0.11298553187743465
1005,0,1,0.07584843542535041
1006,0,0,0.0750131618707483
1007,0,0,0.08261021060607629
1008,0,0,0.09848255609536921
1009,0,1,0.061944313924516686
1010,0,1,0.06833443712529924
1011,0,0,0.09645209568542457
1012,0,0,0.08874366729945696
1013,0,1,0.12362138281665652
1014,0,0,0.04355950765879474
1015,1,1,0.06982385950886902
1016,0,0,0.13313055019832298
1017,0,0,0.07848292758209544
1018,0,0,0.05044827721964146
1019,0,1,0.06510579892709116
1020,0,0,0.045935776874880596
1021,0,0,0.07360682117496734
1022,0,0,0.092272846322544
1023,0,0,0.07333785124959241
1024,1,0,0.08859590981421633
1025,0,1,0.0734339941624174
1026,1,1,0.019578007811451248
1027,0,1,0.08285307555514793
1028,0,1,0.07609668753990746
1029,0,0,0.04754188787699262
1030,1,0,0.07158245516822814
1031,0,1,0.138900389745848
1032,0,1,0.08541327287362528
1033,1,1,0.03777777972649296
1034,0,1,-0.027520403428810042
1035,0,0,0.08865952472465599
1036,0,0,0.08493167592379347
1037,0,1,0.062270913917552115
1038,0,1,0.08971385568930901
1039,0,1,0.08047070237168324
1040,0,1,0.07139310910450805
1041,0,1,0.08576815635356705
1042,0,1,0.07232529165114271
1043,0,1,0.08411191825539155
1044,0,1,0.08742939772744016
1045,0,1,0.1475753939484154
1046,1,0,0.14597173189885307
1047,0,1,0.04555957949846505
1048,0,1,0.041254374123286724
1049,0,1,0.03437268155590917
1050,0,1,0.04878850095214753
1051,0,1,0.060373285791259376
1052,0,1,0.03030646699126574
1053,0,0,0.08139512302878264
1054,0,0,0.0817983754128929
1055,0,1,0.10003085276484915
1056,0,0,0.09812289036614275
1057,0,0,0.08499054145066301
1058,0,1,0.06694992941588515
1059,0,1,0.043333995820677235
1060,0,1,0.03326329696124422
1061,0,1,-0.04201267254001487
1062,0,1,0.07760018721471999
1063,0,1,0.0527748281423695
1064,0,0,0.05968005374764619
1065,0,0,0.05068923186311208
1066,0,1,0.027983816953224147
1067,0,1,0.04261950278961679
1068,0,1,0.04523336782236789
1069,0,0,0.0323122518109176
1070,0,1,0.09291266986652767
1071,0,1,0.08504561026666238
1072,0,1,0.07928246024489559
1073,0,0,0.03633083461060077
1074,1,1,0.0662196304094415
1075,0,1,0.01940604040898833
1076,0,0,0.005788725742352313
1077,0,1,0.057807676020468865
1078,0,0,0.04176012163167406
1079,0,1,0.23281913132657533
1080,0,1,0.03314510940329579
1081,0,0,0.08617847557331393
1082,0,0,0.07250281030867986
1083,0,0,0.09750989597208318
1084,0,1,0.021999186841439727
1085,0,1,0.09012046970112625
1086,0,1,0.07780913982833239
1087,0,1,0.050333411887650795
1088,0,1,0.05264883270022458
1089,0,1,0.09076802973909462
1090,0,0,-0.03788628144606332
1091,1,0,0.027575512735878688
1092,0,1,-0.05996704385837176
1093,0,0,0.059883191831323956
1094,0,0,0.08834386790087717
1095,0,1,0.06272206566450667
1096,1,1,0.0415469726273571
1097,1,0,0.059711136163329515
1098,0,1,0.037229224780949366
1099,0,1,0.037082477317984724
1100,0,1,-0.0004554874857033153
1101,0,0,0.06834535186904604
1102,1,1,0.05127745354974453
1103,0,1,0.04195056105957243
1104,0,1,0.032763558097124335
1105,0,1,0.021920361942346048
1106,0,1,0.04712133528755302
1107,1,1,0.018441044312043103
1108,0,0,-0.021268765069145712
1109,0,0,0.08159612025794474
1110,1,1,0.10413687614086405
1111,0,0,0.08976059688698196
1112,0,1,0.20225324519178167
1113,0,0,0.09189611019667647
1114,1,1,0.06393685243503677
1115,0,0,0.031124854773088156
1116,0,0,0.09345903584688514
1117,0,1,0.08295499320023178
1118,0,0,0.0338608039907298
1119,0,1,0.09962329046120892
1120,0,0,0.05864834289702005
1121,0,1,0.04466336340154473
1122,0,1,0.04604096359904111
1123,0,1,-0.014358025278032704
1124,0,1,0.03784597671322662
1125,0,1,0.010270424865518282
1126,1,1,0.03013859607190915
1127,1,1,0.056549518298307164
1128,0,1,0.015318051310934305
1129,1,1,0.05949664496248634
1130,0,1,0.0921239727229343
1131,0,1,0.06234415954208894
1132,0,1,0.03782483970609268
1133,0,0,0.11160052925013583
1134,0,0,0.04380959135088558
1135,0,0,0.07791179307964563
1136,1,0,0.06605017092804744
1137,0,0,0.04115598488300916
1138,0,0,0.02866951791701497
1139,0,1,0.07704341120191972
1140,0,1,0.0438886515708945
1141,0,0,0.1022816320078729
1142,0,1,0.06272206566450667
1143,0,0,0.03967177636563361
1144,0,1,0.0172020222688527
1145,1,1,0.09485565725176091
1146,0,1,0.10031958622289364
1147,0,1,0.1082290003935517
1148,0,0,0.11835198211344841
1149,0,1,0.08144826663942312
1150,0,1,0.07532537730174052
1151,0,1,0.08300683920800928
1152,0,1,0.019219892652061032
1153,0,1,0.060589995330949845
1154,0,1,0.03759584784613551
1155,0,1,0.07678144304277562
1156,0,1,0.04135120727959102
1157,0,1,0.01953772151934785
1158,0,1,0.09588918943602605
1159,0,1,0.000992161175324996
1160,0,1,0.036858244551561614
1161,0,0,0.05636747477231266
1162,0,1,0.057025331332151014
1163,0,1,0.07298159028158918
1164,0,1,0.08876455054047408
1165,0,0,0.032148837218530485
1166,0,1,0.060664207169668805
1167,0,1,0.1350269578096487
1168,0,0,0.09337753505433113
1169,0,1,0.06823418279689514
1170,0,1,0.15515267597927274
1171,0,1,0.021798487597381233
1172,0,1,0.06151527728427797
1173,0,1,0.053037552317828585
1174,0,0,0.01690673125304798
1175,0,0,0.07119105798335569
1176,0,1,0.07896948610366786
1177,0,0,0.05565324833131294
1178,0,1,0.07957273339601767
1179,0,1,-0.035273271888032476
1180,0,1,0.10380819921754869
1181,0,0,-0.01604304807493348
1182,0,1,0.04404001880725744
1183,0,1,0.2143371170678991
1184,0,1,0.08158485290917111
1185,0,1,0.058377912627156095
1186,1,1,0.03864255739411929
1187,0,1,0.06192787551546376
1188,0,1,0.08103098366302681
1189,0,0,0.10182677150994784
1190,0,0,0.054751880807186654
1191,0,1,0.034352450252287586
1192,0,1,0.0555555032349723
1193,0,0,0.06287088736253857
1194,0,1,0.04744826135878201
1195,0,0,0.0411868384174197
1196,0,0,0.06130849489994736
1197,0,1,0.06464312529478966
1198,0,1,0.10467253135450766
1199,0,1,0.12360197635600065
1200,0,1,0.08646704064239563
1201,0,1,0.03022081965054907
1202,1,1,-0.05597057164048869
1203,0,0,0.08463240197708624
1204,1,1,0.06541814357302014
1205,0,1,0.08867855273232886
1206,0,1,-0.0581622522831427
1207,0,0,0.06474344502721763
1208,0,0,0.05393859559418651
1209,0,1,0.0965104036858595
1210,1,1,0.23364724110773233
1211,0,1,0.05069087264947242
1212,0,0,0.10728631098444799
1213,0,1,0.043616365204662916
1214,0,1,0.046025254584954337
1215,1,1,0.04649968409980354
1216,1,1,0.047415532808254
1217,0,0,0.04348929465152987
1218,0,0,0.09061908785804029
1219,0,1,0.06230375323018271
1220,1,1,0.06195004610604821
1221,0,1,0.03330963531138423
1222,1,1,0.06989545896830271
1223,0,1,0.040477623849852234
1224,0,0,0.04545873692221143
1225,0,0,0.06486493306035826
1226,0,0,0.053557917228612625
1227,1,1,0.06879083720888327
1228,0,0,0.03647541035930943
1229,0,1,0.07781634092528951
1230,0,1,0.045734084070097894
1231,0,0,0.053326028256420265
1232,0,1,0.044772720699306365
1233,0,0,0.017377112312702864
1234,0,1,0.0066370244759101915
1235,0,1,0.0784790874265956
1236,0,0,0.07787946278925062
1237,1,1,-0.017251962588298544
1238,1,1,0.059465175880900334
1239,0,0,0.07793948055811342
1240,0,1,0.1044821856770735
1241,0,1,0.04293353489769405
1242,0,1,0.05226761781653533
1243,0,0,0.07521529303379329
1244,0,1,0.04155534578301076
1245,0,1,0.004742555482041083
1246,0,1,0.10793594714651161
1247,0,1,-0.008581978328612752
1248,0,0,0.04451501933446045
1249,0,1,0.07594557441409978
1250,1,1,0.10462971442193665
1251,0,1,0.09182219771546218
1252,0,1,0.08876455054047408
1253,0,1,0.04559435996813216
1254,1,1,0.04897561696221554
1255,1,1,0.052118732351525004
1256,0,1,0.05618945086880206
1257,1,1,0.03394300334732053
1258,0,1,0.027628368023576322
1259,0,0,0.10699782757298276
1260,0,1,0.08732723625727745
1261,0,0,0.09319922440996799
1262,0,1,0.09609258162968982
1263,1,1,0.08796906537453753
1264,1,1,0.08217663320695619
1265,0,0,0.10117384543650565
1266,0,1,0.08520399151060659
1267,0,1,0.051992709934111536
1268,0,0,0.07594559248286184
1269,0,1,0.0642013365479647
1270,0,1,0.012510797673684987
1271,0,1,0.06606864298125176
1272,0,1,0.08919302388600225
1273,0,1,0.03274881784336997
1274,0,0,0.07845351549841295
1275,0,1,0.09581558819703936
1276,0,1,0.022302166309144403
1277,0,1,0.03922289749762104
1278,0,1,0.04001330225324892
1279,1,0,0.01244272124746526
1280,0,1,0.03405729397238094
1281,0,1,0.060027033917245676
1282,0,0,0.07781679412858143
1283,0,1,0.0638675391373703
1284,0,1,0.019862826548516954
1285,0,1,0.07158245516822814
1286,0,0,0.03775967512278369
1287,0,1,0.03524816033954091
1288,0,0,0.09094882955150055
1289,0,0,0.05037109447609442
1290,0,0,0.058013379772685864
1291,0,0,0.0670073453079608
1292,1,1,0.07034626521145212
1293,1,1,0.1034721858199946
1294,0,1,0.0956396188086568
1295,0,1,0.033916201769174856
1296,0,0,0.09609258162968982
1297,0,1,0.05678854158060699
1298,0,0,0.0494706617886837
1299,1,1,0.1163974744370058
1300,0,1,0.042901471353414766
1301,1,1,0.07290590683930954
1302,0,0,0.09859747777517736
1303,0,0,0.2191281075082749
1304,1,1,-0.033939651002823146
1305,0,0,0.08216991266032406
1306,0,1,0.09405576219404807
1307,0,1,0.06904316017277702
1308,1,1,0.08087080937989856
1309,0,1,0.0397725733096016
1310,0,1,0.07969262674651555
1311,1,1,0.08707238655148253
1312,0,1,0.046565004944819716
1313,1,1,0.054138448563633104
1314,0,1,0.07686281409220871
1315,0,1,0.06367999608112082
1316,0,0,0.12670134814594283
1317,0,0,0.05761563477498362
1318,0,0,0.11038440159644493
1319,0,0,0.019613164147383608
1320,0,1,0.062474711617572835
1321,0,1,0.06406170270360709
1322,0,1,0.08440871809924289
1323,0,0,0.05606623355850243
1324,1,1,0.08512369158255637
1325,0,0,0.04213217138158891
1326,0,0,0.053664430609981356
1327,0,1,0.06575890635705908
1328,0,0,-0.06315147213070274
1329,0,1,0.06786206619427763
1330,0,0,0.06821459834790879
1331,0,1,0.04523336782236789
1332,0,0,0.03536476907929503
1333,0,0,0.0416439902947493
1334,0,0,0.026943274739290396
1335,0,1,0.11367409965983878
1336,1,1,0.03909126205873362
1337,0,1,0.0839054265922806
1338,0,1,0.04661407449075432
1339,0,0,0.09378194318910953
1340,0,1,0.04242218762214178
1341,0,1,0.039553166844148974
1342,1,1,0.06823418279689514
1343,0,1,0.08412708586014736
1344,0,0,0.16346276762998674
1345,0,1,0.08272193324815263
1346,0,0,0.07769623872818092
1347,0,0,0.0692509264519033
1348,0,0,0.16976949337117592
1349,1,0,0.10205874460705475
1350,1,1,0.03022081965054907
1351,0,1,0.12122899666582294
1352,1,0,0.05952956007050374
1353,1,0,0.03324819219767311
1354,0,0,0.05814736072098417
1355,1,0,0.15804531695596458
1356,1,1,0.019348466771692788
1357,0,1,0.0656988008244641
1358,0,1,0.06251757836323232
1359,1,1,0.04797573937915353
1360,0,0,0.09605365860965606
1361,0,1,-0.015589545245534409
1362,1,1,0.10807955459043128
1363,0,1,0.02203175909056196
1364,0,0,0.07939434645418786
1365,0,1,0.04878672665216735
1366,0,1,0.047343177031897145
1367,0,1,0.0947582103873055
1368,0,1,0.08958104742653304
1369,0,1,0.057483083863691664
1370,1,0,0.05857995454419054
1371,0,1,0.041495783353594565
1372,0,1,0.09680000447437029
1373,0,1,0.06720340169433739
1374,0,1,0.0877797794753476
1375,0,1,0.01993041479902652
1376,1,1,0.1239341857144496
1377,0,1,0.015905144043327435
1378,0,1,0.04591286398589858
1379,0,1,0.02627398288541491
1380,0,1,0.09936025098970411
1381,0,0,0.04532279070116426
1382,0,0,0.06217745766659746
1383,0,0,0.031745278265508284
1384,0,1,0.05496405215141614
1385,0,1,0.083081137037524
1386,0,1,0.08448534086213433
1387,0,1,0.07432664658562368
1388,1,0,0.08031065096336618
1389,1,1,0.062270913917552115
1390,0,1,0.0830714552267485
1391,1,1,0.1267244973984692
1392,0,1,0.04213554296687774
1393,0,0,0.11088170230673905
1394,0,1,0.08330058318146165
1395,1,1,0.05801843670862389
1396,0,0,0.019765139673118853
1397,0,1,0.0929461942391746
1398,0,1,0.04808630695683297
1399,0,1,0.042901471353414766
1400,0,1,0.08938860303983434
1401,0,0,0.1182067206846414
1402,0,1,0.04753008445242346
1403,1,0,0.0649003290013695
1404,0,0,0.06488889860158195
1405,1,1,0.05387070754364816
1406,0,1,0.09750989597208318
1407,0,0,0.022890432523703874
1408,0,0,0.010245972307826062
1409,0,1,0.07846152113646156
1410,0,1,0.07958782726057863
1411,0,0,0.037434328802016206
1412,0,0,0.06986533376003094
1413,0,0,0.05667304324919728
1414,1,1,0.06118782150551885
1415,0,1,0.04075178673864299
1416,0,1,0.07984033326799381
1417,1,0,0.047189025024686304
1418,1,0,0.13647541779859812
1419,0,1,0.041880119207685335
1420,0,1,0.061135073877088414
1421,0,1,0.05294549866419135
1422,0,0,0.039369314777535636
1423,0,1,0.04629589114674121
1424,0,1,0.04694698043550931
1425,1,1,0.06094113344681629
1426,0,0,0.07040438165675034
1427,0,1,0.07345956800662254
1428,0,0,0.07819323704889769
1429,0,0,0.07108689754500278
1430,0,1,0.08722936621194699
1431,0,1,0.04073427726572332
1432,0,1,0.050005135608811965
1433,0,0,0.06331051126506707
1434,0,1,0.039268220853274055
1435,0,0,-0.027644932953258122
1436,0,0,0.06264769860539429
1437,0,1,0.06104199872313906
1438,1,1,0.053403865758276325
1439,0,1,0.05152403732338265
1440,1,1,0.011113888506767117
1441,0,0,0.013965866087972609
1442,0,1,0.04000754751764678
1443,0,1,0.03166629135240362
1444,1,1,0.04297643737529487
1445,0,1,0.032421500250992
1446,0,0,-0.026347261200964728
1447,0,0,0.1427427108341027
1448,0,1,-0.03607279947027167
1449,0,0,0.09153576898929588
1450,0,1,0.06652880535494474
1451,0,1,0.05533376079848715
1452,0,1,0.1566360720097148
1453,1,1,0.11097778847193035
1454,0,1,0.06585292021421968
1455,0,1,0.03404507912202828
1456,0,1,0.08162230680500375
1457,1,1,0.025466525141991325
1458,0,1,0.0756134061930532
1459,0,0,0.03600119073230351
1460,0,1,0.08660806642488673
1461,0,1,0.017078874570548325
1462,1,1,0.017377112312702864
1463,0,1,0.01418505310050669
1464,0,1,0.05278172377420512
1465,0,0,0.05852836012661779
1466,0,1,0.05131325921466692
1467,0,1,0.08050741333888833
1468,0,0,0.09081121973583271
1469,0,0,0.04901701561830671
1470,1,1,0.09188813262782466
1471,0,1,0.006832108342237908
1472,0,0,0.09083840916633824
1473,0,1,0.06278360699509045
1474,1,1,0.09234774162934961
1475,0,1,0.05644622822960732
1476,0,0,0.08699457024132859
1477,0,1,-0.012812871943226528
1478,0,1,0.10154201538804904
1479,0,0,0.06640558088413556
1480,0,1,0.025714521578788396
1481,0,1,0.047251369628229734
1482,1,1,0.020280454727211544
1483,0,1,0.07577834231639585
1484,0,1,0.03922289749762104
1485,0,1,0.07114385408361558
1486,0,0,0.06034116791797252
1487,0,0,0.03139747279837382
1488,0,1,0.03936453904671064
1489,0,0,0.10141800009480867
1490,0,0,0.11220011560801614
1491,0,1,-0.019041163770315117
1492,0,1,0.09500119487351534
1493,0,0,0.09098091447772674
1494,0,0,0.06619348236184676
1495,0,1,0.06663448871454966
1496,0,1,0.014461965883433792
1497,0,0,0.08411410270396727
1498,0,1,0.06763744634522825
1499,0,1,0.21689922718790713
1500,0,0,0.07036125856117066
1501,0,1,0.04390835149272604
1502,0,1,0.04428625731280969
1503,0,1,0.06525310186609269
1504,0,1,0.04310621941636636
1505,1,1,0.06966135932180333
1506,0,1,0.025636851427231377
1507,0,0,0.026639190069628504
1508,0,1,0.05037109447609442
1509,0,0,0.06347890051580099
1510,0,1,0.037939186002430736
1511,1,1,0.04556546791235899
1512,1,0,0.06908349508282781
1513,0,1,0.053051915426523585
1514,0,0,0.05249780454903148
1515,0,1,0.09261037174663322
1516,0,0,0.09597515783796796
1517,0,1,0.06346505644467369
1518,1,1,0.030723761436096536
1519,0,0,0.1012672846198534
1520,0,0,0.04725534569194931
1521,0,0,0.07237118639638283
1522,0,1,0.02595087828703041
1523,0,1,0.01733071452067328
1524,0,1,0.13242577045819445
1525,1,1,0.08000602187352718
1526,1,1,0.06361501574834615
1527,0,1,0.027838075619625806
1528,0,1,0.053874741577426666
1529,0,0,0.07580993699668742
1530,0,1,0.05917733695691116
1531,0,1,0.052047293122190724
1532,0,1,0.0415469726273571
1533,0,0,0.05319198440485244
1534,0,0,0.11352903532902668
1535,0,0,0.11506427796223773
1536,0,1,0.05132395151000678
1537,0,0,0.016844068800655837
1538,0,1,0.049572775852683534
1539,1,1,0.06413962890208535
1540,0,0,0.08168536879614724
1541,0,0,0.03875302793664889
1542,0,1,0.04025850478780851
1543,0,0,0.08207368571556012
1544,1,1,0.04903498525004475
1545,0,1,0.05655925330206095
1546,0,0,-0.0199989145568448
1547,0,1,0.06541002318324879
1548,1,1,0.07230838767347234
1549,0,1,0.048091865498350386
1550,0,1,0.14103008680659518
1551,0,0,0.16545922010867636
1552,0,1,0.041273845096184085
1553,0,0,0.11182262088230033
1554,0,0,0.030013782175602202
1555,0,1,0.1188234723614203
1556,0,0,0.06694140456717908
1557,0,0,0.04534658625060134
1558,0,0,0.060026122559650896
1559,0,1,0.08690196670725626
1560,0,1,0.0693414528137084
1561,0,1,0.057504114659648164
1562,0,0,0.07466925925563725
1563,0,0,0.09117594765030396
1564,0,1,0.16897147425313708
1565,1,1,0.060332433246979705
1566,1,1,0.12641354529638688
1567,0,1,0.04982694531678958
1568,0,1,0.10188622001241236
1569,0,1,0.049647410076003845
1570,0,1,0.0598531000783097
1571,1,1,0.08408289799866862
1572,0,1,0.059312466546909304
1573,1,1,0.01683109188622961
1574,0,0,0.07050145367635313
1575,0,1,0.08856371867366619
1576,0,1,0.03759584784613551
1577,1,1,0.10256699366441799
1578,1,1,0.09437724461745281
1579,1,1,0.1352454636384321
1580,0,1,0.048091865498350386
1581,0,0,0.07491704334226584
1582,0,1,0.169169093506194
1583,0,0,0.0983944743401502
1584,1,1,0.038899856824741064
1585,0,1,0.022292929445511367
1586,0,1,0.058831222317804646
1587,0,1,0.11525443238451877
1588,0,0,0.07232769992271751
1589,0,1,0.08254478644915206
1590,1,1,-0.020466214155215545
1591,0,1,0.03635523661213341
1592,0,0,0.04985752384057281
1593,0,1,0.07055657318838662
1594,0,1,0.053968449394361934
1595,0,1,0.056503928940793396
1596,0,1,0.10665235263738243
1597,0,1,0.07190079858061935
1598,0,0,-0.1215476742161751
1599,0,1,0.03724801633379121
1600,0,1,0.04355275735151254
1601,0,1,0.02599207324644233
1602,0,1,0.057557844303715994
1603,0,1,0.04679540527336766
1604,0,0,0.01753906542290487
1605,0,1,0.010261777621171392
1606,1,1,0.038726812439498395
1607,0,1,0.03921018869043884
1608,1,1,0.10421331686714505
1609,1,1,0.04150489790910347
1610,0,1,0.049853698213554884
1611,0,0,0.05366884782961304
1612,0,0,0.03895587852961126
1613,0,0,0.051701333474598155
1614,0,0,0.06575918296242439
1615,1,0,0.10191278088456221
1616,0,1,0.06018337861440126
1617,0,1,-0.0023467363251154227
1618,0,1,-0.03738964698143299
1619,0,1,0.12586193307859864
1620,0,1,0.027800213838494348
1621,0,1,0.05225278888241866
1622,0,1,0.07385182748729162
1623,0,0,0.07623415125129111
1624,0,1,0.08254195069005574
1625,0,1,0.06357994604028683
1626,1,1,0.06489006626981833
1627,0,1,0.16185408132361306
1628,0,1,0.04075178673864299
1629,0,1,0.09326088677935596
1630,1,0,0.07347838302921555
1631,0,1,0.055158624742574464
1632,0,0,0.03550106895577515
1633,0,0,0.07324745001877785
1634,0,1,0.027275920068539905
1635,0,0,0.01952656546659251
1636,1,1,-0.020466214155215545
1637,0,1,0.08079440653032229
1638,0,1,0.07347227790561434
1639,0,0,0.08940449108511896
1640,0,0,-0.03597895122954775
1641,0,0,0.014200260723813585
1642,0,1,0.0830714552267485
1643,1,1,0.06464398382005718
1644,0,1,0.06993883060686519
1645,0,1,0.06351576705567141
1646,1,1,0.05039761580869684
1647,0,1,0.06822721606672111
1648,0,1,0.03645706753329389
1649,0,1,0.024816503917744474
1650,0,1,0.09122831713854146
1651,0,1,0.08729744426753197
1652,1,0,0.036586633567742985
1653,1,1,0.0490600025799926
1654,0,1,0.029977230460970006
1655,0,1,0.04966634436705168
1656,0,1,0.06293121186556207
1657,0,1,-0.0497844580815088
1658,0,0,0.0726184857711179
1659,0,1,0.04742868398676278
1660,0,1,0.1028392277477294
1661,1,0,-0.010540876020436657
1662,0,1,0.06652880535494474
1663,0,0,0.08739123659739331
1664,0,1,0.07466487857192258
1665,0,1,0.0644444265688281
1666,0,0,0.06813473159342626
1667,0,1,0.06000445672556398
1668,0,1,0.031064682454266135
1669,0,1,0.08997588930360545
1670,0,1,0.09427943038301104
1671,0,0,0.0519736036210305
1672,0,1,0.017466020684927253
1673,0,0,0.11102238304979715
1674,0,1,0.00948135751223328
1675,0,1,0.05505660676719154
1676,0,1,0.09890945661952712
1677,0,1,0.05754639700221886
1678,0,1,0.014332506956438201
1679,0,1,0.1388074083994773
1680,1,0,0.11506427796223773
1681,0,0,0.047720983755407675
1682,0,1,0.052941095517713296
1683,1,1,0.038470326123144105
1684,1,0,0.04865409210857129
1685,0,0,0.054691618090711464
1686,0,1,0.07443643409669436
1687,1,1,0.08736654436232007
1688,1,1,0.06824691896645656
1689,1,1,0.0851594895500898
1690,0,0,0.04853151723277631
1691,0,1,0.06152191063505964
1692,0,0,0.11624831193147298
1693,0,0,0.020187362163895786
1694,0,1,0.06713083035279975
1695,0,1,0.08536180003000712
1696,0,1,0.05677696633198161
1697,1,1,0.10298380228737375
1698,0,0,0.03820442984683654
1699,0,1,0.045388371138132086
1700,0,0,0.009083183627603908
1701,1,1,0.09119876017202853
1702,0,1,0.08988813363752043
1703,0,0,0.07562127509092842
1704,1,1,0.12638535074035506
1705,0,0,0.09149880984077996
1706,0,1,0.14622617355907108
1707,0,1,0.06012555174661205
1708,0,1,0.07440437986359877
1709,0,1,0.037959963615252446
1710,1,1,0.03192721480379998
1711,0,1,0.12102555862435667
1712,0,0,0.03944224528276363
1713,0,1,0.0846296556854269
1714,0,1,0.11103701631294516
1715,0,0,0.05747559224615556
1716,0,1,0.028295006012138482
1717,0,1,0.04107095056503141
1718,0,0,0.07320275208500837
1719,1,1,0.0461225945545994
1720,0,0,0.048435155324267856
1721,0,1,0.049508123668180165
1722,0,0,0.045716278425317364
1723,1,1,0.06893406369388531
1724,0,0,0.022457723389592982
1725,1,1,0.06280465787624921
1726,0,0,0.08117530381259491
1727,0,0,0.02173382328155979
1728,1,1,0.04950271844234601
1729,0,1,0.14707027517577806
1730,0,1,0.05504994706700998
1731,0,0,0.04345163154298966
1732,0,0,0.02465562278160205
1733,0,0,0.012185091426615918
1734,0,1,0.03790364161853525
1735,0,1,0.09682105144480382
1736,1,0,0.06440299217084386
1737,0,1,0.06478379044635957
1738,0,1,0.07077156151891814
1739,0,1,0.08085989579856086
1740,1,1,0.0474397285372464
1741,0,0,0.07819943802018557
1742,0,0,0.07399581798841326
1743,0,1,0.0969496706234716
1744,1,1,0.08583000997100018
1745,0,1,0.058512107213783277
1746,1,1,0.046824065538265125
1747,0,1,0.16020318250898435
1748,0,1,0.023863008799340946
1749,0,0,0.010861980258970672
1750,0,1,0.04899322269341061
1751,0,0,0.07957273339601767
1752,0,1,0.10310145318014174
1753,0,1,0.0822340326644706
1754,0,0,0.08876455054047408
1755,0,1,0.146988197262488
1756,0,1,0.04779491074431831
1757,0,0,0.03965594593706566
1758,0,0,0.02621203644405032
1759,0,1,0.08474151305323097
1760,0,1,0.015799314647704482
1761,0,1,0.03505593780084286
1762,0,0,0.03374703204477045
1763,0,0,0.035261884142172045
1764,1,1,0.051077032156204794
1765,0,1,0.05020020718790397
1766,0,1,0.06666114637820655
1767,1,1,0.00151743932873169
1768,0,1,0.051672935475227555
1769,0,1,0.055010015358674696
1770,1,1,0.045643147764187764
1771,0,1,0.0810516089948827
1772,0,1,0.08425921780751071
1773,0,1,0.03149808905821723
1774,0,1,0.21452571112965604
1775,0,1,0.042791924951196075
1776,0,1,0.0668562024020684
1777,0,1,0.08141092237162814
1778,0,1,0.05021492799710807
1779,0,1,0.03900513129213737
1780,0,1,0.0707974501574592
1781,0,1,0.10286019136782396
1782,0,0,0.06845492631071237
1783,0,1,0.06864065707018954
1784,0,1,0.05687751143095032
1785,0,0,0.0710310111102884
1786,0,0,-0.011974143591419129
1787,0,1,0.07441825107573437
1788,0,1,0.07441825107573437
1789,0,0,0.05765334532859241
1790,0,1,0.04885158439739931
1791,0,1,0.08377182560249985
1792,1,1,0.0812277128548691
1793,1,1,0.08722436376069453
1794,0,1,0.04829357192425077
1795,0,1,0.10574413530281704
1796,0,1,0.06509366205323473
1797,0,0,0.003552811134655276
1798,0,1,0.06571502570353528
1799,1,0,0.09214472634947005
1800,1,1,0.09494946459901998
1801,0,0,0.06715442753375084
1802,0,0,0.05677696633198161
1803,0,1,0.04677021710118795
1804,0,1,0.10418305018575438
1805,0,1,0.08095350322161152
1806,1,1,0.05679982753212792
1807,1,1,0.02494349257863354
1808,0,1,0.030810869354779905
1809,0,0,0.07770223473934931
1810,0,0,0.04593919593703706
1811,0,1,0.07012320409003764
1812,1,1,0.03863459882698228
1813,0,1,0.08131557111159118
1814,0,1,-0.036174279382744756
1815,0,0,0.10279986656691725
1816,0,1,0.03853707676102067
1817,0,1,0.08238449276962953
1818,0,0,0.11101731403882953
1819,0,1,0.05961811037745314
1820,0,1,0.010219139074655353
1821,0,0,0.018653313069628488
1822,0,0,0.0974384596573199
1823,0,1,0.1326725474635505
1824,0,0,-0.012148062239063923
1825,0,1,-0.03246955544367261
1826,0,1,0.07695566750519674
1827,1,0,0.26377546762281806
1828,0,1,0.07602837357642495
1829,0,1,0.09086135221580753
1830,0,0,0.09816347584609592
1831,0,0,0.07957273339601767
1832,0,1,0.06536183152768056
1833,1,1,0.11180327740671397
1834,0,0,0.04684514509467258
1835,0,1,0.047456539546608736
1836,1,1,0.06555659860243405
1837,0,0,0.06528601098335039
1838,0,1,0.004994383654585904
1839,0,0,0.08424108072125094
1840,0,1,0.07388273923768562
1841,0,1,0.03104786008823346
1842,0,1,0.059119346127420314
1843,0,1,0.06245050878889333
1844,0,1,0.146577662545675
1845,0,0,0.10117411385652528
1846,0,1,0.06566911931238262
1847,0,1,0.061512801961941255
1848,0,1,0.07220457699932124
1849,0,1,0.047448111040873486
1850,0,1,-0.015285905051252241
1851,0,0,0.2469063859325158
1852,1,0,0.06551441391332095
1853,1,0,0.06406179899976913
1854,0,1,0.04505103644819673
1855,0,1,0.023304106566654603
1856,0,1,0.04441496591283298
1857,0,1,0.06752405934430386
1858,0,1,0.024904575023834252
1859,0,1,0.02910217537028517
1860,0,1,0.08938129811983289
1861,0,1,0.08083045586539925
1862,0,1,0.07333829603359163
1863,0,1,0.08739123659739331
1864,1,1,0.059490882873874135
1865,1,1,0.0761846856077815
1866,0,1,0.054613014772832674
1867,0,0,0.09356710462348385
1868,1,1,0.05398859259882094
1869,0,0,0.04804247290979065
1870,0,1,0.06361936649192575
1871,0,0,0.04037350761768135
1872,0,0,0.05083867046082899
1873,0,0,0.09750989597208318
1874,0,1,0.1282799725764325
1875,0,1,0.07582987637674485
1876,0,0,0.05393491467033373
1877,0,0,0.05129338145055387
1878,0,1,0.0211215547524414
1879,0,1,0.015689485620431126
1880,0,0,0.051427958904515556
1881,0,1,0.06894328704268401
1882,0,0,-0.0007620025763903637
1883,0,0,0.0616297593812096
1884,0,1,0.04452854545457506
1885,0,1,0.050844007672686806
1886,0,1,0.052936202108143204
1887,0,0,0.08786729093903756
1888,1,1,0.05096458803158008
1889,0,0,0.06544130065645495
1890,1,1,0.012832738451532572
1891,0,1,0.0883716168110437
1892,0,0,0.04073704716290141
1893,0,0,0.05505660676719154
1894,1,0,0.030031528369373367
1895,0,0,0.05022106940470017
1896,0,1,0.04416847609868074
1897,1,0,0.04775063200198229
1898,0,1,0.04408913968205727
1899,0,1,0.11253338464797406
1900,0,1,0.05127182426913221
1901,1,1,0.05300144741100013
1902,0,1,0.1844692449641845
1903,0,1,0.027778885835481437
1904,0,1,0.03477533826017802
1905,0,1,0.03973173926391799
1906,0,0,0.09564473533192214
1907,0,1,0.08792900104464922
1908,0,1,0.09075639259455566
1909,0,0,-0.04934264626304069
1910,1,0,0.052006228900607424
1911,0,0,0.005640223949140086
1912,0,1,0.0754685011651377
1913,0,1,0.06926202431267975
1914,0,0,0.051953910121023794
1915,0,1,0.07146647300319298
1916,0,1,0.052712185214657176
1917,0,0,0.07957273339601767
1918,0,1,0.10139838041622451
1919,0,1,0.07397037167297602
1920,0,0,0.05001353803846173
1921,0,1,0.0976789417646462
1922,0,0,0.10834498611158157
1923,0,1,0.03447178699631462
1924,0,0,0.08902464526413645
1925,0,1,0.15174411329312582
1926,0,1,0.07385490516414643
1927,0,1,0.04253584397855184
1928,0,0,-0.03816259929441984
1929,0,1,-0.030823509891520467
1930,1,1,0.017552535473576672
1931,0,1,0.07483570096365208
1932,0,1,0.06310972037068455
1933,0,0,0.0684315508391995
1934,0,0,0.06459717278454126
1935,0,0,-0.038168972211379174
1936,0,1,0.056524292869838205
1937,1,1,0.025253001437336137
1938,0,1,0.09752161217156358
1939,0,0,0.05407421438410677
1940,0,1,0.10209129407502979
1941,0,0,0.06840535046029877
1942,0,1,0.08487019454192503
1943,0,1,0.06518283383544574
1944,0,0,0.012757115338870709
1945,0,1,0.09327648538797817
1946,0,1,0.11389438893774675
1947,0,0,0.0933580296887608
1948,0,1,0.06400103698429162
1949,1,1,0.015702579997147886
1950,0,1,0.112311145452659
1951,0,1,0.035654420606082204
1952,1,1,0.058395338976945876
1953,0,0,0.04241558689646836
1954,0,0,0.0756134061930532
1955,0,1,0.07284981368342447
1956,0,0,0.0791315450439385
1957,0,1,0.013763500620859376
1958,1,1,0.07648682733938303
1959,0,1,0.0575789813507628
1960,0,0,0.047037890019825564
1961,0,1,0.08705984650460785
1962,0,1,0.06057662471569322
1963,0,0,0.04754212636465305
1964,0,1,0.0394806189253985
1965,0,0,-4.6806954778405574e-05
1966,0,1,0.03396478515529999
1967,0,0,0.10721130994548492
1968,0,1,0.11779358344715307
1969,0,1,-0.011260615956251968
1970,0,1,0.08611802416919186
1971,0,1,0.09305392116498384
1972,0,0,0.046587912121890035
1973,0,1,0.0730393275095434
1974,1,0,0.06096956187919658
1975,0,1,0.11503548341881929
1976,0,1,0.06363394766580693
1977,0,1,0.07376326362577763
1978,0,0,0.07533783658278852
1979,0,0,-0.06731175020496602
1980,0,0,0.07183815329859486
1981,0,1,0.07056789789250252
1982,0,1,0.04521499561202344
1983,0,0,0.16807706405170542
1984,0,1,0.008098053052203652
1985,1,1,-0.05939440059933085
1986,0,0,0.12036437673020559
1987,0,0,0.04563297788621615
1988,0,0,0.0018334976085939703
1989,0,0,0.06756715433803115
1990,0,1,0.0438360571708247
1991,0,0,0.050465295753911926
1992,0,1,0.012807764698504018
1993,0,1,0.06665715628419111
1994,1,1,0.10117801820723198
1995,0,1,0.02055094708213298
1996,0,1,0.02554046459043463
1997,0,1,0.03630405093269132
1998,0,1,0.05905287331983661
1999,0,1,-0.0031351407253784602
2000,0,1,0.07061605652443936
2001,0,1,0.022292929445511367
2002,0,1,0.09786316267619416
2003,0,1,0.04789951637114939
2004,0,0,0.026094451250608386
2005,0,1,0.07659112430513024
2006,0,1,0.02935112357881925
2007,0,0,0.07250806801718639
2008,0,0,-0.028501251654836635
2009,0,1,0.10448000117456291
2010,0,1,0.10257097880888366
2011,0,0,0.046222057333645095
2012,0,1,0.06626984668955073
2013,0,1,0.09482551682869471
2014,0,1,0.032484103136179304
2015,0,0,0.06884755779240931
2016,0,0,0.05336178445065534
2017,0,1,0.03898840923057423
2018,0,1,-0.060050673308899655
2019,1,1,0.10153316253444683
2020,0,1,0.0971251745024312
2021,0,1,0.07979163996671168
2022,0,0,0.05449221285847711
2023,0,1,0.05799560188731909
2024,0,1,0.08093443751496567
2025,1,1,0.12414439236721159
2026,0,1,0.071634382618213
2027,0,0,0.023207502997706936
2028,0,0,0.03929732087715537
2029,0,1,0.07910576112710505
2030,0,1,0.05035459239187322
2031,0,0,0.08750117436466907
2032,0,0,0.12876778199534467
2033,1,0,0.06755474466401085
2034,1,1,0.048366788937211025
2035,0,1,0.09934555672351097
2036,0,1,0.04733215686637483
2037,0,0,0.10627733934187436
2038,0,0,0.1151706487121614
2039,0,0,0.07309939162156104
2040,0,1,-0.017203680285299172
2041,0,1,0.07509746685272448
2042,0,1,0.02203175909056196
2043,0,0,0.032392817939837115
2044,0,1,0.020944547039345313
2045,0,1,0.053678845386006604
2046,0,0,0.017540585939100573
2047,0,0,0.0873995153360901
2048,0,0,0.07517441460997155
2049,0,0,0.11914872444928411
2050,1,1,0.09162546527704665
2051,0,1,0.04873171033743544
2052,0,1,0.0960716575534409
2053,0,1,-0.02410230171092398
2054,0,1,-0.03260764799693261
2055,0,0,0.07900675098960072
2056,0,0,0.042681884999547504
2057,0,1,0.08830098007489359
2058,0,1,0.10623464652118635
2059,0,1,0.05856897869963438
2060,0,0,0.08975056345086893
2061,0,1,0.03449664804530696
2062,0,1,0.12851584809023833
2063,1,1,0.05436308237056792
2064,0,0,0.01564549234633389
2065,1,1,-0.018852950153208647
2066,0,1,0.01812944799870808
2067,0,0,0.13385986890618468
2068,0,1,0.03897657255048695
2069,0,1,0.05251892098067232
2070,0,1,0.07206514970044123
2071,1,0,0.011674876436044451
2072,0,1,0.019144762177518093
2073,0,0,0.0812413861673196
2074,0,1,0.03200181066262124
2075,0,1,0.13973944842980746
2076,0,1,0.03983727273003914
2077,1,1,0.10653428386784863
2078,0,1,0.041036732822921834
2079,0,0,0.08754318197037517
2080,0,1,0.13431041537127553
2081,0,1,0.053940986088384824
2082,0,1,0.19185376491048098
2083,0,1,0.029539648045964567
2084,0,1,0.09652566641177973
2085,0,1,0.06437663032507239
2086,0,0,0.06869008278316437
2087,0,0,0.10264570391826758
2088,1,1,-0.000295077140022304
2089,0,1,0.11001277194544708
2090,0,1,0.06600231731989448
2091,0,1,0.10239327967681668
2092,0,0,0.07739626289725583
2093,0,0,0.059748253139117205
2094,0,1,0.14241168622399542
2095,0,1,0.09942421409003119
2096,0,1,-0.02970464947392351
2097,0,1,0.06190137825580429
2098,0,1,0.15180339759454864
2099,1,0,0.0035373215462201624
2100,0,0,0.06030710487932435
2101,0,1,0.019578007811451248
2102,1,1,0.04518074733979398
2103,0,0,0.049123102476720054
2104,0,1,0.026863282580196712
2105,1,1,0.013802512797618793
2106,0,1,-0.030489881345345457
2107,1,0,0.018532966390513633
2108,0,1,0.12305779497870392
2109,0,1,0.06502963697002433
2110,0,1,0.13160716495651925
2111,0,1,0.061825044030939025
2112,0,1,0.0026942115688028956
2113,0,1,0.054591000412911095
2114,1,1,0.058447272253297405
2115,0,1,0.045634298559803055
2116,0,0,0.0486374792124199
2117,0,1,0.022814329201486613
2118,0,1,0.12063786933548727
2119,1,0,0.034696760220684825
2120,0,1,0.06619422781100913
2121,0,1,0.08301780912050688
2122,0,1,0.014597863250754739
2123,0,0,0.04856203520037458
2124,0,1,-0.027293903036292783
2125,1,1,0.0334892177523432
2126,1,1,0.11498984412282837
2127,0,1,0.06344380687716282
2128,0,1,0.10132631112953691
2129,0,1,0.042545742247903556
2130,1,0,0.024273466526134796
2131,0,0,0.08979914110756942
2132,0,1,-0.02411451305160467
2133,0,1,0.08024192948006384
2134,0,1,0.010931465754122904
2135,1,0,0.06617051804557461
2136,0,0,0.09043892925351964
2137,0,1,0.038072753715017435
2138,0,0,0.05876460448739876
2139,0,0,0.05567396930908487
2140,0,0,0.08876455054047408
2141,0,0,0.11722728461934138
2142,0,0,0.05056080413623194
2143,0,1,0.08570508490007768
2144,0,0,0.003257145488585106
2145,0,1,0.0235783373232199
2146,1,1,0.10815776521385542
2147,0,0,0.0856342720487111
2148,0,0,0.06839306747553575
2149,1,1,0.016391967207053576
2150,0,1,0.06642005415547898
2151,1,1,0.049030700477421384
2152,1,1,0.07441125591837064
2153,0,1,0.08229064298194103
2154,0,0,0.037172678299934064
2155,0,1,-0.021119928624848044
2156,0,1,0.06629389666821407
2157,1,0,0.06464761941403152
2158,0,0,0.07732103341770284
2159,0,1,0.06365017816614699
2160,0,1,0.03437268155590917
2161,0,1,0.09609258162968982
2162,0,1,0.10003085276484915
2163,0,0,0.03969890933917469
2164,0,1,0.033211608938218035
2165,0,1,0.049741923498843876
2166,0,1,0.042611178443009434
2167,1,1,0.09728528518524295
2168,0,0,0.05046117227012689
2169,1,1,0.052007523921466375
2170,0,1,0.03717604329547097
2171,0,0,0.04968877553422399
2172,0,0,0.026094451250608386
2173,1,1,0.10590053784122974
2174,0,1,0.11695593426073313
2175,0,1,0.018986997536977857
2176,0,1,0.025485047823300883
2177,0,0,0.07969262674651555
2178,0,1,0.04546382980807781
2179,1,0,0.03395032454785482
2180,0,0,0.09268204790733986
2181,0,0,0.0812277128548691
2182,0,1,0.0645067122772865
2183,0,1,0.04919538777671523
2184,0,1,0.0595450349166968
2185,0,1,-0.031698735150164054
2186,0,0,0.14247110438082533
2187,0,1,0.05184973012072078
2188,0,1,0.06464081304981009
2189,0,1,0.07334485848633371
2190,0,1,0.010999472740787858
2191,1,1,0.05061007751077312
2192,1,1,-0.028511479703720866
2193,0,1,0.07352485109078795
2194,0,1,0.06823269645145943
2195,0,1,0.038262997948554076
2196,0,1,0.01631803534198195
2197,0,0,0.03333253604226448
2198,0,0,0.06685554440194791
2199,0,0,0.08814488157930842
2200,0,1,0.09094969623909951
2201,0,1,0.06528056921558978
2202,0,1,0.0750368198686003
2203,0,0,0.028898106720171846
2204,0,1,0.07246427870047319
2205,0,1,0.0747707494751027
2206,0,1,0.04767124897681865
2207,0,1,0.03880128976308564
2208,1,1,-0.013130641688673228
2209,0,0,0.07624837638118483
2210,0,0,0.018275985919775625
2211,1,1,0.09446314318152683
2212,0,1,0.041316530829401524
2213,0,0,0.049840414403488256
2214,0,0,0.05943221137982575
2215,1,1,0.027700383677396814
2216,0,0,0.15164585212735937
2217,0,1,0.03482555908435503
2218,0,0,0.08144826663942312
2219,0,0,-0.03976344087418382
2220,0,1,0.043188042568404486
2221,0,0,0.006192535304497995
2222,0,1,0.07599548156861691
2223,0,1,0.048875805057710095
2224,0,0,0.04740991118241342
2225,0,0,0.01149243200064981
2226,1,0,0.08857021449118205
2227,0,1,0.10700682246290678
2228,0,0,0.08229064298194103
2229,0,1,0.04031868019403624
2230,0,1,0.027000927991743515
2231,0,1,0.037614233691335486
2232,0,1,0.05660150361564356
2233,0,1,0.07849240361073712
2234,0,1,0.11936914008404416
2235,0,1,0.06617051804557461
2236,0,0,0.036418502850343565
2237,0,0,0.05207728893067515
2238,0,0,0.04977712584373237
2239,0,0,-0.01037851896973807
2240,1,1,0.03629863752879231
2241,0,1,0.10003085276484915
2242,0,1,0.04983435883748995
2243,1,1,0.08688539020133744
2244,0,0,0.03221323149578577
2245,0,0,0.0036936340779044063
2246,0,0,0.06712569718784728
2247,0,0,0.008883700404423989
2248,0,0,0.06725379085630746
2249,0,1,0.04075178673864299
2250,0,0,0.024588296871855556
2251,0,1,0.04598389149522661
2252,0,0,0.07745123095054797
2253,1,1,0.08687246320861555
2254,0,1,0.016796331686748267
2255,0,1,0.03983350707405975
2256,0,1,0.09385868298059538
2257,0,0,0.1388306918325305
2258,0,1,-0.0005191217081919053
2259,0,0,0.0004888554171518233
2260,0,1,0.0692509264519033
2261,1,1,0.07058723886834808
2262,0,0,0.04763773195101345
2263,0,1,0.0503282148137712
2264,0,1,0.057485977853884124
2265,0,0,0.039944453830810245
2266,0,0,0.025340620124559732
2267,0,1,0.09623268937933083
2268,0,1,0.03626821382397652
2269,1,1,0.04286469151864489
2270,0,1,0.06741718252203407
2271,0,1,0.0776036454531947
2272,0,1,0.034449980705875655
2273,0,0,0.05721366839424501
2274,1,1,-0.01576348423511549
2275,0,0,0.05007960460343601
2276,0,0,0.04653129885874237
2277,0,0,0.010810198394784087
2278,0,1,0.0883260062119418
2279,0,1,0.04871687452169132
2280,0,1,0.12096951162111239
2281,0,1,0.12804288850288423
2282,0,1,0.09761773991536438
2283,1,0,0.0739906150178152
2284,1,1,0.07589509700881246
2285,0,0,0.06805016983294371
2286,0,0,0.08518768746037265
2287,0,0,0.01796578919352601
2288,0,0,0.10728631098444799
2289,1,1,0.029271233863161827
2290,1,1,-0.00846205683116455
2291,1,1,0.04626030280817725
2292,0,1,0.08673316636120884
2293,0,1,0.07957273339601767
2294,0,1,0.005610407349146113
2295,1,1,0.10345083451699212
2296,0,1,0.08265243871211457
2297,0,1,0.03889263017194383
2298,0,1,0.0348083103974057
2299,0,0,0.10437938437247136
2300,1,1,0.08295591329644511
2301,0,0,0.07492572208752486
2302,0,1,0.09025368731299296
2303,0,1,0.07980444130723738
2304,0,0,0.058688290381532504
2305,0,0,0.08287080548327798
2306,0,1,0.10415406484539019
2307,0,1,0.03793351954553362
2308,0,0,0.06633307915669376
2309,0,0,0.0635873106557147
2310,0,0,0.06592102883032583
2311,0,0,0.09544154723337442
2312,0,0,0.06212601807863011
2313,0,1,0.07412844003430544
2314,1,1,0.0742897030672712
2315,0,1,0.033819275749525396
2316,0,1,0.057488326874793896
2317,0,0,0.11380888894161498
2318,0,0,0.03363569230772112
2319,0,1,0.07612862744119876
2320,0,1,0.1157631587500447
2321,0,1,0.08381222624907225
2322,0,0,0.07183455439860359
2323,0,1,0.08876455054047408
2324,0,1,0.04878850095214753
2325,1,1,0.030105265822172392
2326,0,0,0.1083238257998336
2327,0,1,0.053100009915568
2328,0,0,0.18955286224488227
2329,0,1,0.07178023354529049
2330,1,0,0.09448400573344894
2331,0,1,0.02763364338990308
2332,0,1,0.0868703961792625
2333,0,1,0.07736100140330045
2334,0,1,0.07141867825005142
2335,0,1,0.06249341771264773
2336,1,0,0.03984907528283031
2337,0,1,-0.033760484364999566
2338,0,1,-0.0033906894036224433
2339,0,1,0.06780705314728315
2340,0,1,0.03183855096559246
2341,1,1,0.03407250024244998
2342,0,0,0.08720051295611345
2343,0,0,0.078843298398498
2344,0,0,0.0917921896359008
2345,0,0,0.07298761557240893
2346,0,0,0.08887716330389345
2347,1,1,0.09329591261146822
2348,0,1,0.03665568428489907
2349,0,1,0.03840619615731514
2350,0,1,0.09431466148218051
2351,0,0,0.10363479437853344
2352,0,1,0.07850873909340542
2353,1,1,0.03323783622968779
2354,0,1,-0.023539799031992492
2355,0,0,0.08402698077039768
2356,0,1,0.08264821087143587
2357,1,1,0.08570905547649146
2358,0,0,0.0861243679744774
2359,0,1,0.026842769740419714
2360,0,0,0.03293545643048028
2361,0,0,0.05378738924887046
2362,0,1,0.06319522083504986
2363,0,1,0.06751288888893
2364,0,1,0.045015437143023654
2365,0,1,-0.018852950153208647
2366,0,1,0.026371950808963374
2367,0,1,0.08081033101559257
2368,0,0,0.08113282852173595
2369,0,1,-0.0024294377204535644
2370,0,0,0.03477533826017802
2371,0,1,0.09392275541832412
2372,1,0,0.10183535508440686
2373,0,1,0.06872856185440437
2374,0,0,0.06827504238662407
2375,0,0,0.018502247624819196
2376,0,1,0.08002659756612397
2377,0,1,0.08657525556937484
2378,0,1,0.06313114676572401
2379,0,1,0.05534577959303026
2380,0,1,0.10772682132696358
2381,1,1,0.03931309252645325
2382,0,1,0.04991097610323236
2383,0,1,0.06109761052451422
2384,0,1,0.06714100476246923
2385,0,0,0.03775386651697969
2386,0,1,0.07545024047175491
2387,0,0,0.05694660750894484
2388,0,1,0.08576815635356705
2389,0,1,0.03159289430713556
2390,0,1,0.01789544376204573
2391,0,0,0.05733621389786271
2392,0,1,0.017695535767005235
2393,0,1,0.0851696737446705
2394,0,1,0.04646088227195448
2395,0,0,0.035360559768079516
2396,0,0,0.05732978052251693
2397,0,1,0.13378669083774175
2398,0,0,0.043348147717854835
2399,0,1,0.07278153007473614
2400,0,1,0.0396390021336821
2401,0,0,0.10758624204479861
2402,0,0,0.10209019213735485
2403,0,1,0.028351881965241382
2404,0,1,0.044586514688709195
2405,0,1,0.0864361579696454
2406,1,0,0.09875812364309593
2407,0,1,0.07044066137858779
2408,0,1,0.08354176727479463
2409,0,1,0.05940177804319345
2410,1,1,0.07466436856294717
2411,0,1,0.04955562280364259
2412,0,0,0.03719996568703976
2413,0,0,0.03885626158949382
2414,1,1,0.06391760121281881
2415,0,0,0.070767915350719
2416,0,1,0.06564459988687207
2417,1,1,0.1300230157130565
2418,0,1,0.04744594900635381
2419,0,1,0.00612465218405106
2420,0,1,0.016192845377756365
2421,0,1,0.037659949745424665
2422,0,0,0.06784573475291399
2423,0,0,0.07336675673840212
2424,0,0,0.04038247433396602
2425,0,1,0.05743137683343083
2426,0,1,0.1022540917875667
2427,1,0,0.10087897006514919
2428,0,1,0.04561909712000527
2429,0,0,0.08617847557331393
2430,0,1,0.09521527509952774
2431,0,0,0.0995168767608973
2432,0,1,0.10824978581851366
2433,0,1,0.05099339112548609
2434,1,1,0.05115301353247513
2435,0,1,0.06619510657469085
2436,0,1,0.10618164287214589
2437,0,0,0.051649494008003075
2438,0,1,0.08159612025794474
2439,0,1,-0.005188515300900948
2440,0,1,0.04156114610019973
2441,0,0,0.1630497764511575
2442,0,0,0.08964507231048888
2443,0,1,0.047782274604859815
2444,0,0,0.06626984668955073
2445,0,1,-0.015275413151839778
2446,0,0,0.05816572698431138
2447,0,0,0.07532251646786195
2448,0,0,0.07572223115618197
2449,0,1,0.09246325382089264
2450,0,0,0.0915178990712592
2451,0,0,0.09578478310014374
2452,0,0,0.036646615601717086
2453,0,0,0.07148517475741412
2454,0,1,0.07686748701454818
2455,0,0,0.023704072910748553
2456,0,1,0.05797123455662293
2457,0,1,0.05637319661941926
2458,0,0,0.06919061707243368
2459,0,1,0.04165262144468852
2460,0,1,0.06272625743475684
2461,0,1,0.06788866623255574
2462,1,1,0.03994978016426648
2463,1,1,0.06052320735124922
2464,0,0,0.053739348310504614
2465,1,1,0.03793351954553362
2466,0,1,0.0738086174756793
2467,0,1,0.08143214963816234
2468,0,1,0.04440967266294024
2469,0,1,0.04802743776258639
2470,1,1,0.06286247322701058
2471,0,0,0.040063420568568986
2472,0,1,0.0777864797541265
2473,0,1,0.02374828520319408
2474,0,0,0.07333027269030837
2475,0,1,0.0825921270385524
2476,1,1,0.07868224673083771
2477,0,0,0.05471473513589069
2478,0,1,0.047257732950410705
2479,0,1,0.13672360578291043
2480,1,1,0.061278688950014926
2481,0,1,0.08877957258113481
2482,1,1,-0.033200746048418994
2483,0,1,0.016055649992913645
2484,0,1,0.05617986537278974
2485,0,0,0.026842769740419714
2486,1,0,0.07057941609834642
2487,0,1,0.01309328380388905
2488,0,0,0.057485647409857316
2489,0,1,0.11016933688732297
2490,0,1,0.049152408010573356
2491,0,1,0.04996843906751208
2492,1,1,0.05156306232780991
2493,1,1,0.08110223848734989
2494,0,0,0.021126474653865496
2495,0,0,0.05505660676719154
2496,0,1,0.07114385408361558
2497,1,0,0.09091131171217907
2498,1,1,0.09293723111740147
2499,0,1,0.1563951634469381
2500,0,1,0.019578007811451248
2501,1,1,0.11382035800777088
2502,0,1,0.0781997604910189
2503,1,1,0.05838896098765278
2504,0,0,0.07768575073581958
2505,0,1,0.05470629748858652
2506,0,0,0.07428513171560244
2507,0,0,0.09878548359144396
2508,0,0,0.03720371286084305
2509,0,0,0.1034975586878332
2510,1,0,0.030330735694356847
2511,0,1,0.0784135765899738
2512,0,1,0.0032728593833300512
2513,0,0,0.024406006283036796
2514,0,1,0.04635290381168193
2515,1,0,0.0774130686245314
2516,0,0,0.08854218045377517
2517,0,1,0.05310877945022291
2518,1,0,-0.006970917442049029
2519,0,0,0.04815214550953696
2520,0,0,0.0968878951518683
2521,0,1,0.008628627106584796
2522,0,1,0.18590927081741132
2523,0,1,0.03665568428489907
2524,0,0,0.07993796372783918
2525,1,1,0.0778256119176628
2526,0,1,-0.06373543101146328
2527,0,1,0.03408313357270468
2528,1,1,0.0102751290907514
2529,0,0,0.052907383920497625
2530,0,1,0.05920273901369802
2531,0,1,0.033466300554590114
2532,0,1,0.059015056806744196
2533,0,1,0.0454841313460754
2534,0,1,0.03882634752844022
2535,0,0,0.08065700095794154
2536,0,1,0.05378738924887046
2537,0,1,0.056032744500884246
2538,0,1,0.050087526823297604
2539,1,0,-0.022525711413997535
2540,1,1,0.13666272850855543
2541,0,0,0.10472819070918449
2542,0,0,0.0685510609009138
2543,0,1,0.0635737508094419
2544,0,1,0.1264189019284807
2545,0,1,0.027856212940007744
2546,1,1,0.10384480028238532
2547,0,0,0.09436702542994271
2548,0,1,0.045015498863430675
2549,0,0,0.02852873483325824
2550,0,1,0.08644060185572025
2551,0,1,0.11436074063409604
2552,0,0,0.09596699052200476
2553,0,1,0.006630682383032077
2554,1,1,0.051624877535542395
2555,0,0,0.09942421409003119
2556,1,1,0.0941405534406779
2557,0,1,0.049143476890169624
2558,0,1,0.060345954565772054
2559,0,1,0.05013546969396286
2560,0,1,0.05694928864249499
2561,0,0,0.10534893590367228
2562,0,1,0.05711085818907599
2563,0,1,0.07457326643464349
2564,0,1,0.07520047288150776
2565,0,0,-0.01329962191799694
2566,0,1,0.06842371753900552
2567,0,0,0.10362905768206394
2568,0,1,0.04054133676776485
2569,0,1,0.02922576210822561
2570,0,0,0.037939186002430736
2571,0,1,0.061981286549519815
2572,1,1,0.07194683088644095
2573,0,1,0.10087394441716217
2574,0,0,0.06611553246955722
2575,1,0,0.014119205315047012
2576,0,1,0.04115598488300916
2577,0,1,0.08356046308417864
2578,1,0,0.05815669250056689
2579,0,0,0.09892396036467474
2580,0,1,0.04680847597194711
2581,0,1,0.05433618827502831
2582,0,1,0.1040662654689423
2583,0,1,0.05862311936133181
2584,0,1,0.0051985708240556705
2585,1,1,0.05725278473846432
2586,0,1,0.09783689055416764
2587,0,1,0.0431976161312585
2588,0,1,0.11535938126943131
2589,0,0,0.054423966004676305
2590,0,1,0.15804531695596458
2591,0,1,0.09314561537430563
2592,0,1,0.045906511604956346
2593,0,1,0.12536249247244707
2594,0,1,0.04073704716290141
2595,0,1,0.117364668733506
2596,0,1,0.06603546314229075
2597,0,0,0.033268609251911885
2598,0,0,0.04636526973796602
2599,1,0,0.05806706685314161
2600,0,0,0.0415469726273571
2601,0,1,0.018693357367966804
2602,0,0,0.06397212993913359
2603,1,1,0.07939690125211005
2604,0,1,0.05614811517482726
2605,0,1,0.08830772172884399
2606,0,1,0.027934496176162157
2607,1,1,0.06023563574109739
2608,0,0,0.09004298770961217
2609,0,1,0.035251053984857644
2610,0,1,0.06573165395963966
2611,0,1,0.040242923352299925
2612,0,1,0.07003131983846392
2613,0,1,0.07163251887514933
2614,1,1,0.029271233863161827
2615,0,0,0.0815559842237139
2616,0,0,0.10280326964042241
2617,0,1,0.06579831671500275
2618,0,1,0.0635873106557147
2619,1,0,0.049791472864422565
2620,0,1,0.02103476000364421
2621,0,1,0.07312196799371176
2622,0,0,-0.11485639412104348
2623,0,1,0.07657673426559339
2624,0,0,0.052484436189545645
2625,0,0,0.05259247670363197
2626,0,1,0.07298737090454349
2627,0,1,0.09666052558125673
2628,0,1,0.06546628270641057
2629,0,0,0.004881167229866229
2630,0,0,0.03759584784613551
2631,0,1,0.06592175879777913
2632,0,1,0.04731215056593763
2633,0,0,0.07848292758209544
2634,0,1,0.03665568428489907
2635,0,0,0.07849771719720042
2636,0,1,0.07800276540515624
2637,0,1,0.09298066990843853
2638,0,1,0.1360466581678245
2639,0,1,0.004555796264949147
2640,0,0,-0.0038849066281368694
2641,0,1,0.08459903699855949
2642,0,1,0.041172292555387166
2643,1,1,0.08494326860927266
2644,0,1,0.08444345836513295
2645,0,1,0.04733740077112791
2646,0,0,0.06450569868932066
2647,0,1,0.0756134061930532
2648,0,1,0.07495855763864902
2649,0,1,0.027711621940523283
2650,0,1,0.09195288731308168
2651,0,0,0.08688977260753433
2652,0,0,0.05158490629734677
2653,0,1,0.06823418279689514
2654,0,1,0.09759645161836537
2655,1,1,0.056700555901219224
2656,0,0,0.05058841680963724
2657,0,1,0.0756134061930532
2658,0,0,0.05337923383366869
2659,0,0,0.08168536879614724
2660,0,1,0.036441837928575055
2661,0,0,0.016538412008480052
2662,0,0,0.08216265952010368
2663,0,0,-0.05914806497313119
2664,1,1,-0.11416202906315065
2665,0,1,0.060374648262265115
2666,0,1,0.09158169328797741
2667,1,1,0.08206785402725178
2668,0,0,0.06988111668268637
2669,0,1,0.026023639933751508
2670,0,1,0.07957273339601767
2671,0,1,0.01755148685087829
2672,0,1,0.06376223421438033
2673,0,1,0.06598192100219763
2674,0,1,0.05761931369124659
2675,0,1,0.039281070961762504
2676,0,1,0.05392938203729086
2677,0,1,0.09162608942706557
2678,0,1,0.047370704067426495
2679,1,1,0.046683933001689895
2680,0,1,0.07033395605682441
2681,0,1,-0.0026359792658531
2682,0,0,0.02040845314128975
2683,0,1,0.05675047161160118
2684,0,1,0.10166242621142042
2685,0,0,0.02595087828703041
2686,0,1,0.05830373849339629
2687,0,0,-0.09420723042902557
2688,0,1,0.07371735511219404
2689,0,0,0.03434501181818668
2690,0,1,0.08209318498392025
2691,0,0,0.05677696633198161
2692,0,0,0.10365381213800759
2693,0,1,0.0493638549923838
2694,0,1,0.020720697710234076
2695,0,0,0.14597173189885307
2696,0,1,0.026417721921617954
2697,0,0,0.05744449495303161
2698,0,0,0.0589880714321179
2699,0,1,0.0333848818981486
2700,0,0,0.0074296255441664155
2701,0,1,0.0796925197841595
2702,0,0,0.04163554518760873
2703,0,1,0.03036946303396941
2704,0,0,0.01823201525113513
2705,0,1,0.04073704716290141
2706,1,1,0.02437296703584743
2707,0,0,0.06323161984634526
2708,0,1,0.04421233246808419
2709,0,0,0.08444345836513295
2710,0,0,0.013849223742624935
2711,0,1,0.014975961098306595
2712,1,0,0.03402989609644183
2713,0,1,0.0701484595948832
2714,0,1,0.06071891001875386
2715,0,0,0.08704170198800018
2716,0,1,0.031633506219964164
2717,0,1,0.038582337101426445
2718,0,1,0.08609591155380812
2719,0,1,0.053339842619306466
2720,0,1,0.08659306058179135
2721,0,0,0.05128062929577647
2722,1,1,0.04551250362749555
2723,0,0,0.09167840843159047
2724,0,1,0.07289085733193623
2725,0,0,0.0702046024647371
2726,0,1,0.03292802545900202
2727,0,1,0.08631282389994462
2728,0,1,0.04775208406770175
2729,0,0,0.05711723793222254
2730,1,0,0.12229052864746814
2731,0,1,0.031196064518602407
2732,0,1,0.03504354169689303
2733,0,1,0.07037264278810466
2734,0,0,0.06374324679481362
2735,1,1,0.08480318877358176
2736,1,1,0.09473688406397802
2737,0,1,0.08707050745368138
2738,0,0,0.11086678210745572
2739,1,1,-0.021493363742762756
2740,0,1,0.1060072419557838
2741,0,1,0.039416337873368276
2742,0,1,0.04194243840738415
2743,0,1,0.07712725014622723
2744,0,0,0.089432525584566
2745,0,1,0.08566433263062416
2746,0,0,0.06290003664189629
2747,0,0,0.02499792891113161
2748,0,0,0.09106647523749592
2749,0,0,0.03022081965054907
2750,0,1,0.06757794351958707
2751,0,0,0.052470681707859235
2752,0,1,0.03950033998670659
2753,0,1,0.020101612856005466
2754,0,1,0.08577793143862975
2755,0,0,0.13022346133865043
2756,0,1,0.02966411235566055
2757,0,0,0.03534931127916957
2758,0,1,0.0776512793749719
2759,0,0,0.04970731578272243
2760,0,1,0.021112055504693833
2761,0,1,0.019892157335574312
2762,1,1,0.03372546521811359
2763,0,1,0.03721431496124675
2764,0,0,0.03769296359996585
2765,0,1,0.10031958622289364
2766,0,1,0.09349210421384366
2767,0,1,0.04945951901353558
2768,1,1,0.029321991290191446
2769,0,1,-0.007103144951196516
2770,0,1,0.03072369635978575
2771,0,0,0.05714467488801808
2772,0,1,0.08068116339347554
2773,0,1,0.025394790865429742
2774,0,0,0.06868431764134855
2775,0,0,0.040225390148416085
2776,0,0,0.06870727621259849
2777,0,1,0.08828380849664189
2778,0,1,0.053818009567993125
2779,0,1,0.061267719417307326
2780,0,1,0.07812861186290103
2781,0,1,0.09076802973909462
2782,0,0,0.032093491937589466
2783,0,1,0.054916302082041984
2784,0,0,0.09400563825411738
2785,0,0,0.03793351954553362
2786,0,1,0.08911621935800002
2787,0,1,0.08072392599765715
2788,0,1,0.05857471733651562
2789,1,1,0.0844845705948486
2790,0,0,0.08688539020133744
2791,0,0,0.12014257349013881
2792,0,1,0.045366015916816216
2793,0,1,0.0411782104774657
2794,0,0,0.041743443618202314
2795,0,1,0.09173564093872089
2796,0,1,0.08060302215393234
2797,0,1,0.054258779365822365
2798,0,1,0.0221494792050375
2799,1,1,0.05607982129923192
2800,0,0,-0.003907247624299087
2801,0,1,0.09574972760953095
2802,0,1,0.005370909987687883
2803,1,1,0.07662508311076918
2804,1,0,0.05488178943081867
2805,1,1,0.043036050219264516
2806,0,1,0.07011031596670814
2807,0,1,0.07520047288150776
2808,0,0,0.006625918639034584
2809,0,1,0.1365081948696984
2810,0,1,0.045899263209938514
2811,0,1,0.1220506083741651
2812,0,1,0.034384822854743674
2813,0,1,0.07183815329859486
2814,0,1,0.16921747277729338
2815,0,1,0.018824711817976292
2816,1,1,0.07444574293158901
2817,1,1,0.04232643150033569
2818,0,0,0.05926183619046492
2819,0,1,0.1076966531428189
2820,0,0,0.08685480396040074
2821,0,0,0.11264082377317848
2822,0,1,0.06617051804557461
2823,0,1,-0.042170645607447016
2824,0,1,0.05337728737177952
2825,1,1,0.08257641236844934
2826,1,1,0.041843359443146155
2827,0,1,0.03352804435739165
2828,0,0,0.032763558097124335
2829,0,0,0.0489924894741012
2830,0,1,0.04816239979088173
2831,0,1,0.1532183935276948
2832,0,0,0.05452246826801567
2833,0,1,0.08384001660872782
2834,1,0,-0.037903244732377134
2835,0,1,0.06445021623418751
2836,0,1,0.051516220638107346
2837,0,1,-0.01662729789526876
2838,0,0,0.07274508006731421
2839,0,1,0.0935779562559606
2840,1,0,0.08162018152198855
2841,0,0,0.06800285044729942
2842,0,1,0.04075178673864299
2843,0,1,0.09292885752768923
2844,0,1,0.026632833947073747
2845,0,0,0.050944839651511836
2846,1,1,0.08233280778417501
2847,1,1,0.09244764283478184
2848,0,1,0.09233914185054765
2849,0,0,0.047394742360063025
2850,0,0,0.04007254102844865
2851,0,1,0.04686675239602332
2852,0,1,0.09609258162968982
2853,0,1,0.07808188966435656
2854,0,0,0.026312577294974535
2855,1,1,0.06646311797317855
2856,0,1,0.08543788706407707
2857,0,1,0.06823418279689514
2858,1,1,0.04381423242776644
2859,0,1,0.038038471602722584
2860,0,1,0.09456720956840917
2861,0,0,0.06245238058294261
2862,0,1,0.052229516226963646
2863,0,1,0.019578007811451248
2864,0,1,0.051559310765199914
2865,1,0,0.08789881822174447
2866,0,0,0.0922133391568181
2867,0,1,0.06989545896830271
2868,0,1,0.10565767620300315
2869,0,1,0.0873883097523552
2870,0,1,0.08804196078063765
2871,0,1,0.039069414452032464
2872,0,0,0.052017869841886916
2873,0,1,0.07756403029492301
2874,0,0,0.04257001777161411
2875,0,0,0.11988105746605504
2876,0,0,0.01418505310050669
2877,0,1,0.022024724707289445
2878,0,0,0.029776683051735475
2879,0,1,0.04735556395284052
2880,0,1,0.034841079072797265
2881,0,1,0.08381304271140672
2882,0,1,0.05926917753417292
2883,0,1,0.06887704875525777
2884,0,0,0.03460085875449094
2885,0,1,-0.002242518841713448
2886,0,0,0.09087317475340996
2887,0,1,0.052052594266512764
2888,0,1,0.09645209568542457
2889,0,1,0.029385354962865054
2890,0,1,0.056711372409572205
2891,0,1,0.08007533690575745
2892,0,1,0.10789096601335738
2893,0,0,0.07752903306471264
2894,0,1,0.09966573912675163
2895,0,0,0.042172053675058774
2896,0,0,0.10031958622289364
2897,0,1,0.05998408960463325
2898,0,1,0.06789616920160621
2899,1,0,0.09023580745177259
2900,0,1,0.0421182196626714
2901,0,1,-0.00636520808458442
2902,1,1,0.05577948423961668
2903,0,1,0.0911971337070701
2904,0,0,0.11382066519931237
2905,0,1,0.06214727808397158
2906,0,0,0.08144826663942312
2907,0,1,0.0015252926255041876
2908,0,0,0.020137849540814823
2909,0,0,0.040818161409812856
2910,0,1,0.0894167062486852
2911,0,0,0.048654989973781926
2912,0,1,0.10072545867874574
2913,0,0,0.038428423078755006
2914,0,1,0.03800357477538946
2915,0,0,0.042470229699964834
2916,0,1,0.024430975061403376
2917,0,0,0.08437866706239877
2918,0,1,0.08934110394476334
2919,0,1,0.07942407050607088
2920,0,1,0.05756863276441619
2921,0,1,0.022292929445511367
2922,1,1,0.1492315298019534
2923,0,1,0.05089830674577388
2924,0,1,0.062304022238337295
2925,0,1,0.046895685081898814
2926,0,0,0.06460197100553525
2927,0,1,0.12982156194683853
2928,1,1,0.112311145452659
2929,0,1,0.12280653820217258
2930,0,1,0.06254302685314124
2931,0,0,0.08581317275182859
2932,0,1,0.04686467098013217
2933,0,1,0.0940781179041838
2934,0,0,0.03390031596736959
2935,0,1,0.08249330420667372
2936,1,1,0.10814621813590114
2937,0,0,-0.011330168481816671
2938,1,1,0.08088715662141724
2939,0,1,0.03244459994006854
2940,0,0,0.05441052520712061
2941,0,0,0.09092587176214999
2942,0,1,0.028459662838595468
2943,0,1,0.042084019840265136
2944,0,0,0.06764685517157214
2945,0,1,0.09376241069812272
2946,0,1,0.06530681137658392
2947,0,1,0.03360678006620754
2948,0,1,0.0710310111102884
2949,0,1,0.03205758760838412
2950,1,0,0.060900008119498666
2951,1,1,0.04019416581203841
2952,1,0,0.10617543596512484
2953,0,0,0.07826326799389885
2954,0,1,0.08470334263535578
2955,0,1,0.11631578167335463
2956,0,1,0.047082492366930365
2957,0,0,0.003674592094495749
2958,0,1,0.04957352735781549
2959,0,1,0.07899787601236191
2960,0,1,0.03846367508520512
2961,0,1,0.04523336782236789
2962,0,1,-0.0012863334647957025
2963,0,0,0.15982958323660923
2964,0,1,0.05296867945946429
2965,0,1,0.0870122432441766
2966,0,1,0.09749350688866741
2967,0,1,0.08117981522695422
2968,0,1,0.06638271364708379
2969,1,0,0.10103883798734527
2970,0,1,0.044230729209235806
2971,1,0,0.045887688902001345
2972,0,0,0.07120801444121888
2973,0,1,0.06573165395963966
2974,0,1,0.07999290967816107
2975,0,1,0.06421142181667944
2976,0,0,0.09026961996322379
2977,1,1,0.0909822855357661
2978,0,1,0.08512202879560576
2979,0,1,0.07046578035315487
2980,0,1,0.028592697024124036
2981,0,1,0.03608583786167091
2982,0,1,0.07127342367396206
2983,0,0,0.032872751847001044
2984,0,0,0.10470825085501012
2985,0,0,0.0994122250186876
2986,0,0,0.09396557910288203
2987,1,1,0.07174216432220772
2988,0,0,0.08025282905145215
2989,0,1,0.0598726529494704
2990,0,1,0.021442272714006033
2991,0,1,0.04579729886807127
2992,0,1,0.05893791599293462
2993,0,1,0.04453929477683749
2994,0,0,0.08576815635356705
2995,0,0,0.08283477182822774
2996,0,1,0.0854356621063048
2997,0,1,0.09076802973909462
2998,0,1,0.07244088569918972
2999,0,0,0.06346060632453762
3000,0,1,0.024588296871855556
3001,0,0,0.017210877355361337
3002,0,0,0.08223639602232918
3003,0,1,-0.0037996505292624827
3004,0,1,0.04361755161003089
3005,0,1,0.04115598488300916
3006,1,1,0.08899637881212903
3007,0,1,0.08461498283621456
3008,0,0,-0.020395166726619673
3009,0,1,0.041273845096184085
3010,0,1,0.106981930432268
3011,0,1,0.08500833069008903
3012,0,1,0.057920742650459364
3013,0,1,0.059073415046360406
3014,0,1,0.06546932459947591
3015,1,0,0.05103939735305521
3016,0,0,0.053695701508214705
3017,0,1,0.06823418279689514
3018,0,0,0.10952203528908122
3019,0,1,0.05789863303645258
3020,0,1,0.12281650873668963
3021,0,0,0.21240231010769117
3022,1,0,-0.016385658621630106
3023,0,1,0.04320214081725568
3024,1,0,0.06976541176692855
3025,1,1,0.055076422020591195
3026,0,0,0.012087402548688259
3027,0,0,0.08562894560473107
3028,0,1,0.08108460976508833
3029,0,1,0.04868654360322941
3030,0,1,0.05020856026801361
3031,0,1,0.09464693644829414
3032,0,1,0.09357864268529141
3033,0,1,0.09414108988889233
3034,1,1,0.10420457715673678
3035,0,1,0.08451931104251852
3036,1,1,0.0069162205001356
3037,0,1,0.039150674410188435
3038,0,1,0.09570396367589565
3039,0,0,0.03669700614673321
3040,0,0,0.070741917732633
3041,1,1,-0.08481652166021114
3042,0,1,0.038660174519951754
3043,0,1,0.05037109447609442
3044,0,1,-0.01262171299680151
3045,0,1,0.11050650865922232
3046,0,1,0.016559510098158287
3047,0,0,0.08387917614179538
3048,0,0,0.07870825288566982
3049,0,0,0.08576815635356705
3050,0,0,0.05289616940693487
3051,0,1,0.03577739361521021
3052,0,0,0.08233434103093222
3053,0,0,0.0834811426316153
3054,0,0,0.08097962474644776
3055,0,1,0.04168445593547819
3056,0,0,0.05323213728882084
3057,0,0,0.00916393496989898
3058,0,0,0.06398306741913648
3059,0,0,-0.01714611678151036
3060,0,1,0.1306593812279835
3061,0,0,0.029439865942247595
3062,0,1,0.05498539582890705
3063,0,1,0.027835410164446767
3064,0,1,0.05400149549009556
3065,0,0,0.041476194359149926
3066,0,1,0.06858498172464554
3067,0,1,-0.020807291112599866
3068,0,1,0.09398989922433099
3069,0,1,0.01881989086283309
3070,0,1,0.06380284978593745
3071,0,0,-0.008998644995279415
3072,0,0,0.0722736110238611
3073,0,1,0.06141076177284567
3074,0,1,0.02927099449214124
3075,0,1,0.023404765088899
3076,0,1,0.08304947974899651
3077,1,1,0.11901402804303025
3078,0,1,0.061787815223919615
3079,0,1,0.035709287912148155
3080,0,1,0.1271813748927561
3081,1,0,0.011678198960810265
3082,0,1,0.1323849663405322
3083,0,0,0.06132404690578754
3084,0,1,0.029321991290191446
3085,0,0,0.0777014251058672
3086,0,0,0.14303380459566245
3087,1,1,-0.008240010788647112
3088,0,1,0.04605739349321211
3089,0,1,0.012328957305956234
3090,0,1,0.0826969614421991
3091,0,1,0.029052053618242202
3092,0,0,0.07487361866759568
3093,0,0,0.04726070835291042
3094,0,1,0.06255986426129156
3095,0,1,0.09447021296704705
3096,0,1,0.03132958274825938
3097,0,0,0.10456334384955518
3098,1,0,0.026513984480625058
3099,0,0,0.131993832946867
3100,0,1,0.011633851034751536
3101,1,1,0.09947987270927747
3102,1,1,0.08120633565222601
3103,1,1,0.12417705878969862
3104,0,0,0.08934162673721563
3105,0,0,0.041623623315483804
3106,0,1,0.056620397841266656
3107,1,0,0.04028242249947167
3108,0,0,0.02756746494572547
3109,1,0,0.006712398832325134
3110,0,0,0.08414095831468585
3111,0,1,0.08931985754651986
3112,1,0,0.054356899421325294
3113,0,0,0.05363034942943403
3114,0,0,0.038581184414388875
3115,0,1,0.042628773784584253
3116,0,0,0.05097014120563324
3117,0,1,0.05880008870375085
3118,1,1,0.03665568428489907
3119,0,1,0.09689911587854835
3120,0,0,0.03520075954371393
3121,0,1,0.08180209855427953
3122,0,1,0.03332841967170731
3123,0,1,0.010526330061387285
3124,0,1,0.10896461308850225
3125,0,0,0.08349685381836817
3126,0,1,0.02846944778473895
3127,0,0,0.027858435023110834
3128,0,0,0.051291014355787534
3129,0,1,0.03921018869043884
3130,0,1,0.08364170492652256
3131,0,0,0.05627796069397514
3132,0,1,0.06428512065240963
3133,0,0,0.06256975900631331
3134,0,1,0.025471480655222534
3135,0,1,0.05246586267005267
3136,0,0,0.08122320329105093
3137,0,1,0.07431949597149745
3138,0,1,0.08186640104424257
3139,0,0,0.07401441592029676
3140,1,1,0.07166057755412994
3141,1,1,-0.0009654122312333369
3142,0,1,0.0665461282527211
3143,0,1,0.08301841861047399
3144,0,0,0.016132593737729434
3145,0,0,0.0666023903481971
3146,0,1,0.04090984447428658
3147,1,1,0.052971601638525906
3148,1,1,0.12600710374394936
3149,0,0,0.03134673631549459
3150,1,0,0.0813641245868999
3151,0,0,0.10183696498808704
3152,0,1,0.014528628644392985
3153,1,1,0.040942267995994736
3154,0,1,0.0955254105467911
3155,0,1,0.13107286990661043
3156,0,1,-0.04265246074528303
3157,0,1,0.034452480008852454
3158,0,0,0.06094828565996943
3159,0,1,0.08947539085173058
3160,1,0,0.06658172289791028
3161,0,1,0.05882649940875065
3162,0,0,0.11796593109883892
3163,0,0,0.08653117913735964
3164,0,1,0.04975991146664807
3165,0,1,0.11011676887948196
3166,0,1,0.047094252262850286
3167,1,1,0.039673001710136074
3168,0,0,-0.03980730399778021
3169,0,1,0.07762107019264394
3170,0,1,0.0760660020586778
3171,0,0,0.0022877805718870825
3172,0,0,0.06503281935420843
3173,0,1,0.043045341935622
3174,1,1,0.04413533471653225
3175,1,1,0.045900498374594895
3176,0,0,0.03529084636084209
3177,0,0,0.07582415800887189
3178,0,1,0.10279682624445911
3179,0,1,0.03366590749530951
3180,0,1,0.028759510071151767
3181,0,1,0.100089432622054
3182,0,0,0.011053083433191446
3183,0,1,0.04911295168932639
3184,0,1,0.10695117465633318
3185,0,1,0.0829186591358412
3186,0,1,0.07420395183873905
3187,0,0,0.09587606014744451
3188,0,1,0.07778611532560803
3189,0,1,0.12116134297719823
3190,0,1,0.07779428366730057
3191,0,1,0.04056332553144437
3192,0,1,0.09955307126138094
3193,0,1,0.05103939735305521
3194,0,1,0.051598953136560446
3195,0,1,0.09444239932276009
3196,0,1,0.03510022588510407
3197,0,0,0.04163554518760873
3198,0,1,0.06738746724070316
3199,0,1,0.04445506495877781
3200,0,1,0.061089478454621496
3201,0,1,0.09787317564914322
3202,0,1,0.06942575198300131
3203,0,1,0.07894699994839754
3204,0,1,0.046034550136794555
3205,0,1,0.022099682484593514
3206,0,1,0.0901944240366022
3207,0,1,0.05443784955841657
3208,0,1,0.10396505539587889
3209,0,0,0.03851989412305773
3210,0,0,-0.030489881345345457
3211,0,1,0.07958056453017583
3212,0,1,0.08939427339685606
3213,0,1,0.037939186002430736
3214,0,0,0.08631327878582792
3215,0,1,0.02121618907222167
3216,0,1,0.03156279307313549
3217,0,0,0.11520195079314355
3218,0,0,0.11741012849883418
3219,0,1,0.041744980601651244
3220,0,1,-0.010084012816539922
3221,0,1,0.07957273339601767
3222,0,0,0.07354511856810658
3223,0,0,0.037204298492054214
3224,0,1,0.07113918744020817
3225,0,1,0.038993580829065455
3226,0,1,0.07412995514389581
3227,0,0,0.04661407449075432
3228,0,1,0.04563752452988394
3229,0,1,0.1551366818834208
3230,0,0,0.02741828620827781
3231,0,1,0.027784940809088415
3232,1,1,0.03883026116335747
3233,0,0,0.04816572007824288
3234,0,0,0.08217879546695112
3235,0,1,0.04115598488300916
3236,0,0,0.07378253066368823
3237,0,0,0.08121068635302757
3238,0,1,0.042611669029926066
3239,0,0,0.0650875769774382
3240,0,0,0.05510829239153105
3241,0,1,0.07775062885009577
3242,0,1,0.04848686414683616
3243,0,1,0.05174089778190742
3244,0,1,0.055756251845649196
3245,0,0,0.0656601555494668
3246,0,1,0.05840703904973896
3247,0,1,0.06261600865171854
3248,1,1,-0.06631371372765799
3249,0,0,0.1164707000917488
3250,1,1,0.08708373570630962
3251,0,0,0.11118584139560388
3252,0,1,0.03041013218387173
3253,0,0,0.0521367972349954
3254,0,0,0.04527647681708001
3255,0,0,0.08881943115379734
3256,0,1,0.08421946524099433
3257,0,1,0.022457723389592982
3258,0,0,0.0526716230524034
3259,0,0,0.0884545512011379
3260,0,0,0.020219392699244026
3261,0,1,0.08681673442556466
3262,0,0,0.1697500016355899
3263,0,0,0.09025768589735705
3264,0,0,0.069317367334358
3265,0,0,0.054427054480363016
3266,0,1,0.07472082343125902
3267,0,0,0.11236112772692841
3268,1,0,0.08819063140103407
3269,1,1,0.05459916361957387
3270,0,1,0.044730882345605016
3271,0,1,0.043796485904382856
3272,0,1,0.08536180003000712
3273,1,1,0.027700383677396814
3274,0,0,0.04799691323368298
3275,0,1,0.10279986656691725
3276,0,1,0.04775885688557653
3277,1,1,0.06136451382750627
3278,0,1,0.04127074559826227
3279,0,1,0.09429508986664856
3280,0,0,0.07618626306428841
3281,0,0,0.08459717950837252
3282,0,1,0.03922289749762104
3283,0,1,0.06079823155470754
3284,0,1,0.04614251083103971
3285,0,1,0.06382128994902059
3286,0,1,-0.01876697552663778
3287,0,0,0.07917028447752991
3288,0,1,0.04873535444349745
3289,0,1,0.06607859061333224
3290,0,0,0.04030693521520631
3291,0,0,0.06624487866651944
3292,0,1,0.05424380199349392
3293,0,1,0.12075976723582418
3294,0,0,0.031537339292852434
3295,0,0,0.04596897833320507
3296,0,0,0.07793786788711606
3297,0,0,0.04075178673864299
3298,0,1,0.0674805782156951
3299,0,0,0.034161665398756716
3300,0,0,0.10322857741977724
3301,0,0,0.08159612025794474
3302,0,0,0.018166266211875004
3303,0,1,0.06790033968259013
3304,0,0,-0.06167491667325592
3305,0,1,0.004915297794450907
3306,0,1,0.08897063504944437
3307,0,1,0.08033765179049962
3308,0,1,0.015376579937990312
3309,1,0,0.08237618120099961
3310,0,1,0.02751790443329924
3311,0,1,0.081120573277285
3312,0,0,0.035405750876640274
3313,0,0,0.11463458098047206
3314,0,0,0.0868703961792625
3315,1,1,0.09810802449483527
3316,0,1,0.06423298502844217
3317,0,1,0.07528578180573785
3318,0,0,0.04302631353236132
3319,0,1,0.10926338826552354
3320,0,1,0.07354511856810658
3321,0,1,0.08070301610641058
3322,0,1,0.050670416137944985
3323,1,1,0.052349566268075104
3324,0,1,0.03312915746412698
3325,0,1,0.007541004323262823
3326,0,1,0.07341945014635831
3327,1,1,0.09299755784636891
3328,0,1,0.12511023849690253
3329,0,1,0.10332209864949667
3330,0,1,0.06611614473401142
3331,0,1,0.020481145772083265
3332,1,1,0.10256699366441799
3333,1,1,0.04896474898377601
3334,1,1,0.04570360047127389
3335,0,0,0.08387958818648725
3336,0,1,0.09424443318677755
3337,0,0,0.07521011352493626
3338,0,1,0.07849196925783455
3339,0,1,0.05676373854097799
3340,0,0,-0.011974143591419129
3341,1,1,0.06481114808093262
3342,1,1,0.1294738197956684
3343,0,0,0.08325745172378025
3344,0,1,-0.018263950509766702
3345,0,0,0.03282531548998335
3346,0,1,0.08535095744629258
3347,1,1,0.06586264811930007
3348,0,1,0.05378738924887046
3349,0,1,0.08779588580846617
3350,0,1,0.1028401546526402
3351,0,1,0.07158245516822814
3352,0,1,0.030684151046486113
3353,0,0,0.10366424952301248
3354,1,1,0.05677696633198161
3355,0,0,0.08486545713050025
3356,1,0,0.03582170818440725
3357,0,0,0.09198813972116468
3358,1,1,-0.009399747690324894
3359,0,1,0.05622233397604562
3360,0,0,0.08093788935173704
3361,0,0,0.10256699366441799
3362,0,0,0.06140476516033892
3363,0,0,0.0469480108506905
3364,1,0,0.12382591458001173
3365,0,1,-0.02663819636319184
3366,0,0,0.05067606392002426
3367,0,0,0.11959199846062354
3368,1,1,0.04743715867779477
3369,0,1,0.08936980575295426
3370,0,1,0.04227819240069591
3371,0,1,0.03749340204127989
3372,0,1,0.06882824498662803
3373,0,1,0.08590517432682537
3374,0,1,0.0543518494981193
3375,0,1,0.0737518827853599
3376,0,0,-0.01240544685137207
3377,0,0,0.07167981767887473
3378,0,1,0.046425699599734
3379,0,1,0.025714521578788396
3380,0,1,0.05152403732338265
3381,0,1,0.08148564888141654
3382,0,1,-0.011974143591419129
3383,0,0,0.014864359123170398
3384,0,1,0.06405478994471928
3385,1,0,0.06678654909681203
3386,0,1,0.04917025083683743
3387,0,1,0.009854691133585142
3388,0,1,0.07716902892632611
3389,0,0,0.03104786008823346
3390,0,1,0.022292929445511367
3391,0,1,0.02089539476070551
3392,0,0,0.039209663777646425
3393,0,1,0.051764012876993656
3394,0,1,0.15375455897226822
3395,0,1,0.02203175909056196
3396,0,0,0.06240932383345574
3397,0,1,0.06067820993956381
3398,0,1,0.04754964238840309
3399,0,1,0.04325712314298885
3400,0,1,0.0528196994103539
3401,1,1,0.07576846024421285
3402,0,0,0.11887734477419912
3403,0,1,0.1074827818477237
3404,0,1,0.03099742671113276
3405,1,1,0.04455801605349406
3406,0,1,0.01756620328579614
3407,0,1,0.14303380459566245
3408,0,0,0.02480549251073949
3409,0,1,0.038585578264602974
3410,1,1,0.06874126971434863
3411,0,1,0.03568774803116476
3412,1,1,0.06088849915489089
3413,0,0,0.0622822410354361
3414,0,1,-0.005282666194239116
3415,0,1,0.031130730634442452
3416,0,1,0.0726184857711179
3417,0,0,0.07316934328615829
3418,0,1,0.08103617742770025
3419,0,1,0.11252403573592379
3420,0,0,0.055055147705723034
3421,0,1,0.043180181505625165
3422,0,1,0.1154635046524082
3423,0,1,0.07250867648115233
3424,0,0,0.03272046847985577
3425,0,1,0.0881768648660918
3426,0,1,0.037120960931786726
3427,0,0,0.032762766073712174
3428,0,1,0.061706955184906306
3429,0,1,0.09934811472137828
3430,0,1,0.08287080548327798
3431,0,0,0.0727323872395749
3432,1,0,0.06503769457147623
3433,0,1,0.2486409626410724
3434,0,1,0.08292548451830359
3435,0,1,0.10403612816208135
3436,1,1,0.04469512028070988
3437,0,1,0.07553258227736072
3438,0,1,0.08206873002057732
3439,0,1,0.04028664933784634
3440,0,1,0.058845901800907485
3441,0,0,0.04602861938223654
3442,0,1,0.03536476907929503
3443,0,1,0.07178409226358103
3444,0,0,0.01418505310050669
3445,0,1,0.05965999557416793
3446,0,1,0.054522754347004446
3447,0,1,0.046462354405047965
3448,0,1,0.04522559949545557
3449,1,1,0.0217300880749359
3450,1,1,0.09750989597208318
3451,0,1,0.05973920440640265
3452,0,0,0.0661938494702487
3453,0,0,0.06989545896830271
3454,0,1,0.06152191063505964
3455,1,1,0.01676926825747102
3456,0,0,0.09415871702321614
3457,0,1,-0.01358611728988271
3458,1,1,0.018591715599841685
3459,0,1,0.07897798214856444
3460,0,1,0.061331974681075485
3461,0,1,0.03404507912202828
3462,1,1,-0.00786599864985918
3463,0,1,0.029120494411506076
3464,1,0,-0.03173477462620938
3465,0,1,0.08876455054047408
3466,0,0,0.08201420622109407
3467,0,1,0.056601592376983395
3468,1,1,0.0843035383126082
3469,1,1,0.08033146417612738
3470,0,1,0.09229219825267163
3471,0,1,0.14057138403102595
3472,1,0,0.05017869397675828
3473,1,1,-0.10867718458094394
3474,0,1,0.07013920977676856
3475,0,1,0.09001204958508559
3476,0,0,0.07604935083678432
3477,1,1,-0.055675464305601136
3478,0,1,0.07113108194327336
3479,0,1,0.046655260815784555
3480,0,1,0.04999582999500918
3481,1,0,0.029174156458441
3482,1,1,0.09316822563712468
3483,0,1,0.03201330631845252
3484,0,1,0.05445734360426793
3485,1,1,0.031046176003082016
3486,0,0,0.07509770812731514
3487,1,1,0.12640035041179282
3488,1,0,0.08245637691603702
3489,0,0,0.03437268155590917
3490,0,1,0.03601038129119069
3491,0,1,0.0812277128548691
3492,0,1,0.11000791882822676
3493,0,0,0.07466927871616905
3494,0,0,0.04067591553147615
3495,0,1,0.04704767491162436
3496,0,1,0.0415469726273571
3497,0,1,0.03442140950456139
3498,0,0,0.10041159566800792
3499,0,1,-0.036174279382744756
3500,1,1,0.053854388441485435
3501,1,1,0.05829570776638529
3502,0,0,0.048091865498350386
3503,0,1,0.09237487954612489
3504,0,1,0.07297681560205196
3505,1,1,0.08082215800862191
3506,1,0,0.06560143112779998
3507,0,1,0.08732557243857778
3508,0,1,0.057166393389133985
3509,0,1,0.0778254488809785
3510,0,1,0.03646881656736689
3511,1,0,0.09108168746691458
3512,0,1,0.029920334398004164
3513,0,0,0.0055690829057596924
3514,0,1,0.051811521865161525
3515,0,1,-0.08525639474193544
3516,0,1,0.03849057018701868
3517,0,1,0.070871661906842
3518,1,1,0.18354776362559808
3519,1,0,0.07580993699668742
3520,0,1,0.052931508317769466
3521,1,1,0.06145519782830665
3522,0,1,0.008949119448071724
3523,0,1,0.10387285728224147
3524,0,1,0.005036619074086757
3525,0,1,0.08300597901753984
3526,0,0,0.04483233751712125
3527,0,1,0.049402521523672166
3528,0,0,0.05028828026600966
3529,0,0,0.023193343113774217
3530,0,1,0.08284240106343611
3531,0,1,0.044440842737003494
3532,0,0,0.04523336782236789
3533,0,1,0.02239750746591955
3534,0,0,0.06073446350950086
3535,0,0,0.06777968171333121
3536,0,0,0.07232769992271751
3537,1,0,0.08471521939317422
3538,0,1,0.05871823625642368
3539,0,1,0.05688865878530268
3540,0,0,0.07183815329859486
3541,0,0,0.06682827642188721
3542,0,0,0.04352459977666491
3543,0,0,0.06033033108725233
3544,0,0,0.06715695175419638
3545,1,1,0.061732532315009025
3546,0,1,0.09488011429240928
3547,0,1,0.08229064298194103
3548,0,1,0.058821929399955925
3549,0,1,0.02442679363883679
3550,0,1,0.08440321783814396
3551,0,1,0.081066246736613
3552,0,0,0.08854884379972963
3553,1,1,0.1043309447114997
3554,0,0,0.08259502362628442
3555,0,1,0.04466105431568132
3556,0,0,0.04527647681708001
3557,0,1,0.09113082026412045
3558,0,0,-0.029985054427976554
3559,0,0,0.032202333421325155
3560,0,1,0.07028230034787847
3561,1,1,-0.015857954708157762
3562,0,1,0.0729430128324849
3563,0,1,0.08109257838904449
3564,1,1,0.1071104983557976
3565,0,0,-0.03069073632529079
3566,0,0,-0.017251962588298544
3567,0,1,0.18447059874218252
3568,0,1,0.04259063770418009
3569,0,1,0.04863530453295595
3570,0,1,0.0888082973125819
3571,1,0,0.03438466158135661
3572,0,1,0.12251020707225953
3573,0,1,0.16525355857919755
3574,0,1,0.028295006012138482
3575,0,1,0.047200005746586296
3576,1,1,-0.006576038453222022
3577,0,1,-0.053699002801116946
3578,0,0,0.048085710105325224
3579,1,1,0.05792119963496557
3580,0,1,0.09642152083004536
3581,0,0,0.08208283460730914
3582,1,0,0.11040378460182619
3583,0,0,0.0883201374715556
3584,0,1,0.02137968714323764
3585,0,0,0.02248140276058841
3586,0,1,0.08378191491417102
3587,1,0,0.05495039652262082
3588,0,0,0.2290701713089529
3589,0,0,0.010810156739287563
3590,0,1,0.050202966273351135
3591,1,1,0.08609591155380812
3592,0,1,0.13898608220792935
3593,1,0,0.05930942841695154
3594,0,0,0.08661430066512782
3595,0,1,0.11067528995319123
3596,0,1,0.03496590969494161
3597,1,0,0.22560847797098044
3598,0,1,0.02595087828703041
3599,0,0,0.08914643040644074
3600,1,1,0.040858369584818394
3601,0,1,0.11459964497983557
3602,0,0,0.09093062034847424
3603,1,1,0.032421500250992
3604,0,0,0.10659059881626018
3605,0,1,0.029321991290191446
3606,1,0,0.06683569718371342
3607,0,0,0.07481327089324327
3608,0,1,0.08269596063955628
3609,0,1,0.0862711699333783
3610,0,1,0.06898997394312346
3611,0,1,0.047671626876034975
3612,0,0,0.019578007811451248
3613,0,1,0.0824761208778016
3614,0,1,0.09294638053482973
3615,1,1,0.03793351954553362
3616,0,0,-0.016156829808111756
3617,0,0,0.03475212855662943
3618,0,0,0.0761874946844551
3619,0,1,0.04754644458623919
3620,0,0,0.0841387280614525
3621,0,1,0.0590808564807727
3622,0,1,0.034034387760099566
3623,0,1,0.11636631225613306
3624,0,1,0.04968176008993694
3625,0,1,0.04896802092198281
3626,0,0,0.04544152206593137
3627,0,1,0.09248206267788944
3628,0,0,0.06085028252510856
3629,1,0,0.09351786742564291
3630,0,1,0.17726506935031833
3631,0,0,0.08021285757618007
3632,0,1,0.015895261813748493
3633,0,0,0.07884248067331823
3634,0,1,0.09144593841936033
3635,0,1,0.040491054589515435
3636,0,0,0.024399294644599112
3637,0,0,0.05265400351719579
3638,0,1,0.04345408753074012
3639,0,1,0.058277053596255846
3640,0,1,0.05650713290818335
3641,1,1,0.0756134061930532
3642,1,1,0.03741367930604886
3643,0,0,0.0210892990273049
3644,0,1,0.04910180950234924
3645,0,0,0.0034877805970852382
3646,1,1,0.04428188724859952
3647,1,0,0.07504688607130014
3648,0,0,0.028326671582905687
3649,0,0,0.0722226329793666
3650,0,1,0.04026255604621132
3651,0,1,0.038473902511187874
3652,0,0,0.09889507873615447
3653,1,1,0.029271233863161827
3654,0,1,0.04894945027570191
3655,0,0,0.03618977753240554
3656,0,0,0.08883551564585258
3657,0,1,0.042688207905441436
3658,0,0,0.07873323011318477
3659,1,1,0.03532791330013656
3660,0,0,0.10170173349169051
3661,0,1,0.02427954441031588
3662,0,1,0.0705708586484565
3663,0,0,0.007992518351230396
3664,0,0,0.08249799470678909
3665,0,0,0.05567382422373498
3666,0,1,0.06759139488968861
3667,0,0,0.06258858323250713
3668,0,1,0.06974124074247953
3669,0,1,0.09976996765116823
3670,0,1,0.028237339059965866
3671,0,1,0.03323784339842849
3672,0,0,0.028175810555022412
3673,1,0,0.07264578514377848
3674,0,1,0.046774044648364196
3675,0,0,-0.010281458638534746
3676,0,1,0.16758273164475335
3677,0,1,0.03157525828340654
3678,0,0,0.08253507931633021
3679,0,0,0.07016918639739221
3680,0,0,0.0464834340118085
3681,1,0,0.05319058229026705
3682,0,1,0.028295006012138482
3683,0,1,0.10256699366441799
3684,0,1,0.0756134061930532
3685,0,1,0.06428773538816854
3686,0,1,0.05566508491195013
3687,0,1,0.04705080119987483
3688,0,1,0.06989653106072188
3689,0,1,0.12222551583739338
3690,0,0,0.08370554359891952
3691,1,1,0.023172020141804195
3692,1,0,0.0383190478881298
3693,0,1,0.06831141139569963
3694,0,1,0.03536476907929503
3695,0,0,0.09644874729391154
3696,0,0,0.027126400019774816
3697,0,1,0.06707047458182805
3698,0,0,0.047579129043163554
3699,0,1,0.07140075162748721
3700,1,1,-0.008455955463794795
3701,0,0,0.07520047288150776
3702,0,1,-0.016166639312443554
3703,0,1,0.09252061554938867
3704,0,0,0.06641821332189865
3705,0,1,0.038273398251152835
3706,0,0,0.022495961441684115
3707,0,1,0.03771580105026125
3708,0,1,0.0577595526928196
3709,0,1,0.041621995585799904
3710,0,1,0.04256479438914457
3711,0,1,0.04675756660649674
3712,0,1,0.11046423800722958
3713,0,0,0.08027348012484144
3714,0,1,0.063786302014779
3715,0,0,0.026842540966974734
3716,0,1,0.11251425041304634
3717,0,1,0.0657811680199596
3718,0,0,0.0027871736730498142
3719,0,1,0.04434322325477204
3720,0,0,0.11601715802881224
3721,1,0,0.04536171625389043
3722,0,1,0.053854388441485435
3723,1,1,0.08492782883517133
3724,0,0,0.022306612344317245
3725,0,0,-0.023167370630913536
3726,1,0,0.15226061208606978
3727,0,0,0.042814790273071904
3728,0,1,0.04946657286600395
3729,0,0,0.049040342242833976
3730,0,0,0.08627213497693043
3731,1,1,0.04226383594100043
3732,0,0,0.07026321143869962
3733,0,1,-0.023848349826414844
3734,0,1,-0.0021830066323909325
3735,1,1,0.11450849109189956
3736,0,0,-0.005095154226236492
3737,0,1,0.06649857918740597
3738,0,0,0.0951103533316587
3739,0,0,0.10840560648838654
3740,1,1,0.10386471385243293
3741,0,0,0.055058097780005255
3742,0,1,0.07652881612679573
3743,0,1,0.06450706523343341
3744,0,1,0.03022081965054907
3745,1,0,0.053868498997748746
3746,0,1,0.0423575210418103
3747,1,0,0.07069000261375988
3748,0,0,0.0709627095619649
3749,0,1,0.07521529303379329
3750,0,1,0.08036133152522712
3751,1,1,0.05258177544645992
3752,0,1,0.03559229814591275
3753,0,0,0.046365302490309526
3754,0,0,0.053017396171934766
3755,0,0,0.06596331059010702
3756,0,1,0.1367140110805554
3757,0,0,0.03404507912202828
3758,1,0,-0.07966089316821828
3759,0,1,0.09338890595986787
3760,0,1,0.10660226707830087
3761,1,1,0.042012025084852495
3762,0,0,0.00612465218405106
3763,0,0,0.048303806824449826
3764,0,1,0.038585101214905826
3765,0,1,0.040046324722477294
3766,0,0,0.038117954088490766
3767,1,0,0.09366981122665671
3768,0,0,0.07540428699574638
3769,0,0,0.07125442954669767
3770,1,1,0.019632551047191055
3771,0,1,0.06563022833091539
3772,1,1,0.08725966871435753
3773,0,0,-0.055072573653458246
3774,0,1,0.08851604744608865
3775,0,0,0.054627463697059314
3776,0,1,0.04728396441514418
3777,0,0,0.05040192044057723
3778,0,1,0.03299961482893467
3779,0,1,0.07933999757792996
3780,0,1,0.010786703297280681
3781,0,1,0.13171518971789997
3782,0,1,0.08984466119618442
3783,0,1,-0.01385561687732717
3784,1,1,0.021198547745682694
3785,0,1,0.04374099697332254
3786,0,1,0.006212631934734647
3787,0,0,0.0634346245702591
3788,0,1,0.07341132423611034
3789,0,1,0.08883624422413326
3790,0,1,0.07070337992941897
3791,0,1,0.03371483531525529
3792,0,0,-0.022983164237803222
3793,0,0,0.04041087952895815
3794,0,1,0.09462622685829565
3795,0,0,0.018607679451447687
3796,0,0,0.03404507912202828
3797,0,1,0.08385322545304387
3798,0,0,0.0593659290325302
3799,0,1,0.0415469726273571
3800,0,1,0.07951984138302595
3801,0,0,0.09017805425512468
3802,0,1,0.08085233247502968
3803,0,1,0.04499776024377698
3804,0,1,0.058762891938112904
3805,0,1,0.04674745330435301
3806,0,1,0.04342690268015034
3807,0,1,0.039385923091901004
3808,0,1,0.07818227154560461
3809,0,1,0.042633762515091
3810,0,0,0.08914384617521738
3811,0,1,0.025834606842544156
3812,0,1,0.05493121608321924
3813,0,1,0.052812229089272564
3814,1,1,0.12920454259013203
3815,0,0,0.08758321042807272
3816,0,1,0.022207803820387992
3817,0,0,-0.02847581450805492
3818,0,0,0.056647063259570696
3819,0,1,0.05122391899711866
3820,0,1,0.0169748628377219
3821,0,1,0.0599364211880946
3822,1,0,0.11780970135035104
3823,0,1,0.033887036826455816
3824,0,1,0.043336573769074765
3825,0,1,0.027295925416328595
3826,0,0,0.0889036394982137
3827,0,1,0.12648836897850976
3828,0,1,0.12048923297218059
3829,0,1,0.04958588787456435
3830,0,0,0.06859099003101862
3831,1,0,0.06652880535494474
3832,0,0,0.0897458438367827
3833,1,1,0.07796865644599021
3834,0,1,0.06875924878793785
3835,0,1,-0.0149549551629089
3836,0,0,0.09491137700057942
3837,0,0,0.025758123557391793
3838,0,1,0.0752689294473037
3839,0,0,0.08487755858791098
3840,0,1,0.051360964893443786
3841,0,1,0.05378738924887046
3842,0,1,0.08968724749981308
3843,0,1,0.03032600262785276
3844,0,1,0.0646133265308379
3845,0,0,-0.016759571777967608
3846,0,0,0.05243736590437232
3847,0,1,0.09569626661860658
3848,1,0,0.06629184975368338
3849,0,1,-0.028674443186250287
3850,0,1,0.03185870538978805
3851,0,1,0.03405729397238094
3852,0,1,0.09431466148218051
3853,0,1,0.09171402273227243
3854,0,0,0.0461225945545994
3855,0,0,0.0598531000783097
3856,0,1,0.09004034120111903
3857,0,1,0.13975307575441315
3858,0,1,0.09702665892144006
3859,0,1,0.08529784298234384
3860,0,0,0.05512888758025408
3861,0,1,0.010236933715584151
3862,0,1,0.024457996198407786
3863,0,0,0.05318862788230505
3864,0,1,0.09501233259829484
3865,1,1,0.07076048455672992
3866,0,0,0.13140181279452584
3867,0,1,0.06652880535494474
3868,0,0,0.10525699627631807
3869,0,1,0.07033395605682441
3870,0,0,0.05622233397604562
3871,0,1,0.08797241796525283
3872,0,0,0.12172676225730733
3873,1,1,0.059469285242160885
3874,0,1,0.07771733494855908
3875,0,0,0.14340812643512652
3876,0,0,0.08366680927325768
3877,0,0,0.07238017062552904
3878,0,1,0.08041359089356881
3879,1,1,0.02546185451869573
3880,0,1,0.06389038095718119
3881,0,1,0.09851892625508388
3882,0,0,0.08920034336328353
3883,0,0,0.0951014146099222
3884,0,1,0.06201063996510948
3885,0,1,0.05357346006637269
3886,1,1,0.03668696488937068
3887,1,1,0.07035160634748697
3888,0,0,0.08764507295969018
3889,0,1,0.09562390559696132
3890,1,1,0.07879794719448542
3891,1,1,0.050724194547543275
3892,0,1,0.06800285044729942
3893,0,1,0.08027458777730032
3894,0,1,0.061180210136667204
3895,0,1,0.09898503919581908
3896,0,1,-0.0020902943522093514
3897,0,0,0.11132334569706678
3898,0,1,0.05156306232780991
3899,0,1,0.09942421409003119
3900,0,0,0.011895505262878789
3901,0,1,0.05096848064515294
3902,0,1,0.06702326992794067
3903,0,1,0.04123671102846489
3904,0,0,0.07018788145541452
3905,0,0,0.03241713034260932
3906,0,0,0.07785960129915642
3907,1,1,0.12700308639202557
3908,0,1,-0.014423013818883362
3909,0,1,0.0950407053664551
3910,0,0,0.03694105771564152
3911,0,1,0.07879716127823547
3912,0,0,0.07804504961771075
3913,0,1,0.05103945365402146
3914,0,1,0.048091865498350386
3915,0,0,0.10533066443605693
3916,0,1,0.06843383451797747
3917,0,1,0.05401236688932431
3918,0,1,0.08842073001229334
3919,0,1,0.06433035093673299
3920,0,1,0.03322691510369763
3921,0,1,0.041356856262989294
3922,0,0,-0.006835393380583116
3923,0,0,0.0598531000783097
3924,0,1,0.021621833737516527
3925,0,1,0.02072933908683701
3926,0,1,0.08824336242860895
3927,0,0,0.030021234330093655
3928,0,0,0.060658144116355214
3929,0,1,0.03993992597609397
3930,0,1,0.04355950765879474
3931,0,1,0.07371743031688847
3932,0,1,0.08684197621849879
3933,0,1,0.09315112030055249
3934,1,1,0.08876455054047408
3935,1,1,0.03173154487953772
3936,0,1,0.12300252646981691
3937,0,1,0.07070665449348269
3938,0,1,0.053241203327275846
3939,0,0,0.03695916582209577
3940,0,1,0.09608439085768486
3941,0,0,0.04681289982978966
3942,0,1,0.058154315905531634
3943,0,0,0.04767093028602355
3944,0,1,0.047340634513271945
3945,0,0,0.08763835599374847
3946,0,1,0.06586264811930007
3947,0,1,0.08868924487412125
3948,0,1,0.04924941343851541
3949,0,0,0.10992519875829765
3950,0,1,0.07113108194327336
3951,1,1,0.03263043858276299
3952,0,1,0.05326655027797818
3953,0,1,0.059193496096873736
3954,0,1,0.0372130276134518
3955,0,1,0.05567382422373498
3956,0,1,0.05205517318593958
3957,0,0,0.04120516183808873
3958,0,0,0.046541575945439936
3959,0,1,0.09960454417589414
3960,1,1,0.10778508515556216
3961,0,1,0.08325849325240678
3962,0,1,0.17157174008895804
3963,1,1,0.0846776601358667
3964,1,1,0.027470597000011865
3965,0,0,0.044532003367694355
3966,0,0,0.11592794711874937
3967,0,1,0.11035064582053966
3968,0,1,0.09061908785804029
3969,0,0,0.12417222683306585
3970,0,1,0.08427791918816864
3971,0,1,0.06387701742903727
3972,1,1,0.07033327501548868
3973,0,0,0.0955205582796724
3974,0,1,0.042175166899531574
3975,0,1,0.08713141426143432
3976,0,1,0.007710612518102344
3977,0,1,0.09390998710235768
3978,0,1,0.08007533690575745
3979,0,1,0.04034154553792273
3980,1,1,0.08296578241401464
3981,0,1,0.06818303633281149
3982,0,1,0.08692632631994517
3983,0,1,0.05327120208393367
3984,0,0,0.06577700238257285
3985,0,0,0.07485518966653026
3986,0,0,0.00612465218405106
3987,1,1,-0.03328582025936133
3988,1,1,0.23245381039323368
3989,0,0,0.09928248465714298
3990,0,0,0.1596209629567793
3991,0,0,0.2041904601432075
3992,0,0,0.07064957946159504
3993,0,0,0.040156131199174674
3994,0,1,0.06149474008099008
3995,1,1,0.0416665835250177
3996,0,1,0.09398320635087681
3997,0,1,0.08607519922149723
3998,0,1,0.05906047244121802
3999,0,1,0.07017357281529944
4000,1,1,0.053487031930121484
4001,0,1,0.04680847597194711
4002,0,1,0.08771917888777114
4003,0,1,0.04115598488300916
4004,0,1,0.05048319119495022
4005,0,0,0.11886233438118711
4006,0,1,0.038581184414388875
4007,0,1,0.08576815635356705
4008,0,1,0.06799424925677412
4009,1,0,0.13349422686142765
4010,0,0,0.04548526616225468
4011,0,0,0.041775653866040374
4012,0,1,-0.08017659070055946
4013,0,0,0.0752742984024409
4014,0,0,0.07993796372783918
4015,0,0,0.09043897691415333
4016,0,1,0.07618504944208573
4017,0,1,0.06765551494343233
4018,1,1,0.06705164410244926
4019,0,0,0.0011925257546066131
4020,0,0,0.10029544061778917
4021,0,1,0.08045879738327391
4022,0,1,0.011827105688176687
4023,0,0,0.07169844568002387
4024,0,0,0.0011925257546066131
4025,0,0,0.12539030338932908
4026,1,0,0.031550167382241256
4027,0,0,0.049722214523070296
4028,0,1,0.0345890583472641
4029,0,0,0.08833166374217594
4030,0,0,0.0551835294430713
4031,0,1,0.04097694831645071
4032,0,0,-0.0047757259973768285
4033,0,0,0.04239572567928494
4034,0,0,0.023454878309675048
4035,0,1,0.019566325888507555
4036,0,0,0.07976565123595816
4037,0,1,0.08964244324064993
4038,0,1,0.004995504667029055
4039,1,1,0.03510022588510407
4040,0,0,0.07055469441823134
4041,1,1,0.05922550120565237
4042,1,0,0.04662036815935351
4043,1,0,0.06454003390217147
4044,0,0,0.01073312428150669
4045,0,0,0.04523336782236789
4046,1,1,0.06309813539942666
4047,0,1,0.005514418931281906
4048,0,1,0.019982487282164244
4049,0,0,0.04084690774137412
4050,1,1,0.09675602600230097
4051,0,0,0.06335707826955447
4052,0,0,0.0996330514182203
4053,0,1,0.15559403721826343
4054,0,1,0.08168908053241246
4055,0,1,0.03437268155590917
4056,0,0,0.06784028342806506
4057,0,0,0.08238203994712447
4058,0,1,0.0655192874611693
4059,0,1,0.04385625700869142
4060,1,1,0.07835786769079624
4061,1,1,0.07188425895057696
4062,0,0,0.10816990398044271
4063,0,0,0.04551882552901526
4064,0,0,0.08182587983343523
4065,0,1,0.051623020774133555
4066,1,1,0.1465073789469968
4067,0,0,0.13689588836801433
4068,0,1,0.07940713165259156
4069,0,0,0.038341771301613245
4070,0,1,0.059431651089299625
4071,0,1,0.06346237855641024
4072,0,1,0.04707884189102107
4073,0,1,0.06936084753383046
4074,0,1,0.08502542286030793
4075,0,1,0.045079280016187884
4076,0,1,0.06422759019452298
4077,0,0,0.12350163098697076
4078,1,1,0.07098583792917484
4079,0,1,0.04389457708760325
4080,1,1,0.058865472764305427
4081,0,1,0.05514500520168991
4082,0,1,0.09782379200533801
4083,0,0,0.06720015417975728
4084,0,1,0.07481129184248612
4085,0,1,0.043188042568404486
4086,0,1,0.0737163374559911
4087,0,1,0.07802639810340341
4088,0,1,0.047225043489003554
4089,0,1,0.1064623674394858
4090,0,1,0.028351881965241382
4091,1,1,0.023091548350175628
4092,0,1,0.07158245516822814
4093,1,0,0.04922247660233084
4094,0,1,0.07921214272734706
4095,0,0,0.05735713019032254
4096,0,0,0.05626247846313566
4097,0,1,0.04837471737320362
4098,0,0,0.08716854752621872
4099,0,1,-0.0009270085352122148
4100,0,1,0.09101149516178102
4101,0,1,0.0497003835348247
4102,0,0,0.12409699475127285
4103,0,1,0.06623187494852069
4104,1,1,0.0731576909927566
4105,0,1,0.04155151624897532
4106,0,0,0.09853461216645126
4107,0,1,0.07060686758307086
4108,1,1,0.02189904840479759
4109,1,1,0.10750044882723706
4110,0,0,0.016087518052023603
4111,0,1,0.05465622461546643
4112,0,1,0.010142209344541908
4113,0,0,0.1144124419767637
4114,0,1,0.08654851828275154
4115,0,1,0.0819322480510398
4116,1,0,0.03302280712225086
4117,0,0,0.040998424956808666
4118,0,1,0.11044092302314429
4119,0,0,0.081504419242968
4120,1,1,0.044851883599330955
4121,0,1,0.08330549439449483
4122,0,0,0.047777943343646934
4123,0,1,0.053630412236276195
4124,0,1,0.050353603377504344
4125,1,1,0.06424936065333911
4126,1,1,0.071126717527608
4127,0,1,0.04306667188454796
4128,0,0,0.07022801921385821
4129,0,1,0.09083840916633824
4130,1,1,0.14140530682396835
4131,0,0,0.09958531594192191
4132,0,0,0.045283151156685394
4133,0,0,0.09003347710368105
4134,0,1,0.09431607964265774
4135,0,0,0.04355950765879474
4136,0,1,0.018804984763064025
4137,0,1,0.055159565837773566
4138,0,1,0.07982780572662335
4139,0,1,0.06443036294994867
4140,0,1,0.09567184477983057
4141,0,1,0.042901471353414766
4142,0,0,0.0801439489917795
4143,0,1,0.07789768407709301
4144,0,0,0.07328699705659097
4145,0,1,0.032637905047966764
4146,0,1,0.0666939956084544
4147,0,1,0.04452140872812388
4148,0,1,0.16096473620194188
4149,1,1,0.09608439085768486
4150,0,0,0.11814215173966497
4151,0,0,0.012324696873072083
4152,0,1,0.036395686889752255
4153,1,1,0.02741548849327466
4154,0,0,0.09105225572464755
4155,0,1,0.0598531000783097
4156,0,1,0.09893625957985204
4157,0,1,0.12717815252769893
4158,0,0,0.0736093685651717
4159,1,1,0.06048643397085392
4160,0,1,0.03623050528902025
4161,0,1,-0.006207044184091098
4162,0,1,0.009733855035229139
4163,0,1,0.014936942760626765
4164,0,1,0.08266308151246324
4165,0,1,0.10761565877191318
4166,0,1,0.04733657747191461
4167,1,1,0.07193727730284036
4168,0,1,0.04975991146664807
4169,1,1,0.08416165993247972
4170,0,1,0.08583495972269042
4171,0,0,0.032180124406239796
4172,0,1,0.06355309499366352
4173,0,1,0.09303209340272603
4174,0,1,0.055761981194288754
4175,1,1,0.03793351954553362
4176,0,1,0.05164564749938741
4177,0,1,0.0273069714978392
4178,0,0,0.0464623770986818
4179,0,0,0.04644380328837393
4180,0,1,0.04883791816008583
4181,0,1,0.07020546253383453
4182,0,0,0.06514824634109606
4183,0,1,0.04130639189347557
4184,0,1,0.19487594781070505
4185,0,1,0.060779919873976546
4186,0,0,0.08096470701959438
4187,0,0,-0.019627751402032545
4188,1,1,0.03311683515369186
4189,1,1,0.07393025211334223
4190,0,1,0.061352012973982836
4191,0,0,0.0427304719429879
4192,0,1,0.08867333839581351
4193,1,1,0.0945260686335665
4194,0,1,0.04809897019151976
4195,0,1,0.08747546907597775
4196,0,1,0.04425152336892528
4197,0,0,0.012055856465467502
4198,0,0,0.04569784996735679
4199,1,1,0.11221872708930884
4200,0,1,0.08143649650761284
4201,0,1,0.10423152825844978
4202,0,1,0.02676100802251799
4203,0,0,0.06622644210182102
4204,0,1,0.03410952260628361
4205,1,1,0.056174712242138575
4206,0,1,0.07969102894113157
4207,0,1,0.0642695310070833
4208,0,1,0.047962139944148524
4209,0,0,0.020075357154221513
4210,1,0,0.024905263575692033
4211,0,0,0.00823689966946689
4212,0,0,0.058341374871608495
4213,0,0,0.032534883462956576
4214,1,1,0.11653041330678732
4215,0,1,0.07198671981562241
4216,0,0,0.0039014717624282214
4217,0,0,0.04154777476965915
4218,0,1,0.014268270541570108
4219,0,1,0.03153259753895471
4220,0,0,0.08513813637962808
4221,0,1,0.06341462007096697
4222,1,1,0.054441155704700844
4223,0,0,0.0813641245868999
4224,0,1,0.09902461385813928
4225,0,0,0.02185263536441706
4226,0,1,0.015951451678341527
4227,0,0,0.007516196240069176
4228,0,1,0.05316348068499131
4229,0,0,0.050154251090945345
4230,0,1,0.1170071459758813
4231,0,0,0.038031030261684515
4232,0,0,0.11503548341881929
4233,1,1,0.1170071459758813
4234,0,1,0.08627979321020587
4235,0,1,0.0400730133067882
4236,1,1,0.05586658522761476
4237,0,0,0.06002364283965862
4238,1,0,0.14982470369850692
4239,0,1,0.08907494575942815
4240,0,1,0.08429519829646549
4241,0,1,0.08933544758727446
4242,0,0,0.07779428366730057
4243,0,1,0.076019146748185
4244,0,0,0.0835339122379952
4245,0,1,0.04239273286723538
4246,0,1,0.06672829439921522
4247,0,1,0.10772682132696358
4248,1,0,0.03943654298694328
4249,0,0,0.09081285620595812
4250,0,0,0.06635109303315158
4251,0,0,0.08453475467899256
4252,1,0,0.03614685549950336
4253,1,1,0.09203586465911653
4254,0,1,0.0653106085693587
4255,0,1,0.034175509320039
4256,0,1,0.016009664457687534
4257,0,1,0.04710967480921971
4258,0,0,0.169169093506194
4259,0,0,0.04318398049887129
4260,0,0,0.03337701515110883
4261,0,1,-0.000295077140022304
4262,0,1,0.0975967100955466
4263,0,0,0.07840918256059456
4264,0,1,0.08882548739315466
4265,0,1,0.04779893062743251
4266,0,0,0.0464623770986818
4267,0,0,0.07019369176462645
4268,0,0,0.019525698193096158
4269,1,1,-0.00442169278065889
4270,1,1,0.04411698692780422
4271,0,1,-0.011974143591419129
4272,1,0,0.03608583786167091
4273,0,1,0.05047270694661135
4274,0,0,0.07011783048664552
4275,0,0,0.0397684414854836
4276,0,0,0.03790625798940986
4277,0,0,0.05332419290915924
4278,0,1,0.045960527179076505
4279,0,1,0.09048723090818578
4280,1,0,0.02303116210371789
4281,0,0,0.06349923148308675
4282,0,1,0.07733549390378061
4283,0,0,0.05998408960463325
4284,1,0,0.0432766540757383
4285,0,1,0.07883883373177009
4286,0,1,0.06658716825255095
4287,0,1,0.03404548039039837
4288,0,1,0.04927963064712823
4289,0,0,0.06472542539995446
4290,1,0,0.06692204439018154
4291,0,0,0.08377924121498412
4292,1,1,0.10436340328028115
4293,0,1,0.04816829193139846
4294,0,0,0.01418505310050669
4295,0,1,0.10555667828128498
4296,0,0,0.10618164287214589
4297,1,1,0.0667498272190003
4298,1,1,-0.036174279382744756
4299,0,0,0.026941114435287822
4300,0,1,0.06608314484843231
4301,1,0,0.09267154328986646
4302,0,1,-0.04753382780543969
4303,0,1,0.08887116583785637
4304,0,1,0.03589946219150401
4305,0,0,0.04523336782236789
4306,0,1,0.0710310111102884
4307,0,1,0.06959313479493691
4308,1,1,0.08786966556845346
4309,0,0,0.10855189446503609
4310,1,1,0.08740389505353396
4311,0,0,0.08222846992520155
4312,0,0,0.0528521637834911
4313,1,1,0.047875075079119464
4314,0,1,0.058689780027086774
4315,1,1,0.13233380046732574
4316,0,1,0.08641400049089154
4317,0,0,0.028186579820101032
4318,1,1,0.09117230975535451
4319,1,0,0.07784309534886574
4320,0,0,0.06826757315898123
4321,0,0,0.04403470924541328
4322,0,0,0.06738330793380776
4323,0,1,0.07606785209958439
4324,0,1,0.10489855166357198
4325,0,1,0.08104600162050354
4326,1,1,-0.04837990090596522
4327,0,0,0.005036619074086757
4328,0,0,0.05919174872237529
4329,0,1,0.10521559359890076
4330,0,1,0.04452744767623715
4331,0,1,0.07750888581450019
4332,0,1,0.013570169338778332
4333,1,1,0.07685917223482301
4334,1,1,0.08139117710054052
4335,0,1,0.12763164292008347
4336,0,1,-0.019157451750392795
4337,0,0,0.05293132499545049
4338,0,1,0.05612407746734638
4339,0,1,0.06961795151907674
4340,1,1,0.10451914685691605
4341,0,1,0.10255102661217237
4342,0,1,0.14593001820192192
4343,1,1,0.07448985962537123
4344,1,0,0.06249162609817557
4345,1,0,0.0701342634052338
4346,0,1,0.02951759514225699
4347,0,1,0.09116993168762458
4348,0,0,0.04380959135088558
4349,0,1,0.038495139886197474
4350,0,0,0.02203175909056196
4351,0,1,0.054779842044752114
4352,0,1,0.0794295765453571
4353,0,0,0.04223318439333301
4354,0,1,0.027682304561263124
4355,1,1,0.15625746355312353
4356,0,1,0.068126076738412
4357,0,1,0.01457601436136513
4358,0,0,0.023261735037800754
4359,0,0,0.06748648327900661
4360,0,1,0.0635873106557147
4361,0,1,0.02255860377309596
4362,0,1,0.07424318782752208
4363,0,1,0.06584905613043428
4364,0,0,0.009532672756570187
4365,0,1,0.024989780033502634
4366,0,1,0.09764130013076072
4367,0,0,0.05037164824174831
4368,0,0,0.0842896298370837
4369,0,0,0.09310438738690124
4370,0,0,0.09361810559547248
4371,0,0,0.13237677919318783
4372,0,0,0.06652880535494474
4373,0,0,0.0938194171350451
4374,0,0,-0.01262171299680151
4375,0,1,0.03793351954553362
4376,0,1,0.0396498843609515
4377,0,1,0.02741828620827781
4378,0,0,0.00012140090255272074
4379,0,0,0.021198547745682694
4380,0,1,0.050660707557146495
4381,0,0,0.04644889447010077
4382,0,1,0.05968867479540993
4383,0,0,0.04348618290181169
4384,0,1,0.05338504316388844
4385,0,1,0.033830612281686934
4386,0,1,0.07849180459305619
4387,0,1,0.07019110707506548
4388,0,1,0.04163262603521885
4389,0,1,0.14097004515005362
4390,0,1,0.09303650169089163
4391,0,1,0.08416239441122696
4392,0,0,0.051885578335073235
4393,0,1,0.025898085956657824
4394,0,1,0.04961661128182093
4395,0,0,0.0735467846268818
4396,1,0,0.05984067256679474
4397,0,1,0.01229112860955349
4398,0,1,-0.018958336974465334
4399,1,1,0.10390848225762978
4400,0,1,0.05379286423685031
4401,0,0,0.07547498594230839
4402,0,1,0.02427954441031588
4403,0,1,0.041273845096184085
4404,0,0,0.024430975061403376
4405,0,0,0.04661730797438619
4406,0,0,0.05444673579057398
4407,0,1,0.07584030925253626
4408,0,1,0.0641938092361871
4409,0,1,0.003704377419651683
4410,0,0,0.023296901009407928
4411,0,1,0.0519998901798055
4412,0,0,0.05037109447609442
4413,0,0,0.09689245349486114
4414,0,0,0.004925086568548981
4415,0,1,0.03225692151008276
4416,0,1,0.03966526624669425
4417,0,0,0.039576267167098084
4418,0,0,0.07969475640686233
4419,0,1,0.08131124809573613
4420,0,0,0.05450987431185442
4421,0,0,0.12889196331792324
4422,0,1,0.12279690040476914
4423,0,0,0.03209856238879055
4424,0,1,0.08892749657581864
4425,1,1,0.12900498652188774
4426,0,1,0.15972380278499687
4427,0,0,0.044415659461422535
4428,1,0,0.05940177804319345
4429,0,1,0.07930485638510187
4430,1,1,0.06868427070807302
4431,0,0,0.06362853680469707
4432,0,0,0.03523650236381079
4433,0,0,0.10956515806775452
4434,0,1,-0.031758567582404085
4435,0,1,0.08790806113530097
4436,0,0,0.10660909588287425
4437,0,0,0.00791013176614537
4438,0,1,0.017796171143665496
4439,0,1,0.03335618266207635
4440,0,1,0.08994181101821708
4441,0,0,0.06516996420736709
4442,0,1,0.09503604343414847
4443,0,1,0.11046612162317984
4444,0,1,0.03940043105905852
4445,0,0,0.02203175909056196
4446,0,0,0.0878849159627088
4447,0,0,0.09154903224037766
4448,0,0,0.07704888198507626
4449,0,0,0.08154630611071362
4450,0,0,0.06300905314706351
4451,0,1,0.02203175909056196
4452,0,1,0.09409830308951052
4453,0,0,0.08706628856185866
4454,1,1,0.0449677390166255
4455,0,1,0.08234877720025406
4456,0,1,0.02830388458787253
4457,0,0,0.028762840662710065
4458,0,1,0.008551181067311925
4459,0,1,0.026772346450899626
4460,0,1,0.055548548553845806
4461,0,0,0.03264930780807915
4462,0,1,0.06386904445962988
4463,0,1,0.11044168580453033
4464,1,1,0.043330323586847186
4465,0,1,-0.014429804128620966
4466,0,1,0.08687008126312211
4467,0,0,0.047544025258811545
4468,0,0,0.07240101275939022
4469,0,1,0.06205883778126638
4470,0,0,0.03703965583110347
4471,0,1,0.032421500250992
4472,1,1,0.04686988687786303
4473,0,1,0.10984579402595443
4474,0,1,0.05505660676719154
4475,0,1,0.05013284181321237
4476,0,1,0.09541806612930909
4477,0,1,0.03718862786131463
4478,0,1,0.04212386932063665
4479,0,0,0.06305729365011314
4480,0,1,0.08883071428129315
4481,0,0,0.03620714082718722
4482,0,1,0.11406273209288234
4483,0,1,0.055947769109291064
4484,0,0,0.03559229814591275
4485,0,1,0.06893406369388531
4486,1,1,0.07435343542224429
4487,0,0,0.0598531000783097
4488,0,0,0.04256430960263645
4489,0,0,0.10086965166850169
4490,0,1,0.029321991290191446
4491,0,1,0.06786366604685258
4492,1,1,0.07142627934912385
4493,0,1,0.09390611692507772
4494,0,1,0.07154187228713145
4495,0,1,0.04360034730999206
4496,0,1,0.18300610447246207
4497,0,1,0.0470814130186413
4498,0,1,0.037642446514234984
4499,0,1,0.032625312981775734
4500,0,0,0.04060828825544338
4501,0,1,0.03793351954553362
4502,1,1,0.08685965645453018
4503,0,0,0.03104786008823346
4504,0,1,0.029568372620454753
4505,0,0,0.07917476136992924
4506,0,0,0.0846088837693636
4507,1,1,0.000277834555917289
4508,1,0,0.14449950332552128
4509,1,0,0.05907388925351671
4510,1,1,0.049334905953982724
4511,0,1,0.07929969150558669
4512,0,0,0.06779915757053459
4513,0,0,0.047350796243410556
4514,0,1,0.09560996809782746
4515,0,1,0.047313091110511685
4516,0,1,0.05677696633198161
4517,0,1,0.08867855273232886
4518,0,1,0.05829714876617227
4519,1,1,0.13353429171436365
4520,0,1,0.09519301902585767
4521,0,0,0.10005649050743975
4522,0,1,0.04527647681708001
4523,1,1,0.06884748747740563
4524,0,1,0.03410027015594163
4525,0,1,0.12313306245868542
4526,0,1,0.02427954441031588
4527,0,0,0.046250789114667776
4528,0,1,0.08219358438544644
4529,0,1,0.09335433922727948
4530,0,1,0.05192764299002378
4531,0,1,0.04995089103641494
4532,1,1,0.07510547312022056
4533,0,1,0.09560996809782746
4534,0,1,0.0905883845033312
4535,0,1,-0.014270475238373798
4536,1,1,0.06705106855025353
4537,1,1,0.1242550672674971
4538,0,1,0.06643733654522654
4539,0,1,0.09133905418863403
4540,0,1,0.06499966066366492
4541,0,1,0.04902526914530682
4542,0,1,0.06205138170899677
4543,0,1,0.04115598488300916
4544,0,1,0.03534931127916957
4545,0,0,0.08657895940758513
4546,0,1,0.02821340654996697
4547,0,1,-0.005232484642903157
4548,0,1,-0.012386694220278216
4549,0,0,0.08680425860070662
4550,0,1,0.02852873483325824
4551,0,0,0.04050769305282464
4552,1,1,0.08342606712416177
4553,0,0,0.05533844011794081
4554,0,1,0.13101375714402763
4555,0,1,0.10526263529684923
4556,0,1,0.03847426933841033
4557,0,0,0.09252955197853739
4558,0,1,0.05907400141123152
4559,0,0,0.0490790888805237
4560,0,1,0.0011925257546066131
4561,0,1,0.044747015309941685
4562,0,1,0.0615729941217045
4563,0,1,0.001284367198935793
4564,0,1,0.08249799470678909
4565,0,1,0.06783782190162452
4566,1,1,0.06633307915669376
4567,0,1,0.08544111839024429
4568,0,0,0.07167405721529896
4569,1,1,0.05156306232780991
4570,0,0,0.062095709122775
4571,0,1,0.06599777505654258
4572,0,1,0.08649605477343397
4573,1,0,0.1286122154836758
4574,1,1,0.05042310658208765
4575,0,1,0.038214208645478503
4576,1,1,0.04661407449075432
4577,0,0,0.192109868428188
4578,0,1,0.08505351458649993
4579,0,0,0.06769868908486529
4580,0,1,0.10003085276484915
4581,0,1,0.031099833880575363
4582,0,1,0.055989060669725685
4583,0,1,0.007300231768512938
4584,0,0,0.05703515413700089
4585,0,0,0.05941873613243516
4586,0,0,0.043540770081848465
4587,0,1,0.1547178594319906
4588,0,1,0.002311398529396075
4589,0,1,0.09130093079799849
4590,0,1,0.11145086918159314
4591,1,1,0.06103048401613512
4592,1,0,0.11540861872477427
4593,0,1,0.03022081965054907
4594,0,1,0.11982630300244307
4595,0,1,0.08670939951696333
4596,0,1,0.01166719721801962
4597,0,0,0.06350402370183142
4598,1,1,0.04457150810851568
4599,0,1,0.049866219693393665
4600,1,1,0.029358907200626394
4601,0,0,0.01668551126457049
4602,1,1,0.06101639770677093
4603,0,1,0.05014090477251119
4604,0,1,0.057816734985605744
4605,0,1,0.1582148273677771
4606,0,1,0.04739379694626232
4607,0,1,0.06364149074603459
4608,0,0,0.08152712387056733
4609,0,0,0.049791649924297327
4610,0,1,-0.019675007490734114
4611,0,0,0.08764854408953064
4612,0,0,0.06347890051580099
4613,0,1,0.08404138111004889
4614,1,0,0.025249062851855325
4615,0,1,0.0639146534680412
4616,0,1,0.08771283209665764
4617,0,1,0.014152500707692028
4618,0,1,0.04163554518760873
4619,0,0,0.05253710673823524
4620,0,1,0.00612465218405106
4621,0,1,0.021452775501792656
4622,1,1,0.08014989585917667
4623,0,1,0.07584270835700958
4624,0,0,0.025744152586811786
4625,0,1,0.022657115284051982
4626,0,1,0.0678577719717717
4627,1,0,0.12624933517718356
4628,0,1,0.06537227534761905
4629,0,1,0.06837770171425346
4630,0,0,0.03478535325294936
4631,0,0,0.07751929529822182
4632,0,0,0.074497720654564
4633,0,0,0.11168043848010475
4634,0,1,0.09816945416415823
4635,1,1,0.043167953474281706
4636,0,1,0.012993506721464959
4637,0,0,0.03922289749762104
4638,0,1,0.10636334865232036
4639,0,1,0.04813475672764714
4640,0,0,0.1353871472688896
4641,0,1,0.08502861494547595
4642,0,1,0.02852873483325824
4643,0,1,0.06597989840508356
4644,0,0,0.07213846750022046
4645,0,0,0.08150033522787647
4646,0,1,0.048654989973781926
4647,0,1,0.04422150950524992
4648,0,1,0.10735179131727679
4649,0,0,0.09216193178347931
4650,0,1,0.026744375147886218
4651,0,1,0.06673268755808728
4652,0,1,0.08452481045940996
4653,0,1,0.062270913917552115
4654,0,1,-0.030307453317092087
4655,0,0,0.031099833880575363
4656,0,1,0.05969251536762539
4657,0,1,0.026882291509043255
4658,0,1,0.024360758812833727
4659,0,0,0.1203949922613524
4660,0,1,0.09901798136944956
4661,0,0,0.052485143571229964
4662,1,1,0.11670481811442501
4663,1,1,0.06573165395963966
4664,1,0,0.021992758871751228
4665,0,1,0.04415327511408923
4666,1,1,0.05974526318205589
4667,0,1,0.043261928879154386
4668,1,1,0.11846117493578737
4669,0,0,0.08305773593078923
4670,0,0,0.08876455054047408
4671,0,1,0.09158500864359807
4672,0,1,0.08443108923038616
4673,0,0,0.014119205315047012
4674,0,0,0.09756151649467866
4675,0,1,0.10516948906278663
4676,0,1,0.05343184836531151
4677,0,0,0.04709123143157125
4678,0,0,0.03266504148930563
4679,1,1,0.021640657302766937
4680,0,1,0.05312499031318256
4681,0,1,0.054620431997611296
4682,0,1,0.06989545896830271
4683,0,1,0.07653047463824804
4684,0,1,0.06730865016127231
4685,1,1,0.08915341397144294
4686,0,0,0.08316590044577314
4687,0,1,0.03514738741453077
4688,0,0,0.06777680462264264
4689,0,1,0.04959843644951695
4690,0,1,0.13289801567829884
4691,0,1,0.05499290533508604
4692,0,1,0.08307322630839449
4693,0,1,0.05908104936068076
4694,0,1,0.0851155967863878
4695,0,1,0.051807875556083446
4696,0,1,0.08856510656768225
4697,0,1,0.041500094699598755
4698,0,1,0.04941299957202329
4699,0,0,0.04074562326978497
4700,0,1,0.08066070603928716
4701,0,0,0.059496634119752284
4702,0,1,-0.013511715138892072
4703,1,0,0.0756134061930532
4704,0,1,0.043966299382864255
4705,1,1,0.0747009103871879
4706,1,1,0.04299698908455768
4707,0,1,-0.02349447229746887
4708,0,1,0.07584943171583285
4709,0,0,0.04435961338334714
4710,0,1,0.08889665010421284
4711,0,1,0.06500992918300011
4712,1,1,0.10504806534449994
4713,0,1,0.056495711490330974
4714,1,1,0.12168026944485737
4715,0,1,0.004815354588415477
4716,0,1,0.07693934553787278
4717,0,1,0.01952656546659251
4718,0,1,0.1020217642699095
4719,0,1,0.03138225148236212
4720,0,1,0.055995384327683
4721,0,1,0.020131336364385882
4722,0,1,0.06770182807891148
4723,0,1,0.009178518671064187
4724,0,1,0.052660871794379505
4725,0,1,0.09776221243572945
4726,1,1,0.057367017213085264
4727,0,1,0.09805125794990388
4728,0,1,0.10574402426389376
4729,0,0,0.03087088306853636
4730,0,0,0.06457878597595712
4731,0,1,0.048504115441734344
4732,0,1,-0.009248830018676601
4733,0,0,0.1228307867284758
4734,0,0,0.029505859546953894
4735,1,0,0.10367968817464233
4736,0,1,0.029927703423119845
4737,0,0,0.07514954417318992
4738,0,0,0.03496590969494161
4739,0,0,0.06022498109052135
4740,0,0,0.06345628161462012
4741,0,0,-0.021475652111294985
4742,0,1,-0.01752738678935628
4743,0,1,0.09376241069812272
4744,0,0,0.07571972315384114
4745,0,1,0.07760018721471999
4746,0,1,0.11123020566534093
4747,0,1,0.09540095540210893
4748,0,1,0.08580877325673522
4749,0,1,0.06560252053008778
4750,0,1,0.02447460018053499
4751,0,1,0.10513389685768883
4752,1,0,0.07589353224662689
4753,0,1,0.0891204140220768
4754,0,1,0.02699665522741808
4755,0,0,0.05744338548935878
4756,0,0,-0.048580357564172866
4757,0,0,0.08885890168380693
4758,0,1,0.07067696592055263
4759,0,1,0.05193381725794438
4760,0,0,0.06466989093885454
4761,0,1,0.12869847767397163
4762,1,1,0.031139282497532172
4763,0,0,-0.025384243324613864
4764,1,1,0.05685552286990575
4765,0,1,-0.017443596501122788
4766,0,0,0.046593010107700145
4767,0,1,0.05237831911275928
4768,0,0,0.0854122430634165
4769,0,1,0.06949253826319352
4770,0,1,0.07950210323370463
4771,0,0,0.07502967017672162
4772,0,0,0.07323699384637479
4773,0,0,-0.006063261723103022
4774,0,0,-0.01073452905333075
4775,0,1,0.12014142221675889
4776,0,1,0.052132120151489644
4777,0,1,0.04088225981031007
4778,1,1,0.007771647934924686
4779,1,0,0.07847891933983245
4780,0,1,0.09062644990027904
4781,0,1,0.08628884658937354
4782,0,1,0.16724605019141234
4783,0,0,0.04216966421295815
4784,0,1,0.06894773298237265
4785,0,1,0.0355136100295905
4786,1,1,0.09264478207337828
4787,0,1,0.07621328411302293
4788,0,1,0.07639575763520365
4789,0,1,0.009070508616387418
4790,0,0,0.07805444463419296
4791,1,0,0.11233864490995227
4792,0,0,0.03270899852732591
4793,0,1,0.09464069368508657
4794,0,0,0.019550616915255073
4795,0,1,0.019531451650212917
4796,0,1,0.12414371630243698
4797,0,1,0.0462395963220351
4798,0,1,0.08797600176126598
4799,0,1,0.044541257985682134
4800,0,0,0.08619136153004853
4801,1,1,0.10166492488958502
4802,0,0,0.03788234022511214
4803,0,0,0.07426889457137417
4804,0,0,0.11335453401235689
4805,0,1,0.0701105914524863
4806,1,1,0.0819197727930488
4807,1,1,0.0661226052459446
4808,0,1,0.0519736036210305
4809,0,1,0.06442214949004489
4810,0,0,0.04273694341500833
4811,0,1,0.09149444399964499
4812,0,0,0.05236954848356515
4813,0,1,0.0686078948514361
4814,0,1,-0.07942649773034438
4815,0,0,0.0978097267126477
4816,0,0,0.09170033732228647
4817,0,0,0.010062534700826742
4818,0,0,0.0908587939402726
4819,1,1,0.09593497118223207
4820,0,1,0.11466421566434723
4821,1,1,0.023863008799340946
4822,0,0,0.04155178927061377
4823,0,0,0.09644074214832477
4824,0,1,0.03404341472992348
4825,1,0,0.027423025747234236
4826,1,1,0.023857973245944852
4827,0,1,0.021140654064521827
4828,0,1,0.04896374592373244
4829,1,1,0.0643816166320737
4830,0,1,0.06343020155500809
4831,0,1,0.07277165589512173
4832,0,1,0.008438439556589059
4833,0,1,0.030802238540164548
4834,0,1,0.11117182118991671
4835,0,1,0.05933572833917301
4836,1,1,0.0324472402322795
4837,0,0,0.07531076549064528
4838,0,1,0.07592272683495385
4839,0,1,0.0970935206984915
4840,0,1,0.03883018009707126
4841,0,1,0.03598181288268523
4842,0,1,0.0016996259462139784
4843,0,0,0.06879593502686604
4844,0,0,0.010571298448606187
4845,0,0,0.07759680462696088
4846,0,1,0.019578007811451248
4847,0,0,0.06635903841461924
4848,0,0,0.08583755446111893
4849,0,0,0.031124854773088156
4850,0,1,0.030987739873792636
4851,1,0,0.09431466148218051
4852,0,1,0.027642408052936995
4853,0,0,0.06890974992445295
4854,0,0,-0.0256877996619429
4855,0,0,0.1180320520784566
4856,1,1,0.0541082103122604
4857,0,1,0.08915341397144294
4858,0,1,0.07461563342765623
4859,0,0,0.04163554518760873
4860,1,1,0.05364340088234919
4861,0,0,0.03715943907446883
4862,0,1,0.04225856607162222
4863,0,0,0.08377251500379751
4864,0,0,0.05928746299763965
4865,1,1,0.07701091210567812
4866,1,1,0.04593581656793533
4867,0,1,0.07965814279392514
4868,0,1,0.03597724618196896
4869,0,1,0.08064059940358692
4870,0,0,0.04082297040880853
4871,0,1,0.06299216630082595
4872,0,0,0.11460912841258944
4873,0,1,0.08117712134533468
4874,0,1,0.03660044266413762
4875,0,0,0.11464935061998416
4876,0,1,0.02040845314128975
4877,1,1,0.09127425383674287
4878,0,0,0.11182636511005631
4879,0,1,0.05305638602223536
4880,0,1,0.11494038575247521
4881,0,0,0.09955977435062137
4882,0,1,0.16369022777193692
4883,0,1,0.06106778126082077
4884,1,1,0.10253208749095266
4885,0,0,0.07686748701454818
4886,0,0,0.05776595868208506
4887,0,1,0.02856845136954618
4888,0,0,0.08054349800009873
4889,0,0,0.056514923873930645
4890,0,0,0.06428201703677879
4891,0,1,0.06598588382811194
4892,0,1,0.01683109188622961
4893,0,1,0.12382591458001173
4894,0,1,0.08505098739003553
4895,0,1,0.07539895681944672
4896,0,1,0.11413113988750928
4897,0,0,0.04621889420735287
4898,0,1,0.05852836012661779
4899,1,0,0.06646744322023114
4900,0,0,0.09061908785804029
4901,0,0,0.06366171801865825
4902,0,0,0.055167361823503694
4903,0,1,0.07771675732092634
4904,0,0,0.04975991146664807
4905,0,1,0.08833697278021291
4906,0,1,0.04078278796629898
4907,0,1,0.06927818875831215
4908,0,0,0.08829273462330461
4909,1,0,0.055771628296470074
4910,0,1,0.022830840377022057
4911,0,1,0.015330588756855779
4912,1,1,0.07248582638238088
4913,0,1,0.14448814481860434
4914,0,1,0.027898364370910728
4915,1,1,0.03664198509797986
4916,1,1,0.052378162549564816
4917,0,1,0.06241466462400913
4918,0,0,0.049041309502075
4919,0,1,0.03840229533831038
4920,0,0,0.15366856919432498
4921,0,1,0.05485565215156342
4922,0,0,0.039308140893482474
4923,0,0,0.06976183851901013
4924,0,0,0.03524816033954091
4925,0,1,0.07325573314129318
4926,1,0,0.009958501642265027
4927,0,1,0.03139293209425206
4928,0,0,0.07392483949227419
4929,0,1,-0.026570947086640595
4930,0,1,0.040819856564297874
4931,0,0,0.07201388474945558
4932,0,0,-0.06722277060659188
4933,0,0,0.03747077123113854
4934,1,1,0.08367624447269509
4935,1,1,0.03987164995348366
4936,0,1,0.16290673641204592
4937,0,1,0.02595087828703041
4938,1,0,0.046424149404397486
4939,0,1,0.0488939658662081
4940,0,0,0.05814175211803073
4941,0,1,0.08453535399854031
4942,0,1,0.05875561543564502
4943,0,1,0.06666133776926175
4944,0,1,0.029321991290191446
4945,0,1,-0.005100096143897698
4946,0,0,0.05106365340805877
4947,0,1,0.11404241948808999
4948,0,0,0.07466032349424859
4949,0,1,0.06607653781643978
4950,1,1,0.06561967341616926
4951,0,1,0.02335441882951897
4952,0,0,0.043318504628996266
4953,0,1,0.07898346259078803
4954,1,1,-1.3610358136462164e-05
4955,0,0,0.09103251474815163
4956,0,1,0.015766007450045638
4957,1,1,0.06954822376315271
4958,0,1,0.06429138348024382
4959,0,1,-0.021611534636558793
4960,0,0,0.1032690303220028
4961,0,1,0.0638186594622007
4962,0,0,0.08543942795939048
4963,0,1,0.04110511298299843
4964,0,0,0.14285050758995008
4965,0,0,0.040923664440780536
4966,0,1,0.07541591944154913
4967,0,1,0.04683783250885148
4968,0,1,0.08023009617655175
4969,0,0,0.14303380459566245
4970,0,1,0.09685252638922329
4971,0,1,0.03457832856924803
4972,0,1,-0.0485601358435247
4973,0,1,0.08136423070481885
4974,1,0,0.054433456959749466
4975,0,1,0.08992080196750897
4976,0,1,0.010868129100870066
4977,0,1,-0.06682077661666694
4978,0,1,0.03981514071051989
4979,0,1,0.03528392570014799
4980,0,1,0.06544544880288115
4981,0,1,-0.006048259668851738
4982,0,1,0.06525694513567754
4983,1,1,0.05222528113621014
4984,0,1,0.05982962672348387
4985,0,0,0.05124438953120505
4986,0,1,0.06103115754716032
4987,0,0,0.06986533376003094
4988,0,0,0.04550520709365069
4989,0,1,0.07603775032723298
4990,0,1,0.05223705484344269
4991,0,1,0.04026537742926227
4992,0,1,0.12367746653447986
4993,0,1,0.05061348851450402
4994,1,0,0.07353834831935063
4995,0,0,0.09208667874472962
4996,0,0,0.01579591744581338
4997,0,1,0.03998339099359396
4998,0,1,0.057922158346658204
4999,1,1,0.055026291441093514
5000,0,1,0.10323363710177211
5001,1,1,0.08444424862791547
5002,0,0,0.09127269007885626
5003,0,0,0.08283248157672084
5004,1,1,0.06886116547331127
5005,0,1,0.06065396580516083
5006,0,1,0.029385354962865054
5007,0,1,0.042901471353414766
5008,0,0,0.08446383204578241
5009,1,1,0.10068656335966412
5010,0,0,0.08207347522061292
5011,1,0,0.02892187303754651
5012,0,1,0.03577567462848229
5013,0,1,0.07937819861096809
5014,1,1,0.09398250553542273
5015,0,0,0.03657461676225722
5016,0,0,0.12068777977462561
5017,0,0,0.06385199498149909
5018,0,1,0.04698990817553916
5019,0,1,0.08740235484156177
5020,0,1,0.04531880083026246
5021,1,1,0.07716752772083935
5022,0,1,0.06032915139715604
5023,0,0,0.07006151677462917
5024,0,1,-0.015050795511648729
5025,0,1,0.09237462322993686
5026,0,1,0.06160829285748037
5027,0,1,-0.0073843958803357646
5028,0,1,0.06119745202011943
5029,0,1,0.1073140024496983
5030,0,0,0.10085168299229658
5031,0,0,0.0756134061930532
5032,0,1,0.13635241713357976
5033,0,0,0.11566636164373807
5034,0,1,0.08572132148986078
5035,0,1,0.06880195472171932
5036,0,0,0.07158245516822814
5037,0,1,0.11926418486823816
5038,0,1,0.1076438704661266
5039,0,1,0.04661347662145279
5040,0,0,0.07619148230442938
5041,0,1,0.05825269281898347
5042,0,1,0.01268659021887189
5043,1,1,0.05496513533969652
5044,1,0,0.06279666942638341
5045,0,1,0.045973021631070976
5046,0,1,0.1520208271128283
5047,0,1,0.11955436034483174
5048,1,1,0.05622233397604562
5049,0,0,0.03200282810801436
5050,0,0,0.09105795706808012
5051,0,0,0.046248386363596176
5052,0,1,0.054307130736122936
5053,0,1,0.09121972130003803
5054,0,1,0.05975434128175966
5055,0,0,0.08146026094710374
5056,1,0,0.07723037392503469
5057,1,1,0.015346958456441712
5058,0,1,0.057258513610477124
5059,1,1,0.043772689835625336
5060,0,0,0.04894988538542441
5061,0,0,0.07872518311235896
5062,0,0,0.07872546919170452
5063,0,1,0.09178088528023495
5064,0,1,0.05166985707425725
5065,0,1,0.06229322009972765
5066,0,1,0.046830766775939586
5067,0,1,0.04523336782236789
5068,1,1,0.05541789913136433
5069,0,0,0.061462691429588795
5070,0,1,0.0891878286307002
5071,0,1,0.019888499449726718
5072,0,1,0.03943876572322562
5073,0,1,0.026500359984686847
5074,0,0,0.08619938040301381
5075,0,1,0.04322387736127811
5076,0,1,0.0478978629453749
5077,0,1,0.048260128299837446
5078,0,1,0.12139605731899807
5079,0,1,0.08896803295929172
5080,0,0,0.0670267256923954
5081,0,1,-0.011156658350500365
5082,0,1,0.12932900611557302
5083,0,0,0.05363878232390726
5084,1,0,0.0892654389142678
5085,0,0,0.08867855273232886
5086,1,1,0.0919646322861181
5087,0,1,0.046898243955264755
5088,0,0,0.08922134649201768
5089,1,1,0.04406206298169979
5090,0,1,0.08991611232699165
5091,1,1,0.08719209539661353
5092,0,0,0.040865725887487894
5093,0,1,0.05255714926396235
5094,0,0,0.11265936322825873
5095,1,1,0.06800285044729942
5096,1,1,0.01918750980198
5097,0,0,0.10555028758974312
5098,0,1,0.06334282111076119
5099,0,1,0.01080088775652438
5100,0,0,0.0956062253983992
5101,0,1,0.05503403806405771
5102,1,1,0.08753463455561622
5103,0,1,-0.018859285987667743
5104,0,1,0.08122748075067032
5105,0,1,0.1131889368659278
5106,0,1,0.038156466937280115
5107,1,1,0.08576815635356705
5108,0,0,0.06197660880586507
5109,0,0,0.047077419825955494
5110,0,1,0.03527331305978379
5111,0,0,0.104984121083773
5112,0,1,0.07773469115412496
5113,0,0,0.07552529600592983
5114,0,1,0.08192884863574318
5115,0,1,0.023945565225669554
5116,0,1,0.04933199705994025
5117,0,1,0.09103506187808223
5118,1,1,-0.014253021550849093
5119,0,1,0.023857973245944852
5120,1,0,0.09968723083082329
5121,1,1,0.0461225945545994
5122,1,1,-0.037845969353441866
5123,0,1,0.04634921002526434
5124,0,1,0.056597856135188085
5125,0,1,0.02477833281899823
5126,0,0,0.083081137037524
5127,0,1,0.048091865498350386
5128,0,0,0.07625930921578847
5129,0,1,0.08436423602807394
5130,0,1,0.06256261148330128
5131,1,1,0.04367316668266673
5132,0,1,0.0681642501041766
5133,0,0,0.06450526749453162
5134,0,1,0.04398377372537625
5135,1,1,0.12983886915395398
5136,0,1,0.056606842839593996
5137,0,1,0.07230957125734719
5138,0,1,0.02504937000836535
5139,0,1,0.07360785778176171
5140,0,1,0.056758588926577924
5141,1,0,0.03866836814698427
5142,0,0,0.09007897229807424
5143,0,1,-0.00953790961370879
5144,0,1,0.05606647349009537
5145,1,1,0.009006937301120538
5146,0,1,0.059051389161040385
5147,0,1,0.0966606045978474
5148,0,0,0.0070159098141115706
5149,0,0,0.043645681608209336
5150,0,1,0.08444345836513295
5151,0,0,0.12853341425586268
5152,1,1,0.061807080641503837
5153,1,1,0.1055148647310073
5154,0,1,0.03833907966516319
5155,0,0,0.033129831772862744
5156,0,1,0.054930347662156126
5157,0,0,0.03624293072872786
5158,0,1,0.03374703204477045
5159,0,1,0.05225914566329763
5160,0,1,0.023863008799340946
5161,0,1,0.047589789665532914
5162,0,1,0.05496459369340527
5163,0,1,0.04469200035621107
5164,0,1,0.11218322723053353
5165,0,1,0.10005412820606134
5166,0,1,0.09880147588301333
5167,0,1,0.05998408960463325
5168,0,1,0.06757873549255974
5169,0,1,0.07337356726212367
5170,0,1,0.08614209082925205
5171,0,1,0.04975991146664807
5172,0,0,0.08313641336281102
5173,0,1,0.11561438176217984
5174,0,1,0.11205525652465598
5175,0,1,0.03243482676858804
5176,0,0,0.015376579937990312
5177,0,1,0.08372684877347354
5178,0,1,0.007423154038823321
5179,1,1,0.13656763261225072
5180,0,1,0.04955666248896062
5181,0,0,0.14933083206149617
5182,0,1,0.08141691389231599
5183,1,1,0.08188358084003061
5184,0,1,0.04495966647331451
5185,0,1,0.019786252799599904
5186,0,1,0.0767790259930786
5187,0,0,0.070648409947133
5188,0,1,0.06555659860243405
5189,0,1,0.07711644168246282
5190,0,1,0.02788962770281933
5191,0,0,0.0018805545830453685
5192,0,0,0.07218773258707681
5193,0,1,0.054930347662156126
5194,0,1,0.0751582309728678
5195,1,1,0.10509385324795063
5196,0,0,0.04379323462800798
5197,0,0,0.07158951043926753
5198,0,0,0.045233448389270875
5199,0,0,-0.021692444386191334
5200,0,0,0.07328856025829819
5201,0,1,0.0617920963710406
5202,0,0,0.057953048770348514
5203,0,1,0.046234312423770865
5204,0,0,0.045712710478481966
5205,0,0,0.0342400390757005
5206,0,0,0.11406273209288234
5207,0,1,0.06930624002630961
5208,1,1,0.05215728093869715
5209,0,0,0.0659076269123007
5210,1,0,0.11274507532128797
5211,0,1,0.09088362467475877
5212,0,1,0.09330037093026675
5213,0,1,0.057381142753765824
5214,1,1,0.04643621260527919
5215,0,0,0.09314134505844772
5216,1,1,0.035615936043762564
5217,1,1,0.07680780779765198
5218,0,1,0.05933922824985302
5219,0,1,0.07983657640593597
5220,0,0,0.06204266254193233
5221,0,0,0.15828980598818185
5222,0,1,0.09955307126138094
5223,1,1,0.08415484354878319
5224,1,1,0.0569473591987919
5225,0,1,0.04934596653092174
5226,0,1,0.04511851948234563
5227,1,1,0.05847978430796616
5228,0,1,0.06972579738547682
5229,0,1,0.10150897237525923
5230,0,0,0.11677734519415779
5231,1,1,0.05437452557237826
5232,0,1,0.05408499210409967
5233,1,1,0.0988622782446496
5234,0,0,0.03959670175814353
5235,0,1,0.08540667304798227
5236,1,1,0.10684565047781794
5237,0,1,0.05392676354817902
5238,0,1,0.0007051326247979606
5239,0,1,0.059705291040806296
5240,0,1,0.0634763271084974
5241,0,1,0.046162283623581976
5242,0,1,0.05718242679316443
5243,0,1,0.08156362241223847
5244,1,1,0.08570905547649146
5245,1,1,0.10113519015979791
5246,0,1,0.07151529619359658
5247,0,0,0.11243163427130602
5248,0,1,0.08076437787209195
5249,0,1,0.06253875827800218
5250,0,1,0.10065961664867878
5251,0,0,0.036602880102441906
5252,0,1,0.06318175311294993
5253,0,1,0.05295840717131302
5254,0,0,0.0666738635580823
5255,0,1,0.05160347889224309
5256,0,0,0.07993796372783918
5257,0,1,0.04999839760764996
5258,0,1,0.05677696633198161
5259,0,1,0.03870616157435311
5260,0,1,0.0812277128548691
5261,0,1,0.06669835412056543
5262,0,1,0.07437517233277219
5263,0,1,0.05717617664482502
5264,0,1,0.08187794735511744
5265,1,1,0.09293851217337848
5266,0,1,0.05689739844047656
5267,0,1,0.05682997889537533
5268,0,0,0.012553502210806922
5269,0,1,0.14170892924251227
5270,1,1,0.0680328685019703
5271,0,0,0.054620431997611296
5272,0,1,0.08915341397144294
5273,0,0,0.1399185254910012
5274,1,0,0.05647608559764136
5275,1,1,0.05132395151000678
5276,0,1,0.026344425452631562
5277,0,1,0.09435291501054686
5278,0,1,0.08000835626186276
5279,0,1,0.0390715429460278
5280,0,1,0.01756620328579614
5281,0,1,0.06076889262524196
5282,0,0,0.10638556597441998
5283,0,0,0.06114890466914347
5284,0,1,0.0266735116974358
5285,0,0,0.03142424231309396
5286,0,1,0.06786964701933727
5287,0,0,0.061335855602758865
5288,0,0,0.07899641617909331
5289,0,0,0.07670476734105777
5290,0,1,0.02083626405928711
5291,0,0,0.04584503430928619
5292,1,0,0.017587009619439736
5293,0,1,0.030739910885427907
5294,0,1,0.03684768286588394
5295,0,1,0.05813670684939112
5296,0,0,0.06425996953656317
5297,0,0,0.18641100769844823
5298,0,1,0.11420349458919576
5299,0,1,-0.02067534307777885
5300,0,1,0.09892509976901248
5301,0,1,0.10805815012971642
5302,0,1,0.06992308960329743
5303,0,1,0.02689014875841407
5304,0,1,0.027829720518681572
5305,0,1,0.042901471353414766
5306,0,1,0.06423317017328162
5307,0,1,0.048091865498350386
5308,0,0,0.06786734845651599
5309,1,1,0.09022800687960338
5310,0,0,0.05977425747322334
5311,0,1,0.06360401188013645
5312,0,1,0.014042099130564256
5313,0,1,0.057778355830682165
5314,1,0,0.04918294462995004
5315,0,1,0.07656306286403583
5316,1,1,0.0821876296876945
5317,0,1,-0.05334344080209119
5318,0,0,0.07578057094135864
5319,0,0,0.08462266481679573
5320,0,0,0.06918814738372997
5321,0,0,0.09077888461469949
5322,0,1,0.052392382633270757
5323,0,1,0.08476531389536651
5324,1,1,0.06294528293154125
5325,0,1,0.11738652154589518
5326,0,0,0.16947646776422198
5327,0,1,0.043446614939126715
5328,0,1,0.09254762785918652
5329,0,0,0.03880128976308564
5330,0,0,0.04341201981922854
5331,0,1,-0.01683902185252481
5332,0,1,0.07884826517879216
5333,0,1,0.09868755314178121
5334,1,1,0.0893771643271775
5335,0,0,0.08566581251226409
5336,0,0,0.09998444560060007
5337,0,1,0.10540744753463213
5338,0,1,0.07767714740996551
5339,0,1,0.05811139250152832
5340,0,1,0.062270913917552115
5341,0,1,0.07173372954462658
5342,0,1,0.013735573182243638
5343,0,1,-0.015800426897801312
5344,0,1,0.08365465353111609
5345,0,1,0.015435041848506137
5346,1,1,0.04975991146664807
5347,0,0,0.0839623713292142
5348,0,0,0.0767005009728563
5349,1,1,0.0738302391588971
5350,0,1,-0.0871495589571119
5351,0,1,0.02186116808146238
5352,0,0,0.061474538304744454
5353,0,1,0.023474612548816276
5354,0,1,0.06058118027745378
5355,0,1,0.1433473028134849
5356,0,0,0.07492380681100155
5357,0,0,0.016805662521418685
5358,0,0,0.04543361763102685
5359,0,1,0.08534144812074529
5360,0,0,0.03499364655792757
5361,0,1,0.06601480369282643
5362,0,1,0.08688539020133744
5363,0,0,-0.027227033404925494
5364,0,1,0.05761282573198952
5365,0,1,0.0937234714894208
5366,0,1,0.032001864093528315
5367,0,1,0.09563108717205832
5368,0,1,0.13168593000795725
5369,0,0,-0.07912524531736034
5370,1,0,0.08565604659004215
5371,0,1,0.07520047288150776
5372,0,1,0.05513321369394916
5373,1,1,0.08525468118577964
5374,0,1,0.04898853113666668
5375,0,1,0.048713077177630126
5376,0,1,0.06547164370558232
5377,0,0,0.03921018869043884
5378,1,0,0.08168536879614724
5379,0,1,0.08712822636898712
5380,1,0,0.020080762096890553
5381,1,1,-0.0015044214198704775
5382,0,1,0.08628891795096898
5383,0,0,0.21528729833654753
5384,1,0,0.12385966098798348
5385,0,1,0.13222376052372162
5386,0,1,0.08970109246009031
5387,0,0,0.104550190711597
5388,0,1,0.08843528041237766
5389,0,1,0.16818567240621693
5390,0,1,0.07443643409669436
5391,1,1,0.03600832633598858
5392,1,0,0.08326450112918751
5393,0,0,0.10167967060560594
5394,0,1,0.03937218523527837
5395,0,1,0.043892117717492796
5396,0,1,0.05054581444200122
5397,0,1,0.06500539706968199
5398,0,0,0.08721676064657477
5399,0,0,0.09066149526036982
5400,0,1,0.08059191244293924
5401,1,1,0.09076094870927215
5402,0,1,0.022639527975688384
5403,0,1,-0.02945825951338263
5404,0,0,0.07904573772590906
5405,1,1,0.04859197678080421
5406,0,0,0.022835290158413193
5407,0,0,0.10081908609596513
5408,0,1,0.006390558739337776
5409,0,0,0.02831343530596217
5410,1,1,0.09322826549003342
5411,0,0,0.09167711299926362
5412,1,1,0.07666241388143857
5413,0,0,0.049821700285214876
5414,0,1,0.08944917670005718
5415,0,0,0.028266417898062307
5416,0,1,0.042589641295243126
5417,1,1,0.07057878562739234
5418,0,1,0.054428622639104335
5419,0,0,0.0527061631726077
5420,0,0,0.09269933625344488
5421,0,0,0.04163554518760873
5422,0,0,0.03313318112641696
5423,0,1,0.0654408948445784
5424,0,1,0.09785944368745261
5425,0,1,0.09352725138517305
5426,0,1,0.07578444086603309
5427,0,1,0.07115880726586099
5428,0,0,0.18289382117028502
5429,0,0,0.10627851118629833
5430,0,1,0.053317877350400084
5431,1,1,0.10182677150994784
5432,0,1,0.09906720772108533
5433,0,0,0.07108326003575872
5434,0,1,0.09985598251849476
5435,0,0,0.035927775164746725
5436,0,1,0.05930858701788039
5437,1,1,0.056665241697896274
5438,0,1,0.10618164287214589
5439,0,1,0.0464623770986818
5440,0,0,0.09106473135191531
5441,0,0,0.08436590326648113
5442,0,1,0.10234290681966349
5443,0,0,0.07521529303379329
5444,0,1,0.08819775591402966
5445,0,1,0.058849531464968144
5446,0,1,0.14163321260192197
5447,0,1,0.10236131931077619
5448,0,0,0.10303926109051831
5449,0,1,0.03170071655371695
5450,0,1,0.055736030732860944
5451,1,1,0.06430066568635476
5452,1,1,-0.009806518850287993
5453,0,1,0.032647514044302564
5454,0,0,0.06983634420104318
5455,0,0,0.09279431390803833
5456,0,1,0.07768825128114204
5457,1,1,0.06480626360052491
5458,0,1,0.045937407678528025
5459,0,1,0.028792759254320566
5460,0,1,0.217663615551634
5461,0,1,0.05123474705181691
5462,0,1,0.05936480183228282
5463,0,1,0.06291737182270699
5464,0,1,0.048678583456273794
5465,0,1,0.06991617612936286
5466,1,1,0.04276544605970806
5467,0,1,-0.015001801701691742
5468,0,0,0.07443643409669436
5469,0,1,0.09173646758779457
5470,0,1,0.036113109904023735
5471,0,1,0.004175456208811004
5472,0,0,-0.017251962588298544
5473,1,0,0.021060500966377904
5474,0,0,0.05039611239292913
5475,0,0,-0.01818202782810968
5476,0,0,0.04947709382455978
5477,0,0,0.06856970396363696
5478,1,1,-0.037352232742561386
5479,0,1,0.03969475641021927
5480,1,1,0.08144826663942312
5481,0,1,-0.009019017171196339
5482,0,0,0.06062628039292487
5483,0,1,0.06652549015169372
5484,0,1,0.08869324569328085
5485,0,1,0.08292604859802483
5486,0,1,0.10550429340630978
5487,0,1,0.05910411085967182
5488,1,0,0.08684735250915884
5489,0,1,0.08939554438811147
5490,1,0,0.08713996045435182
5491,0,1,0.07957273339601767
5492,0,0,0.08822016843648013
5493,0,1,0.014725674040890993
5494,1,1,0.04162155792782993
5495,0,1,0.07329129991319766
5496,0,1,0.05265710364712621
5497,0,1,0.02366855791038666
5498,0,0,0.07160275557463364
5499,0,0,0.07492652431497303
5500,0,0,0.11460392049429646
5501,0,1,0.04523336782236789
5502,0,1,0.03508087892798914
5503,0,1,0.03911998923011187
5504,0,1,0.05001254650147923
5505,0,1,0.08774477367559695
5506,0,0,0.024430975061403376
5507,0,1,0.04651438096575239
5508,0,0,0.03398904198815286
5509,0,1,0.08530904458575428
5510,0,1,0.057849655931934044
5511,0,1,0.10763392918808555
5512,0,0,0.0331233406296923
5513,0,1,0.0808229580266209
5514,0,1,0.06773153706683736
5515,0,0,0.08819775591402966
5516,0,0,0.09061908785804029
5517,0,0,0.027331135534796075
5518,1,1,0.058969849997576484
5519,0,0,0.07848735806328545
5520,1,1,0.0766765288807352
5521,0,0,0.07329343742780174
5522,1,1,0.10116762031256012
5523,0,1,0.07622891153694629
5524,0,0,0.011290102488602849
5525,0,1,0.04452854545457506
5526,0,1,0.031094052481472997
5527,0,0,0.05515348468250591
5528,0,1,0.04679371525052936
5529,0,1,0.04389730047436283
5530,0,0,0.06966528459207487
5531,0,1,0.06429563480922365
5532,0,1,-0.011761220262339916
5533,0,1,0.024591086258895986
5534,0,1,0.11903113870353606
5535,0,1,0.030731124125468356
5536,0,1,0.074483352951423
5537,0,1,0.04225182420814054
5538,0,1,0.08617847557331393
5539,1,1,0.10384607941055163
5540,0,1,0.06335148454976555
5541,0,1,0.0467777792540828
5542,0,1,0.07494005218284149
5543,0,1,0.0427098688555826
5544,0,0,0.10486389371789134
5545,0,0,0.03607792937136953
5546,0,0,0.05045945308907547
5547,0,1,0.08479953079089111
5548,0,1,0.07365612916718947
5549,0,0,0.1393874380498853
5550,0,1,0.03022081965054907
5551,0,1,0.05144558569058025
5552,0,0,0.08361557181319011
5553,1,1,0.08895406704104325
5554,0,1,-0.0002771859157487677
5555,1,0,0.06270179354333844
5556,0,0,0.10311932372445831
5557,0,1,0.026941114435287822
5558,1,1,0.09271588196866781
5559,0,1,0.04424880038317257
5560,0,1,0.08360984318313656
5561,0,0,0.08001563346113943
5562,0,0,0.08022342294193276
5563,0,1,0.0952663772451201
5564,0,1,0.08220910397568176
5565,0,1,0.061908188350488974
5566,0,1,0.06027283440647005
5567,0,1,0.05954335608525578
5568,0,1,0.058347285219888134
5569,0,1,-0.015790574654226203
5570,0,1,0.08316390305302596
5571,0,0,0.04940974814410587
5572,0,0,0.1635978033386818
5573,1,1,0.028301184031498533
5574,1,1,0.0663648744680593
5575,0,1,0.007568068092753816
5576,0,1,0.08722085062383556
5577,0,1,0.03776130622215855
5578,0,1,0.05137010881515297
5579,0,1,0.1795813269052545
5580,0,1,0.07756097432121256
5581,0,1,0.15598864638911553
5582,0,1,0.07919311558476327
5583,0,1,0.04405621362264116
5584,0,0,0.04371008293949667
5585,0,1,0.07957273339601767
5586,0,0,0.05681847679407599
5587,0,1,0.044411900377016394
5588,0,1,0.07178023354529049
5589,1,1,0.051811521865161525
5590,0,1,0.06926202431267975
5591,0,1,0.02211654699857829
5592,1,1,0.069034103403815
5593,0,0,0.03027660438666474
5594,0,0,0.10419843383701496
5595,0,1,0.0586989334125045
5596,0,1,0.01988668638594876
5597,0,0,0.1670080489425509
5598,0,0,0.1332981541454401
5599,0,1,0.07099048307336148
5600,0,1,0.10062377665168958
5601,0,0,0.1050962059532409
5602,0,1,0.1289323387544017
5603,0,1,0.046026959102220766
5604,0,1,0.03422564033381245
5605,0,0,0.030873350846845782
5606,0,1,0.04528006253411497
5607,0,1,0.07036812133890602
5608,0,1,0.08811167892761962
5609,1,1,0.07665965104871164
5610,0,0,0.09699378047559168
5611,0,1,0.12036437673020559
5612,1,0,0.12568117427013314
5613,0,0,0.0776583731997278
5614,0,1,0.09660579780843676
5615,0,1,0.07042263474779781
5616,1,1,0.0640000783931988
5617,0,1,0.1108666948727941
5618,0,0,-0.00890687448906799
5619,0,1,0.07702585531483758
5620,0,1,0.08137192610440268
5621,0,1,0.02425550556123271
5622,0,0,0.018467033503976507
5623,0,1,-0.0176584919773789
5624,0,1,0.044981306961096784
5625,0,1,0.04795895731159955
5626,0,1,0.09750989597208318
5627,1,1,0.08454416923335241
5628,0,0,0.05622233397604562
5629,0,1,0.08032563253596074
5630,0,0,0.050087225496245724
5631,0,1,0.04115598488300916
5632,0,1,0.087779953957238
5633,0,1,0.07155601964272398
5634,1,1,0.07766024548440983
5635,0,1,0.02041936031191155
5636,0,1,0.09061908785804029
5637,0,0,0.24219223414739757
5638,0,0,0.06324840148868209
5639,0,1,0.09078778495682788
5640,0,0,0.09955307126138094
5641,0,1,0.04401902352370582
5642,0,0,0.05410202316188191
5643,1,1,0.08110927104364345
5644,0,1,0.1100830369925916
5645,0,1,0.053442716170197885
5646,0,0,0.0880809161400288
5647,1,1,0.0562246586454177
5648,0,1,0.07521529303379329
5649,1,0,0.03159081055134044
5650,0,0,-0.008197356494757224
5651,1,0,0.05260602735677686
5652,0,1,0.12009505424160037
5653,1,1,0.107333855696155
5654,0,1,0.05505138460494603
5655,1,1,0.06586264811930007
5656,0,1,0.0934308759343066
5657,0,0,0.02483681799003898
5658,0,1,0.07826326799389885
5659,0,0,0.07308154638055407
5660,0,1,0.040264157861760935
5661,0,0,0.1646399636614507
5662,0,1,0.049123102476720054
5663,0,0,0.09761896255437227
5664,0,1,0.08159612025794474
5665,0,0,0.00612465218405106
5666,0,1,0.06566363447336072
5667,0,1,0.04975800023296917
5668,0,1,0.08611802416919186
5669,0,1,0.08899222380895166
5670,0,1,0.04986691254401404
5671,0,1,0.056472021142147666
5672,1,1,0.04809335545870827
5673,0,1,0.0628195199639687
5674,0,0,0.04527647681708001
5675,0,1,0.03667515809898664
5676,0,1,0.06700495729069401
5677,0,0,0.03835320222006108
5678,1,1,0.013902298014782183
5679,0,0,0.09406044483934603
5680,0,0,0.08744660399090536
5681,0,0,0.09880469286547341
5682,1,1,0.09381073716329599
5683,0,0,0.04975991146664807
5684,0,0,0.03922289749762104
5685,0,1,0.07683429842483235
5686,0,0,0.07145331032449076
5687,0,1,0.045044110181949315
5688,0,0,0.04645824950085023
5689,0,1,0.08226167347348266
5690,0,1,0.11484060348190381
5691,0,0,0.03237645517201458
5692,0,1,0.1037216182218611
5693,0,1,0.04612960607915839
5694,0,0,0.06006710982344754
5695,1,1,0.06854439166157676
5696,0,1,0.027156101004948155
5697,0,0,0.06111570746164674
5698,0,0,0.05347017169072796
5699,0,1,0.08668375117100073
5700,0,1,0.06415531653333632
5701,0,1,0.06615897464830792
5702,0,1,0.07364295478992797
5703,0,0,0.08144826663942312
5704,0,1,0.05535369194778478
5705,0,1,0.03044720248960968
5706,0,1,0.08942263930961002
5707,1,1,0.07581031198023973
5708,0,0,0.046124016514578536
5709,0,1,0.017852559200164153
5710,0,0,0.017863880574477187
5711,0,1,0.10215889833027751
5712,0,0,0.10072758464951473
5713,0,1,-0.013083974829508488
5714,0,1,0.06330725979145588
5715,0,1,-0.02369355182934582
5716,0,0,0.07670008928417664
5717,1,1,0.07949922431892792
5718,1,1,0.10716548384091933
5719,0,1,0.08506139799912246
5720,0,1,0.08139250679863456
5721,0,1,0.03407250024244998
5722,0,1,0.07096963540733546
5723,0,1,-0.006048259668851738
5724,0,1,0.15865236520262832
5725,0,0,0.13113063365501937
5726,0,1,0.0826231118452953
5727,0,0,0.14285712256895505
5728,0,1,0.017961937188452376
5729,0,1,0.050045105769256096
5730,0,1,0.09081171595783386
5731,0,1,0.049853698213554884
5732,0,0,0.09486870691767851
5733,0,0,0.06411149665162295
5734,0,1,0.08586415739137805
5735,0,1,0.08566433263062416
5736,0,1,0.0726184857711179
5737,1,1,0.09260470189129694
5738,0,1,0.0886764881008334
5739,0,0,0.06615580542984387
5740,0,1,0.06993698423035889
5741,0,0,0.026794058222963102
5742,0,1,0.026757737022310213
5743,1,1,0.1024887982284731
5744,0,1,0.050049391099418916
5745,0,1,0.07864234784542884
5746,0,1,0.0617731340825214
5747,0,0,0.051672935475227555
5748,1,0,0.18305876077350694
5749,0,1,0.08158485290917111
5750,0,1,0.044775607338044116
5751,0,0,0.05052262428726535
5752,0,1,0.07760018721471999
5753,0,1,0.10240007622389476
5754,0,1,0.02120282647171412
5755,0,1,0.07799382541882835
5756,0,0,0.06686058665213357
5757,0,1,0.07341450901822175
5758,0,1,0.13252094911806456
5759,0,1,0.10277557615929392
5760,0,1,0.023863008799340946
5761,0,1,0.06993231858906804
5762,1,1,0.0625009383412021
5763,0,1,0.08963526596465943
5764,0,1,0.08976460474003473
5765,0,1,0.06362853680469707
5766,0,1,0.0701960480012005
5767,0,1,0.06180509745652159
5768,0,1,0.08323344732765967
5769,1,1,0.043591941550883334
5770,0,1,0.12297995605765466
5771,0,0,0.06821563693039003
5772,0,1,0.055096181131246105
5773,0,1,0.053854388441485435
5774,0,1,-0.017253174466413113
5775,0,0,0.040587527159181375
5776,0,0,0.0845029347669575
5777,0,1,0.1434358797742647
5778,0,1,0.08984497506531033
5779,0,0,-0.020466214155215545
5780,0,1,0.050535406509280345
5781,0,1,0.0426848429674099
5782,0,0,0.0869592881381373
5783,0,1,0.06942368385741124
5784,0,1,0.12747205473678214
5785,0,0,0.0948916745573
5786,0,1,0.08421647442142573
5787,0,1,0.0830843975414747
5788,0,1,0.08281442799541028
5789,0,1,-0.005063680927330241
5790,0,1,0.08059462053902584
5791,0,1,-0.019301287413694274
5792,0,1,0.02514373653521665
5793,0,1,0.11433405857828985
5794,0,0,0.04681862733621528
5795,0,0,0.04469512028070988
5796,0,1,0.12243664417409122
5797,0,0,0.04436011689545784
5798,0,0,0.08855575833884385
5799,1,0,0.07663177345724836
5800,0,1,0.04073704716290141
5801,1,1,0.11001234634850678
5802,0,1,0.05001694711700298
5803,0,1,0.04078612785158567
5804,0,1,0.0007360076918333514
5805,0,0,0.09993873222949262
5806,0,0,0.05033573302910685
5807,0,1,0.08512191058705718
5808,0,0,0.04508135015776815
5809,0,0,0.08176915016607193
5810,0,1,0.031550167382241256
5811,1,1,0.04306667188454796
5812,0,1,0.08411191825539155
5813,0,1,0.08434893063127184
5814,0,1,0.09048153174040349
5815,0,1,0.057971777352009465
5816,0,1,0.07819198735490544
5817,0,1,-0.0023994344125625178
5818,1,1,0.1359183637002877
5819,1,1,0.06298752431499566
5820,0,1,0.0667973285673388
5821,0,1,0.04975991146664807
5822,0,0,0.05087229322974163
5823,0,1,0.06735116331473374
5824,1,1,0.030902771849313254
5825,0,1,0.06260581871404838
5826,0,0,0.05284374340578327
5827,0,0,0.078581906211693
5828,0,0,0.0877632086563449
5829,0,0,0.048534120892395755
5830,0,0,0.035259695359174975
5831,0,1,0.044623781501089976
5832,0,1,0.11321391925879734
5833,0,0,0.09189915417771691
5834,0,0,0.024430975061403376
5835,0,0,0.08170940924504197
5836,0,1,0.06235551647791153
5837,0,1,0.04862104781800537
5838,0,1,0.027332143757004407
5839,0,1,0.01711813022961277
5840,0,1,0.03243482676858804
5841,0,1,0.12591874446530452
5842,0,1,0.04238499483799282
5843,0,1,0.04922256097064731
5844,0,1,0.06703833503236671
5845,0,1,0.03886348345422816
5846,0,1,0.051811521865161525
5847,0,1,0.05008195940846263
5848,0,0,0.03561340230855509
5849,0,1,0.06623187494852069
5850,0,0,0.01696636108332801
5851,0,1,0.04070385359046157
5852,1,0,0.039150674410188435
5853,1,1,0.01232142050258428
5854,0,1,0.09309948805421972
5855,0,1,0.0819846899863575
5856,0,1,0.04343761369991864
5857,0,1,0.039150674410188435
5858,0,1,0.0363525125274442
5859,0,1,0.06501979966178571
5860,1,1,0.05318449474525667
5861,0,0,0.026941114435287822
5862,0,1,0.038557250956230124
5863,0,1,0.04846620540173559
5864,0,1,0.037076817286246094
5865,1,1,-0.0017812761858345683
5866,0,0,0.06861909002624468
5867,1,1,0.11144038350795377
5868,0,1,0.027545616345104662
5869,0,0,0.06035579614926448
5870,0,1,0.12780615489117475
5871,0,1,0.15139161135244306
5872,0,0,0.18848155308270098
5873,0,1,0.03705316890013585
5874,1,1,0.0772662441336296
5875,0,1,0.07273869045069895
5876,0,1,0.08301024647823942
5877,0,1,0.08939407693374461
5878,0,1,0.045668671512854045
5879,0,1,0.07332804795607754
5880,0,0,0.05975027296817337
5881,0,0,0.03978469625094924
5882,0,1,0.04835602908673728
5883,0,1,-0.03241360782196784
5884,1,1,0.041436988265721036
5885,1,1,0.09076814152969864
5886,0,1,0.07748195668446206
5887,0,1,0.07454098016980622
5888,0,1,0.08225991213709313
5889,0,1,0.04845002792238862
5890,0,0,0.05207167417296009
5891,0,0,0.09921245796322178
5892,0,1,-0.0016741515189123979
5893,0,0,0.020895141743852097
5894,0,0,0.09379265171563188
5895,0,1,0.07923055866212589
5896,0,1,0.019888499449726718
5897,0,1,0.024430975061403376
5898,0,1,0.0639968818706621
5899,0,1,0.07662766257674553
5900,0,1,0.05655683556013838
5901,0,0,0.04032856996041226
5902,0,1,0.08445640589046027
5903,0,1,0.03987164995348366
5904,0,0,0.04656291366169278
5905,0,1,0.03502923896340063
5906,0,1,0.03919240489812245
5907,0,1,0.1013408814261496
5908,0,1,0.048951178606481016
5909,0,1,0.06542368796558398
5910,0,1,0.07210377368900513
5911,0,0,0.061851695112333266
5912,0,0,0.06617051804557461
5913,0,0,-0.014429804128620966
5914,0,1,0.021198547745682694
5915,0,0,0.07723895523967328
5916,0,0,0.08113055167430921
5917,0,0,0.10256699366441799
5918,1,0,0.09113320175473578
5919,0,1,0.10756646775099325
5920,1,1,0.08002482316398635
5921,0,1,0.03937124710072415
5922,0,1,0.049123102476720054
5923,0,0,0.056583222973344116
5924,0,1,0.06435011927151119
5925,0,0,0.10947439689285289
5926,0,1,0.03839966537815362
5927,0,1,0.03903950287655458
5928,0,1,0.016538412008480052
5929,0,0,0.06095219645874431
5930,0,1,0.07277379342241143
5931,0,0,0.06555659860243405
5932,1,1,0.04637479351588414
5933,0,0,0.06573165395963966
5934,0,0,0.05539031960711864
5935,0,1,0.056372982442161074
5936,0,1,0.09576525101087499
5937,0,1,0.0913894465665764
5938,0,1,0.16804222046256723
5939,0,1,0.09484542614345981
5940,0,1,0.03972802508173059
5941,0,0,0.08785710125237176
5942,0,1,0.06412496306293317
5943,0,0,-0.018852950153208647
5944,0,0,0.03774823544117209
5945,0,0,0.06397212993913359
5946,1,1,0.03640541686062501
5947,1,1,-0.028186853423518704
5948,0,1,0.07549018669401168
5949,1,1,0.08419043966270981
5950,0,1,0.08061421483091269
5951,0,1,0.0648010102363776
5952,0,1,0.08535125675281373
5953,0,0,0.03859455134136454
5954,0,1,0.05527693811586337
5955,1,1,0.03505658940557432
5956,0,0,0.13425391919904767
5957,0,1,0.1042580913263221
5958,1,1,0.07703435888008223
5959,0,1,0.06053878351293368
5960,0,0,0.08942554432319519
5961,0,1,0.05513131033088345
5962,0,1,0.10420325587369211
5963,0,0,0.029385354962865054
5964,0,1,0.04661407449075432
5965,0,0,0.06735801104227021
5966,0,1,0.09235784819933009
5967,0,0,0.05106533643460032
5968,0,1,-0.004850305544432054
5969,0,1,0.10565767620300315
5970,0,1,0.025898085956657824
5971,0,1,0.07305441326874904
5972,0,1,0.2186934615234
5973,0,0,0.08144826663942312
5974,0,0,0.06974329274906128
5975,0,1,0.03871945034141927
5976,0,0,0.011711408474091911
5977,0,1,0.044609840382843644
5978,0,1,0.04013847595212926
5979,0,0,0.003565507531297585
5980,0,1,0.051523595536625
5981,0,1,0.08971348551305947
5982,1,1,0.029725972094906294
5983,0,1,0.07463959964865657
5984,0,1,0.169169093506194
5985,1,1,0.02040845314128975
5986,0,1,0.02043843716883402
5987,0,1,0.0677661398424784
5988,0,1,0.05180579573275834
5989,0,0,0.0875069566463745
5990,0,1,0.09504546642485015
5991,0,1,0.07815018955898581
5992,0,1,0.03559229814591275
5993,0,1,0.09676441624531654
5994,0,0,0.07156916163310212
5995,0,1,0.06655511262231441
5996,0,1,0.08613085532946743
5997,0,1,0.054340898502061696
5998,0,1,0.008433091390240288
5999,1,1,0.04610286935308722
6000,0,1,0.07541245962760082
6001,0,1,0.07583360346059917
6002,0,1,0.06311797692049437
6003,0,1,0.03243482676858804
6004,0,1,0.06106840261827588
6005,0,1,0.1005349163102156
6006,0,0,0.08544641637285635
6007,0,1,0.055162147857003935
6008,0,0,0.022457723389592982
6009,1,1,0.12128774246750038
6010,0,1,0.1787241523720836
6011,0,1,0.027700383677396814
6012,1,0,0.12730184519593618
6013,0,0,0.081450822014937
6014,0,1,0.0743428365900905
6015,0,1,0.05505660676719154
6016,0,1,0.10189301438113427
6017,0,0,0.062581243472387
6018,0,0,0.07786858761368859
6019,0,1,0.048606369819387416
6020,1,0,0.14303380459566245
6021,1,1,-0.05811750842767209
6022,0,1,0.10741024065949235
6023,0,1,0.06490562768593036
6024,0,0,0.0704661192357383
6025,0,1,0.02219087357966046
6026,0,0,0.0514991644451257
6027,0,1,0.08221817069576748
6028,0,1,0.01418505310050669
6029,0,1,0.050263263233273264
6030,0,0,0.08551532824772526
6031,0,0,0.06252261535874266
6032,0,1,0.02922576210822561
6033,0,1,0.14399359655824226
6034,1,1,0.06237815790872997
6035,0,0,0.05463422958744342
6036,0,1,0.033342181593672526
6037,0,0,0.07683359698899697
6038,0,0,0.03225279941120367
6039,0,0,0.08660093301381341
6040,0,0,0.10700950284577249
6041,0,0,0.0340920117823247
6042,0,1,0.044569939984352894
6043,0,0,0.08633090440589011
6044,0,1,0.03670314949695855
6045,1,1,0.05155233216242533
6046,0,1,0.04433194003776081
6047,0,1,0.11091366736720759
6048,0,1,0.05195605389198801
6049,0,1,0.04639346435125499
6050,0,1,-0.036548106682655984
6051,0,0,0.05646069069648717
6052,0,1,0.0818597016161459
6053,0,0,0.04418968461564088
6054,0,1,0.09943517295303168
6055,0,1,0.030357701211596727
6056,0,0,0.08471219030854463
6057,1,1,0.07183815329859486
6058,0,1,0.054582422924186136
6059,1,1,0.169169093506194
6060,0,1,0.05970817368907952
6061,1,1,0.040207922441161614
6062,0,0,0.1248988264506456
6063,0,1,0.080017521399698
6064,1,1,0.007604683702000403
6065,0,1,0.17108108810203104
6066,0,0,0.15831837717118455
6067,0,1,0.09453490670827375
6068,0,1,0.04276124463712444
6069,1,0,-0.004207938212116069
6070,0,0,0.06382926348777324
6071,0,0,0.09137908906707286
6072,1,0,0.0329184473507996
6073,0,0,0.04852406679388639
6074,0,0,0.06779186342882393
6075,0,1,-0.020668470456528754
6076,0,0,0.10182677150994784
6077,0,1,0.025374977228199758
6078,0,0,0.05123685627027723
6079,1,0,0.1159331336828521
6080,0,0,-0.003491061502046894
6081,1,1,0.07234242867272786
6082,0,1,0.04405856756752932
6083,0,1,0.03153416757180613
6084,0,0,0.06576654267669885
6085,1,0,0.1199869181295893
6086,0,1,0.040332766680365034
6087,0,0,0.08300881326404487
6088,0,1,0.10176666755141907
6089,0,1,0.010050783917280953
6090,0,1,-0.03843301871483745
6091,0,0,0.04844525933201768
6092,0,1,0.06411994196677173
6093,0,1,0.06314758058856365
6094,0,1,0.06777680462264264
6095,0,1,0.08869836228322309
6096,0,0,0.007822713914057533
6097,0,1,0.01619348926471792
6098,0,0,0.0784790874265956
6099,0,0,0.08345141832744575
6100,0,1,0.08244335467583125
6101,0,0,0.06684473752153386
6102,1,1,0.05585196080088607
6103,0,1,0.12533834921845785
6104,0,1,0.10256699366441799
6105,0,0,0.061156691425692106
6106,0,1,0.010398668981371081
6107,0,1,0.04492684060908314
6108,0,1,0.08336179585860329
6109,1,0,0.040467059101451264
6110,0,1,0.06318412557207959
6111,0,1,0.09407410682630582
6112,0,1,0.07594136417799557
6113,0,0,0.08736439872992238
6114,0,1,0.0852450241542428
6115,1,1,0.08576815635356705
6116,0,0,0.12036437673020559
6117,0,1,0.0903503922141428
6118,0,1,0.017946860056686414
6119,0,0,0.004310411230306455
6120,0,1,0.0970789577582948
6121,0,1,0.10313562177171216
6122,0,1,0.032776343762083326
6123,0,1,0.041497253381525115
6124,0,1,0.06004165149905291
6125,0,0,0.08136478443227245
6126,1,1,-0.07750123956686691
6127,1,0,0.047293224820284765
6128,0,1,0.07763801148581465
6129,0,0,0.08876455054047408
6130,0,0,0.04849217281567758
6131,0,1,0.05749486282408481
6132,0,0,0.0876357285206166
6133,0,1,0.08129319686785091
6134,0,1,0.013645615269613248
6135,0,1,0.05413495573338725
6136,0,1,0.07558020164003279
6137,1,1,0.07167530609512959
6138,0,1,0.062342418557252643
6139,0,1,0.12774530312364965
6140,0,0,0.024912082706508826
6141,0,0,0.10560282124906618
6142,0,1,0.08821937558240837
6143,0,1,0.08987594841307449
6144,0,1,0.08453852372405087
6145,0,1,0.10601877109402308
6146,0,1,0.018083511727109952
6147,1,0,0.10264074974111027
6148,1,1,0.05396407323113954
6149,1,1,0.03663337623522954
6150,0,1,0.03220526333173368
6151,0,1,0.08208349979861901
6152,0,1,0.044140619691289684
6153,0,0,0.07356446454017089
6154,0,1,0.06086955603382077
6155,0,0,0.07859975093784047
6156,0,1,0.06422649196320739
6157,0,1,0.025714521578788396
6158,0,1,0.024990723283814062
6159,0,1,0.0415469726273571
6160,0,0,0.12141836412955172
6161,0,0,0.11619117698855691
6162,0,1,0.0283216421471523
6163,1,0,0.10417767469975328
6164,0,1,0.047293029100194894
6165,0,0,0.09198471033934762
6166,0,1,0.05915849614284907
6167,0,1,0.07460006705076108
6168,0,1,0.026941114435287822
6169,0,0,0.08888256768952214
6170,0,1,-0.0604011520668879
6171,0,0,0.010328586941141582
6172,0,1,0.10001552787047781
6173,0,1,0.031702083856398666
6174,0,1,0.03344348417593325
6175,0,1,0.06735851237961694
6176,0,0,0.03921018869043884
6177,0,1,0.048091865498350386
6178,0,0,0.015339380248674789
6179,0,1,0.06851362635463247
6180,0,1,0.11709146333962507
6181,0,1,0.06397212993913359
6182,1,1,0.03333253604226448
6183,0,1,0.01756620328579614
6184,0,0,0.014829276045159767
6185,0,0,0.07771690943472173
6186,0,1,0.06643733654522654
6187,0,1,0.027958361143952712
6188,0,0,0.0844961520090549
6189,0,1,0.03754319477214968
6190,1,1,0.07014732930817139
6191,0,1,0.12325716855304786
6192,0,1,0.05784708695862116
6193,0,1,0.09945166307575584
6194,0,0,0.04086338638674
6195,0,1,0.04459185661113105
6196,0,0,-0.03519388787358768
6197,0,1,0.0033687729546411638
6198,0,1,0.07844799333016932
6199,0,0,0.050195969469721685
6200,0,1,0.06438194938909958
6201,0,1,0.04246787341662746
6202,0,0,0.1122164774480888
6203,0,1,0.02643173305539258
6204,0,1,0.04984519756571812
6205,1,0,0.01846323547609649
6206,0,1,0.037159514930349954
6207,0,0,0.016036943729544673
6208,0,1,0.03022081965054907
6209,0,1,0.06720501976044446
6210,0,1,0.08967183447003055
6211,0,1,0.03243482676858804
6212,0,1,0.04520569194366243
6213,0,1,-0.09221715973604386
6214,0,1,0.059530370242593056
6215,1,1,0.008488750972234116
6216,0,1,0.05909909441060597
6217,0,0,0.10254350066486768
6218,0,0,0.022469177112995675
6219,0,0,0.04395815228438893
6220,0,1,0.08444345836513295
6221,0,0,0.03982226780027054
6222,0,1,0.052455081606629886
6223,1,0,0.04875710123310409
6224,0,0,0.13630377717142889
6225,0,1,0.03048475500872444
6226,0,0,0.03717434513707324
6227,0,1,0.08139512302878264
6228,0,1,-0.0017182716878505894
6229,0,1,0.008149090676778298
6230,0,1,0.03460793443286636
6231,0,1,0.05697855534596574
6232,0,0,0.019578007811451248
6233,0,1,0.0966047772116626
6234,0,1,0.08566590253436011
6235,0,1,0.11778356006487598
6236,0,0,0.1127974108054868
6237,0,0,0.02830388458787253
6238,0,1,0.05680970907886544
6239,0,1,0.026875470276663954
6240,0,1,0.041874947243621535
6241,0,1,0.10363925618636169
6242,0,0,0.02922576210822561
6243,0,1,0.09685080665297834
6244,0,1,-0.07184092140744508
6245,0,0,0.06650588059970214
6246,0,1,0.0887635748259497
6247,0,1,0.02741828620827781
6248,0,0,0.09147251015562455
6249,0,0,0.1563173685772521
6250,0,1,-0.009399747690324894
6251,0,1,0.04735118130314889
6252,0,0,0.1681002331510845
6253,0,1,0.08151273028717759
6254,0,0,0.022302166309144403
6255,0,0,0.04001236163195909
6256,0,1,0.23328257812165457
6257,0,1,0.02741828620827781
6258,0,1,-0.002118410304714352
6259,0,0,0.010806614968089406
6260,0,1,0.07145183710215053
6261,0,1,0.0713908761992264
6262,0,1,0.08636408667301755
6263,0,1,0.05395705138302134
6264,0,1,0.12140436622038477
6265,0,0,0.06598222046002516
6266,0,1,0.032498859600400276
6267,0,1,0.0641115328279133
6268,0,0,0.046165990214929654
6269,0,0,0.07307799151077393
6270,0,0,-1.078472103821504e-05
6271,0,1,0.026841142243267363
6272,0,1,0.062270913917552115
6273,0,0,0.046947098849067975
6274,0,1,0.06041017298681331
6275,1,1,0.11218051119039338
6276,0,1,0.03159072373288069
6277,0,0,0.06683584623947003
6278,1,1,0.09552652977163391
6279,0,0,0.0698612467439781
6280,0,0,0.08428072401656363
6281,0,1,0.09061908785804029
6282,0,1,0.09442644994805943
6283,0,1,0.045716278425317364
6284,0,1,0.12325837474136561
6285,1,0,0.11227329550376931
6286,0,0,0.06334413397295499
6287,0,1,0.06555659860243405
6288,0,0,0.0886380476029913
6289,1,1,0.07115885051541193
6290,0,1,0.16495574000733162
6291,1,0,0.0396498843609515
6292,0,0,0.04355950765879474
6293,0,0,0.04273388592439588
6294,0,1,0.07183815329859486
6295,0,1,0.019888804856207462
6296,0,1,0.0842877987174819
6297,1,1,0.08706022777763886
6298,0,0,0.04075178673864299
6299,0,1,0.047783657417473285
6300,0,1,0.07673846091566895
6301,0,0,0.053906489995308726
6302,0,0,-0.029663223526924187
6303,0,1,0.0523727681314448
6304,0,1,0.04940974814410587
6305,1,0,-0.017941564541125776
6306,0,0,0.09131189345372648
6307,1,0,0.036806549054511584
6308,0,0,0.08834293110536356
6309,0,1,0.05103939735305521
6310,0,0,0.10102192645892823
6311,0,1,0.07158245516822814
6312,0,0,0.01314892969903142
6313,0,1,0.06586559580308878
6314,0,0,0.06064444099294132
6315,0,0,0.10830087038277204
6316,0,1,0.04065359090893668
6317,0,1,0.05561085904154599
6318,0,1,0.08964844935041553
6319,0,1,0.018145655168618657
6320,0,1,0.08064921926678836
6321,0,1,0.06162563933569422
6322,0,1,0.08735285803957432
6323,0,1,0.07183815329859486
6324,0,1,-0.0034265025787531267
6325,0,1,0.14030335438897382
6326,0,0,0.04330723926284287
6327,0,1,0.09516520561850239
6328,1,1,0.024398866325445884
6329,0,1,0.025714521578788396
6330,0,1,0.03759584784613551
6331,1,1,0.07724793346683481
6332,1,1,0.02334813820852219
6333,0,0,0.008509660406571501
6334,0,1,-0.0031368723693293854
6335,0,1,0.08388889130366903
6336,0,0,0.07532928611749776
6337,0,1,0.08606188074718472
6338,0,1,0.08771192679892156
6339,0,0,-0.009245379803939496
6340,1,1,0.11465586136381707
6341,0,1,0.04630720912320571
6342,0,0,0.07927468900221532
6343,1,1,-0.013829910440221804
6344,0,1,0.06332501276403843
6345,0,1,0.0421793577773692
6346,0,1,0.04671361001888377
6347,1,0,0.05989436723174624
6348,0,1,0.08404352872723236
6349,0,1,0.10654268066278669
6350,1,1,-0.011834955998658414
6351,0,1,0.07347541641011968
6352,1,1,0.0765636204887646
6353,0,1,0.016852886271483708
6354,1,1,-0.003459045741651179
6355,0,1,0.027961990808765658
6356,1,1,0.07139739840973297
6357,0,1,0.04523336782236789
6358,0,1,0.08342573941729996
6359,0,1,0.08334965515371567
6360,0,0,0.05215440910521471
6361,0,1,0.06397926500125792
6362,0,1,0.06738746724070316
6363,1,1,0.0312463918060394
6364,0,0,0.08230183551100391
6365,0,0,0.2026892142119128
6366,0,1,0.06223179882334587
6367,1,1,0.09542753678201892
6368,0,1,0.11448990855297758
6369,0,1,0.05434801301849479
6370,0,1,0.05816667039014517
6371,0,1,0.014224673492092887
6372,0,1,0.06188968541079806
6373,0,0,0.015146145668859162
6374,0,0,0.056346577890070554
6375,0,1,0.038147037476182644
6376,0,1,0.08673723115637724
6377,0,0,0.08057595263419334
6378,0,1,0.03805176869370515
6379,0,0,-0.028894935786295817
6380,0,1,0.09437724461745281
6381,0,0,0.05721024584458047
6382,1,0,0.08163006113238044
6383,0,1,0.07872082100168505
6384,0,1,0.06107289895103048
6385,0,1,0.08118676111902122
6386,0,1,0.04885524938765497
6387,0,0,0.05501769065085611
6388,0,1,0.05549507086649125
6389,0,0,0.03572587982586345
6390,0,0,0.03104786008823346
6391,0,1,-0.029985054427976554
6392,0,1,0.08202237481447229
6393,0,1,0.18607372850147488
6394,1,0,0.05331734018914672
6395,0,1,0.044042819298116126
6396,0,1,0.03991447312578558
6397,0,1,0.02884562642061525
6398,0,1,0.008413907953577202
6399,1,1,0.08811008220041079
6400,0,1,0.029113644570190986
6401,0,0,0.02494349257863354
6402,0,1,0.08544492878142013
6403,0,1,0.02599207324644233
6404,0,0,0.046153739597768875
6405,0,1,0.042901471353414766
6406,1,1,0.12213803656670172
6407,0,1,0.02595087828703041
6408,0,0,0.05067043291631062
6409,0,1,0.021198547745682694
6410,1,0,0.016538412008480052
6411,0,1,0.03992543485161226
6412,0,1,0.04969094319284505
6413,1,1,0.10221574540519701
6414,0,1,0.05680883790313779
6415,0,0,0.056508277059332215
6416,1,0,0.10223254584480623
6417,0,1,0.08049551905844417
6418,0,1,0.04078278796629898
6419,1,1,0.052003603725429115
6420,0,1,0.012135484046428287
6421,1,1,0.05606582059592485
6422,1,1,0.10472941958874268
6423,0,1,0.032763558097124335
6424,1,1,0.03854473426141694
6425,0,1,-0.0014786385628404175
6426,0,1,0.05678209940873155
6427,0,1,0.033973144231616154
6428,0,1,0.06293898155582373
6429,0,0,0.04956372248623521
6430,1,0,0.019578007811451248
6431,0,1,0.0619703574869549
6432,0,1,0.053664430609981356
6433,0,0,0.05551293769853333
6434,0,0,0.0221494792050375
6435,0,0,0.051348467571437614
6436,0,1,0.10240062601368036
6437,0,1,0.04873055747158263
6438,0,1,0.05047466730149011
6439,0,0,0.07351738917354633
6440,0,1,0.1004915978334367
6441,0,0,0.045837193038940405
6442,0,1,0.16980099274651927
6443,0,1,0.1318447820014996
6444,0,1,0.11658386446886279
6445,1,1,0.09260783131479478
6446,0,1,0.02722586974461927
6447,0,1,0.1028929354810357
6448,0,0,0.050312828952741445
6449,0,1,0.11991370623472031
6450,0,1,0.05045722966175256
6451,0,1,0.08750117436466907
6452,0,1,0.053715239189449204
6453,0,0,0.06343685534438462
6454,0,0,0.133422313685733
6455,0,1,0.02610197845987497
6456,0,1,0.08151377221988874
6457,0,0,0.01642189540011782
6458,0,1,0.09087952508856686
6459,0,0,0.10735684763307551
6460,0,1,0.054380245304447024
6461,0,0,0.0413633491694933
6462,0,0,0.0507583281020445
6463,1,1,0.05273783817065039
6464,0,1,0.022292929445511367
6465,0,1,0.03793351954553362
6466,0,1,-0.005398748999279918
6467,0,1,0.0686503097049845
6468,0,1,0.08039282781634625
6469,0,0,0.10182677150994784
6470,0,1,0.021578766075099315
6471,0,0,0.08993096430826572
6472,0,0,0.0729000771582537
6473,0,0,0.061793459976407644
6474,0,1,0.03070964621412252
6475,0,1,0.05990824282903896
6476,0,0,0.05524833168998129
6477,0,1,0.07185899906476802
6478,0,1,0.07925491954263049
6479,0,0,0.0776339193052958
6480,0,0,0.0598531000783097
6481,0,1,0.01040933943524544
6482,0,0,0.03910143010212273
6483,0,1,0.07782059780766211
6484,0,1,0.03756383868676014
6485,0,1,0.06721509512544765
6486,0,1,0.1114649237068305
6487,0,1,0.08825404681081861
6488,1,1,0.0505711125859879
6489,0,0,0.06343907314481077
6490,0,1,-0.0295719633859729
6491,0,1,0.0799114551507034
6492,0,0,0.08688539020133744
6493,1,0,0.08249799470678909
6494,0,1,0.08922956046402931
6495,0,0,0.01824225492103379
6496,0,1,0.06976224391757288
6497,1,1,-0.011974143591419129
6498,0,1,0.028682852488989746
6499,0,1,0.04802581159641256
6500,0,0,0.04110817219392489
6501,0,0,0.10641192409399197
6502,0,0,0.054733588707705325
6503,0,1,0.09935779814270854
6504,0,1,0.1136531842039136
6505,0,1,0.07299641717905091
6506,0,0,0.017017735866198785
6507,0,0,-0.16465764964676635
6508,0,0,0.12142148360896046
6509,0,0,0.056940255991261776
6510,0,0,0.0756134061930532
6511,0,1,0.026929755331243227
6512,0,1,0.0595157873856086
6513,0,0,0.057988162855618
6514,0,1,0.10182677150994784
6515,0,1,0.10273955071014539
6516,0,1,0.045498886436045965
6517,0,0,-0.019960186089024057
6518,0,1,0.025714521578788396
6519,0,0,0.06312569315958663
6520,1,1,0.026897665167075452
6521,0,1,0.03921018869043884
6522,0,1,0.03404507912202828
6523,0,1,0.05469863776362714
6524,0,1,0.03504771670919374
6525,0,1,0.07932947125750703
6526,1,1,0.025898085956657824
6527,0,0,0.002138636781543135
6528,0,0,0.08212776926343358
6529,0,0,0.05400149549009556
6530,1,1,0.0595089259910819
6531,0,1,0.012142811850874347
6532,0,1,0.04220207378751287
6533,0,0,0.054224577355543424
6534,1,1,0.08347130305884329
6535,0,1,0.0649252904933979
6536,0,1,0.09461199116500493
6537,0,0,0.04019416581203841
6538,0,1,0.06802252257361957
6539,0,1,0.011012680481276835
6540,0,1,0.0967849072977843
6541,0,0,0.04449344369150593
6542,0,0,0.08427940136007561
6543,0,1,0.06504112730089343
6544,0,0,0.028075468050379096
6545,0,0,0.07084301689890815
6546,0,0,0.05196936595909699
6547,0,1,0.07461278233101579
6548,0,1,0.14100541028562205
6549,0,1,0.09222292740346139
6550,0,1,0.07975547670765576
6551,0,1,-0.0041777629831954155
6552,0,1,0.047041559218631845
6553,0,1,-0.02711858755906088
6554,0,0,0.04166358460811949
6555,0,1,0.08162680113070375
6556,0,0,0.12385368720494919
6557,0,0,0.09061908785804029
6558,0,1,0.05183079201805829
6559,0,0,0.0598531000783097
6560,0,0,0.05332454302728229
6561,0,1,0.07785615694391869
6562,0,1,0.04098267624193569
6563,1,1,0.03243482676858804
6564,0,1,0.08435162506153213
6565,0,0,0.07969262674651555
6566,0,0,0.10256699366441799
6567,0,1,0.08445492348470764
6568,0,1,-0.028366091039689567
6569,0,0,0.006900404683723382
6570,0,1,0.02922576210822561
6571,0,0,0.024317163832430377
6572,0,1,0.07397037167297602
6573,0,1,0.05355453801253955
6574,0,1,-0.06120405768705364
6575,1,1,-0.011974143591419129
6576,0,0,0.09284240484393526
6577,1,1,0.008090198589430692
6578,0,0,0.04650144432879583
6579,0,0,0.037561426544670984
6580,0,1,0.09961341809616628
6581,0,1,0.1535901612166336
6582,1,1,0.05958138608963416
6583,0,1,0.06583465211746627
6584,1,1,0.07588309089479137
6585,0,1,0.06594155470979754
6586,1,1,0.07242505744753205
6587,1,0,0.07178023354529049
6588,0,1,0.08750117436466907
6589,0,1,0.07175004640071474
6590,0,0,0.09269896972140143
6591,1,1,0.08901263513371224
6592,0,0,0.0425333748098031
6593,1,1,0.09297888371166277
6594,0,1,-0.001437896105753289
6595,0,1,-0.0004295535024187447
6596,0,0,0.033044033950800744
6597,0,1,0.06692301616089148
6598,0,1,0.060365545089703654
6599,0,1,0.0927240615467219
6600,0,0,0.03425466853457241
6601,0,0,0.07426533585022418
6602,1,1,0.08776071850746961
6603,0,1,0.07939780902637047
6604,0,0,0.0810831412944814
6605,0,0,0.058574858185255485
6606,0,1,0.03164967556076914
6607,0,0,0.07594559248286184
6608,0,0,0.026365806108238965
6609,0,1,0.04744373080278731
6610,0,1,-0.03987433518785791
6611,0,1,0.10759004624446859
6612,0,0,-0.019434682028621003
6613,0,1,0.03422564033381245
6614,1,1,-0.025641958262652753
6615,0,1,0.06754313386657593
6616,0,1,0.1542511122008614
6617,0,0,0.09173591784479582
6618,1,1,0.04083816565028536
6619,1,1,0.07061042567775991
6620,0,1,0.05913660628102313
6621,0,0,0.12372673084786022
6622,0,0,0.06571172134283583
6623,0,0,0.04005597621118839
6624,0,0,0.031729632905780014
6625,1,0,0.12632059328246187
6626,0,1,0.08775758323404423
6627,0,0,0.026230311014027702
6628,0,1,0.09272291043832147
6629,0,0,0.0792198509457318
6630,0,0,0.05904318754306587
6631,0,1,0.03265269672428785
6632,1,1,0.02078314323266575
6633,0,0,0.059655232800763555
6634,0,0,0.07033395605682441
6635,0,0,0.08999803524038774
6636,0,0,0.045373395709486855
6637,0,1,0.10801726634959195
6638,0,1,0.01765900297600026
6639,0,1,-0.032036640365605495
6640,0,1,0.04284912285425804
6641,0,0,0.04386435371072274
6642,0,1,0.050645467129895816
6643,0,1,0.0739158334090623
6644,0,0,0.04735556395284052
6645,0,1,0.0611838804560198
6646,0,1,0.07158876061866319
6647,0,1,0.0677368463948321
6648,0,1,0.03813380366931324
6649,0,1,0.1385690861875386
6650,0,0,0.15804531695596458
6651,0,1,-0.0008904692198183906
6652,0,1,0.07215895151836207
6653,0,1,0.09942421409003119
6654,0,1,0.057599405325238356
6655,1,1,0.0020356565286799577
6656,0,1,0.12714096854544155
6657,1,1,0.0767473526348004
6658,0,1,0.03889263017194383
6659,0,1,0.05522872420147812
6660,0,1,-0.009521538666149465
6661,0,1,0.0945566522899539
6662,0,1,0.04936065394039857
6663,1,0,0.04681166555356736
6664,0,1,0.048899814710910094
6665,0,1,0.03536476907929503
6666,0,1,0.09061908785804029
6667,0,1,0.06926202431267975
6668,0,1,0.04761971668012058
6669,0,1,0.050387636921222376
6670,0,1,0.06139204493896282
6671,0,1,0.09148398022388861
6672,0,0,0.09062149032990609
6673,0,1,0.04015598549470625
6674,0,0,0.07086606545317861
6675,0,1,0.0538265567921498
6676,0,0,0.10778335031347368
6677,0,0,0.04353581908747492
6678,1,1,0.12399753912656336
6679,0,0,0.12187760938438058
6680,0,1,0.07993796372783918
6681,0,0,0.022275270510648253
6682,0,1,0.046830865884972414
6683,0,1,0.07416780538478826
6684,0,1,0.05298997504259892
6685,0,1,0.04380792167897659
6686,0,0,0.019768007092674372
6687,0,1,0.04079994822244787
6688,0,1,0.09235290856016648
6689,0,1,0.04273001614802302
6690,0,0,0.02541108832010111
6691,0,0,0.0387147079173563
6692,0,0,0.04733215686637483
6693,0,0,0.08715075481640483
6694,0,1,0.04146139018833878
6695,0,1,0.0700857951871978
6696,0,1,0.09560674934424598
6697,0,0,0.045708249500850215
6698,0,1,0.08702841505413225
6699,0,0,0.024530855877791163
6700,0,1,0.08175821294228561
6701,0,1,0.05676493366234672
6702,0,1,-0.0006994793901252683
6703,0,0,0.13149595461531802
6704,1,1,0.10087897006514919
6705,0,0,0.032763558097124335
6706,0,0,0.021947194301412357
6707,0,0,0.0545601848390069
6708,1,0,0.09167101657920727
6709,0,1,0.0982831408675175
6710,0,0,0.07883781260781984
6711,0,1,-0.004793940837025279
6712,0,0,0.08693880487535664
6713,0,1,0.0991302898522867
6714,0,0,0.10304892235616923
6715,0,0,0.02203175909056196
6716,0,1,0.1096929766247673
6717,0,1,0.021952299607260306
6718,0,1,0.0730683866843129
6719,0,1,0.019888499449726718
6720,0,1,0.039382294867266354
6721,0,0,0.023658840737666303
6722,0,0,0.08145107669435384
6723,0,1,0.031761368028139975
6724,1,1,0.10267747066585035
6725,0,1,0.05197445272704976
6726,0,0,0.07580769064469127
6727,0,0,0.06551139587174609
6728,0,0,0.05592394977337323
6729,1,1,0.051086798883959374
6730,0,0,0.07804912849413906
6731,0,1,0.03667590696505413
6732,0,0,0.026964137263413707
6733,0,0,0.11517281201430052
6734,0,0,-0.012204680471640361
6735,0,1,0.10386747724116424
6736,0,1,0.08955744122750679
6737,0,0,0.06117760705132812
6738,1,1,0.07432377864715806
6739,0,1,0.004211652520568626
6740,0,0,0.07026542948462369
6741,1,1,0.04092980013053796
6742,0,0,0.07624682368884617
6743,0,1,0.05067903350631685
6744,0,1,0.08724226342805907
6745,0,1,0.006147194453572535
6746,0,0,0.08320695445728382
6747,0,0,0.25487022262121944
6748,0,1,0.1254936412765841
6749,1,1,0.03023960410830387
6750,0,1,0.05809182076613936
6751,0,1,0.09145673044067625
6752,0,1,-0.01036460121687005
6753,0,1,0.06669781097109877
6754,0,1,0.12389252081850055
6755,0,1,0.11623142545478603
6756,0,0,0.11605714754842483
6757,1,0,0.05086944091122188
6758,0,0,0.10571673401588705
6759,0,1,0.07540339486163211
6760,0,0,0.02698707718519855
6761,1,1,0.07957273339601767
6762,0,0,0.10601877109402308
6763,0,1,0.08343679220601041
6764,0,0,0.07066901791399462
6765,0,0,0.111485731473496
6766,1,0,0.04532648266782277
6767,0,1,0.06555659860243405
6768,0,1,0.05548584100003684
6769,0,1,0.07153869231795262
6770,0,1,0.07650624754042853
6771,0,0,0.021070277475788407
6772,0,0,0.06220444488198455
6773,1,1,0.04699616272512799
6774,0,1,0.06906115176598132
6775,0,1,0.09700591489000175
6776,0,1,0.04437287542864815
6777,0,0,0.029385354962865054
6778,0,1,0.09197313160668744
6779,1,1,0.11244675539512834
6780,0,1,0.0341422721034806
6781,0,0,0.021609596601402395
6782,1,1,0.01642102726176159
6783,0,0,0.030036004714206796
6784,0,0,0.07158245516822814
6785,0,1,0.085744893458669
6786,0,1,0.09154737628562401
6787,0,0,0.13856964311695444
6788,0,0,0.07150513762259031
6789,1,1,0.03332102566293871
6790,0,1,0.10013681887703324
6791,0,1,0.0742897030672712
6792,0,0,0.06589941376825138
6793,0,1,0.04718537211897744
6794,0,1,0.06823418279689514
6795,0,1,-0.014430534617849627
6796,0,1,-0.004772109979341382
6797,0,1,0.030392319273216034
6798,0,1,-0.07392975593954565
6799,0,1,0.07443643409669436
6800,0,1,0.05685012975151149
6801,0,1,0.07499840832550898
6802,0,1,0.0974384596573199
6803,0,0,0.026979647331695278
6804,0,1,-0.060951588879817165
6805,0,0,-0.017473044395265827
6806,0,1,-0.010798991937269575
6807,0,0,0.04410123911673919
6808,0,1,0.04078601603696039
6809,0,1,0.03810133176998076
6810,1,1,0.07914419311296315
6811,0,1,0.0701193267005264
6812,0,1,0.09076802973909462
6813,0,1,0.10077460839692187
6814,1,1,0.050970683846753684
6815,0,0,0.04651370624157894
6816,0,1,0.174114344895242
6817,0,0,0.08211197545949339
6818,0,0,-0.025766513749005765
6819,0,1,0.15415306494057307
6820,0,0,0.05829232280418983
6821,0,0,0.054461303885664475
6822,1,1,0.005036619074086757
6823,0,0,0.11320159718920093
6824,1,1,-0.0007105937078775992
6825,0,1,0.08157207599547452
6826,0,1,0.062089803156363976
6827,0,1,0.048188356830019125
6828,1,1,0.06292991584605401
6829,0,0,0.08504732956473599
6830,0,1,0.07200899162924936
6831,0,1,0.06367201190949154
6832,0,1,0.09081181072008751
6833,0,1,0.032671458624092334
6834,0,0,0.04422150950524992
6835,0,1,0.0912299506970782
6836,0,0,0.050580309208532626
6837,0,1,0.0688624180065397
6838,0,1,0.15278091428299292
6839,0,0,0.04755928020175973
6840,0,0,0.08319283456834237
6841,0,0,0.07288062865113479
6842,0,1,0.08383656491262294
6843,0,1,0.06348743512001137
6844,0,0,0.07567316110838808
6845,0,0,0.0398437839498158
6846,0,1,0.08422988566325522
6847,0,1,0.04187365943625673
6848,0,1,0.08165884992193735
6849,0,1,0.08324277826197433
6850,0,1,0.06623187494852069
6851,1,1,0.053690876569121
6852,1,1,0.04934822523093643
6853,0,1,0.0854514075584243
6854,0,1,0.06648819448435246
6855,0,0,0.08226155385455029
6856,0,1,0.08411002476430293
6857,0,1,0.019578007811451248
6858,0,1,0.09507406200277935
6859,1,1,-0.00983698252301557
6860,0,1,0.07760018721471999
6861,0,1,0.041797112397700786
6862,0,1,0.04315540681474196
6863,1,0,0.033378697550724507
6864,0,1,0.03923102422304854
6865,0,0,0.06858489190112153
6866,0,0,0.04919538777671523
6867,0,0,0.07520799757717428
6868,0,0,0.02488165533185037
6869,0,1,0.025714521578788396
6870,0,0,0.058777888586534155
6871,0,1,0.06401533645319243
6872,0,0,0.08383834935519836
6873,0,1,0.06940908256183949
6874,0,1,0.05283759397419524
6875,0,0,0.08018936264598313
6876,0,1,0.06295266518910117
6877,0,0,0.06676622138661492
6878,0,1,0.08907494575942815
6879,1,1,0.056713294160431776
6880,0,1,0.06621115336079939
6881,0,1,0.09306629957121644
6882,0,1,0.06071256517891195
6883,1,0,0.06733539511098222
6884,0,1,0.04355950765879474
6885,0,1,0.024383352703476316
6886,0,0,0.0966908817694474
6887,0,1,0.055731506263547295
6888,0,0,0.0750038209823699
6889,0,1,0.04010482695724005
6890,0,1,0.03259423044652776
6891,0,0,0.019786555180748552
6892,1,1,0.09031584842121583
6893,1,0,0.09195696710966006
6894,0,1,0.0862455034286434
6895,0,1,0.12809124430351976
6896,0,1,0.06092156140941507
6897,0,0,0.041273845096184085
6898,0,1,0.08994372319845581
6899,0,0,0.045078374418295084
6900,0,1,0.10346481987762685
6901,0,1,0.11963746881635176
6902,0,0,0.049509529515751494
6903,0,1,0.05375321314009135
6904,0,1,0.05175161985585908
6905,0,1,0.024078470577299976
6906,1,1,0.10644820788789225
6907,1,0,0.09597926483049651
6908,1,1,0.03640805645027434
6909,1,0,0.08076315053969128
6910,0,0,0.050337381775875475
6911,0,1,0.08469385838315661
6912,0,1,0.080319340659084
6913,0,1,0.03368807241463519
6914,0,0,0.12083323570814514
6915,0,1,0.10115795970950034
6916,0,1,0.06134215090013863
6917,0,0,0.03725662062204027
6918,0,0,0.05082481382786513
6919,0,0,0.06617051804557461
6920,0,0,0.052566203124177285
6921,0,1,0.10340702361675644
6922,0,1,0.06383701808296885
6923,0,1,0.04975991146664807
6924,0,1,0.13570486203691828
6925,0,1,0.049596232186362
6926,0,1,0.08249799470678909
6927,0,1,0.0772904423652335
6928,0,1,0.08896969441164856
6929,1,0,0.07177557613394633
6930,0,1,0.048271228681125
6931,0,0,0.036195734354178014
6932,0,0,0.07017425875002288
6933,0,1,0.0739423499013055
6934,0,0,0.08452365159538666
6935,0,0,0.09326908860621262
6936,1,1,0.062065905144923994
6937,0,1,0.0997336944120703
6938,0,1,0.041068089037636854
6939,0,1,0.05037164824174831
6940,0,1,-0.007760777890477577
6941,0,1,0.08239127655912024
6942,0,0,0.0673714578208084
6943,0,0,0.03600277660063407
6944,0,1,0.09314805077604177
6945,0,1,0.051524335486339376
6946,0,1,0.08688539020133744
6947,0,0,-0.003777803755268566
6948,1,0,0.09516114747241597
6949,0,0,0.0787850478877666
6950,0,0,0.06267890080596275
6951,0,0,0.08229234145044101
6952,1,1,0.04506195744560568
6953,0,0,0.05772451948549884
6954,0,1,0.07058245277058041
6955,1,1,0.05818414618997364
6956,0,1,0.037320090111492024
6957,0,1,0.08931853831341749
6958,0,1,0.058383519484747626
6959,0,1,0.03773615142725084
6960,0,0,0.022457723389592982
6961,0,1,0.07519270820129567
6962,0,0,0.038800533413667126
6963,0,0,0.08646007448950088
6964,0,1,0.04976875651083418
6965,0,1,0.08220910397568176
6966,0,0,0.045699583972587235
6967,0,0,0.09431466148218051
6968,0,1,0.10514310075196515
6969,0,1,0.1268584622465265
6970,0,1,0.08577309904064197
6971,1,1,0.07626553484134185
6972,0,0,0.07676711155412172
6973,0,0,0.07733077139269585
6974,1,1,0.05143400045427125
6975,0,1,0.11395342571518609
6976,1,0,-0.013840561930183792
6977,0,0,0.04164800621997211
6978,0,1,0.07761078392253112
6979,1,1,0.06573165395963966
6980,0,1,0.0752885145534593
6981,0,0,0.04525366819291039
6982,0,0,0.06548897572891552
6983,0,0,0.08028962426409568
6984,1,1,0.10373202752058214
6985,0,1,0.07513631287544845
6986,0,1,0.02957955084446924
6987,0,1,0.03439779183219094
6988,0,1,0.0755880502482379
6989,0,1,0.034707685126882076
6990,0,1,0.042270497831810416
6991,0,0,0.06475576074633774
6992,0,1,0.0603746503071239
6993,0,1,0.04327316417360792
6994,0,1,0.05545244148824943
6995,0,1,0.06933662394906098
6996,0,1,0.05709599027063883
6997,0,0,0.044706454778288024
6998,0,1,0.04978557076413316
6999,0,1,0.08633320940872569
7000,0,0,0.053051915426523585
7001,0,0,0.00016156100393591166
7002,0,1,0.05506915897348602
7003,0,1,0.0003441937960022845
7004,0,1,0.07396316846475623
7005,0,0,0.06777680462264264
7006,0,1,0.12576837623020856
7007,0,0,0.08381154408580013
7008,0,0,0.03437268155590917
7009,0,1,0.09794934174607094
7010,0,1,0.06885123944382159
7011,1,1,0.13263406856485388
7012,0,0,0.09960659582219081
7013,0,1,0.049040885419333435
7014,0,1,0.03904738907216076
7015,0,0,0.06616507159250712
7016,0,0,0.09202779074414169
7017,0,0,0.08955219404750207
7018,0,1,0.025993468766228378
7019,0,1,0.05910919733936963
7020,1,1,0.044165843123782314
7021,0,1,0.04959844402471911
7022,1,1,0.0824710119792813
7023,0,1,0.051992709934111536
7024,0,1,0.07065783068715001
7025,0,1,0.05613620462928684
7026,0,1,0.07490986403152758
7027,0,1,0.032911600662620236
7028,0,1,0.07340199195520739
7029,1,1,0.07911453568348999
7030,0,1,0.08456208228022857
7031,0,0,0.05368538445745223
7032,0,0,0.0447511196969122
7033,0,0,0.043828152069706874
7034,0,1,0.07796038295299809
7035,0,1,0.05122013896492489
7036,0,1,0.05717459500451877
7037,0,0,0.02040845314128975
7038,1,1,0.06420087510175947
7039,0,1,0.0776546239858863
7040,0,0,0.104039263194669
7041,0,1,0.07730985729813655
7042,0,1,0.08703073201594375
7043,0,1,0.04872048316352835
7044,0,1,0.05505660676719154
7045,0,0,0.04247653588310091
7046,0,1,0.014149454328535954
7047,0,1,0.04989390667968009
7048,0,1,0.07661042749931854
7049,0,1,0.08326598655051642
7050,0,1,0.07514752654214202
7051,0,0,0.0317712890422909
7052,0,1,0.06869008278316437
7053,0,1,0.08738560759472365
7054,1,1,0.06337880085475692
7055,0,1,0.12416061006723773
7056,0,0,0.04975991146664807
7057,0,1,0.06175901918897474
7058,0,1,0.012807764698504018
7059,1,0,0.007543604481992122
7060,0,1,0.08026864241448263
7061,0,1,0.06472178426234411
7062,0,1,0.029782139102830285
7063,0,1,0.05871543788853208
7064,0,1,0.028690255813158316
7065,1,1,0.08379412606184297
7066,0,0,0.06207280564015992
7067,1,1,0.05821286077247814
7068,1,1,0.053678845386006604
7069,0,1,0.04680847597194711
7070,0,1,0.11711386941825029
7071,1,1,0.0415469726273571
7072,0,1,0.07831867946153905
7073,0,1,0.16134245078897103
7074,0,1,0.02224515209303038
7075,0,0,0.06762173707070449
7076,0,1,0.08460948735036537
7077,1,1,0.029034230159418334
7078,0,1,0.03322278786583803
7079,0,1,0.04612187546463872
7080,0,1,0.10888137623272047
7081,0,0,0.017465629744476935
7082,0,1,0.00916393496989898
7083,1,1,0.023123815836470496
7084,0,1,0.022057223586206237
7085,0,1,0.041273845096184085
7086,0,1,0.08854993737134279
7087,0,1,0.010666141528285433
7088,1,1,0.06890345104317658
7089,1,1,0.07731102924936707
7090,0,1,0.05622233397604562
7091,0,0,0.10035926461715207
7092,0,1,0.08867855273232886
7093,0,0,0.08859820155934633
7094,0,1,0.0726184857711179
7095,0,1,0.06758892014238452
7096,0,1,0.037766749539402074
7097,1,0,0.026923142929547228
7098,1,0,0.10712443340272632
7099,0,1,0.08363923965773373
7100,1,1,-0.01730744228599268
7101,1,1,0.07385291075071981
7102,0,0,0.07327179362074729
7103,1,1,0.025134898346058726
7104,0,1,0.06362199815130073
7105,1,1,0.061172421021423826
7106,1,1,0.1050217348506564
7107,0,1,0.08587546713575597
7108,0,1,0.04394908129509102
7109,0,0,0.08538985236573253
7110,1,1,0.06516715393636809
7111,0,1,0.03355493472500448
7112,0,1,0.08696274872295283
7113,0,0,0.05425233571784438
7114,0,0,0.07984572054288765
7115,1,0,0.07951439923723679
7116,0,1,0.062270913917552115
7117,0,1,0.08661013701030089
7118,0,0,0.06866245862719107
7119,1,1,0.08724139239889168
7120,1,1,0.0032575807303925897
7121,0,0,0.0456992731488467
7122,0,1,0.06856851610203707
7123,0,1,0.0864636634393265
7124,0,1,0.04178792336138851
7125,0,1,0.06941190484308385
7126,0,0,0.08954225957865458
7127,1,1,-0.024539423046216702
7128,1,1,0.10289326261147039
7129,0,1,0.18249746884371212
7130,0,1,0.018584071503138844
7131,0,0,0.05317032481507826
7132,0,1,0.04032978840511185
7133,0,1,0.03093677510661215
7134,0,0,0.07530100323112929
7135,1,1,0.04333409664799383
7136,0,0,0.04410058366368118
7137,1,1,0.0490023573304503
7138,0,1,0.039909008768978474
7139,0,1,-0.06863633585080306
7140,0,0,0.050318936470778494
7141,0,1,0.07158245516822814
7142,1,1,0.09243830809920242
7143,1,0,0.035281892041071655
7144,0,0,0.07483570836748947
7145,0,1,0.04594019346645503
7146,0,1,0.07513126741245992
7147,1,1,-0.004129222722334125
7148,0,1,0.08386385146649836
7149,0,0,0.06146625608519572
7150,0,1,0.0002422706250812534
7151,0,1,0.032020381607602136
7152,0,1,0.0640020795340357
7153,0,1,0.016828151317062057
7154,0,1,0.06256975900631331
7155,0,1,0.015639984637258464
7156,1,1,0.06290692011186763
7157,0,0,-0.016684967681138835
7158,0,1,0.06061748301644815
7159,0,1,0.06187247611389571
7160,0,1,0.06859161190096681
7161,0,0,0.05209690235360387
7162,1,1,0.040131947514544186
7163,1,1,0.06665170388845437
7164,0,1,0.06153323135292747
7165,0,1,0.032662621055710106
7166,0,1,0.035562975710374964
7167,0,1,-0.0344788857642766
7168,0,1,0.07805665708812023
7169,1,1,0.0995086573121517
7170,0,0,0.023945542011931956
7171,0,1,0.10945180697414299
7172,1,1,0.07075851278683258
7173,0,1,0.08558598028123536
7174,0,0,0.08045596694231244
7175,0,0,0.06864482200497676
7176,1,0,0.049215320045403715
7177,1,0,0.06137644060578233
7178,0,0,0.0411140071309154
7179,0,1,0.03793824657625024
7180,0,1,0.22197440481599667
7181,0,1,0.06136999677846356
7182,0,1,0.0658288089190458
7183,0,1,0.06314758058856365
7184,0,0,0.06589389581313618
7185,0,1,0.09298066990843853
7186,0,1,0.09941329941673338
7187,0,0,0.07443643409669436
7188,0,1,0.1091808267535683
7189,0,1,-0.028866058398325734
7190,1,1,0.10086044857054122
7191,0,0,0.003071953255829374
7192,0,0,0.0830466950967758
7193,0,1,0.056631975919184174
7194,0,0,0.08346288416770635
7195,1,1,0.014219543750457309
7196,0,1,0.08533324883077545
7197,1,1,0.059927371613231445
7198,0,1,0.042156478162705874
7199,0,1,0.05353127741097265
7200,0,1,0.03989985912200031
7201,0,1,0.005017823399968535
7202,0,1,0.07468597058030771
7203,1,1,0.06504213011438485
7204,0,1,0.04242740756538406
7205,0,1,0.06084383086626832
7206,0,0,0.08278353299974009
7207,0,1,-0.01290850765821544
7208,0,0,0.07192916218963796
7209,0,1,0.003143952814267964
7210,0,0,0.020292787085159164
7211,0,0,0.06302608477836025
7212,0,0,0.0576836527139907
7213,0,1,0.05111281010253768
7214,0,0,0.018089461168141224
7215,0,0,0.039150674410188435
7216,0,1,0.09117460136480394
7217,0,1,0.06280137613466485
7218,0,1,0.07683233596780688
7219,0,1,0.06774858252937188
7220,1,0,0.038257327324551366
7221,1,1,0.07768173594031041
7222,0,1,0.08475976542777466
7223,0,0,0.07957273339601767
7224,0,1,0.09906532985116459
7225,0,1,0.09849881288111996
7226,1,1,-0.012320838320994204
7227,1,1,0.0536360381809427
7228,0,1,0.08728288353468372
7229,0,1,0.05053714064193035
7230,0,1,0.04893466836126183
7231,1,1,0.11827705882693462
7232,0,1,0.10148979903633887
7233,0,0,0.20080953177060482
7234,0,1,0.05372402436948781
7235,0,0,0.068328279614914
7236,0,0,0.07119105798335569
7237,0,0,0.09363993891523559
7238,0,1,0.06251214202152686
7239,0,1,-0.01443138662182765
7240,1,0,0.0433047413413436
7241,0,1,-0.018272725440297233
7242,0,1,0.02968001428304118
7243,0,1,0.07943040328457512
7244,0,0,0.03404507912202828
7245,0,1,0.09285792236968247
7246,0,1,0.0871933895318743
7247,0,1,-0.052947934375882424
7248,0,1,0.1388392124932446
7249,0,1,0.11674066605228935
7250,0,1,0.0708942373644986
7251,0,1,0.08330578774689713
7252,0,0,0.07994319149091397
7253,0,1,0.05809173912561082
7254,0,1,0.04890317252640497
7255,0,1,0.041041546747015045
7256,1,1,0.02425673790697891
7257,0,1,0.08525979828791247
7258,0,1,0.08150749564567634
7259,0,1,0.07779428366730057
7260,0,1,0.08175821294228561
7261,0,0,0.06876486837288699
7262,0,1,0.02626150310461786
7263,0,0,0.06573165395963966
7264,0,1,0.0824588375103801
7265,0,1,0.06259934943008777
7266,0,0,0.023454878309675048
7267,0,1,-0.004576123730873016
7268,1,1,0.12651043289932198
7269,0,1,0.049120374969042986
7270,0,0,0.06297553152561046
7271,1,1,0.05229452205614213
7272,0,1,0.11375736429686742
7273,0,0,-0.021906808274025164
7274,0,1,0.051189623418004426
7275,0,1,0.024250461027094272
7276,0,1,0.04075178673864299
7277,0,1,0.05602462892469873
7278,0,1,0.04431995123740842
7279,0,1,0.10013006504057081
7280,0,0,0.10124638298066733
7281,0,1,0.03901071466050571
7282,0,1,0.032421500250992
7283,0,1,0.10050259178437032
7284,0,1,0.031130730634442452
7285,0,1,0.04309269286219583
7286,0,1,-0.024694768806868828
7287,0,1,0.021698009859181355
7288,0,1,0.09201890417557174
7289,0,1,0.03193228412172805
7290,0,1,0.12884840375817624
7291,0,1,0.04975991146664807
7292,0,1,0.11537578151047319
7293,0,0,-0.005353469997001564
7294,0,0,0.09340380579699104
7295,0,1,0.0582724460448686
7296,0,1,0.061148046192455605
7297,0,1,0.016538412008480052
7298,1,1,0.06268775410785014
7299,0,0,0.031124854773088156
7300,0,1,0.09216202598023798
7301,0,1,0.08229064298194103
7302,1,0,0.07202038263806929
7303,0,0,0.08679941820121255
7304,0,1,0.09306583151147513
7305,0,0,0.0964722101146925
7306,0,1,0.12484183586231093
7307,0,0,0.06151802919622456
7308,0,1,0.03588613824389264
7309,0,1,0.03889329790795337
7310,0,1,0.048091865498350386
7311,0,1,0.02052033764209693
7312,0,1,0.06935620444016476
7313,0,1,0.08304265115009608
7314,0,1,0.10996154063512792
7315,1,1,0.08793878379325938
7316,0,0,0.09957486472924885
7317,0,1,0.02907202166561343
7318,0,0,0.06251214202152686
7319,0,1,0.09226482228101597
7320,1,0,0.10580156549898052
7321,0,0,0.06261228846951888
7322,0,1,0.11268334687285583
7323,0,1,0.007784825472811341
7324,1,1,0.07447298614720255
7325,0,0,-0.02924654287641615
7326,1,1,0.0415469726273571
7327,0,1,0.07486587680164378
7328,0,0,0.043302045731707456
7329,0,1,0.08161591037925628
7330,0,1,0.04609446537963441
7331,0,0,0.0651598422575323
7332,0,0,0.03366855707413798
7333,1,0,0.05706268019190175
7334,0,1,0.06623357696013689
7335,0,0,0.052264107003116025
7336,0,0,0.06333189195209113
7337,0,0,-0.0021492922500814665
7338,0,1,0.036441837928575055
7339,0,1,0.06344328481628356
7340,0,1,0.07250724627943739
7341,0,0,-0.03658522813056303
7342,0,1,0.08701820583560672
7343,0,1,0.028767169747165852
7344,1,1,0.07500447704895333
7345,0,1,0.07275544469087843
7346,1,1,0.09299510081843634
7347,0,1,0.08949652729178821
7348,0,0,0.05186113843597834
7349,0,1,0.08465004549198372
7350,0,0,0.053981513480965415
7351,0,1,0.07549468498788117
7352,0,1,0.07463813111378656
7353,0,0,0.05167532499947322
7354,0,0,0.04467940078438562
7355,0,1,-0.015790574654226203
7356,0,1,0.09575576720938223
7357,1,1,0.01336556825277288
7358,0,0,0.09696813121061242
7359,0,0,0.06896542696162573
7360,1,1,0.0967808993705212
7361,0,1,0.0785407986659244
7362,0,1,0.0500994438602763
7363,0,0,0.03316822114404164
7364,0,1,0.061374259063616904
7365,0,0,0.06246454217334001
7366,0,0,0.03916192254940922
7367,0,1,0.07861533143321012
7368,0,1,0.10256699366441799
7369,0,1,0.04428551539134784
7370,0,0,0.03600059138579005
7371,0,1,0.0815970282951311
7372,0,0,0.03492750442057874
7373,0,1,0.08145695477011282
7374,0,1,0.11775260520692409
7375,0,1,0.06640374683185066
7376,0,0,0.04208033648234506
7377,0,1,0.10610209236140085
7378,0,0,0.09768646829377063
7379,0,0,0.054143738854110945
7380,0,0,0.03288839914029973
7381,0,1,0.036550683333115286
7382,0,0,0.06325067592931669
7383,0,1,0.0681290814368031
7384,0,1,0.06251214202152686
7385,0,0,0.12142517085630565
7386,0,1,0.06236259606790878
7387,0,0,0.07724437382682695
7388,0,1,0.010197521927054726
7389,0,1,0.03739010914441865
7390,1,1,0.06309772606385966
7391,1,1,-0.0030147071378394674
7392,0,0,0.09750989597208318
7393,0,1,0.029321991290191446
7394,1,0,0.06584905613043428
7395,0,1,-0.04777564874466422
7396,0,1,0.0835015027239113
7397,1,1,0.060690885220445245
7398,0,0,0.051296560689820164
7399,0,1,0.037014958618351745
7400,1,1,0.08270842062494092
7401,0,0,0.05717237433225105
7402,1,1,0.11455474272048194
7403,0,1,0.13164170195740726
7404,0,1,0.01734852192344366
7405,0,0,0.04733215686637483
7406,0,0,0.05267374074656431
7407,0,0,0.08229064298194103
7408,0,0,0.06643576674729605
7409,0,1,0.041217730065714026
7410,0,1,0.03461535579111133
7411,0,0,0.09016375052731979
7412,0,0,0.0755789158815738
7413,0,0,0.03352294310161087
7414,0,1,0.047734741253952925
7415,0,1,0.11010544563543084
7416,0,0,-0.10018530036933065
7417,0,0,0.07269635450191345
7418,0,0,0.020108530020137877
7419,0,1,0.02852873483325824
7420,1,1,0.07008295941865354
7421,1,0,0.0568436555818579
7422,1,1,0.0912684720816878
7423,0,1,0.08776982881423293
7424,0,0,0.048235009920692226
7425,0,1,0.06364413781029399
7426,0,0,0.04411860799666239
7427,0,1,0.00931897773075388
7428,0,1,0.047116889615828994
7429,1,1,0.05566137773569137
7430,0,1,0.11118339287413724
7431,0,0,0.05223230787732433
7432,0,0,0.16256328380314203
7433,1,1,0.026205026034727547
7434,0,0,0.03749989369300599
7435,0,1,0.043036705133943864
7436,0,0,0.008640173848630472
7437,0,0,0.08152712387056733
7438,0,0,0.09272823100238747
7439,0,1,0.08005527791325227
7440,0,1,0.0075012667045430415
7441,0,1,0.0640346785843063
7442,0,0,0.09871188955124005
7443,0,1,0.06815255576825408
7444,0,1,0.017101799343342383
7445,1,1,0.037929343113943456
7446,0,1,0.04922256097064731
7447,0,1,0.05712670271066436
7448,0,1,0.13175534557002333
7449,0,0,0.09022235940432535
7450,1,1,0.0777014251058672
7451,1,1,0.0135624549145833
7452,0,0,0.07971000423532307
7453,0,1,0.10146939347518694
7454,0,0,0.08242543763231899
7455,0,1,0.004211652520568626
7456,0,1,0.0507959575326451
7457,0,0,0.06029062161753923
7458,0,1,0.041233310220600464
7459,0,1,0.11934849070626474
7460,0,0,0.05721297946063064
7461,0,1,0.1002694623675177
7462,1,1,0.11572542093377922
7463,0,1,0.09026762227651791
7464,0,1,0.0394188488262949
7465,1,1,0.08492577517694107
7466,0,1,-0.0012501575483876426
7467,0,1,0.0777039811447786
7468,0,0,0.0030846289793032555
7469,0,0,0.061355427326340084
7470,0,0,0.08570905547649146
7471,0,1,0.08010646228775814
7472,0,1,0.10659609304893033
7473,1,0,0.03235133186302258
7474,1,0,0.021551991731969256
7475,0,1,0.056150863044614946
7476,0,0,0.07150513762259031
7477,0,1,0.05167043770420007
7478,1,1,0.04925543199319056
7479,1,1,0.12527340953871596
7480,0,1,0.09061908785804029
7481,1,1,0.03657077336566347
7482,0,1,0.031284450501177063
7483,0,1,0.050861645192397636
7484,1,1,0.08473651221884293
7485,1,1,0.10274834479321399
7486,0,1,0.047770648607213445
7487,1,1,-0.03246955544367261
7488,1,1,0.05739561151436384
7489,0,1,0.06750452233486792
7490,0,1,0.10056170193049487
7491,1,1,0.050482726716366166
7492,0,0,0.015599560633259818
7493,1,1,-0.040069830628619685
7494,0,1,0.07660381173834171
7495,0,1,0.06591145930489442
7496,0,0,0.06478379044635957
7497,0,1,0.053885551586408204
7498,0,1,0.0863620524330052
7499,0,1,0.06552437412317572
7500,0,1,0.02697029737906595
7501,0,1,0.08813926107319398
7502,0,1,0.02041936031191155
7503,0,0,0.04226730562848807
7504,0,0,0.08239197363943965
7505,0,0,0.10574413530281704
7506,0,0,-0.01097354684148133
7507,0,0,0.07596626704062147
7508,0,1,0.11910418242519649
7509,0,1,0.06760171907750767
7510,1,1,0.047832726546504306
7511,0,1,0.017437721449159588
7512,0,0,0.053725220220505764
7513,0,0,0.07402135188551594
7514,0,1,0.050536713750028994
7515,0,1,0.08242587743329427
7516,0,0,0.0573310866958463
7517,0,1,0.07641176272449685
7518,0,1,0.0733981290581614
7519,0,1,0.04523336782236789
7520,0,0,0.05378738924887046
7521,0,1,0.106076564598168
7522,0,1,0.05717237433225105
7523,0,1,0.07447174533009322
7524,0,1,0.13153683867359775
7525,1,0,0.1182441812110153
7526,0,1,0.12857313245521756
7527,0,0,0.06269589974033873
7528,0,1,0.08759532847039449
7529,0,1,0.08649164134914447
7530,0,1,0.0805903702133124
7531,0,0,0.032421500250992
7532,1,0,0.21692187863914128
7533,0,1,0.07139424330700386
7534,0,1,0.07550412448234194
7535,0,1,0.047637216084374004
7536,1,1,0.12591822660947527
7537,1,1,0.0548135110178751
7538,0,1,0.15268520482530284
7539,0,0,-0.02192418090692627
7540,0,1,0.06558191810401438
7541,1,1,0.08664568041836007
7542,0,0,0.02004906822417457
7543,0,1,0.07439466933303089
7544,0,1,0.11618425415114136
7545,0,1,0.05836965147214332
7546,0,1,0.03552030284423019
7547,0,0,0.09395865818410341
7548,0,0,-0.03546822031650862
7549,0,1,0.03230757320044744
7550,0,0,0.055614189257196536
7551,0,1,0.07819302510698012
7552,0,1,0.060859631923274274
7553,0,1,0.1393183448645416
7554,0,0,0.056013326950581144
7555,0,1,0.0063155923548365855
7556,0,0,0.11377106621920904
7557,0,1,0.11374277547445318
7558,0,1,0.08325805728454826
7559,1,0,0.043564515707390436
7560,0,0,0.13625940018311755
7561,1,1,0.08302099494037825
7562,0,1,0.0815668422554669
7563,0,1,0.0818606797016966
7564,0,1,0.10088372009993912
7565,0,1,0.07673071075718657
7566,0,0,0.09431466148218051
7567,0,0,0.08520229495465934
7568,0,0,0.07724670250200802
7569,0,1,0.07086580191372303
7570,0,0,0.04178792336138851
7571,1,0,0.037512324520839135
7572,1,1,0.03816324111848947
7573,0,1,0.11278480532571802
7574,0,0,0.018653313069628488
7575,0,1,0.08144826663942312
7576,0,1,0.03113173359632722
7577,1,0,0.06921833065657672
7578,0,1,0.012775107867741886
7579,0,1,0.07268905794827817
7580,0,1,0.06739637633689957
7581,0,0,0.1769963424169134
7582,0,1,0.0786257672836518
7583,0,0,0.04727012851113327
7584,0,1,0.08051122685464754
7585,0,0,0.05505660676719154
7586,1,1,0.09833233991544331
7587,0,1,0.053837588959483124
7588,0,1,0.11257773434888846
7589,0,1,0.13357738915092374
7590,0,1,0.09591315161200238
7591,0,1,0.052782890677790684
7592,0,1,0.07934852840050405
7593,0,1,0.016909478394980706
7594,0,1,0.049875350829806084
7595,0,0,0.06058064967616583
7596,0,1,0.038126168721558246
7597,0,1,0.09560996809782746
7598,0,0,0.03802420226416107
7599,0,0,0.08876853287857847
7600,0,0,0.04077903106881109
7601,0,1,0.06381479410204641
7602,0,1,0.10298536800902632
7603,1,1,0.058735665003769505
7604,1,1,0.13806175323759887
7605,0,1,0.02849788946004722
7606,0,0,0.053409029068297156
7607,0,1,0.1054067158635933
7608,0,0,0.07957273339601767
7609,0,1,0.04696480821861625
7610,0,1,0.09958531594192191
7611,0,1,0.06033645253377898
7612,1,0,0.048122860170091306
7613,0,0,0.040445780513603174
7614,0,1,0.06337068323653648
7615,0,1,0.07351717233425192
7616,0,0,0.06626984668955073
7617,0,1,0.08133806078758277
7618,0,1,0.16832489483404894
7619,0,0,0.05416858560181653
7620,0,1,0.10319202293348967
7621,0,1,0.0413633491694933
7622,1,1,0.056033464609177214
7623,0,0,0.052995900120611145
7624,0,1,0.0661226521573737
7625,0,1,0.026941114435287822
7626,0,1,-0.02603023347805053
7627,0,1,0.07256451724232818
7628,0,1,0.012727557259899602
7629,0,1,0.08489546629683413
7630,1,1,0.04597365879370849
7631,0,1,0.07247658553947661
7632,0,1,0.043188042568404486
7633,0,1,0.03243482676858804
7634,0,1,0.07438203136658236
7635,0,1,0.04617183166096993
7636,1,1,0.011649590755804767
7637,0,1,0.03842561886896789
7638,0,1,0.13283516245374874
7639,0,1,0.07495194854025153
7640,1,0,0.038726812439498395
7641,0,0,0.10885241431793927
7642,0,0,0.09184071478343112
7643,0,0,0.014543994102160701
7644,1,1,0.08021724268899451
7645,0,1,0.04870962320074956
7646,0,0,0.05757040256936999
7647,1,1,0.08576815635356705
7648,0,1,0.019578007811451248
7649,0,1,-0.006927773377574692
7650,0,1,0.08176004662808346
7651,0,1,0.09189164631910089
7652,1,1,0.07572246059504831
7653,0,1,0.10914555574053071
7654,0,1,0.062162921258136106
7655,0,1,0.07364759959009759
7656,0,1,0.033198862590407774
7657,0,0,0.05796289849949471
7658,0,1,0.08503668310260118
7659,0,1,0.12833745209988864
7660,0,1,0.07158245516822814
7661,0,1,0.0478206861704053
7662,0,0,0.0486566954979948
7663,0,1,0.03559229814591275
7664,0,1,0.03403811490148034
7665,0,0,0.07321790116432464
7666,0,1,0.08529376903216616
7667,0,1,0.0937750948493378
7668,0,1,-0.042961181811344756
7669,0,1,0.0202814494354934
7670,0,0,0.050046457030774316
7671,0,1,0.0972373624127851
7672,0,0,0.0805249942861807
7673,0,0,0.08521069207739618
7674,0,1,0.10137394357384027
7675,1,0,0.09042777100401587
7676,0,1,0.07648498878614274
7677,1,1,0.0726184857711179
7678,0,0,0.022156231659302833
7679,1,1,0.040199611901118454
7680,0,0,0.07749113554716694
7681,1,0,0.03367684149145332
7682,0,1,0.014207425224490894
7683,0,0,0.07351066837475527
7684,0,1,0.12088001337563731
7685,0,0,0.07612281042984861
7686,1,1,0.07449708791184628
7687,0,1,0.0517682281299175
7688,0,1,0.06408128349339309
7689,0,1,0.08072894888414844
7690,0,1,0.07521529303379329
7691,0,1,0.04994102381988502
7692,0,1,0.08029450504118474
7693,0,1,0.07086580191372303
7694,0,1,0.14718868860869172
7695,0,1,0.05027700065456367
7696,0,1,0.05254418642611175
7697,0,1,0.038519133560358076
7698,0,1,0.07578444086603309
7699,0,0,0.05378738924887046
7700,0,1,0.032601810565063186
7701,1,0,0.02453396333930491
7702,0,1,-0.00670726817446432
7703,0,1,0.06822833710330775
7704,0,1,0.038464030120468506
7705,1,1,0.09236706181853493
7706,0,1,0.06571111942466185
7707,0,1,0.06544544880288115
7708,1,1,0.06469534610987314
7709,0,1,0.08631104774186982
7710,0,1,0.037120960931786726
7711,0,1,0.05042310658208765
7712,0,0,0.09331285007252005
7713,0,0,0.1479000390495509
7714,0,0,0.053441503852169406
7715,0,1,0.05163249057559169
7716,0,1,0.05922790984880502
7717,0,1,0.04591084997800912
7718,0,1,0.07821914406616222
7719,0,0,0.09584314598868186
7720,0,1,0.0810831412944814
7721,0,1,0.052307484406654364
7722,0,1,0.0751147316914709
7723,0,0,0.08066865877975252
7724,0,1,0.02203175909056196
7725,0,1,0.048091865498350386
7726,1,1,0.05508481299620363
7727,1,1,0.07521529303379329
7728,0,1,0.06036463890089083
7729,0,1,0.11272850821970767
7730,0,1,0.0952458482334676
7731,0,0,0.08626349229670068
7732,0,1,0.0440231429229329
7733,0,1,0.092593990614305
7734,0,1,0.03954450298765835
7735,1,1,0.06653522511729992
7736,0,1,0.07671325238933131
7737,0,1,-0.0009169664450828785
7738,0,1,0.07343391339204186
7739,0,1,-0.020723226276535528
7740,0,1,0.17007882254310297
7741,0,0,0.050984693388482216
7742,0,1,0.018378484508947746
7743,1,1,0.05882989186239879
7744,0,0,0.20985780059110895
7745,0,0,0.06297865337261901
7746,0,1,0.05874630529829608
7747,0,0,0.07361616654342643
7748,1,1,0.14397458075577094
7749,0,1,0.05993938338304211
7750,0,1,0.05382632317938471
7751,1,1,0.07642715507062033
7752,0,1,0.08420552788465059
7753,0,0,0.0687398480997662
7754,1,1,0.07117032075357585
7755,0,0,0.051382793464358714
7756,0,1,0.09799823647300579
7757,0,1,0.03985204276631392
7758,0,1,0.07640716256263674
7759,0,1,0.08716595697909006
7760,0,1,0.10247875698317248
7761,0,1,0.08775758323404423
7762,0,1,0.07756233111524545
7763,0,0,0.10280451629962849
7764,1,1,0.06741713258434254
7765,1,1,0.016005720765288278
7766,0,0,0.051511392328075556
7767,0,1,0.04493387279150305
7768,0,1,0.017559075109807393
7769,1,1,0.08047266118442382
7770,0,1,0.06881511017574807
7771,0,1,0.07718525825376715
7772,1,1,0.10269410808581272
7773,1,1,0.09453595195624177
7774,1,0,0.12323991899005432
7775,0,1,0.031921181644516156
7776,0,1,0.12811779090783904
7777,0,0,0.08515868593474561
7778,0,0,-0.001145310816994427
7779,0,1,0.037582134282872104
7780,0,0,0.05349278684096263
7781,0,0,0.04885208987370862
7782,0,0,0.09971509553424998
7783,0,1,0.06329980998062845
7784,1,1,0.022578203855065954
7785,0,1,0.008908529660933556
7786,0,0,0.007563226176706683
7787,0,1,0.04355950765879474
7788,0,1,0.03260200879555211
7789,0,1,0.05241778164726363
7790,0,1,0.04273144087534002
7791,0,1,0.03702548393887224
7792,0,0,0.09543854253741899
7793,0,0,0.06607602149855026
7794,0,0,0.1932270963688849
7795,0,1,0.0722697105236415
7796,0,0,0.08415724439208987
7797,0,0,0.018631510976555535
7798,0,1,0.06061819641712582
7799,0,1,0.06669523877579465
7800,1,1,0.011860073398696519
7801,0,0,0.06599187353771342
7802,0,1,0.1619189576079535
7803,0,0,0.06988290392133549
7804,0,0,0.07880740405701278
7805,1,0,0.10086965166850169
7806,0,0,0.09130346552422153
7807,1,1,0.08595680920962515
7808,0,1,0.016711181639986222
7809,0,1,0.08182095764448336
7810,0,1,0.08258595987155842
7811,0,0,0.08243208442566462
7812,0,1,0.10857066061136561
7813,0,0,0.08198300373642753
7814,0,1,0.04355950765879474
7815,0,1,0.08654539914321141
7816,1,1,0.08794271175471068
7817,1,1,0.05162957769366269
7818,0,1,-0.01879188264894427
7819,0,1,0.062270913917552115
7820,0,1,0.08601027770252008
7821,0,1,0.02857973774749112
7822,0,0,0.09925471570013947
7823,0,1,0.05158809345661776
7824,0,0,0.0221494792050375
7825,0,1,0.06351403483358077
7826,0,1,0.03156279307313549
7827,0,0,0.08775758323404423
7828,0,1,0.03820123459506705
7829,0,1,-0.041854238799561155
7830,1,0,0.08302781743918221
7831,1,0,0.046467432507926565
7832,0,1,-0.032162412284633624
7833,0,0,0.07527068637641726
7834,0,0,0.06617051804557461
7835,0,0,0.048694614527168154
7836,0,0,0.10279732238244649
7837,0,1,0.057218392015540784
7838,0,1,0.03333253604226448
7839,0,1,0.02061449184339248
7840,0,1,0.052934508728370744
7841,0,0,0.03935191866961313
7842,0,1,0.06617051804557461
7843,0,0,0.036095093742619946
7844,1,0,0.17259867761326092
7845,1,0,0.025697505812633026
7846,0,0,0.07520047288150776
7847,0,1,0.05426860841675857
7848,0,1,0.14053143282633018
7849,1,1,0.047981157875384636
7850,0,1,0.07552327406242121
7851,0,1,0.010525184623962985
7852,0,0,0.05510176788578116
7853,0,0,0.04493474395974906
7854,0,1,0.1167780608855027
7855,0,1,0.09179059353912905
7856,0,1,0.016233607413520174
7857,0,1,0.02040845314128975
7858,1,0,0.05256380910226183
7859,0,1,0.08635855029333292
7860,0,0,0.07710506399748428
7861,0,0,0.07462929896297983
7862,0,1,0.07556083408037566
7863,0,1,0.022703710130131907
7864,0,0,0.053854388441485435
7865,0,1,0.10865805746187635
7866,0,1,0.06048217421336318
7867,0,0,0.05377406945786553
7868,0,0,0.11198128590387017
7869,0,0,0.02377104511059236
7870,1,0,0.18928004903608603
7871,0,0,0.0611783203712363
7872,1,1,0.04964403386776581
7873,0,0,0.0779901436672473
7874,0,1,0.09857038498026195
7875,0,1,0.10705464281253245
7876,0,1,0.022386776160385022
7877,0,1,0.05120413230631872
7878,1,1,0.08688539020133744
7879,0,1,0.1023240203380805
7880,1,0,0.037480158838451974
7881,1,1,0.023520829021145967
7882,0,1,0.10458175288257497
7883,0,1,0.04658205495648082
7884,1,1,0.08541527421480524
7885,0,0,0.029385354962865054
7886,0,1,0.11345142361003216
7887,0,1,0.07456961428492256
7888,0,0,0.08548041928159522
7889,0,0,0.018009244694170173
7890,0,1,0.04735556395284052
7891,0,1,0.06351654342655422
7892,0,0,0.09962526437391529
7893,0,1,0.04476201379953206
7894,0,0,0.07068191195901052
7895,0,1,0.04163554518760873
7896,0,1,0.13609177667659528
7897,0,1,0.05354280939759663
7898,0,1,0.0900789123153943
7899,0,1,0.05456429468211546
7900,0,0,0.047343177031897145
7901,0,1,0.04668736190069532
7902,0,1,0.07222021768286764
7903,0,1,0.06780697964576002
7904,0,0,0.07131857950218493
7905,0,1,0.06423141698256793
7906,0,1,0.062359570354865404
7907,0,0,0.03442543151021275
7908,0,0,0.027858435023110834
7909,0,1,0.08157486333750627
7910,0,1,-0.062453846661537554
7911,0,0,0.1432584722977555
7912,1,1,0.005952181058698186
7913,0,1,0.04527647681708001
7914,0,0,0.08457138919179114
7915,0,0,0.0908625749813767
7916,0,1,0.039676569468314486
7917,0,0,0.05545244148824943
7918,0,0,0.09315616027540044
7919,0,1,0.08965768176156386
7920,0,1,0.05714639768653679
7921,0,1,0.10505281573298438
7922,0,1,0.04766627297673788
7923,0,1,0.06602620223066416
7924,0,1,0.04940974814410587
7925,0,0,0.024078470577299976
7926,0,1,0.01418505310050669
7927,0,0,0.10107993495822713
7928,0,0,0.04000754751764678
7929,0,1,0.04548319631098452
7930,0,0,0.08784544498876515
7931,0,1,0.016538412008480052
7932,0,1,0.004195468319825285
7933,0,1,0.0005530539485483765
7934,0,1,0.07057584386313369
7935,0,0,0.049474304864926516
7936,0,1,0.10385615123880661
7937,0,1,-0.005468645259867871
7938,0,1,0.05433060024753954
7939,1,1,0.08246504643255582
7940,1,1,0.0008650777001062426
7941,0,0,0.07158482895920806
7942,1,0,0.07269684507686144
7943,0,0,0.08596095902325548
7944,0,1,0.046537346904244686
7945,0,1,0.04539587360621877
7946,0,1,0.029031456600039196
7947,1,1,-0.014680287820538124
7948,0,1,0.09051894989896883
7949,0,0,0.08897977187881217
7950,0,0,0.055414634301535676
7951,0,1,0.05909782046575279
7952,1,0,0.039774397197403305
7953,0,1,0.05940868975889939
7954,0,1,0.1000005788445986
7955,1,1,-0.022485948243783915
7956,0,0,0.03870804993063967
7957,0,1,0.04443888434753668
7958,0,1,0.11069853968653
7959,0,1,-0.011965312369075887
7960,0,1,0.049829445166370244
7961,0,0,0.1049379251252157
7962,1,0,0.11303395690350308
7963,0,0,0.0767294174463525
7964,0,1,-0.01023960938219573
7965,0,1,0.11827822904863783
7966,0,1,0.04348661958537332
7967,0,1,0.08477323741853052
7968,0,1,0.07670288960584268
7969,0,0,0.08270085343039232
7970,0,0,0.09588313367330639
7971,0,1,0.046957022288702646
7972,0,1,0.04646484571951623
7973,0,0,0.019888499449726718
7974,0,0,0.06296244998783827
7975,0,1,0.04744826135878201
7976,1,1,0.015119433598414778
7977,1,1,0.09672155059745918
7978,0,1,0.0436300533384254
7979,0,0,0.05769884514976481
7980,0,1,0.0830237161443162
7981,0,1,0.05281128484104852
7982,0,1,0.049123102476720054
7983,0,1,0.04824095012182135
7984,0,1,0.027544857761198333
7985,0,1,0.09146492081073504
7986,0,1,0.05154855967148515
7987,0,0,0.04617183166096993
7988,1,0,0.08943313140340581
7989,0,0,0.08310689714076526
7990,0,1,-0.012828916079530184
7991,0,1,0.10033346060710803
7992,0,1,0.07092992555298397
7993,0,0,0.0672916569207875
7994,0,1,0.04335658917595292
7995,0,0,0.07996642514294253
7996,0,0,0.07074484841105332
7997,0,1,0.021034818389723695
7998,0,1,0.08314865862130758
7999,0,1,0.03989401606767608
8000,0,1,0.009152833282001088
8001,0,0,0.010147782178929365
8002,0,1,0.02951759514225699
8003,0,0,0.022302166309144403
8004,0,1,0.09531237060395407
8005,0,0,0.1237606150678945
8006,0,0,0.039387153716193536
8007,0,0,0.02948221314954816
8008,0,1,0.09676738964983908
8009,0,1,0.0831033116003422
8010,0,0,0.048179548484353935
8011,0,0,0.028916350967771537
8012,0,0,0.06840330714924185
8013,0,1,0.021176652739817003
8014,1,0,0.11464629609490741
8015,0,1,-0.01886259557233011
8016,0,1,0.059751331882880045
8017,0,0,0.10374547638632954
8018,0,0,0.07623756175902818
8019,0,0,0.045923121527253453
8020,0,1,0.10866446206714087
8021,0,0,0.06920850659921472
8022,0,1,0.064115776929284
8023,0,1,0.035878678845860684
8024,0,1,0.10032092888945386
8025,0,0,0.08584868515639754
8026,0,1,-0.04340270171119337
8027,0,1,0.05593044177311385
8028,0,1,0.11506427796223773
8029,0,0,0.0797202950689152
8030,0,1,0.009132526046703573
8031,0,1,0.08473424290745693
8032,0,1,0.03675876274468999
8033,0,1,0.06823418279689514
8034,0,1,0.06575049519834647
8035,0,0,0.13816020639203505
8036,0,0,0.06945627285061298
8037,0,1,0.08572709476032107
8038,0,1,0.04878850095214753
8039,0,1,0.08515580858146812
8040,0,1,0.06075750955772187
8041,0,1,0.03606548963094672
8042,0,1,0.06162501243799931
8043,0,1,0.05508995293431482
8044,0,1,0.08025763200167457
8045,1,1,0.0051985708240556705
8046,0,1,0.04833320072856831
8047,0,1,0.01756620328579614
8048,0,0,0.039993579285835634
8049,0,0,0.08247775682876454
8050,0,0,0.085618345045895
8051,1,0,0.0247068902638842
8052,0,0,0.04789304480256133
8053,1,1,-0.09025893408053029
8054,1,1,0.06530156731850037
8055,0,1,0.0652791478623829
8056,1,1,0.04652831145524926
8057,1,0,0.09081076265792742
8058,0,1,0.0928316532405849
8059,0,1,0.02040845314128975
8060,0,0,0.010657214903006446
8061,0,1,0.07127305527291192
8062,0,1,0.0898753499342957
8063,0,1,0.052356674948016636
8064,0,1,0.05677696633198161
8065,0,1,0.05717459500451877
8066,0,1,0.009996426410830594
8067,0,0,0.050353226576810406
8068,0,0,-0.012967008962281867
8069,0,1,0.169169093506194
8070,0,1,0.08190134718791683
8071,0,0,0.061267719417307326
8072,0,1,0.08571997909683042
8073,1,1,0.0977159005833377
8074,0,0,-0.02149997851506727
8075,0,0,0.06573165395963966
8076,0,1,0.10502978033627017
8077,0,1,0.030309570383378392
8078,0,0,0.23495120536565878
8079,0,1,0.07578444086603309
8080,0,1,-0.015578377666795262
8081,0,1,0.08852663418695951
8082,0,0,0.12884840375817624
8083,0,1,0.030537196600368507
8084,0,1,0.07164505863454658
8085,0,0,0.05982446895434136
8086,0,1,0.05894161757054339
8087,0,0,0.06553093136884769
8088,0,1,0.10175075665319236
8089,0,1,0.09260227329981538
8090,0,1,0.0722342565547297
8091,0,0,0.07875309263159537
8092,0,0,0.053849310398403794
8093,0,1,0.10389087197986638
8094,0,1,0.0989556585604639
8095,0,1,0.04115598488300916
8096,1,1,0.023292172704596464
8097,0,1,0.08164716700015173
8098,0,0,0.06231713096750546
8099,0,0,0.10567382482718365
8100,0,1,0.04688986114550944
8101,0,1,0.07434373244463041
8102,0,0,0.06903194272926132
8103,0,1,0.03840809028946435
8104,0,1,0.07327314749820499
8105,0,1,0.09076802973909462
8106,0,1,0.04156913514293201
8107,0,1,0.04563849726374983
8108,0,1,0.04355950765879474
8109,0,1,0.05314886319628424
8110,0,1,0.07353999315209331
8111,0,0,0.05172450016311354
8112,1,1,0.06685301358539374
8113,0,0,0.045013967118819775
8114,0,1,0.09886201320790847
8115,0,0,0.07969262674651555
8116,0,0,-0.012846491973899699
8117,0,1,0.06675273374722608
8118,0,0,0.049063963200133204
8119,0,1,-0.011974143591419129
8120,0,1,0.08909075052532675
8121,0,1,0.016538412008480052
8122,0,1,0.09501206165020246
8123,0,0,0.028261301172460646
8124,0,1,0.07540013756393688
8125,1,1,0.04115598488300916
8126,0,0,0.027793244382251586
8127,0,1,0.04778743264884061
8128,0,0,0.053665718673038654
8129,0,1,0.03768164898369469
8130,0,1,0.08409371323353049
8131,0,1,0.006197165680956379
8132,0,1,0.05439164105548509
8133,0,1,0.08302980275462725
8134,0,1,0.03883286442475539
8135,0,1,0.08450775281879168
8136,0,0,0.03864913458418842
8137,1,1,0.09431466148218051
8138,0,1,0.07275560328508753
8139,0,1,0.08653232181329455
8140,0,1,0.06634502851230106
8141,0,1,0.05909549289897348
8142,0,0,0.08041303295165894
8143,0,1,0.06468516632065482
8144,1,1,0.029021402182561648
8145,0,0,0.09049047171013616
8146,1,0,0.01649086268593372
8147,0,0,0.0734129649930164
8148,0,1,0.0048672072994745685
8149,1,1,0.09109962747847292
8150,0,1,-0.037647633800482805
8151,0,1,0.07783021082436002
8152,0,1,0.08586069414651445
8153,0,1,0.044934123699239104
8154,0,0,0.023454878309675048
8155,1,0,0.05156306232780991
8156,0,1,0.06378888240133201
8157,0,1,0.08752844215627398
8158,0,0,0.07038461592162851
8159,1,0,0.04489558470210692
8160,1,1,0.05052262428726535
8161,0,0,0.05651071196651006
8162,1,1,0.05488258823396831
8163,0,0,0.08479666379941642
8164,0,0,0.06989545896830271
8165,0,1,0.07012005159716814
8166,0,1,-0.00804869869853872
8167,0,1,0.013537370780953656
8168,0,0,0.02930934012194697
8169,0,1,0.02062333449239584
8170,1,1,0.044528643370797094
8171,0,1,0.08038754374848019
8172,0,1,0.05516763343523845
8173,0,0,0.050526559639989865
8174,0,1,0.08207260158475059
8175,0,1,0.048302840669237096
8176,0,1,0.055254225933303036
8177,1,1,0.043755570011976955
8178,0,1,0.008827132813099131
8179,0,1,0.08073146954863311
8180,1,1,0.0475199703837714
8181,0,1,0.0776337247196568
8182,0,1,0.04583109903150065
8183,0,0,0.055039103458462496
8184,0,1,0.032763558097124335
8185,0,0,0.04363896773866913
8186,0,1,0.058395338976945876
8187,0,1,0.04413349886429617
8188,0,1,0.03887878161589481
8189,0,1,0.06077843983163868
8190,0,1,0.04936044323430501
8191,0,0,0.03113486669510783
8192,0,0,0.08876455054047408
8193,0,0,0.11274241489854628
8194,0,1,0.09911682963721946
8195,0,1,0.04527647681708001
8196,1,1,0.04115598488300916
8197,0,1,0.03158453732470201
8198,0,1,0.07686748701454818
8199,0,0,0.179927876334891
8200,0,1,-0.037007192201411715
8201,1,1,0.07319902809691031
8202,0,1,0.01418505310050669
8203,0,0,0.11352636140538644
8204,0,0,0.08575919548568171
8205,0,1,0.03640315155170082
8206,1,1,0.23177728445175763
8207,0,0,0.03463529766884027
8208,0,1,0.019624130338975337
8209,1,1,-0.024004825565546617
8210,0,1,0.07247658553947661
8211,0,1,0.11038594090026732
8212,0,1,0.049892321849740476
8213,0,1,0.04680847597194711
8214,0,1,0.046343051796048806
8215,1,0,0.08075911289659854
8216,0,1,0.04397697388368774
8217,0,0,0.06015546649060299
8218,1,1,0.07434660876115723
8219,0,0,0.021414708892957282
8220,0,0,0.03178564313527127
8221,0,1,0.029515430035188556
8222,0,1,0.05415413495415679
8223,1,1,0.05062710316380531
8224,0,1,0.0785739861984906
8225,0,0,0.02984373162208598
8226,0,1,0.08784311979840924
8227,0,1,0.0515289824115896
8228,0,0,0.11575531285240234
8229,0,1,0.10184881316515476
8230,0,1,0.05934780365192485
8231,0,0,0.03281125921341578
8232,0,1,0.0422080182332161
8233,0,0,0.08796906537453753
8234,1,1,0.041942946444666104
8235,0,0,0.08603881926963958
8236,0,1,-0.004385861163982027
8237,0,0,0.14092480656840922
8238,0,0,0.09851586491310275
8239,0,1,0.04744826135878201
8240,1,1,0.08272315285365725
8241,0,1,0.0983455321553098
8242,0,1,0.010098359457822559
8243,0,1,0.0585067412166716
8244,0,0,0.07663432254852034
8245,0,1,-0.011974143591419129
8246,0,1,0.07848416391815727
8247,0,0,0.02922576210822561
8248,0,0,0.07993796372783918
8249,0,1,0.06014002353862622
8250,0,0,0.019129345890137123
8251,1,1,0.06432826095708198
8252,1,1,0.04485147607107218
8253,0,1,0.025949109517849206
8254,0,0,0.019067720285223633
8255,1,1,0.03908651075126848
8256,1,1,0.08449783123481674
8257,1,1,0.142830325923459
8258,0,1,0.08594026316325429
8259,0,1,0.052492183175412585
8260,0,1,0.09750989597208318
8261,0,0,0.06303375500084597
8262,0,1,0.06069969839140285
8263,0,1,0.11838622847635469
8264,0,1,0.0713493267153131
8265,0,1,0.11446183377442472
8266,0,1,-0.016218613398834625
8267,0,1,0.04658131314816252
8268,0,0,0.042901471353414766
8269,0,0,0.06749931450271683
8270,0,1,0.0578316717387798
8271,0,1,0.056777792738364294
8272,0,1,0.025714521578788396
8273,0,1,0.05677696633198161
8274,0,1,0.024881388187102255
8275,0,1,0.03915901627578933
8276,0,1,0.04669373080278731
8277,0,0,-0.05144956133109646
8278,0,0,-0.10482188563225267
8279,1,0,0.06962377286454806
8280,0,1,0.04115598488300916
8281,0,0,0.059141464370148486
8282,0,1,0.10854979771815265
8283,0,0,0.0837256942995351
8284,0,0,0.03104786008823346
8285,0,0,0.07567285455475595
8286,0,1,-0.05450936376260951
8287,0,1,0.05730650736100028
8288,1,0,0.06734849325511799
8289,0,0,0.052084195949551576
8290,0,1,0.08444345836513295
8291,0,1,0.07297681560205196
8292,0,1,0.08224443978135049
8293,0,0,0.026671534937129454
8294,0,0,0.06003672499213458
8295,0,0,0.038662169965650264
8296,0,0,0.07055344519202997
8297,0,1,0.08421132502664924
8298,0,0,0.016927022444317957
8299,1,1,0.04584480949845679
8300,0,0,0.035438588591501674
8301,0,1,-0.012878229485567605
8302,0,1,0.05677696633198161
8303,0,0,0.058689654996981325
8304,0,0,0.04969517115774426
8305,0,1,0.11933027638662419
8306,0,1,0.06646744322023114
8307,0,1,0.037741826860876654
8308,0,1,0.042566290062907686
8309,0,0,0.09222016465445648
8310,0,1,0.0849163700974897
8311,0,0,0.06652880535494474
8312,0,1,0.03186583066384552
8313,1,1,0.11043890002208064
8314,0,1,0.04336995453478905
8315,0,1,0.025906255237236914
8316,0,1,0.07292464985604286
8317,0,1,0.03410952260628361
8318,0,0,0.08282339073887995
8319,0,1,0.04919538777671523
8320,0,0,0.11414588033722319
8321,0,1,0.044833122467315537
8322,0,1,0.11303395690350308
8323,0,1,0.11483439032909096
8324,0,1,0.09098387528271083
8325,0,0,0.101372212794576
8326,0,1,0.05942101261532237
8327,0,1,0.08659929199579149
8328,0,0,0.1817689994613122
8329,0,1,0.05668863068852956
8330,0,0,0.05611231981438214
8331,0,1,0.056356074906760784
8332,0,1,0.03620976449345509
8333,0,1,0.08097047984509628
8334,0,1,0.09340253656520092
8335,1,0,0.0455441531640525
8336,0,1,0.1284505521937513
8337,0,0,0.07135000486066728
8338,0,0,0.06379995977824131
8339,0,1,0.061664401830712964
8340,0,1,0.07505342292802426
8341,0,1,0.06969135171988688
8342,0,1,0.11502458021899983
8343,0,0,0.0576322819116698
8344,0,0,0.030970196932349953
8345,0,1,0.06827488388926033
8346,0,1,0.045397182946354336
8347,0,1,0.019219892652061032
8348,0,0,0.09275096837953632
8349,0,1,0.053741524457510126
8350,0,1,0.041744980601651244
8351,0,1,0.09296233846845045
8352,0,0,0.06383951893107565
8353,0,1,0.2130814515060711
8354,0,1,0.035168138503201066
8355,0,0,0.06611391617234426
8356,0,0,0.08888682494314155
8357,0,1,0.06645091454389902
8358,0,0,0.07957273339601767
8359,0,0,0.0266735116974358
8360,0,0,0.058882155936528735
8361,1,0,0.042081320679896755
8362,1,0,0.04789322353036385
8363,0,1,0.08761500799324384
8364,0,1,0.021640657302766937
8365,0,1,0.09433789847751003
8366,0,1,0.048870780140422315
8367,0,1,0.09000230292103137
8368,0,1,0.0630053967514942
8369,0,1,0.06636364417525756
8370,0,0,0.05047604498756225
8371,0,0,0.06667689799680375
8372,0,0,0.048713787885904275
8373,0,1,0.023172020141804195
8374,0,1,-0.03874820807793011
8375,0,1,0.08873983644025277
8376,1,0,0.052277919096328604
8377,0,1,0.08821791396431529
8378,0,1,0.052853295344992335
8379,0,1,0.1018223010372474
8380,0,0,0.10999099175008675
8381,0,1,0.03558562736220289
8382,0,0,0.08933281696308576
8383,0,1,0.027916574206288014
8384,1,1,0.06903530626652934
8385,0,0,0.051950800547619
8386,0,1,0.096052946755297
8387,1,1,0.09467633520748356
8388,0,0,0.11691452087712922
8389,0,0,0.026618631306405516
8390,0,1,0.04671606098718855
8391,0,0,0.0748422235743518
8392,0,1,0.11436430467167988
8393,0,0,0.07093385110100896
8394,0,0,0.05428294593967506
8395,0,1,0.06738487043017923
8396,0,1,0.07811394593333998
8397,0,0,-0.019627751402032545
8398,0,1,0.02203175909056196
8399,0,0,0.050452340331504364
8400,0,1,-0.010070168720201278
8401,0,0,0.22306980224633127
8402,0,1,0.021868621310241282
8403,0,1,0.05670319896468945
8404,0,1,-0.02236655047221281
8405,0,1,0.058543718022227825
8406,0,0,0.07711685890304179
8407,0,1,0.03659300990296255
8408,0,1,0.057251250759344285
8409,0,0,0.06184497175704198
8410,0,1,0.021501981752748242
8411,0,0,0.17031526797295904
8412,0,1,0.04246869607501692
8413,0,1,0.051335567984387265
8414,0,1,-0.02399642481606548
8415,0,0,0.08571760234395369
8416,0,1,0.06827488388926033
8417,1,0,0.012451720005748873
8418,0,1,0.01974976253570765
8419,0,1,0.023045681822813135
8420,0,0,0.04980550391466369
8421,0,0,0.025136553008026363
8422,0,0,0.050561665036933684
8423,0,0,0.0313523106926734
8424,0,1,0.06738765775822639
8425,0,1,0.06649845735891967
8426,0,1,0.05998408960463325
8427,0,1,-0.028366091039689567
8428,0,0,0.07393218312129424
8429,0,0,0.10475960857116719
8430,0,0,0.06438194938909958
8431,0,0,0.00791013176614537
8432,0,0,0.02856879370014101
8433,0,1,0.04745353477506829
8434,0,1,0.078803500431813
8435,0,0,0.07033395605682441
8436,0,0,0.09644936896134698
8437,0,1,0.06825967711278502
8438,0,1,0.07464044245071538
8439,0,1,0.10115726899385744
8440,1,1,0.05241726409558342
8441,0,1,-0.0026359792658531
8442,0,1,0.052698361082900075
8443,0,1,0.059050630192987924
8444,0,1,0.08558236831855004
8445,0,1,0.02709353345102783
8446,0,1,0.06744586958523054
8447,0,1,0.03104786008823346
8448,0,1,0.1493686684628615
8449,0,1,0.04735556395284052
8450,0,1,0.09061908785804029
8451,1,0,0.06041746139963006
8452,0,1,0.046985535178147755
8453,0,1,0.04135296672369922
8454,0,1,-0.00820704894433849
8455,0,1,0.04655341222315135
8456,0,0,0.08516316509895622
8457,0,1,0.12642896334547937
8458,0,1,0.11343183098846041
8459,0,1,0.05013554438189252
8460,0,0,-0.029230888514126446
8461,0,0,0.03862892127402838
8462,0,0,0.06545975026764884
8463,0,1,0.08786323486817736
8464,0,0,0.04345019697334959
8465,0,1,0.04878850095214753
8466,0,1,0.08287837197861087
8467,0,0,0.08625131003704894
8468,0,1,0.10598013802246314
8469,0,0,0.10674480103117838
8470,0,1,0.06241193457247064
8471,1,1,0.11614754025802171
8472,1,1,0.07123987647235426
8473,0,1,0.08330048678856704
8474,0,1,0.07737476916179892
8475,0,1,0.01148214850306356
8476,0,1,0.0796943493564675
8477,0,0,-0.018190479836497075
8478,0,1,-0.018490557903528076
8479,1,1,0.09190316796126638
8480,0,0,0.01652009306397198
8481,0,1,0.08498511714809112
8482,0,0,0.08634320746254781
8483,0,1,0.029936088529566307
8484,0,1,0.07648657072084306
8485,0,1,0.0462851934875958
8486,1,1,0.054864294796530017
8487,1,1,0.08001198532830954
8488,1,1,0.04904696328770024
8489,0,1,0.08774533175913946
8490,0,1,0.06097414405287703
8491,0,1,0.008312170843805547
8492,0,0,0.028295006012138482
8493,0,0,-0.022602401214685736
8494,0,0,0.012730779449650592
8495,0,1,0.06305879618221036
8496,0,0,0.04940974814410587
8497,0,0,0.007246773146501462
8498,0,1,0.030530277505484094
8499,0,0,0.12146546545016242
8500,1,0,0.0528196994103539
8501,0,1,0.06495586805577405
8502,0,0,0.07489631680297543
8503,0,1,0.04481901122485364
8504,0,1,0.12322146341796601
8505,0,1,0.07754806874705575
8506,1,1,0.05768044833424514
8507,0,1,0.02248140276058841
8508,0,0,0.06162414798194596
8509,0,1,0.052650416505530165
8510,0,1,0.037336208910401
8511,0,1,0.01603093730290861
8512,0,1,0.004418107919374609
8513,0,1,0.09787610537493427
8514,0,1,0.099042366710892
8515,0,1,0.057218392015540784
8516,0,1,0.07699841021307814
8517,0,0,0.06152191063505964
8518,0,1,0.024078470577299976
8519,0,1,-0.02327062953149578
8520,0,1,0.047890312333695395
8521,0,0,0.0481613020561076
8522,1,0,0.0532761841311965
8523,0,0,0.03761671217587409
8524,0,0,0.06033524758222582
8525,1,1,0.08075275655183124
8526,1,0,0.037717935108745215
8527,0,0,0.05059925631738035
8528,0,1,0.015376579937990312
8529,0,1,0.10623464652118635
8530,0,1,0.05612172924984718
8531,1,1,0.25025756061934207
8532,0,0,-0.009311987790684928
8533,0,0,0.07818845922702436
8534,0,1,0.05311874885767938
8535,0,1,0.1806672137470265
8536,0,0,0.02041936031191155
8537,0,1,0.008832583249298545
8538,0,1,0.0998395189801182
8539,0,1,0.10066828084973925
8540,0,1,0.06290939383115496
8541,0,0,0.08714760969749655
8542,0,1,0.09517558819555716
8543,0,0,0.07180525205360977
8544,0,1,-0.022292143680471
8545,0,0,0.029645562740975656
8546,0,1,0.06515163086838884
8547,0,1,0.04904691983853625
8548,0,1,0.07138243825917231
8549,0,1,-0.012416444369683727
8550,0,0,0.1101265952694664
8551,0,0,0.07971260483768608
8552,0,1,0.02989174796957228
8553,0,1,0.08144826663942312
8554,0,1,0.009294443472223302
8555,0,1,0.05820549424250049
8556,1,1,0.08932782724198343
8557,0,1,0.10781119142553242
8558,1,1,0.011780596852107333
8559,1,0,-0.054852067606330046
8560,0,1,0.06962565466223664
8561,0,1,0.08287080548327798
8562,1,1,0.022787922025734778
8563,0,1,0.06779643262406981
8564,0,1,0.03209952759712914
8565,0,1,0.09144666736329186
8566,0,0,0.04523336782236789
8567,0,0,0.08444345836513295
8568,1,1,0.037179230759419646
8569,0,1,0.03932044890975017
8570,0,0,0.05367779478960777
8571,0,1,0.024430975061403376
8572,0,0,0.02453875291899482
8573,0,1,0.06703894368812927
8574,0,1,0.07017159510961292
8575,0,0,0.03369304128826619
8576,0,1,0.023172020141804195
8577,0,0,0.03251032738447154
8578,0,1,0.055690925355395854
8579,0,0,0.08418044676510578
8580,0,1,-0.04221667540618097
8581,0,1,0.07117707547415582
8582,0,0,0.013101252760951546
8583,0,1,0.08507415877181754
8584,0,1,0.03777155971559709
8585,0,0,0.07869075037460589
8586,0,1,0.0756134061930532
8587,1,1,0.0913676139369154
8588,0,1,0.12619031562013203
8589,0,1,-0.01385561687732717
8590,0,0,0.04816488776455485
8591,0,0,0.059861819371866076
8592,0,0,0.07554360192367547
8593,0,0,0.10121206570521853
8594,0,1,0.06823418279689514
8595,0,1,0.038383715977920924
8596,0,0,0.03870192396916422
8597,0,0,0.08000521215163271
8598,0,1,0.10177621335235276
8599,1,0,0.12158129566706859
8600,0,0,0.05075412228312906
8601,0,0,0.030901190619017777
8602,1,0,0.061217844366923985
8603,0,1,0.09172047241346723
8604,1,1,0.06992502238734355
8605,0,1,0.05079821354598173
8606,1,1,0.021878282253103315
8607,0,0,0.03883026116335747
8608,0,1,0.057831921972455486
8609,0,1,0.008812224467690977
8610,0,1,0.08217315417113369
8611,0,0,0.06268795680994754
8612,0,1,0.057235197379585934
8613,0,1,0.05597887627093442
8614,0,1,0.04535168639010333
8615,0,1,0.09012223849779061
8616,0,0,0.12326049577696235
8617,0,1,0.07511865298764592
8618,0,1,0.12146906971750576
8619,0,1,0.10691931003363853
8620,0,1,0.07792676092000862
8621,0,1,0.05293940765770891
8622,1,1,6.74465489279713e-05
8623,0,1,0.06419673512367821
8624,0,1,0.03067465315387613
8625,0,0,0.05563993241133036
8626,0,1,0.11276169557939023
8627,0,1,-0.02583911790118132
8628,1,1,0.08112764003157563
8629,0,0,0.04409549454471559
8630,0,1,0.05029162501952571
8631,0,1,0.08432382330412952
8632,1,1,0.12880431882879512
8633,1,1,-0.004542166080810733
8634,0,1,0.04150064652959151
8635,0,1,0.06903787520155595
8636,0,0,0.14207239429073595
8637,0,1,0.09000520200971564
8638,0,0,0.037160684090694965
8639,0,1,0.09437724461745281
8640,0,0,0.04640846815561819
8641,0,1,0.04617183166096993
8642,0,0,0.07288101384130292
8643,0,1,0.024559468691230643
8644,0,1,0.14261981392375775
8645,0,0,0.017737195783103496
8646,0,1,0.0483662509864934
8647,0,0,0.06972028923086038
8648,1,1,0.061851695112333266
8649,1,1,0.06621362177667271
8650,0,1,0.07905334810747888
8651,0,1,0.08932782724198343
8652,0,0,0.07099747891747193
8653,0,1,0.05505660676719154
8654,1,0,0.03653391277487261
8655,1,1,0.03665568428489907
8656,1,1,0.10117769563576447
8657,0,1,0.01683109188622961
8658,0,0,0.07912966645073509
8659,0,0,0.0422928930482912
8660,0,1,0.06082294455233703
8661,0,1,0.11631079302355245
8662,0,1,0.04501581247934934
8663,0,1,0.026503695294086235
8664,0,1,0.0774473092049707
8665,0,1,0.058324042286063194
8666,1,1,0.10474832541832306
8667,0,0,0.08784574742468709
8668,0,1,0.029568726845796117
8669,0,1,0.03793351954553362
8670,0,1,-0.036174279382744756
8671,0,1,0.0726184857711179
8672,1,0,-0.01385561687732717
8673,0,1,0.09591056430895593
8674,0,1,0.06609343484003506
8675,0,1,0.14303380459566245
8676,0,1,0.05195344490533048
8677,0,0,0.04738488597301277
8678,0,1,0.0906120504680708
8679,0,1,0.0942784982433616
8680,0,0,0.049949753882877784
8681,0,1,0.05268664083021046
8682,0,0,0.07525565125245479
8683,0,0,0.05222792723018807
8684,0,1,0.016402574541727943
8685,0,1,-0.014429804128620966
8686,0,1,0.04074542350481471
8687,0,1,0.0664794575030496
8688,1,1,0.021211378542282666
8689,1,1,0.1353096619350042
8690,0,1,0.046134883825922915
8691,0,0,0.06903289161765885
8692,0,1,0.02741828620827781
8693,1,0,0.07757372817912275
8694,0,0,0.08911515615121468
8695,0,0,0.07587043886719701
8696,0,1,0.0751147316914709
8697,0,1,0.0519998901798055
8698,1,1,0.07776749236520464
8699,0,0,0.05522544784390605
8700,1,1,0.15878907403459483
8701,0,1,0.08967222065718011
8702,0,0,0.039558820622088625
8703,0,0,0.13950013079590887
8704,1,1,0.11726886214266673
8705,1,1,0.018448131139254614
8706,0,0,0.10743638201332043
8707,1,1,0.06362199815130073
8708,0,0,0.04115598488300916
8709,0,0,0.1237955478892237
8710,0,1,0.07521529303379329
8711,0,0,0.06769185208145592
8712,0,0,0.11128228561653902
8713,0,0,0.15867825014768933
8714,1,1,0.053211885353148275
8715,0,0,0.06755344980621532
8716,0,1,0.060685054556151335
8717,1,1,0.04681946032702264
8718,0,1,0.052128859027131075
8719,0,0,0.060757410702225526
8720,0,0,0.0993709033406329
8721,1,1,0.08837262598476592
8722,0,1,0.05146352419492513
8723,0,1,0.05777388248871124
8724,0,0,0.049832183370613084
8725,0,1,0.09792799483318179
8726,0,1,0.034765410722791754
8727,1,1,0.04331565710622473
8728,0,1,0.03756395917605462
8729,0,0,0.13163148482563258
8730,0,1,0.03536398775334125
8731,0,0,0.02595087828703041
8732,0,1,0.0726184857711179
8733,0,1,0.0925657651916435
8734,0,0,0.08027495732105726
8735,0,0,0.06669657103751728
8736,0,1,0.012399265583911384
8737,0,0,0.019342351737742097
8738,0,1,0.039013983384347486
8739,0,1,0.06258346176440704
8740,0,1,0.0726184857711179
8741,0,0,0.049075867475547624
8742,0,0,0.010761691928479061
8743,0,1,0.09108767073687535
8744,0,0,0.10740932372127149
8745,0,0,0.06335890945911736
8746,0,1,0.061686905000773964
8747,0,1,0.09481793966537141
8748,1,0,0.10256699366441799
8749,0,1,0.01884832489341723
8750,0,0,0.06626984668955073
8751,0,0,0.0434746602977403
8752,0,1,0.060091359593436505
8753,0,1,0.07744443744061637
8754,0,1,0.08796906537453753
8755,1,0,0.05690699899625265
8756,1,1,0.04357884720249912
8757,0,0,0.027539487389451556
8758,0,1,-0.0008393097940654071
8759,0,1,0.07033395605682441
8760,0,0,0.1374403683214917
8761,0,1,0.08330937090481612
8762,0,1,0.08597791051755414
8763,0,1,0.0065442328643081915
8764,0,1,0.06336784449532801
8765,0,0,0.05538775525146972
8766,0,1,0.06519442244095085
8767,1,0,0.03534931127916957
8768,0,1,0.04819488734606564
8769,1,1,0.09259138754368934
8770,0,1,0.069050729137024
8771,1,1,0.011910197470171913
8772,0,1,0.03860448110849399
8773,0,1,0.05378738924887046
8774,0,1,0.056297278945852416
8775,0,1,0.06861511702166223
8776,0,1,0.13877475567232656
8777,0,0,0.06188968541079806
8778,0,0,0.04162387219172253
8779,0,1,0.07243296116267849
8780,0,1,0.09755033399734694
8781,0,1,0.005720213958900794
8782,0,1,-0.0011225418387408037
8783,0,1,0.011530899386840265
8784,1,1,-0.011974143591419129
8785,0,0,0.05341266997388423
8786,0,1,0.10408184450332797
8787,0,0,0.06813937809526026
8788,0,1,-0.021332466959044616
8789,1,1,0.12517993338991076
8790,0,0,0.05172122889363924
8791,0,1,-0.014638999883564013
8792,0,1,0.026639190069628504
8793,0,1,-0.019346703591042486
8794,0,1,0.06997546952654866
8795,0,0,0.04765708768880267
8796,0,1,0.002224706649688657
8797,0,0,0.01128546262711072
8798,0,1,0.06079750660258547
8799,1,1,0.1330418402317146
8800,0,1,0.0470910222020575
8801,0,0,0.0690230242871458
8802,0,1,0.062270913917552115
8803,0,0,0.09625145368355592
8804,0,1,0.038413616900010286
8805,0,1,0.06377363071437342
8806,0,1,0.16076225592874943
8807,0,1,0.10765906386380496
8808,0,1,0.06232019774040043
8809,0,0,0.05198877364025398
8810,0,1,0.0542810717486546
8811,0,1,0.05479580642019641
8812,0,0,0.0598531000783097
8813,0,1,0.04163554518760873
8814,0,1,0.059970188912615324
8815,0,1,0.03793351954553362
8816,0,0,0.049775855626590065
8817,0,0,0.08000718085877594
8818,0,1,0.06266822076946686
8819,0,1,0.0169748628377219
8820,0,1,0.06822148971753329
8821,0,1,0.039145099905614544
8822,0,1,0.07576389217064317
8823,0,1,0.07369716029879284
8824,0,0,0.04878850095214753
8825,0,1,0.007502370544131817
8826,0,1,0.017628798319342748
8827,0,0,0.013763500620859376
8828,0,1,0.08621167892787063
8829,0,0,0.07673327265290855
8830,0,1,0.09609258162968982
8831,0,1,0.0027831338163041286
8832,0,0,0.1904224959219795
8833,0,1,-0.0054601072277979945
8834,0,1,0.12036437673020559
8835,0,0,0.05638982229385284
8836,0,0,0.029731406145065198
8837,0,1,0.06800285044729942
8838,0,1,0.02685295205657673
8839,1,1,0.0717666279845785
8840,0,0,0.04919538777671523
8841,0,1,0.08316057689861367
8842,0,0,0.0307099615180971
8843,0,0,0.04379553699976799
8844,0,0,0.0221494792050375
8845,0,1,0.09770879008768626
8846,0,1,-0.002242518841713448
8847,0,1,0.05717575427164333
8848,0,1,0.06395348183386462
8849,0,1,0.08963526596465943
8850,0,1,0.06167770349186527
8851,0,1,0.0761058560002758
8852,0,1,0.0417014720557618
8853,0,0,0.0677324515325804
8854,0,1,-0.01517343579349556
8855,0,1,0.04767520747794324
8856,0,1,0.09170814347190348
8857,0,0,0.04300662461585983
8858,0,1,0.15161400623258756
8859,0,1,0.027741930034955148
8860,0,1,0.06237020058500331
8861,1,1,0.0514466229473986
8862,0,0,0.07520047288150776
8863,1,1,0.0068647317660849305
8864,0,1,0.05203176435608277
8865,0,1,0.08625089887176711
8866,0,0,0.06989545896830271
8867,0,0,0.08149354171570176
8868,0,1,0.07727522217242887
8869,0,0,0.0709019481950931
8870,0,0,0.10778508515556216
8871,0,1,0.011029493259668094
8872,0,1,0.08761500799324384
8873,1,0,-0.036962493106089844
8874,1,1,0.06251214202152686
8875,0,0,0.05985972585674135
8876,0,0,0.030773621655797487
8877,0,0,0.03368332944098393
8878,0,1,0.06262709499081322
8879,0,1,0.0881171855777315
8880,0,1,0.06062391432129596
8881,0,0,0.09884619689415736
8882,0,1,0.13710157275844154
8883,0,1,0.07621328411302293
8884,0,0,0.04635382349636827
8885,0,1,0.026230856158781485
8886,0,1,0.08742918776656716
8887,0,0,0.07553567427002011
8888,0,1,0.05804809685812433
8889,1,0,0.051611881676047994
8890,0,0,0.04190074683806272
8891,0,0,0.09071281182083613
8892,0,1,0.0972938588724206
8893,0,1,0.03789938535904799
8894,0,0,-0.02029116829833974
8895,0,1,0.0547303334319067
8896,0,1,0.06520331807112115
8897,0,1,0.0886159339023398
8898,1,1,0.06732210633244624
8899,0,1,0.04617183166096993
8900,0,1,0.02958212297719162
8901,0,1,0.026348989488655522
8902,0,1,0.03282495904521024
8903,0,0,0.07615001509502543
8904,1,0,0.06335997508683508
8905,0,1,0.03692337345804697
8906,0,0,0.04725265379431784
8907,0,1,0.05988569346173345
8908,0,1,0.055836889270474574
8909,0,1,0.03449723282522642
8910,0,1,0.07724793346683481
8911,0,1,0.0434746602977403
8912,0,0,0.09459449320173202
8913,0,0,0.02789456754811745
8914,0,1,0.011673866247683587
8915,0,0,0.06823418279689514
8916,0,0,0.037477980577255904
8917,0,1,0.03793351954553362
8918,0,1,0.06659040058185466
8919,0,0,0.08455734120874506
8920,0,0,0.07582165994550286
8921,0,1,0.02299853473136776
8922,0,0,0.03342547610883925
8923,1,0,0.12772916701608292
8924,0,0,0.05326272502201164
8925,0,1,0.10047597360922778
8926,0,0,0.03243482676858804
8927,0,1,0.05901558064772003
8928,0,1,0.020205985491136294
8929,0,1,0.06904440324346317
8930,0,0,0.049909671736506345
8931,0,0,0.08854387115497789
8932,0,1,0.04973279549436343
8933,0,1,0.10181104225565044
8934,0,1,0.07897253052594405
8935,0,1,0.04454438241331764
8936,1,0,0.05136730992378305
8937,0,0,0.06260556003174447
8938,0,1,0.04488095387934901
8939,0,0,0.07112155084783389
8940,0,0,0.08946048365384038
8941,0,0,0.018507507808604662
8942,0,1,0.041526153199356416
8943,0,1,0.05465447812343453
8944,0,1,0.02595087828703041
8945,0,1,0.06429162109260039
8946,0,1,0.014941982578891927
8947,0,0,0.08330664720249256
8948,0,0,0.034746821762626834
8949,0,0,0.07779428366730057
8950,0,0,0.08764010896021643
8951,0,0,0.04446427844938845
8952,0,1,0.059461929716733
8953,1,1,0.06882903852288429
8954,0,0,0.008230852875715955
8955,0,0,-0.03607929435977669
8956,0,0,0.05667706929832492
8957,0,1,0.0398686091346854
8958,0,1,0.09286043168882502
8959,0,1,0.060049345626104006
8960,0,1,0.049585407438793
8961,0,1,0.07648724370895406
8962,0,0,0.09524007991016162
8963,0,1,-0.04994131948999714
8964,0,1,0.006404096797490932
8965,0,0,0.04919538777671523
8966,0,1,0.08159612025794474
8967,0,0,0.018653313069628488
8968,0,0,0.04604283003881163
8969,0,1,0.04198023931653972
8970,0,0,0.02655789281433285
8971,1,1,0.06133712505241293
8972,1,1,0.051614836120629434
8973,0,0,0.016372022740880093
8974,0,1,0.044012431431672314
8975,0,1,0.03584763358252714
8976,0,1,-0.00015607660303165738
8977,0,1,-0.011974143591419129
8978,0,1,0.05926845787546195
8979,0,1,0.10017310348394434
8980,0,0,0.03396478515529999
8981,0,1,0.07514281171754333
8982,0,1,0.07846152113646156
8983,0,0,-0.00826843024024232
8984,0,1,0.07454279258356704
8985,0,0,0.055939641309186904
8986,0,0,0.07149775980851841
8987,0,1,0.054620431997611296
8988,0,1,0.035859146194440264
8989,0,1,0.02922576210822561
8990,0,0,0.05734359945756956
8991,0,0,0.052286991321845645
8992,0,1,0.07158245516822814
8993,0,1,0.041500094699598755
8994,0,1,0.06106663842597393
8995,0,1,0.08688539020133744
8996,0,1,0.06919313266830031
8997,0,1,0.08278018828024697
8998,0,0,0.027787018246695785
8999,0,1,0.0655415065887515
9000,0,1,0.20776742964973963
9001,0,1,0.05734081765298055
9002,0,1,0.05054233385018916
9003,0,1,0.07962505163503884
9004,0,1,0.067671875899148
9005,0,0,0.050164450343517984
9006,0,1,0.20163181331656294
9007,0,0,0.06586264811930007
9008,0,1,0.05799374818645149
9009,0,1,0.018600898827295653
9010,0,1,0.06426257742579192
9011,0,1,0.03994324474246286
9012,0,1,0.08211818019707962
9013,0,0,0.07297681560205196
9014,0,1,0.0692509264519033
9015,0,1,0.08742823992907864
9016,0,0,0.09125954966140118
9017,0,1,0.05430244231486761
9018,0,1,0.03863983471068924
9019,0,1,0.07591909401081127
9020,0,0,0.11363055309991274
9021,0,1,0.05526829229679539
9022,0,0,-0.00037239207020769993
9023,0,1,0.07485635874632396
9024,0,0,0.06766926752701827
9025,0,1,0.03329541998369813
9026,0,1,0.04003470075848152
9027,0,1,0.0858549398859798
9028,1,1,0.06851264306847302
9029,0,1,0.08745344574468114
9030,0,1,0.08294785155055713
9031,0,1,0.023687416652711582
9032,0,0,0.07462929896297983
9033,0,1,0.01585115224570255
9034,0,0,0.15094817280489203
9035,1,1,0.06417722751656726
9036,1,1,0.10184827594748391
9037,0,0,0.08908967788906272
9038,0,1,0.011284722081089577
9039,0,0,0.04523336782236789
9040,0,1,0.0828628140140089
9041,0,1,0.07824841374208596
9042,0,0,0.09908782914813982
9043,0,1,0.05208037456151093
9044,0,0,0.09672555589441653
9045,0,0,0.07197268911481292
9046,1,1,0.04617183166096993
9047,1,0,0.03449228504237939
9048,0,1,0.06943687443157168
9049,0,1,0.035927615913271274
9050,0,1,0.08712371541048661
9051,0,1,0.05392583518833968
9052,0,1,0.05793114245401165
9053,0,0,0.0635873106557147
9054,0,1,0.09133615914047775
9055,0,0,0.07485475530828203
9056,0,0,0.06516696290583454
9057,0,1,0.08950390820876063
9058,1,1,0.08118234361146652
9059,1,0,0.06613055994791256
9060,0,1,0.07538830995450282
9061,0,1,0.06501979966178571
9062,0,1,0.05026489059859872
9063,1,1,0.03464841145553972
9064,0,1,0.04098523563979363
9065,0,0,0.061065556053366846
9066,0,1,0.07642794162841034
9067,0,1,0.051992709934111536
9068,0,1,0.04109424247174279
9069,1,1,0.06302779775967637
9070,0,1,0.05458395419098575
9071,0,0,0.03078451984246597
9072,1,1,0.017208821110182654
9073,1,0,0.06508730689782358
9074,0,1,0.08901705779170163
9075,0,1,0.07592297279238226
9076,0,1,0.07243003963136097
9077,1,0,0.03696875260581564
9078,0,1,0.05378738924887046
9079,0,0,0.05915849614284907
9080,0,0,-0.004001131467373409
9081,0,0,0.021422555235695445
9082,0,1,0.08688539020133744
9083,0,1,0.06903843181699706
9084,1,1,0.0660687767703219
9085,1,1,0.09495613926602782
9086,0,1,0.06617051804557461
9087,0,0,0.08688276083033916
9088,0,1,0.2192865003770097
9089,0,0,0.07356159640578686
9090,0,1,0.006155481359223919
9091,0,1,0.0978406104734949
9092,0,1,0.10003085276484915
9093,0,1,0.02303782234838575
9094,0,1,0.032278088839093555
9095,0,1,0.09693878054459416
9096,0,1,0.06777680462264264
9097,0,1,0.03532791330013656
9098,0,1,0.021516544235218246
9099,0,1,0.07229486569456427
9100,0,0,0.08695060818462465
9101,0,1,0.06617051804557461
9102,0,1,0.06548744059932984
9103,0,1,0.06933582976843139
9104,0,1,0.04975991146664807
9105,0,1,0.08843402074300659
9106,1,1,0.03656785768117425
9107,0,1,0.01964991207746819
9108,0,1,0.024600291222137277
9109,0,1,0.040059199012956875
9110,0,0,0.09050888129181359
9111,0,1,0.10755972187540436
9112,0,0,0.09637431293037993
9113,0,0,0.022445568402680055
9114,0,1,0.1027241459723766
9115,0,1,0.04620001463099789
9116,0,1,0.10071448155433486
9117,0,1,0.06013313778822342
9118,0,0,0.032286304452438436
9119,0,0,0.07560744920400847
9120,0,1,0.054901963529751234
9121,0,1,0.023735325432086576
9122,1,1,0.02077418254830754
9123,0,1,0.07549018669401168
9124,0,1,0.06265525001600669
9125,0,1,0.027579654995543712
9126,0,1,0.11126652827485252
9127,1,1,0.10589487104027633
9128,0,1,0.06763667525382729
9129,1,0,0.09336688445956207
9130,0,0,0.0464623770986818
9131,0,0,0.07543754847855338
9132,0,0,0.07555511899399914
9133,0,1,0.0929834185107519
9134,0,1,0.11141442986574822
9135,0,1,0.04816196747577797
9136,0,1,0.07380885172308724
9137,0,1,0.07578101135142329
9138,1,1,0.11652828071947986
9139,0,1,0.06617051804557461
9140,0,1,0.11497942427485927
9141,0,0,0.07017684613460107
9142,0,1,0.04682248440426093
9143,0,1,0.06433341379695623
9144,0,1,0.032763558097124335
9145,0,0,0.0539940060698961
9146,0,1,0.004307098869927611
9147,0,1,0.23795038072083508
9148,0,1,0.08194716303556351
9149,0,0,0.0679571838971022
9150,1,1,0.08210723135385613
9151,0,0,0.044860623236323276
9152,0,1,0.09609258162968982
9153,0,1,0.04426068660898784
9154,0,1,0.08832268189998668
9155,0,1,0.043012597374666214
9156,0,1,-0.012557339062261696
9157,0,1,0.03570261058036717
9158,0,1,0.08577783642926334
9159,0,1,0.05247303441081483
9160,0,1,0.07257356742495447
9161,0,0,0.058404347086375846
9162,0,0,0.1325901334832751
9163,1,1,0.037394616583619644
9164,0,0,0.047056497160137184
9165,0,1,0.06711001086396529
9166,0,1,0.056089200001395584
9167,0,0,0.09810150513686575
9168,0,0,0.038797834618213886
9169,0,1,0.03225422711127057
9170,0,0,0.015239392044175473
9171,0,1,0.09201890417557174
9172,0,1,0.030570972319869563
9173,0,1,0.07247658553947661
9174,0,1,0.09225650144545931
9175,0,0,0.22154367151927346
9176,0,0,0.04378011975217684
9177,0,1,0.02203175909056196
9178,0,0,0.08304358661179795
9179,0,1,0.059748253139117205
9180,0,1,0.06612966137378706
9181,1,1,0.09609258162968982
9182,0,1,0.025460236837810124
9183,1,0,0.09431466148218051
9184,0,1,0.07417075150749264
9185,0,1,0.05112822078435761
9186,0,1,0.08863523840776172
9187,0,1,0.08566433263062416
9188,0,0,0.05342995940711827
9189,0,0,0.044203665221096686
9190,0,1,0.023413446766055834
9191,0,1,0.06748652739933578
9192,0,1,0.08037966342360522
9193,0,1,0.032365137069428895
9194,0,0,0.06263812059949073
9195,1,1,0.11967386318967943
9196,0,1,0.08569752924142729
9197,0,0,0.0573945473143566
9198,1,1,0.05371837416064193
9199,0,1,0.04906089240318125
9200,0,1,0.03427220532205261
9201,0,1,0.0637115265534905
9202,0,0,0.08775758323404423
9203,1,0,-0.030795736269464913
9204,0,1,-0.01662729789526876
9205,0,0,0.05722460165852908
9206,0,0,0.09489404045946315
9207,0,1,0.09868979851401308
9208,1,1,0.05998408960463325
9209,0,1,0.10850263030706665
9210,0,1,0.09622437429304966
9211,1,0,0.07699637017156322
9212,0,1,0.07471126321639308
9213,0,1,0.08609591155380812
9214,0,1,0.09234774162934961
9215,0,1,0.049534772559901005
9216,0,0,0.01759829318028648
9217,0,1,0.07212642901423577
9218,0,0,0.05863826460765259
9219,0,1,0.09310092068018341
9220,0,1,0.06617051804557461
9221,0,1,0.06880698748163079
9222,0,1,0.08504195773675874
9223,0,0,0.04274907269671081
9224,0,1,0.04962695032087894
9225,0,1,0.04251534048578774
9226,0,0,0.04649803212986439
9227,0,1,0.0578316717387798
9228,0,1,0.0960607525001027
9229,0,0,0.06075273218613009
9230,0,0,0.06628732729867784
9231,0,0,0.01422751451187218
9232,0,0,0.1359183637002877
9233,0,1,0.12761767511772357
9234,0,1,0.13291020863174083
9235,0,1,0.07891498063003716
9236,0,0,0.03958583727037851
9237,0,1,0.034816803175266586
9238,0,0,-0.013095014918178813
9239,0,1,0.08138104929871344
9240,0,1,0.01539179669468646
9241,0,1,0.019888499449726718
9242,0,1,0.046416560679405555
9243,0,0,0.08234294088938912
9244,1,1,0.06277781356445304
9245,0,0,0.027682304561263124
9246,0,0,0.07860300647047329
9247,0,1,0.05061664191716658
9248,0,0,0.08387917614179538
9249,0,1,0.06053258960223655
9250,0,1,0.07558760528259575
9251,0,1,0.04956008130336961
9252,0,1,0.040611316965224936
9253,0,1,0.01729184713561538
9254,0,0,0.028072775145849882
9255,1,0,0.07729243670438926
9256,0,1,0.029838469885650226
9257,1,1,0.04291325981513951
9258,0,0,0.05032474895124185
9259,0,0,-0.04773025290566976
9260,0,1,0.21840935750827492
9261,0,1,0.042812676590020055
9262,0,1,0.041273845096184085
9263,0,1,0.06423451936638101
9264,0,1,0.0438886515708945
9265,0,0,0.0363573938173854
9266,0,0,0.08576815635356705
9267,1,0,0.043209286857080295
9268,0,1,0.07877950345272033
9269,0,1,-0.027001775785602727
9270,0,1,0.058711629662232326
9271,0,0,0.07957273339601767
9272,0,0,0.0765661442934663
9273,0,1,0.05921386764490963
9274,0,1,-0.030532709431155852
9275,0,1,0.041352494838632736
9276,0,1,0.05726044075271611
9277,0,1,0.05311607246870115
9278,0,0,0.05598059637819892
9279,0,1,0.01837551961823415
9280,0,1,-0.014059407892022091
9281,0,0,0.09628363564096237
9282,0,1,0.07554360192367547
9283,0,1,0.043437932265620344
9284,1,1,0.03440913902392742
9285,0,0,0.08988374214619196
9286,0,1,-0.006162756785426465
9287,0,0,0.04841376807430292
9288,0,1,0.040461873532022186
9289,0,1,0.09440786746593506
9290,0,1,0.04975991146664807
9291,0,1,0.10109285358156611
9292,0,0,0.05447360691053303
9293,1,1,0.04832357173244814
9294,0,1,0.12956171440262096
9295,0,1,0.08069777137765943
9296,1,1,0.011065711755387841
9297,0,0,0.00854963382963142
9298,0,0,0.06741230955909469
9299,0,1,0.06289905482190757
9300,0,0,-0.015148777786889112
9301,1,1,0.03887843071618727
9302,0,1,0.04191324065616142
9303,0,1,0.11074360495339722
9304,0,1,0.0712366510315958
9305,1,1,0.09480565943219078
9306,0,0,0.031650790660274486
9307,0,0,0.1056253438479364
9308,0,1,-0.015533835135880164
9309,0,1,0.06544544880288115
9310,0,1,0.08360984318313656
9311,1,1,0.022376498479319384
9312,0,1,0.05479235657013257
9313,0,1,0.03866425271381524
9314,1,1,0.08865325371889755
9315,0,0,0.058546500545753305
9316,0,1,0.04281602591833604
9317,0,1,0.07224275220471132
9318,1,1,0.0057746498284584336
9319,0,1,0.0880670640836663
9320,0,1,0.07533115154540432
9321,0,1,0.09416443777501657
9322,0,0,0.02186438712699354
9323,0,1,0.023580201222747676
9324,0,0,0.0793307934414695
9325,0,1,0.21411598819631017
9326,0,1,0.11117451573303258
9327,0,1,0.056297278945852416
9328,0,0,0.04612960607915839
9329,0,0,0.07356076700068206
9330,0,1,0.08309418090979931
9331,0,0,0.08566433263062416
9332,1,0,0.009185832461451188
9333,1,0,0.06126014233957755
9334,1,1,0.05196551064161073
9335,0,1,0.10811790238527512
9336,0,1,0.007822713914057533
9337,0,1,0.06853938973210491
9338,0,1,0.04974736944132774
9339,1,1,0.030628372556124328
9340,0,0,0.08309965186332155
9341,0,0,0.06357520606985581
9342,0,1,0.11555021580732601
9343,0,1,-0.040579983740900855
9344,0,1,0.007934663545072523
9345,0,1,-0.01262171299680151
9346,0,1,0.06955830535922197
9347,0,0,0.12073263311738694
9348,0,1,0.08737132957262077
9349,0,1,0.11765937055255755
9350,0,0,-0.026577282307376132
9351,0,1,0.09161091085866249
9352,0,0,0.005407485890807889
9353,0,0,0.04524580971877698
9354,0,1,0.06655564903744698
9355,0,1,0.07491317273274439
9356,1,1,0.06434523863646983
9357,0,1,0.08189679227479799
9358,0,1,0.015334782321810292
9359,0,1,0.027006721985989884
9360,0,0,0.03955893951513542
9361,0,1,0.052188306829578174
9362,0,1,0.057848152368518424
9363,0,0,0.05495438306684146
9364,0,1,0.05794490371571198
9365,0,1,0.07391491382213017
9366,0,1,0.06703969122561133
9367,0,0,0.0751147316914709
9368,0,0,-0.003852241805928691
9369,0,1,0.08439846912408663
9370,1,1,-0.05947123700735951
9371,0,0,0.04110471962769972
9372,0,1,0.03503737183126571
9373,0,1,0.041092551851998296
9374,0,1,0.07520047288150776
9375,0,1,0.052472050066375675
9376,0,0,0.17803574933083927
9377,0,1,0.06115118088887751
9378,0,1,0.049632070348449325
9379,0,0,0.09525516961772271
9380,0,1,0.057660745046027057
9381,0,1,0.022457723389592982
9382,0,1,0.07723900251023771
9383,0,0,0.047541555461495785
9384,0,0,0.10234998720863592
9385,1,0,0.08867855273232886
9386,0,0,0.05969582451276506
9387,1,1,0.07636100588123312
9388,0,0,0.03978183703183391
9389,0,0,0.058652773780344114
9390,0,1,0.057492185587099495
9391,0,0,-0.005823024643710872
9392,0,1,0.09750989597208318
9393,0,0,0.03759584784613551
9394,0,1,0.06952994813323223
9395,0,1,0.06555659860243405
9396,0,1,0.0575789813507628
9397,0,0,-0.01928364344470415
9398,0,1,0.031853011895046246
9399,0,1,0.048230174768712636
9400,0,1,0.038930096036744674
9401,0,1,0.05284227749091394
9402,0,1,0.06623187494852069
9403,0,0,0.0358603890171163
9404,0,1,0.07928641717198835
9405,0,1,0.053968803422083156
9406,0,1,0.2308810211544885
9407,1,1,0.05606092279292063
9408,0,0,-0.0014899562057781035
9409,0,0,0.04562320933619379
9410,0,1,0.03291472950912351
9411,0,0,-0.0865109548101218
9412,0,1,0.024078470577299976
9413,0,1,0.07819586574245854
9414,0,0,0.046221121036519916
9415,0,0,0.04869667121083575
9416,0,0,0.11394865668159605
9417,0,0,0.0763907839273633
9418,1,1,0.03352642556462318
9419,1,1,0.0769686645303812
9420,0,1,0.16254744648666622
9421,0,1,0.03003234503297203
9422,0,0,0.10240138865892978
9423,0,0,0.05803670371982542
9424,0,1,0.04090609237129311
9425,0,1,0.0358555581981686
9426,0,1,0.05195856063312618
9427,0,1,0.03374209361146238
9428,0,1,0.036278924654499486
9429,0,1,0.06989545896830271
9430,0,0,0.043188042568404486
9431,0,0,0.030218910187156556
9432,0,0,0.1293157273551209
9433,0,1,0.0586070323095252
9434,0,1,0.011736489489484803
9435,0,1,0.09267794294176154
9436,0,1,0.09609258162968982
9437,0,1,0.014321059324810759
9438,1,1,0.054954884406542615
9439,0,1,0.05031406294619361
9440,0,0,0.10662925014866911
9441,1,1,0.004634767116673266
9442,0,1,0.015588472938480119
9443,0,1,0.03104786008823346
9444,0,0,0.08085014814503162
9445,0,1,0.033422754437270705
9446,0,1,0.12325837474136561
9447,0,1,0.08411191825539155
9448,0,1,0.04974736944132774
9449,0,0,0.10316458928676048
9450,0,1,0.06019579650390687
9451,0,0,0.05602278553117307
9452,0,1,0.0699659721427498
9453,0,1,0.0551362482484367
9454,0,1,0.03325873226834217
9455,0,1,0.07521880251334741
9456,0,0,0.07441981020310975
9457,1,1,0.07695216397608279
9458,0,1,0.06376691499014306
9459,0,0,0.0592193959450468
9460,0,0,0.04255317161072958
9461,1,0,0.039173021359177496
9462,0,0,0.05666403854631011
9463,0,1,0.049847807733327504
9464,0,1,0.038137816754697365
9465,0,0,0.054510303190900875
9466,0,1,0.0823206082283191
9467,0,0,0.0483119106835561
9468,0,1,0.04416847609868074
9469,0,0,0.05374565920221297
9470,1,0,0.02490572158995058
9471,1,1,0.13244675033785797
9472,0,1,0.04737945135959168
9473,0,1,0.15347239169247673
9474,0,1,0.07713152288582166
9475,0,1,0.09140447156099282
9476,0,0,0.08052096140825613
9477,0,1,0.08563455428175507
9478,0,0,0.03574334374668896
9479,0,1,0.07538378210977033
9480,0,1,0.051667877146117036
9481,0,1,0.017578365464371526
9482,1,1,0.045672957240988785
9483,0,1,0.05287375524892554
9484,0,1,0.0672766267651569
9485,0,1,0.05378738924887046
9486,0,1,0.10897169879328823
9487,0,1,0.08098953875160313
9488,0,0,0.07891299301956577
9489,0,0,0.062270913917552115
9490,0,1,0.04646116779604975
9491,0,1,0.005691821084548035
9492,0,1,0.04610286935308722
9493,0,1,0.0979794625179188
9494,0,0,0.04746767097298496
9495,1,0,0.01590417644852235
9496,0,0,0.06762515517117795
9497,0,0,0.08015465439448102
9498,0,1,0.04658559005232092
9499,0,1,0.04878850095214753
9500,0,1,-0.01793623640351985
9501,1,1,0.0787850478877666
9502,0,0,0.07420235614394079
9503,0,1,-0.04825868731309271
9504,0,1,0.04871224520584666
9505,0,1,0.06152828821514787
9506,1,1,0.04379207550539976
9507,0,1,0.03684858852020681
9508,0,1,0.04342078293512944
9509,0,1,0.081465404837499
9510,0,1,0.030550679459975985
9511,0,1,0.026744375147886218
9512,0,0,0.08921703361221435
9513,0,0,0.08468847876976973
9514,0,0,0.1251906400934789
9515,0,1,0.11512491422000687
9516,0,1,0.08318918321861647
9517,0,1,0.04078278796629898
9518,0,1,0.09134139891939086
9519,0,1,0.08249799470678909
9520,0,0,0.04352109823334882
9521,0,1,0.10357279856743883
9522,0,1,0.08727914667044612
9523,0,1,0.03675294741098274
9524,0,0,0.08583883815867763
9525,0,0,0.09686666227570645
9526,1,1,0.037208740296015674
9527,0,0,0.08818690851036262
9528,0,0,0.05561128352422025
9529,0,1,0.07227737910230743
9530,0,0,0.054910669637264306
9531,1,0,0.013905374576077822
9532,0,1,0.04735556395284052
9533,0,1,0.03333253604226448
9534,0,1,0.06495428851816731
9535,0,1,0.04078278796629898
9536,0,0,0.061745010149953594
9537,0,0,0.06753048645739824
9538,0,0,0.09061095249838005
9539,0,1,0.04514105562718229
9540,0,1,0.06823418279689514
9541,1,1,0.06345968623753517
9542,0,0,-0.02925801418547566
9543,0,1,-0.01566875748698085
9544,0,1,0.0830050099059607
9545,0,0,0.08771283209665764
9546,0,1,-0.02603023347805053
9547,0,1,-0.016778140938381092
9548,0,1,0.014948023409169744
9549,0,1,0.08170296932309525
9550,0,0,0.02741828620827781
9551,0,1,0.057859910293359296
9552,1,1,0.08462198452506514
9553,0,1,0.0803619315126323
9554,1,0,0.03989005051134589
9555,0,1,0.1220018943846087
9556,0,0,0.04073704716290141
9557,1,1,-0.06333027386158652
9558,1,1,0.039054277608536414
9559,0,0,0.07444860634810392
9560,0,1,0.07738073569209486
9561,0,1,0.10019059897119818
9562,0,1,0.10185286859349468
9563,0,1,0.05932947631491273
9564,0,1,0.07616884827664137
9565,0,0,0.08118234361146652
9566,1,0,0.07743493948438997
9567,0,0,0.03720734099462902
9568,0,1,0.10502407975557215
9569,1,1,0.12099108567135129
9570,0,1,0.09335872155932531
9571,0,1,0.09423043786341105
9572,0,0,0.07518155763827318
9573,0,0,0.06665071239211214
9574,1,1,0.022457723389592982
9575,0,1,0.0635770917903936
9576,0,1,0.0588573796141785
9577,0,0,0.09640185332368126
9578,0,0,0.052613974995635526
9579,0,0,0.029125342979294186
9580,1,1,0.08339220140190928
9581,0,1,-0.028366091039689567
9582,0,0,0.05889957795561421
9583,0,0,0.04987537684154564
9584,0,1,0.050607441194341934
9585,1,1,0.10907906429556544
9586,0,1,0.08417651590017172
9587,0,1,0.02780380325969893
9588,0,0,0.04701705165643735
9589,0,0,0.07172172779124888
9590,0,0,0.04842936273907908
9591,0,1,0.0528196994103539
9592,0,0,0.06339923706070519
9593,0,0,0.042679159143901135
9594,0,1,0.03650594832409362
9595,1,1,0.029385354962865054
9596,0,1,0.0158796807382309
9597,0,1,0.08356247498535993
9598,0,1,0.00045273346323138064
9599,0,0,0.06533164531912318
9600,0,0,0.07497128993403288
9601,0,0,0.0647145903894718
9602,1,0,0.05147227217084431
9603,0,0,0.09858816113566572
9604,0,0,0.055690925355395854
9605,0,1,0.033495599042594165
9606,0,1,-0.017933391924727177
9607,0,1,0.07896948610366786
9608,0,1,0.06533405744045825
9609,0,0,0.054620431997611296
9610,0,1,0.13101375714402763
9611,1,0,0.03811807291394631
9612,0,0,0.11428059176580307
9613,0,1,0.0566535618489199
9614,0,1,0.08287080548327798
9615,0,0,0.0464623770986818
9616,0,1,0.0935726409531894
9617,0,1,0.11030861220340632
9618,0,0,0.1277466175949683
9619,1,1,-0.014578947331698566
9620,0,0,0.09464873452191869
9621,0,1,0.0867753328518247
9622,0,0,0.08773292572384801
9623,0,1,0.037929343113943456
9624,0,1,0.031986604582387584
9625,0,1,0.05478219670576426
9626,0,1,0.08939853640838569
9627,1,0,0.13297893952815348
9628,1,1,0.07298176760742026
9629,0,1,0.04312637338601363
9630,0,0,0.04670008831468982
9631,0,1,0.05141995888540034
9632,0,1,0.047622942619465494
9633,0,0,0.0860055481789727
9634,0,1,-0.09669089226372046
9635,0,0,0.09100629490946256
9636,0,1,0.04301695460549754
9637,0,1,0.09102065339388289
9638,1,1,0.1126833677091883
9639,1,1,0.02554510686599723
9640,0,0,0.1069802435257772
9641,0,0,0.024430975061403376
9642,0,0,0.07272148415938627
9643,0,1,-0.050073814606317685
9644,1,0,0.0891139394801011
9645,0,0,0.05641933147453301
9646,0,1,-0.009614024049618447
9647,1,1,0.05579717259217756
9648,1,0,0.04396209779019482
9649,0,1,-0.014031957508296083
9650,0,1,0.0976449376187972
9651,0,1,0.027658118701872236
9652,0,0,0.06781878430149235
9653,0,1,0.048281296745193686
9654,0,1,0.055614189257196536
9655,0,1,0.10542288110709214
9656,0,0,0.07147953755359748
9657,0,0,0.041971440853110255
9658,1,1,0.09416372274229695
9659,0,1,0.045394832140094626
9660,0,1,0.09131609939915425
9661,0,1,0.04335658844604756
9662,0,1,0.07957273339601767
9663,0,1,0.06786045737901306
9664,1,0,0.07779770679217046
9665,0,0,0.09941204292286754
9666,0,1,0.06299056279553239
9667,0,1,-0.012967008962281867
9668,1,0,0.09750989597208318
9669,0,1,0.04772049661522734
9670,0,1,0.1254448013605835
9671,0,0,0.09436679687028054
9672,0,1,0.025411687942276828
9673,0,0,0.0599416697569492
9674,0,1,0.05415043632180995
9675,0,1,0.08068116339347554
9676,0,0,0.0968400084627829
9677,0,0,-0.009509162562115009
9678,0,1,0.0842265530598744
9679,0,1,0.11154885644922866
9680,1,1,0.07818641399160522
9681,0,0,0.08010826173082448
9682,0,0,0.06172374312272635
9683,0,1,0.07585089095858813
9684,1,1,0.021480924847484234
9685,0,0,0.05977243761866041
9686,0,0,0.06406503612339509
9687,1,1,0.030754926863265225
9688,0,1,0.06991560982255159
9689,0,1,0.013961099274428374
9690,0,0,0.048501304184118965
9691,1,1,0.0075145367323421475
9692,0,1,0.05670435903920111
9693,1,1,0.08063499927958369
9694,0,1,0.06580418322644375
9695,0,0,0.0939267591999671
9696,0,1,0.05622233397604562
9697,0,1,0.04306166976319373
9698,0,0,0.02124905216592332
9699,1,1,0.05623602748008753
9700,0,0,0.07302430632612066
9701,0,1,0.028455400497314487
9702,1,1,0.05253225898181478
9703,0,0,0.049570349254092316
9704,0,1,0.06561991043788482
9705,0,1,0.06415774080754885
9706,0,0,0.06319611459101065
9707,0,0,0.09750989597208318
9708,0,0,0.07031230868096422
9709,0,0,-0.003853419755125681
9710,0,1,0.005460517195488054
9711,0,1,0.017793210278604463
9712,0,1,0.09008844491640311
9713,0,1,0.03976209464873899
9714,0,1,0.07023738190755922
9715,0,1,0.008545153612212752
9716,0,1,0.014311310200705613
9717,0,1,0.08150565693643529
9718,1,0,-0.010911694531139549
9719,0,1,0.04206173760215308
9720,0,1,0.05987546706248317
9721,0,1,0.04932785625316524
9722,0,0,0.0756134061930532
9723,0,1,0.08258333403737783
9724,0,1,0.03991957472940234
9725,0,0,0.06207154299881494
9726,0,1,0.02338576959688496
9727,0,0,0.11046423800722958
9728,0,1,0.05297385951055661
9729,0,1,0.05110980425675812
9730,0,1,0.11779855740951443
9731,0,0,0.02691830019725286
9732,0,1,0.24762534575488404
9733,0,1,0.06126190698301126
9734,0,1,0.029385354962865054
9735,1,1,0.26386048824512104
9736,1,1,-0.04303495886148831
9737,0,1,0.04996016346047841
9738,0,1,0.0394401526289678
9739,0,1,0.01683109188622961
9740,0,1,0.07417362487699698
9741,0,1,0.06822063017407062
9742,0,0,-0.018533584981793805
9743,0,1,0.09236437557924224
9744,0,1,0.04980059138260498
9745,0,0,0.10338189155911127
9746,0,0,0.13203741106555564
9747,0,1,0.0813353697012784
9748,0,0,0.09736125647488851
9749,0,1,0.08628726503271654
9750,0,1,0.0900179696172494
9751,0,1,0.05380057029240083
9752,0,1,0.03950970382616198
9753,1,0,0.08172995660815914
9754,0,0,0.15730916543305354
9755,0,1,0.06750283900985746
9756,0,0,0.08681845140866683
9757,0,0,0.08210280656412096
9758,0,0,0.014646651857670362
9759,1,0,0.15043814712626258
9760,0,1,0.056376469415724356
9761,0,0,0.08229064298194103
9762,0,0,0.037459722325676584
9763,1,1,0.011994039332949673
9764,0,0,0.0939575858996977
9765,0,0,0.06505673904505357
9766,0,1,0.10852289521674906
9767,0,0,0.1561867724693597
9768,0,1,0.06696377954885231
9769,0,1,0.04612960607915839
9770,0,0,0.03320929785887278
9771,1,1,0.09933541574103454
9772,0,0,0.0447602078683252
9773,0,1,0.06594052190796296
9774,0,0,0.07798589355667587
9775,0,1,0.019398648401866975
9776,0,1,0.05794897607789107
9777,0,0,0.05728210811844445
9778,1,1,0.03780844799298923
9779,0,0,0.029898879760127728
9780,0,1,0.04633735138714984
9781,0,0,0.06186915084123068
9782,0,1,0.0511741692803387
9783,0,1,0.07047814203978164
9784,0,1,0.06495428851816731
9785,0,0,0.05794644091281104
9786,0,1,0.07948928699087164
9787,0,0,0.03451137665214994
9788,0,1,0.04589534555549388
9789,0,0,0.054591000412911095
9790,1,0,0.01957639050303453
9791,0,0,0.06441450538195041
9792,0,0,0.11099288700991536
9793,0,1,0.21092349585111214
9794,0,1,0.10690243455061157
9795,0,1,0.07476808172315721
9796,0,0,0.028699209268190584
9797,0,1,0.07109390791936504
9798,0,0,0.02040845314128975
9799,0,0,0.10459317607515117
9800,0,0,0.0960149100983606
9801,0,0,0.08570620312131513
9802,0,0,0.06011441382103171
9803,0,0,0.07235024173753725
9804,0,0,-0.007685873255891595
9805,0,1,0.05103939735305521
9806,0,1,0.06545106587861488
9807,0,0,0.06506838312237088
9808,0,1,0.07592411177235595
9809,0,1,0.04716349571222177
9810,0,1,0.0692509264519033
9811,0,0,0.10847619804589072
9812,0,1,0.031046183758560275
9813,0,1,0.048916822887632244
9814,0,0,0.09423043786341105
9815,0,1,0.09553919255978527
9816,0,1,0.06614550461473204
9817,0,1,0.09750989597208318
9818,0,1,0.03726327947483592
9819,0,0,-0.007135350750063288
9820,0,1,0.07977759117252503
9821,0,0,0.056297278945852416
9822,0,1,0.12036437673020559
9823,0,0,0.0679936791153567
9824,0,1,0.04077982860714875
9825,1,1,0.07178023354529049
9826,0,1,0.04566357998974378
9827,0,0,0.09290660520455182
9828,1,0,0.06906279016820539
9829,1,1,0.04769700896436255
9830,0,1,0.04073704716290141
9831,1,1,0.052106210737421776
9832,0,0,0.06036311250155682
9833,0,1,-0.0372906580361696
9834,0,0,0.027505715565248723
9835,0,0,0.008108736939476363
9836,0,1,0.15213721565346983
9837,0,1,0.04133564858352222
9838,0,1,0.10256699366441799
9839,0,1,0.028691487543507782
9840,0,1,0.03177003899165856
9841,0,0,0.08564531500915294
9842,0,1,0.0760983172535253
9843,0,1,0.07236405423262651
9844,0,1,0.06232587721820554
9845,0,1,0.05005125851413604
9846,0,1,0.05852836012661779
9847,0,1,0.0703163756728927
9848,0,1,0.05435688391551527
9849,0,1,0.07611138075351442
9850,1,0,0.09163620153659911
9851,0,0,-0.025897960966828226
9852,0,0,0.09210192275649642
9853,0,1,0.050874566949527675
9854,0,0,0.042901471353414766
9855,1,1,0.06528874193304587
9856,0,1,0.046638404829876176
9857,0,1,0.055717719095246906
9858,0,1,0.08300881326404487
9859,0,1,0.06958214007348235
9860,1,1,0.02342039124197859
9861,0,0,0.03165643899904701
9862,0,0,0.048505199920650624
9863,0,0,0.07178023354529049
9864,1,0,0.012888978579148141
9865,0,1,0.07837723795516226
9866,0,1,0.07933676974239637
9867,0,0,0.04897561696221554
9868,0,1,0.03390397144728777
9869,0,1,0.08249799470678909
9870,0,0,0.09157983568835791
9871,0,0,0.04733215686637483
9872,0,0,0.111094039266774
9873,0,1,0.1090444347748454
9874,0,1,0.07119105798335569
9875,0,1,0.05285685082808539
9876,1,1,0.00671855551034195
9877,0,1,0.09431466148218051
9878,0,1,0.032786312841625836
9879,0,0,0.04115598488300916
9880,0,1,0.06936300039843842
9881,0,0,0.0254571481315706
9882,0,1,0.028920046270610206
9883,0,1,0.025884898310611776
9884,0,1,0.054620431997611296
9885,0,0,0.0507685805211833
9886,0,1,-0.005107401742847628
9887,0,1,0.03132958274825938
9888,0,0,0.04167941999531698
9889,0,0,0.09044161925320154
9890,1,1,0.0771402742717522
9891,0,1,0.05378738924887046
9892,0,1,0.18636377235636875
9893,0,1,0.08126637959589897
9894,0,1,0.06976466778998122
9895,0,1,0.05768135277607933
9896,0,0,0.11137903610774935
9897,0,1,0.06727314444316924
9898,1,1,0.02203175909056196
9899,1,0,0.09431466148218051
9900,1,0,0.056418865652131764
9901,0,1,0.10575698443444456
9902,0,0,-0.02933282324168565
9903,0,0,0.09742194189995897
9904,1,1,0.05852836012661779
9905,0,1,0.03736243913548859
9906,0,0,0.08451303274505331
9907,0,1,0.03149825072041623
9908,0,0,0.08750117436466907
9909,0,1,0.08257623263242003
9910,0,0,-0.05671134493285068
9911,0,1,0.021198547745682694
9912,0,1,0.013788800320555683
9913,0,1,0.015146145668859162
9914,0,1,0.10866870210327431
9915,0,1,0.0670073453079608
9916,0,1,0.08576815635356705
9917,1,1,0.018602544273580907
9918,0,0,0.039150674410188435
9919,0,1,0.04190904014403564
9920,0,0,0.08673088811184382
9921,0,1,0.05308291892854604
9922,0,1,0.05103939735305521
9923,1,1,0.09011509474794537
9924,0,1,0.08717121903003786
9925,0,1,0.06307340946647899
9926,1,1,0.034470843216184405
9927,0,1,0.05913753845088482
9928,0,0,0.11822939359706337
9929,0,1,0.19128103525426515
9930,0,1,0.053782751602913154
9931,0,0,-0.036174279382744756
9932,0,0,0.07877579992450215
9933,0,1,0.031323380816728905
9934,0,1,0.07802073160315051
9935,0,1,0.035420383102505115
9936,0,0,0.008809084060633188
9937,0,1,0.08555306860034023
9938,0,1,0.15027107827581165
9939,0,1,0.023863008799340946
9940,0,1,0.038530800151876377
9941,0,1,0.0636779104971257
9942,0,1,0.08465004549198372
9943,0,1,0.08387917614179538
9944,0,1,0.07558957703985417
9945,0,0,0.043868386621704496
9946,0,1,0.026035829045146786
9947,0,1,0.08503336529969562
9948,0,0,0.012912344949265214
9949,1,1,0.04294188994043996
9950,0,0,0.04020892777747498
9951,0,0,0.08000737809972297
9952,0,1,-0.02665284905639434
9953,0,1,0.046649109481652754
9954,0,1,0.03866037143406598
9955,0,1,0.057921656924057596
9956,0,1,0.023863008799340946
9957,0,1,0.0641677486028619
9958,0,0,0.08435053932230448
9959,1,1,0.06484044764621827
9960,0,0,0.04781336965446236
9961,0,1,0.06652880535494474
9962,0,0,0.09479549765152727
9963,0,1,-0.015285905051252241
9964,0,1,0.056241274041600856
9965,0,0,0.07301848084681489
9966,0,1,0.07435937911976273
9967,0,1,0.14303380459566245
9968,0,1,0.03904738907216076
9969,0,0,0.06537539877128226
9970,0,1,0.08437495655527402
9971,0,1,-0.040123314253771525
9972,0,1,0.0221494792050375
9973,0,1,0.05936095085790569
9974,0,1,0.03022081965054907
9975,1,0,0.05307814968556851
9976,1,0,0.060695938975217106
9977,0,1,0.08792383989383046
9978,0,0,0.044380724600554186
9979,0,1,0.04469512028070988
9980,0,1,0.12279660718450476
9981,1,1,0.0589328833056189
9982,0,1,0.10078233705004234
9983,0,1,0.05697446735082573
9984,0,0,0.03972468087685119
9985,0,1,0.12046743040206886
9986,0,1,0.09380799110747182
9987,0,1,0.06601256512018984
9988,0,0,0.04664783084085215
9989,0,1,0.03168070241344659
9990,1,1,0.06354441436203298
9991,0,1,0.05072678482485507
9992,0,1,0.08152887481004564
9993,0,1,0.060332570120016416
9994,0,0,0.03209901267709961
9995,0,0,0.06365664471695515
9996,0,1,0.07327314749820499
9997,0,1,0.04842848270504804
9998,0,0,0.0639620207605019
9999,0,1,0.008312170843805547
10000,0,1,0.1052927684679985
10001,0,1,0.11568351561339316
10002,1,1,0.06876000647109265
10003,0,1,0.0681671385728598
10004,0,0,0.011136860947147768
10005,0,1,0.04765177735176182
10006,0,0,0.039939596797662416
10007,1,1,0.056144947294521214
10008,1,1,0.02203175909056196
10009,0,0,0.03657077336566347
10010,0,0,0.0598531000783097
10011,0,0,0.06659638370269073
10012,1,1,0.015085233500571976
10013,0,1,0.11359763758636518
10014,0,0,0.1499518110565738
10015,1,1,0.05070825512353323
10016,0,1,0.08873152331011777
10017,0,1,0.10106962777350628
10018,0,1,0.08166361076352831
10019,0,0,0.1380398346729999
10020,0,1,0.12071170542506908
10021,0,0,0.06498857151807774
10022,0,1,0.08403283050071797
10023,0,0,0.04023909043714463
10024,0,1,0.045553540155180205
10025,0,0,0.06064612079816567
10026,0,1,-0.0454332701501067
10027,0,1,0.12763968609015885
10028,1,0,0.09723551279421311
10029,0,1,-0.01954696322125446
10030,0,1,0.043302045731707456
10031,1,1,0.10667541762260263
10032,0,1,0.06254949016859729
10033,1,1,0.06099635706168985
10034,0,1,0.026400326359619114
10035,0,0,0.027286388329649164
10036,0,0,-0.009378668307134352
10037,0,1,0.053961739775611056
10038,0,0,0.11053400022589088
10039,0,1,0.08420971498407068
10040,0,1,0.05820893750081625
10041,0,1,0.09779827391575012
10042,0,1,0.06242712623185653
10043,0,1,0.08424108072125094
10044,0,0,0.09665179871534213
10045,0,0,0.07759221370721722
10046,0,1,0.09367255789564988
10047,0,0,0.06567196641435682
10048,0,1,0.08726697777581881
10049,0,0,0.06651989783347743
10050,0,0,0.02322846516260435
10051,0,1,0.06777680462264264
10052,0,0,0.07170484531999854
10053,0,1,0.09407912550873287
10054,0,1,0.02137379142126121
10055,0,1,-0.017934887535469124
10056,0,1,0.06727734034401778
10057,0,1,0.09741301479063386
10058,0,0,0.07426847164566885
10059,0,1,0.0229669534981507
10060,0,1,0.0756134061930532
10061,0,1,0.10026177888173621
10062,1,1,0.04940974814410587
10063,0,0,0.07520047288150776
10064,0,1,0.03698809028302641
10065,0,1,0.04694834850013885
10066,0,1,0.09848654104942076
10067,1,1,0.055046759928485206
10068,0,0,0.03536636333754781
10069,0,1,0.03792420435225258
10070,0,1,0.1477490090676653
10071,0,1,0.06325067592931669
10072,0,1,0.025057595702367652
10073,0,1,0.07914618700416137
10074,0,0,0.07656448388013562
10075,1,1,0.048671761734611685
10076,1,1,0.05267432586209436
10077,0,1,0.04865604775310842
10078,0,0,0.08020671426592443
10079,0,1,0.049972154204529606
10080,1,1,0.07078204007778263
10081,1,0,0.0773844210622587
10082,0,1,0.08545553541473666
10083,0,0,0.08035553298984127
10084,0,1,0.03096264484434648
10085,0,0,0.08524968744217737
10086,0,0,0.0578485896519029
10087,0,1,0.052499411060275655
10088,0,0,0.104984121083773
10089,0,0,0.09855282290970575
10090,0,1,0.05641698951163224
10091,0,1,0.054600241803565625
10092,0,0,0.10018746364553249
10093,1,1,0.04163554518760873
10094,0,0,0.06573165395963966
10095,0,1,0.06211430527643759
10096,0,1,0.0853823487799826
10097,0,0,0.09262879400757852
10098,0,1,0.09038564641304479
10099,0,0,0.08790786951547475
10100,1,0,0.09412010943333186
10101,0,1,0.06205105319218375
10102,1,1,0.03159072373288069
10103,0,1,0.08229064298194103
10104,0,1,0.053476987626691036
10105,0,1,0.030773621655797487
10106,0,1,0.05296919293082317
10107,0,1,0.03466809249554806
10108,0,1,0.08330675577656968
10109,0,1,0.0714175986698268
10110,0,1,0.03682956537749116
10111,1,1,0.08870411057065711
10112,0,1,0.09222147861114388
10113,0,1,0.12495301150951647
10114,0,1,0.12703602682984305
10115,1,1,0.09640474453609808
10116,0,1,0.02427954441031588
10117,0,0,0.06966353347126428
10118,0,1,0.07442118989054036
10119,0,1,-0.030354042487151928
10120,0,1,0.08848304996642317
10121,0,1,0.10256699366441799
10122,0,1,0.027911942395896894
10123,1,1,0.05101702203278166
10124,0,1,0.06723772565764036
10125,0,0,0.034203698230195256
10126,0,0,0.053235831539820894
10127,0,0,0.010786703297280681
10128,0,1,0.0917335069884792
10129,0,0,0.0459724282277959
10130,0,1,0.04629257330876316
10131,0,1,0.04662361140099425
10132,1,0,0.06340660658191068
10133,0,1,0.0484722688316018
10134,0,1,0.057925685504584296
10135,0,1,0.05773888706384142
10136,0,0,0.019489312715685547
10137,0,1,0.03709520378380715
10138,0,0,0.05470647005454893
10139,0,1,0.04977152146682248
10140,0,1,0.08440321783814396
10141,0,1,0.07101898373824521
10142,0,1,0.0338024722016087
10143,1,1,0.04980619133184374
10144,0,1,0.07862236799027528
10145,0,0,0.06777354486126252
10146,0,1,0.02557545577404008
10147,0,1,0.07158245516822814
10148,0,1,0.02850962286425978
10149,0,1,0.03793351954553362
10150,0,0,0.08406802628594603
10151,0,0,0.00811616092725484
10152,0,1,0.0772311387713947
10153,0,1,0.053466521537641434
10154,0,0,0.06033645253377898
10155,0,1,0.09608439085768486
10156,1,1,0.035537318094355314
10157,0,1,0.03802734514726379
10158,0,0,0.037939186002430736
10159,0,0,0.017956789765948403
10160,0,0,0.07935232265083664
10161,0,1,0.02889228796935492
10162,0,0,-0.009535917227342247
10163,0,1,0.016538412008480052
10164,1,1,0.08144826663942312
10165,0,1,0.0990366809769504
10166,0,1,0.0021901708128634623
10167,0,1,0.0872705043490259
10168,0,1,0.029110272320329006
10169,0,1,0.05443091472316994
10170,0,1,0.053828128436512246
10171,0,1,0.042338102823075964
10172,0,1,0.05555808391246464
10173,0,1,0.0692509264519033
10174,1,0,0.05210886163801384
10175,0,0,0.08100009486824572
10176,0,1,0.06823418279689514
10177,0,0,0.07317177917576884
10178,0,1,0.0711571392127976
10179,0,0,0.08587843908997411
10180,0,0,0.04791552196962849
10181,0,0,0.057988162855618
10182,0,0,-0.02722747775348011
10183,0,1,0.02920070030220759
10184,0,0,0.06518470668513607
10185,0,0,0.02203175909056196
10186,0,1,0.05067273777459888
10187,0,0,0.05809725719864012
10188,0,1,0.07634149825103614
10189,0,0,0.028279529467948178
10190,0,1,0.06861789739951009
10191,0,0,0.061661364893146664
10192,0,0,0.08699021124694165
10193,1,1,-0.009399747690324894
10194,0,0,0.1557135582710013
10195,0,0,0.0969303243493416
10196,0,1,0.058079599149838276
10197,0,1,0.19833912880719995
10198,1,1,0.08156258793980099
10199,0,1,0.05305638602223536
10200,0,1,0.09127882670402829
10201,0,0,0.007846784901114123
10202,0,1,0.07630295061104045
10203,0,1,0.04865445094272858
10204,0,0,0.07353834831935063
10205,0,0,0.039542971732255704
10206,0,1,0.04359647587706443
10207,0,1,0.06367315113846718
10208,0,1,0.028957425108057794
10209,0,1,0.027442624081771047
10210,0,0,0.08134877068099505
10211,0,1,0.10003085276484915
10212,1,1,0.07572687057242786
10213,1,1,0.07844148441683488
10214,0,0,0.0869136165556991
10215,0,1,0.0504794109986344
10216,0,1,0.06347257912594778
10217,0,1,0.21975398564936915
10218,0,0,0.06672985735270587
10219,0,0,0.052331813096883395
10220,1,1,0.0933849137114102
10221,0,0,0.01732605291410752
10222,1,1,0.018957317334962698
10223,0,0,0.07183689284557275
10224,0,0,0.0935814187935115
10225,0,1,0.05636029686308457
10226,1,1,0.10737764031381629
10227,0,1,0.05611709132854026
10228,0,1,0.04304082715135172
10229,0,0,0.033266782421616514
10230,1,1,0.04031167856242157
10231,0,1,0.0897560125098834
10232,0,0,-0.024998648924969974
10233,0,0,0.09991973053258793
10234,0,1,0.06782686813443531
10235,0,1,0.09437724461745281
10236,0,1,0.07579820550117367
10237,1,1,0.13804794093191436
10238,0,0,0.04220207378751287
10239,0,1,0.04275832372926104
10240,0,0,0.10874491960273464
10241,0,0,0.08065439621010051
10242,0,1,0.07181185730314689
10243,0,0,0.18763493808509374
10244,0,1,0.04692530317615254
10245,0,1,-0.033821988888356996
10246,1,1,0.05901149358707691
10247,0,1,0.058184534762536017
10248,0,1,0.08052000661861629
10249,0,1,0.03330504686774148
10250,0,0,0.08467602100165778
10251,0,1,0.0991510442579483
10252,0,0,0.1035514316389799
10253,0,1,0.10699339847530887
10254,0,0,0.06368010324118957
10255,0,1,0.04119675978943062
10256,0,1,0.03819041421999754
10257,0,1,0.06297865337261901
10258,0,1,0.08566433263062416
10259,0,1,0.04408913968205727
10260,0,1,0.08219614728162865
10261,0,1,0.032257668541341475
10262,0,0,0.0673462724151252
10263,0,0,0.1182119568587906
10264,0,0,0.055695789101419646
10265,1,1,0.033346698707903424
10266,1,0,0.08518292158683949
10267,1,1,0.08510082029606289
10268,1,1,0.04879761694939308
10269,0,1,0.07190521142707028
10270,1,1,0.07662904407586363
10271,0,0,0.0653624695167274
10272,0,1,0.07591190123409126
10273,0,1,0.052364500096303376
10274,0,0,0.10110945152746378
10275,0,1,0.0486361423688903
10276,0,0,0.028276840215730403
10277,0,0,0.06537227534761905
10278,0,0,0.042217372389217134
10279,0,0,0.09158068445276846
10280,0,0,0.05505660676719154
10281,0,1,0.038856193967301944
10282,0,0,0.04658462828892394
10283,0,1,0.08536330942510656
10284,0,1,0.08719480143491778
10285,0,1,0.07644209267393529
10286,0,1,-0.015800426897801312
10287,0,0,0.05031167229006285
10288,1,1,0.11721719434080913
10289,0,1,0.09474258959691108
10290,0,0,0.015150803895576243
10291,0,1,0.07554806311072587
10292,0,1,0.09592080895039395
10293,0,0,0.04793257407993427
10294,0,1,0.08471260723583804
10295,0,1,0.045498886436045965
10296,0,0,0.06544544880288115
10297,0,1,0.09090752023207771
10298,0,0,0.05567106819892528
10299,0,1,0.04629991873068659
10300,1,1,0.04651191282647328
10301,0,0,0.0948901959280692
10302,0,1,0.06575049519834647
10303,0,1,0.10039946356837373
10304,0,1,0.07425164089465189
10305,0,1,0.04307715039187554
10306,0,1,0.04070341009377715
10307,0,0,0.0223661566997925
10308,0,1,0.023621995537209423
10309,0,0,0.02462995941943963
10310,0,0,0.04607572401513241
10311,1,0,0.08750117436466907
10312,0,1,0.05980582460629223
10313,0,0,0.026639190069628504
10314,0,1,0.0945431828889886
10315,0,1,0.07428118227313013
10316,0,1,0.09437724461745281
10317,0,0,0.11411317094594547
10318,0,1,0.09009493986511319
10319,0,1,0.09288018975488219
10320,0,1,0.05609639867073804
10321,0,1,0.056362539152313956
10322,0,1,0.06267075927518766
10323,0,1,0.0955234760189381
10324,1,1,0.08619084567374523
10325,0,0,0.04690600505918021
10326,1,1,0.025324356281467925
10327,0,0,0.05505660676719154
10328,0,1,0.039918856758735605
10329,0,1,0.07483821682409893
10330,0,0,0.06823697090698144
10331,0,0,0.0772984535660069
10332,0,1,0.07150153841315024
10333,1,1,0.04996732702856642
10334,0,1,0.0764476987123675
10335,0,1,0.04492895790359211
10336,0,1,0.04026626314229528
10337,1,1,0.03960354584394182
10338,1,1,0.09875334560555431
10339,0,1,0.04459870390646957
10340,0,1,0.046545502448226195
10341,0,1,0.042821190187861555
10342,0,0,0.07869413627736319
10343,0,0,0.07853020419607729
10344,1,1,0.07741576360510671
10345,0,1,0.037185128085612945
10346,0,1,0.10251610566580693
10347,0,0,0.10596100224606327
10348,1,1,0.04461314553156144
10349,0,1,0.027109494602305897
10350,0,0,0.055870433276775044
10351,0,1,0.09134979134095154
10352,0,1,0.03049156879820944
10353,0,1,0.08411191825539155
10354,0,0,0.07891941233630514
10355,0,0,0.16064284261155398
10356,0,1,0.11889694247122073
10357,0,1,0.051167723630837075
10358,0,1,0.0570956876097808
10359,0,1,0.047832726546504306
10360,0,1,0.06623187494852069
10361,0,0,0.12197122872775658
10362,0,0,0.12848485871724816
10363,0,1,-0.021768536601604188
10364,1,1,0.08684370926271956
10365,0,0,0.056059627664577394
10366,0,1,0.0578603234943634
10367,0,1,0.051992709934111536
10368,0,1,0.04728233736915473
10369,0,0,0.15727232582982076
10370,0,1,0.12931142724048109
10371,0,1,0.042354727803476926
10372,1,0,0.0844031441505655
10373,1,1,0.02741828620827781
10374,1,1,0.03430695032603051
10375,0,1,0.04629725980667809
10376,0,1,0.05977653515861947
10377,0,1,0.0743066816949805
10378,0,1,0.043676372813462296
10379,0,1,0.07671304593670801
10380,0,0,0.14188953094007106
10381,0,1,0.031069131164017376
10382,0,0,0.02706005803250658
10383,0,1,0.045637462441188104
10384,0,1,0.05974058188822683
10385,0,1,0.07253158383850816
10386,1,1,0.0738341681661549
10387,0,1,0.01898540775487935
10388,0,1,0.04161099991140024
10389,0,1,0.09201383888217507
10390,0,1,0.04457303354055449
10391,0,1,0.08628829166309318
10392,0,1,0.09577324001026022
10393,0,1,0.09305612827000306
10394,0,1,-0.007752409097710439
10395,0,0,0.05553507474575908
10396,0,1,0.11044479713179586
10397,0,0,0.0882079327330641
10398,1,0,0.019000796849609564
10399,0,1,0.052798550375843176
10400,0,0,0.05473872295154311
10401,0,1,0.12589182898537365
10402,0,1,0.05677696633198161
10403,1,1,0.08785603316888223
10404,0,0,0.060356909048784546
10405,1,1,0.045614909680666366
10406,0,0,0.07969262674651555
10407,1,0,-0.003491061502046894
10408,1,1,0.04835808045952217
10409,0,1,0.04638506410793242
10410,0,1,0.07178023354529049
10411,0,1,0.02074038053927965
10412,0,1,0.09715790775102015
10413,0,1,0.05142255436532647
10414,0,1,0.08609591155380812
10415,0,1,0.03793351954553362
10416,0,1,0.0326366902972067
10417,0,0,-0.012214159963766458
10418,0,0,0.07162670512476796
10419,0,1,0.07077201432073912
10420,0,0,0.040779278537791605
10421,0,1,0.12460616211844865
10422,0,1,0.040844180783332074
10423,0,1,0.0625705190104336
10424,0,1,0.054764489760100135
10425,0,1,0.07765391257695504
10426,0,0,0.00914814321727346
10427,0,0,0.024223453545047
10428,0,1,0.07947399642780158
10429,0,1,0.039150674410188435
10430,1,1,0.04919538777671523
10431,0,1,0.06201112423133037
10432,0,1,0.04432820619571995
10433,1,1,0.046952351404760034
10434,0,1,0.1439714167658649
10435,0,0,0.018777515893918573
10436,0,0,0.06586264811930007
10437,0,0,0.05425538555663853
10438,1,0,0.011316149279662846
10439,0,0,0.03243482676858804
10440,0,1,0.08222227060045562
10441,1,1,0.022292929445511367
10442,0,1,0.039236644200999704
10443,0,1,0.04148212106283457
10444,0,1,0.022428740450069942
10445,0,1,0.08152377722302824
10446,0,1,0.0860681998188495
10447,0,1,0.03921018869043884
10448,0,0,0.08929870999750925
10449,0,0,0.04597362914738569
10450,0,1,0.08516316509895622
10451,0,0,0.06254370324388034
10452,0,1,0.044157794122798175
10453,0,0,0.014864236000319414
10454,0,1,0.060560890610789904
10455,0,1,0.026514130426588456
10456,0,0,0.04735556395284052
10457,0,1,0.06943618528233905
10458,0,0,0.10149152153088076
10459,0,1,0.18710997908708965
10460,0,0,0.07250806801718639
10461,0,1,0.08727182196193092
10462,0,0,0.08895457375974632
10463,0,1,0.08244110268741064
10464,0,1,0.043872153162729
10465,0,0,0.02360688574742345
10466,0,1,0.04331565710622473
10467,0,1,0.05116462095126255
10468,0,1,0.057039552451164766
10469,0,1,0.08513757275717115
10470,0,0,0.05677696633198161
10471,1,1,0.04183108355487733
10472,1,1,0.06594747433027667
10473,0,1,0.06694373589034525
10474,0,1,0.0366502979482915
10475,1,1,0.08479024022303316
10476,0,0,-0.1229613489338929
10477,0,1,0.03333253604226448
10478,0,0,0.04404001880725744
10479,0,0,0.021416720879617657
10480,0,1,0.0643494820222714
10481,0,1,0.06803910368032709
10482,1,0,0.06358318746721006
10483,0,1,0.0659268495125044
10484,0,0,0.09317017852880251
10485,0,1,0.09896106446036944
10486,0,0,0.04680847597194711
10487,0,0,0.005577204069373565
10488,0,1,-0.027227033404925494
10489,0,0,0.06430066568635476
10490,0,1,0.07837723795516226
10491,0,1,0.03922289749762104
10492,1,0,0.0956401151864065
10493,0,1,0.13405808982618364
10494,0,0,0.06221762905586596
10495,0,0,0.022111198410642935
10496,0,1,0.035468882489562495
10497,0,1,0.04617627223918326
10498,0,1,0.04973345843478573
10499,0,1,0.042428073571974624
10500,0,1,0.11499500555606758
10501,0,1,0.08130467964368217
10502,0,1,0.016314450154316845
10503,0,1,-0.025119921021059144
10504,0,0,0.0922133391568181
10505,0,1,0.06652880535494474
10506,0,1,0.05288681116209505
10507,0,1,0.07586183609711458
10508,0,1,0.10335563820707443
10509,0,0,0.1339547380024936
10510,0,1,0.07893948350460367
10511,0,0,0.08915341397144294
10512,0,0,0.06530156731850037
10513,0,0,-0.10083995248404928
10514,0,0,0.06871388671510122
10515,1,1,0.06910372944752895
10516,0,1,0.0790610059545332
10517,1,1,0.008809084060633188
10518,0,1,0.03487431783950429
10519,1,1,0.03837477038317791
10520,0,1,0.07327735634898655
10521,0,1,0.05662427936895095
10522,0,1,0.04162813318331196
10523,1,1,0.04936495186954108
10524,0,1,0.056208525492031564
10525,0,1,0.044148439561262104
10526,1,0,0.08532177622744394
10527,0,1,0.021198547745682694
10528,0,1,0.06838800732657291
10529,0,0,0.03635523661213341
10530,0,0,0.07952559458265726
10531,0,1,0.08959330759328962
10532,0,1,0.08724241765417584
10533,0,0,0.029012940410424515
10534,0,1,0.05295840717131302
10535,0,1,0.08398357137944185
10536,1,1,0.0678289508338646
10537,0,1,-0.009836745681680054
10538,0,0,0.04793257407993427
10539,0,1,0.056690572229340014
10540,0,0,0.06774022950191608
10541,0,1,0.05834291686749232
10542,0,1,0.04971552111629754
10543,0,0,-0.015630493737427614
10544,1,0,0.020866026279899058
10545,0,1,0.04115598488300916
10546,0,1,0.0459277616744439
10547,0,1,0.061971942904602034
10548,0,0,0.04844024569608378
10549,0,1,0.0198973720137105
10550,0,1,-0.0014520884614298568
10551,0,1,0.06537685218273152
10552,0,1,0.0988077182927312
10553,0,1,0.08578021182009479
10554,0,1,0.03665568428489907
10555,0,1,0.06664299208781327
10556,0,0,0.009132706745623567
10557,0,1,0.05622233397604562
10558,0,0,-0.01952231283965075
10559,0,0,0.08329655212649029
10560,0,0,0.10382895599219674
10561,0,1,0.04595517002378871
10562,0,1,0.05779169708313456
10563,1,0,0.0462085566455831
10564,1,1,0.0857955297379121
10565,0,0,0.021859634750315715
10566,0,1,0.11293939974388803
10567,0,0,0.08719792476635124
10568,1,1,0.12036437673020559
10569,0,1,0.03326329696124422
10570,0,1,0.03243482676858804
10571,0,1,0.07278047049314831
10572,0,1,0.03900513129213737
10573,0,1,0.0727572854009752
10574,1,0,-0.06160842254560295
10575,0,0,-0.03658522813056303
10576,0,0,0.09134491527647881
10577,0,0,0.057117039236045275
10578,0,0,0.08688539020133744
10579,0,0,0.0756134061930532
10580,0,1,0.01296411271292583
10581,0,1,0.047289137099493284
10582,0,0,0.05916324149418889
10583,0,0,0.06161848992201269
10584,0,1,0.05254166703236374
10585,0,1,0.0869594376615785
10586,0,0,0.008968626242294497
10587,1,0,0.08144273125223864
10588,0,1,0.03862562509257009
10589,0,1,0.05572393972287974
10590,1,1,-0.02609401560130245
10591,1,1,0.09946644997276508
10592,1,1,0.16019550987865078
10593,1,1,0.013614645316833845
10594,1,1,-0.03972514771956703
10595,0,1,0.08869280767300235
10596,0,0,0.041062856782014906
10597,0,1,0.014815570724865279
10598,0,1,0.08251942106468313
10599,1,1,0.055006611726907226
10600,0,0,0.0854124373351858
10601,0,0,0.07412165256642618
10602,1,1,0.09977745830042412
10603,0,0,0.016571105589332336
10604,0,1,-0.03554563586902365
10605,0,1,0.04164019830858959
10606,0,0,0.03275322292761365
10607,1,1,0.05287431933914688
10608,0,1,0.10726209733876034
10609,0,1,0.09126651166916841
10610,0,0,0.0701415314580432
10611,1,0,0.042671583733044305
10612,0,1,0.1271531000375455
10613,0,1,0.046329985557241424
10614,0,1,0.09686867123584691
10615,0,0,0.039856623201897645
10616,0,1,0.07595215557130805
10617,0,0,0.03373790551079062
10618,0,0,0.021643021859804226
10619,0,1,0.137746399600002
10620,0,1,0.05186956413163886
10621,0,1,0.06466670163175943
10622,0,0,0.04456548415990147
10623,0,1,0.05824646049635111
10624,1,1,0.0678347512014098
10625,0,0,0.022961080542464
10626,0,1,0.037746061814781386
10627,0,0,0.044042819298116126
10628,0,0,0.007720104966560559
10629,0,0,0.06314758058856365
10630,0,1,0.04724393817848904
10631,1,1,0.08252842357885393
10632,0,1,0.059693478176389786
10633,1,1,0.0896791494193841
10634,0,1,0.0601220173059501
10635,1,1,0.02407895057947032
10636,0,0,0.06417272954919936
10637,0,1,0.07354079437214076
10638,0,1,0.01900456653064475
10639,0,1,0.08811339549654404
10640,1,1,0.08967750439479934
10641,0,1,0.021762840976415926
10642,0,1,0.07804808239758011
10643,0,1,0.11414351568602948
10644,0,1,0.07178023354529049
10645,0,1,0.008792012153912315
10646,1,1,0.049172823025192686
10647,0,1,0.06623187494852069
10648,0,1,0.07957273339601767
10649,1,0,0.034463857022314026
10650,1,1,0.14252679733291096
10651,1,1,-0.07792280803949009
10652,0,1,-0.0069944584514989305
10653,0,1,0.015388359395972842
10654,1,1,-0.020385647687675812
10655,0,1,0.08105370236035474
10656,0,1,0.02203175909056196
10657,0,1,0.15804531695596458
10658,0,0,0.024078470577299976
10659,0,1,0.05790948059764922
10660,0,1,0.05930809690314831
10661,0,0,0.10031958622289364
10662,1,1,0.04101771351632558
10663,0,1,0.09750989597208318
10664,1,1,0.09901069441861154
10665,1,1,0.10563512392567893
10666,0,0,0.053464748751472155
10667,0,1,0.036274737032911925
10668,1,1,0.07636455753963439
10669,0,1,0.0020346410201622644
10670,0,0,0.018647033790153963
10671,0,1,0.07100392917427625
10672,0,1,0.046026959102220766
10673,1,0,0.03040177733145563
10674,0,1,0.0862115128867795
10675,0,1,0.06426285613481948
10676,1,1,0.04744826135878201
10677,0,0,0.0991977768447459
10678,0,1,0.08344236435062702
10679,0,1,0.05481486480595264
10680,0,1,0.04147675285640415
10681,0,0,0.03754516037993469
10682,1,1,0.06648340118436723
10683,1,1,0.051787561441916985
10684,0,1,0.08464309505736446
10685,0,0,0.10669412061623737
10686,0,1,0.048671059472158246
10687,0,1,0.13017658219694356
10688,1,1,0.031124854773088156
10689,1,1,0.0063468743681220074
10690,1,1,0.04012945630641143
10691,0,1,0.07629991042888655
10692,0,1,0.10248537345832641
10693,1,1,0.0040641900058115965
10694,0,1,0.08775758323404423
10695,0,1,0.06637644505075736
10696,1,1,0.02040845314128975
10697,0,1,0.11062931768666742
10698,0,1,0.08500940413523082
10699,0,1,0.10834816696990472
10700,0,0,0.08963592683158429
10701,0,1,0.08938129811983289
10702,1,1,0.07195673512068924
10703,0,1,0.05186251985580794
10704,0,1,0.03635823237731259
10705,0,0,0.05927667430427225
10706,0,0,0.09041249840157484
10707,0,1,0.08379279585736965
10708,0,1,0.09235780498560969
10709,0,1,0.04890053544774978
10710,0,0,0.025752492307963115
10711,0,1,0.05063540646942964
10712,0,1,0.09159601796680251
10713,1,1,0.07760018721471999
10714,0,1,0.069050729137024
10715,0,1,0.03427728791417861
10716,0,0,0.047762611795334094
10717,0,1,0.04972057936903887
10718,1,1,0.07779428366730057
10719,0,0,0.07566491667850989
10720,1,1,0.048189053971137374
10721,0,1,0.014708700337746544
10722,0,1,0.06937174615571147
10723,0,1,0.06823418279689514
10724,0,0,0.0326210575546709
10725,1,1,0.04195475095571971
10726,0,1,0.03963724575400278
10727,0,1,0.05439723365081396
10728,0,1,0.08949149893907438
10729,1,1,0.09072191465472802
10730,1,0,0.13960814260450904
10731,0,1,0.030257855709291903
10732,0,0,-0.020466214155215545
10733,0,0,0.07029524884094542
10734,0,1,0.044108953205400536
10735,0,0,0.06384999639744315
10736,0,1,0.025132929266085152
10737,0,0,0.07559512837162824
10738,1,1,0.08655705558741034
10739,0,1,0.06797244843881489
10740,0,1,0.044380724600554186
10741,0,1,0.0774473092049707
10742,0,1,0.04969963673309395
10743,1,1,0.06869008278316437
10744,1,1,0.04842028021118214
10745,0,1,0.08141340771439619
10746,0,1,0.04778743264884061
10747,0,1,0.034094899602819737
10748,0,0,0.12311449116421093
10749,0,1,0.14499862117847045
10750,1,1,0.04977156760341578
10751,1,1,0.004490514232342396
10752,0,1,-0.03770151692837942
10753,0,0,0.05083005368563555
10754,0,1,0.06247119890820234
10755,0,0,0.06606091271208177
10756,1,1,0.11721719434080913
10757,0,1,0.02496844487096235
10758,0,0,0.07744270887452781
10759,0,0,0.08166209597669605
10760,0,0,0.06735500240412365
10761,0,1,0.07481117144950047
10762,0,1,0.07467925940272746
10763,0,1,0.04329137832131305
10764,0,1,0.049032879810901556
10765,0,1,0.02434078900168707
10766,0,1,0.12107762541485423
10767,0,1,0.07270715017988702
10768,0,0,0.04308615595496304
10769,0,1,0.08818739396065356
10770,1,1,0.06617051804557461
10771,0,1,0.05792814981762551
10772,1,1,0.0966908817694474
10773,0,1,0.06386447965883404
10774,0,0,0.11426577849841822
10775,0,0,0.05811139250152832
10776,0,0,0.07664733008458632
10777,0,0,0.07739697624789144
10778,0,1,0.0900575911710941
10779,0,1,0.02922576210822561
10780,1,1,0.06586264811930007
10781,0,0,0.043783639086339365
10782,0,1,0.049032879810901556
10783,1,0,0.05725061743287174
10784,0,1,0.06590552313657429
10785,0,1,0.10648846292788948
10786,0,1,0.05501660107308856
10787,0,1,0.09873008645708045
10788,0,1,0.06331957038805398
10789,1,1,0.05278285024080953
10790,0,1,0.05800129002918246
10791,0,1,0.0714399336864935
10792,0,1,0.056750545146964274
10793,0,1,0.04729948413438406
10794,0,0,0.06607482564565764
10795,0,1,0.03422564033381245
10796,0,0,0.10905436112517958
10797,0,1,0.11606007690914973
10798,0,0,0.12189822673078521
10799,1,0,0.052022760625776876
10800,0,1,0.030406124659342254
10801,0,0,0.03323271348252049
10802,0,1,0.0034956974306435407
10803,0,0,0.09356402817847367
10804,0,0,0.04375665265426196
10805,0,1,0.07430998734425902
10806,0,0,0.11325745084696798
10807,0,1,0.05902728729649474
10808,0,1,-0.009933272994828102
10809,1,1,0.02568425510320571
10810,0,0,0.08326598655051642
10811,0,1,0.1018777670791991
10812,0,0,0.05686271722565714
10813,0,1,0.0871314859763537
10814,0,0,0.10934230440974507
10815,0,0,-0.027337844526823307
10816,0,0,0.08309493248077046
10817,0,1,0.06613100158862756
10818,1,1,-0.029287810697586902
10819,0,1,0.06206609101155461
10820,0,1,0.05044006072284921
10821,0,0,0.046068714117570214
10822,0,1,0.14089353631006085
10823,0,1,0.07938553873378179
10824,0,1,0.12772916701608292
10825,1,0,0.07737615203907086
10826,0,1,0.16145966511679016
10827,0,1,0.07459041329074415
10828,0,1,0.03953549840523993
10829,0,1,0.022946833876010764
10830,0,1,0.04581205560256202
10831,0,1,0.048654989973781926
10832,0,1,0.0062046110768807505
10833,0,1,0.03566285468697086
10834,1,1,0.07512731923456065
10835,0,1,0.09750642053612171
10836,0,1,0.0749511717908711
10837,0,0,0.08963592683158429
10838,0,1,0.07029142994961869
10839,0,0,0.030705427765932353
10840,0,1,0.05235546314915879
10841,0,1,0.048501526167397946
10842,0,1,0.05141995888540034
10843,1,1,0.014317217316294262
10844,1,1,0.040568362593786975
10845,0,1,0.007780981742358473
10846,0,1,0.08767354568514797
10847,0,0,0.04835107239448111
10848,0,1,0.03508107263837615
10849,0,1,0.08595860198703759
10850,0,0,0.04878850095214753
10851,1,1,0.10016325334008604
10852,0,1,0.009934650617382856
10853,1,1,0.01276754175203057
10854,0,1,0.07970522321314087
10855,0,1,0.043261928879154386
10856,0,0,-0.02595195839013567
10857,1,1,0.117790384446774
10858,0,1,-0.012278546492796319
10859,1,0,0.03418290453881703
10860,1,1,0.09510051418927518
10861,1,1,0.0497436874647236
10862,1,1,0.016540690903447036
10863,0,1,0.09035653795601067
10864,0,0,0.04612960607915839
10865,0,1,0.059389710233041404
10866,0,1,0.05032588508888827
10867,0,1,0.050461366558387295
10868,0,1,0.07437917092631827
10869,0,1,0.05020020718790397
10870,0,1,0.04551250362749555
10871,1,0,-0.03444491116845222
10872,0,1,0.07252999003432799
10873,0,0,0.03894038161041222
10874,0,1,0.0506313120097707
10875,0,1,0.09037088279925494
10876,0,1,0.04940974814410587
10877,1,1,0.04169148259807978
10878,0,0,0.052830554985576206
10879,0,1,0.08245106622429542
10880,0,1,0.06297865337261901
10881,0,0,0.03857812921291934
10882,1,1,0.07146515267218898
10883,0,0,0.027379528576420814
10884,0,0,0.07033395605682441
10885,0,0,-0.014118977190441973
10886,0,1,0.15804531695596458
10887,0,0,0.025714521578788396
10888,0,1,0.010136617238083151
10889,0,1,0.11062931768666742
10890,0,0,0.0527879995664966
10891,0,1,0.08373025976695656
10892,0,1,0.1093177869676302
10893,0,1,0.011038863219800937
10894,1,1,0.023664300996417226
10895,0,1,0.15411488577495264
10896,0,1,0.056606842839593996
10897,0,0,0.023729050676658564
10898,0,1,0.04371616509947543
10899,0,1,0.00612465218405106
10900,0,0,0.09004034120111903
10901,0,1,0.05094988155852975
10902,1,1,0.165437176342479
10903,0,0,0.09174173488364668
10904,0,0,0.03800411904605541
10905,1,1,0.024143605329623508
10906,0,1,0.03490176916514379
10907,0,1,0.08103846475631715
10908,0,0,0.07808414490739614
10909,0,1,0.0548852561867329
10910,0,1,0.042848024468861975
10911,0,1,0.0812740340943087
10912,0,1,0.04698247625533622
10913,0,0,0.06152244868862876
10914,0,1,0.07150312872806322
10915,0,0,0.023863008799340946
10916,0,1,0.11466807095395355
10917,0,1,0.10256699366441799
10918,0,1,0.0756134061930532
10919,0,1,0.08903516558629482
10920,0,1,0.04115598488300916
10921,0,1,0.0481389996381265
10922,0,1,0.03532791330013656
10923,0,0,0.02427954441031588
10924,0,1,0.1055678764953231
10925,0,1,0.14301868326065445
10926,0,0,0.10098683750903528
10927,0,1,0.06739075149282583
10928,0,1,0.04479129357747058
10929,0,1,0.07829355109008333
10930,1,0,0.03793351954553362
10931,0,0,0.09431466148218051
10932,1,1,-0.027795258716314386
10933,0,1,0.041291253924637145
10934,0,1,0.09325307148276582
10935,0,1,0.027010041773507687
10936,0,1,-0.03246955544367261
10937,0,0,0.04627292282337128
10938,1,1,0.0807934512631468
10939,0,0,0.0726184857711179
10940,0,0,0.041764962521517235
10941,0,0,0.029385354962865054
10942,0,1,0.12937803423546823
10943,1,0,0.0795144596655728
10944,0,0,0.04940974814410587
10945,0,0,0.03726176645788458
10946,0,1,0.10973547450958676
10947,0,0,0.06032678820391095
10948,1,0,0.02286961110306507
10949,0,1,0.0941219390798577
10950,0,1,0.08152736072401381
10951,0,0,0.06285759951621576
10952,0,0,-0.014524055625371929
10953,0,0,0.08298896278822884
10954,0,1,-0.027485206949336982
10955,0,1,0.08622175984844585
10956,0,1,0.05699880575603766
10957,0,1,0.09649792774704097
10958,1,1,0.04121018037837157
10959,0,1,0.04144899069224908
10960,0,1,0.044482034727927944
10961,0,1,0.10755923317753863
10962,0,0,0.06688017422820576
10963,1,1,0.06884540424024624
10964,0,0,0.07490836826306702
10965,0,0,-0.027621901329904636
10966,0,1,0.09117847548741498
10967,1,1,0.02452903434275605
10968,0,1,0.0021751622020622086
10969,1,1,0.08713055948148457
10970,0,1,0.028295006012138482
10971,0,1,0.09043897691415333
10972,1,1,0.08987370933650318
10973,0,1,0.06315785593204457
10974,0,0,0.11912996420017219
10975,0,1,0.04768520400462212
10976,0,0,0.14558919254784636
10977,0,0,0.050122410127433126
10978,0,1,0.07657198539332907
10979,0,1,0.09990868168181215
10980,0,1,0.06059959549920284
10981,1,1,0.07279582841039811
10982,1,1,0.1470741998758393
10983,0,1,0.06282705617019266
10984,0,0,0.09506343123727523
10985,1,1,0.002311398529396075
10986,1,1,0.08527703762691391
10987,0,1,0.09668084856483898
10988,1,0,0.040960534239601276
10989,0,1,0.06465470016716024
10990,0,1,0.06147064462243046
10991,1,1,0.04477248686215765
10992,1,1,0.22844416599263911
10993,0,0,0.10182677150994784
10994,0,1,0.11654639940708775
10995,0,1,0.09763290186356346
10996,0,0,0.05745330647788194
10997,0,0,0.07270825818880308
10998,0,1,0.046358228752404085
10999,0,0,0.09937663705644781
11000,0,0,0.039500052473615946
11001,1,1,0.0970167758271653
11002,1,0,0.0751875567695021
11003,0,1,-0.013706542398942173
11004,0,1,0.020181008729825867
11005,0,1,0.061522000274069455
11006,0,1,0.01729184713561538
11007,0,0,0.05408241873724909
11008,0,1,0.04296555027573594
11009,0,1,0.06617051804557461
11010,0,1,0.11832735212988787
11011,0,1,0.06652880535494474
11012,0,1,0.0352347678936856
11013,0,1,0.048585449278663484
11014,1,1,-0.029985054427976554
11015,1,0,0.07256955712760253
11016,0,1,0.02232056004504837
11017,0,0,0.07968913373742824
11018,0,0,0.05048568116854152
11019,0,1,0.0568714225771289
11020,0,1,0.12154880927659303
11021,0,1,0.07277360982109261
11022,0,1,0.07990306410183229
11023,1,1,0.10352895472582667
11024,1,1,0.1010125196699144
11025,0,1,0.06457438464684631
11026,0,0,0.039388977508602555
11027,0,1,0.015558724649664374
11028,0,0,0.07479858152060656
11029,0,1,0.10198577907265505
11030,0,1,0.041273845096184085
11031,0,1,0.024916279223410123
11032,0,1,0.008056770442141273
11033,0,1,0.1640674029023935
11034,1,0,0.03956291358542649
11035,0,1,0.08721276478774151
11036,0,0,0.045069821294380655
11037,0,0,0.07545104490072149
11038,0,1,0.06408701335342543
11039,0,1,0.08481376697081502
11040,0,1,0.07158245516822814
11041,0,1,0.026365806108238965
11042,0,1,0.07836267244269934
11043,0,0,0.026980910565359617
11044,0,1,0.03559229814591275
11045,1,1,0.011677818071029383
11046,0,1,0.11118493388123428
11047,0,1,0.010499934988260878
11048,1,0,0.10922802446769905
11049,0,1,-0.013294555949769193
11050,0,1,0.08039192906453912
11051,0,0,0.05832539969881939
11052,0,0,-0.025742679116958017
11053,1,1,0.09163331919569022
11054,0,1,0.14861625523116312
11055,0,1,0.02481302232165694
11056,1,0,0.10905933982088664
11057,0,0,0.10942869965258986
11058,0,0,0.1109848632631961
11059,0,1,0.04935416034858969
11060,0,1,-0.0058640857951568065
11061,0,1,0.05998408960463325
11062,0,0,0.08876455054047408
11063,1,1,0.022471257041747766
11064,1,0,0.1343025201760433
11065,0,0,0.02886326198132541
11066,0,0,0.06823418279689514
11067,0,1,0.0241231760232537
11068,1,1,0.11721719434080913
11069,0,0,0.05677696633198161
11070,0,0,0.07440843179497261
11071,0,0,-0.025384243324613864
11072,0,1,0.042464411588317916
11073,0,1,0.08705967001709009
11074,0,0,0.0653624695167274
11075,0,1,0.08330086532787612
11076,0,1,0.07977638369031202
11077,1,0,0.06816563614855625
11078,0,1,0.019654262846074452
11079,0,1,0.038455830099632105
11080,1,0,0.0036211981389957792
11081,0,1,0.03974479354793123
11082,0,1,0.09617544417334409
11083,0,0,0.02625247237045003
11084,0,1,0.04658290033194218
11085,0,0,0.041273845096184085
11086,0,1,0.062270913917552115
11087,0,1,0.08346331180141772
11088,0,1,0.03536476907929503
11089,0,1,0.08499399757546137
11090,0,1,0.07520047288150776
11091,0,1,0.025113399313730717
11092,0,1,0.04005239646473478
11093,1,1,0.11525443238451877
11094,0,1,0.07843838953798478
11095,0,0,0.10053805987466709
11096,0,0,0.0470635205206463
11097,0,1,0.03372212138793956
11098,0,0,0.04236257821093266
11099,1,1,0.10649813769688302
11100,0,1,-0.0023561469406075397
11101,0,1,0.08876455054047408
11102,0,0,0.017363801170422355
11103,1,1,0.08229064298194103
11104,0,0,0.1045000716507186
11105,0,0,0.11624831193147298
11106,1,1,0.07915838093423498
11107,0,1,0.015912416363989948
11108,0,0,0.06665170388845437
11109,0,1,0.059225038389167886
11110,0,0,0.02489195416579612
11111,0,1,-0.03791290394883087
11112,0,1,0.051992709934111536
11113,0,0,0.0537014531271037
11114,1,1,0.08991398597740696
11115,0,0,0.08765807177936631
11116,1,1,0.0990022352279184
11117,1,1,0.0714137619245402
11118,0,1,0.0221494792050375
11119,0,1,0.06251214202152686
11120,0,0,0.037840068890365744
11121,0,1,0.055598225561420994
11122,0,0,0.06315115746465294
11123,0,0,0.04553283779968681
11124,0,1,0.060567432690329895
11125,0,1,0.08348348330881364
11126,0,1,0.09431466148218051
11127,1,1,0.05242427689714254
11128,0,0,0.044957519049438704
11129,0,1,0.08647637426338077
11130,0,0,-0.011974143591419129
11131,0,1,0.08037715497342016
11132,0,0,0.08058404868245861
11133,0,1,0.08410018110938813
11134,0,1,0.05658018518699673
11135,1,1,0.08383071527397343
11136,0,1,0.13878772219559796
11137,0,1,0.055272630225956826
11138,0,1,0.04798076897230541
11139,0,1,0.02490614260331543
11140,0,1,0.1246182694899213
11141,0,0,0.005063659602956794
11142,0,1,0.02692797832179361
11143,0,0,0.0391410581658293
11144,0,1,0.02499000039045389
11145,0,1,0.09076802973909462
11146,0,1,0.046462354405047965
11147,0,1,0.08886957872455188
11148,0,1,0.06817784911899112
11149,1,0,0.0444072974627803
11150,0,1,0.05791311225538538
11151,0,0,0.05505660676719154
11152,0,1,0.039242785058140967
11153,0,1,0.07158897660573296
11154,0,0,0.04790184490556196
11155,0,1,0.05220399766078099
11156,0,0,0.027844335250975155
11157,0,1,0.08075153753484499
11158,0,0,0.08691466729156568
11159,0,1,-0.006048259668851738
11160,0,1,0.0806831844289231
11161,0,1,-0.0026359792658531
11162,0,0,0.18299022786425798
11163,0,1,0.04984375181342174
11164,0,0,0.04208965208506385
11165,0,0,0.06573165395963966
11166,0,0,0.0598531000783097
11167,0,0,-0.07695715092019206
11168,0,1,0.07183815329859486
11169,0,1,0.08444557466316477
11170,0,0,0.03212056125548453
11171,0,1,0.10366936992284666
11172,0,0,0.06254891615628905
11173,0,1,0.10106962777350628
11174,0,0,0.0134259178173321
11175,0,0,0.07769497230038341
11176,0,0,-0.05912938869996076
11177,0,0,0.12766107799184834
11178,0,0,0.03997983265985733
11179,1,1,0.044669939376407355
11180,0,0,0.03243378411936998
11181,0,0,0.059210918978745725
11182,0,0,0.03759584784613551
11183,0,0,0.09045340327239314
11184,0,0,0.049453738442604034
11185,0,1,0.07862429147510286
11186,1,1,0.03630031052046434
11187,0,0,0.09074087429502731
11188,0,0,0.04670712533039731
11189,0,1,0.09776569984736112
11190,0,1,0.08187715165981518
11191,0,0,0.0663397578926609
11192,0,0,0.05697529882821094
11193,1,1,0.03411058852448923
11194,0,1,0.0761960033362527
11195,0,1,0.09861115911768681
11196,0,1,0.02239750746591955
11197,0,1,0.1298005212009142
11198,0,1,0.04294930915461459
11199,0,0,0.0333704985554199
11200,0,0,0.06474475862659998
11201,0,0,0.07523987799154853
11202,0,1,0.040844180783332074
11203,0,0,0.03736359412365857
11204,0,0,0.11927418574401005
11205,0,1,0.05525296298412333
11206,0,1,0.06741230955909469
11207,0,1,0.030885694376745
11208,0,1,0.08080021039334773
11209,0,1,0.026941114435287822
11210,0,0,0.0007767429115534408
11211,0,0,0.03175199785970821
11212,0,1,0.06966692969826789
11213,0,1,-0.018590141763991014
11214,0,1,0.0278595736841587
11215,0,1,0.03518250836759042
11216,0,1,0.035775955998969156
11217,0,0,0.05026317200202726
11218,0,1,0.03413912706133035
11219,0,1,0.06112186534197597
11220,0,1,0.017307543841540138
11221,1,1,-0.014429804128620966
11222,0,1,0.028522267308495414
11223,0,1,0.07876634790905022
11224,0,1,0.0903503922141428
11225,1,1,0.02922576210822561
11226,0,0,0.1521074599123695
11227,0,0,0.023676930689128323
11228,0,1,-0.022128579580841967
11229,0,0,0.08096300163487558
11230,1,1,0.029521741155269232
11231,1,0,0.03834154274155285
11232,0,0,0.018653313069628488
11233,0,1,0.04225503974115355
11234,0,1,0.08978993319690541
11235,0,0,0.07862982599154973
11236,0,1,0.08566433263062416
11237,1,0,0.11333738113548869
11238,0,1,0.08829153985943221
11239,0,1,0.08369061156670327
11240,0,1,0.05939966659559774
11241,0,0,0.04660848863897844
11242,0,1,0.08068519835278279
11243,0,1,0.08511307927350005
11244,0,1,0.07969262674651555
11245,0,1,0.10068656335966412
11246,0,1,0.02595087828703041
11247,0,0,0.08728666928787476
11248,0,0,0.07735583151889663
11249,0,1,0.0646744834641027
11250,0,0,0.01775614854210042
11251,0,0,0.06179630194526084
11252,0,1,0.05132164756467353
11253,1,0,0.058115461507423194
11254,0,0,-0.06608976917813833
11255,0,1,0.09187298217412583
11256,0,1,0.055201897990644525
11257,0,0,0.030719872877806365
11258,0,1,0.06252017587977092
11259,0,0,-0.0025784256995733668
11260,0,0,0.09212992551247273
11261,0,1,0.0548535317121471
11262,0,1,0.08506142023285815
11263,1,1,0.01954343562074093
11264,0,0,0.05945555197457639
11265,0,1,0.009488495356034993
11266,0,1,0.10526954320692986
11267,0,0,-0.03069141477963344
11268,0,1,0.011492669988437787
11269,1,1,0.05979228014280111
11270,0,1,0.08129519824574569
11271,1,1,0.08603652769694135
11272,1,1,0.009582731985397996
11273,0,1,0.07955066065787143
11274,0,1,0.06825063040606674
11275,0,1,0.04945037083750508
11276,0,1,0.047832726546504306
11277,0,1,0.15804531695596458
11278,0,0,0.04078601603696039
11279,1,1,0.05211076784116619
11280,0,1,0.037090026590976655
11281,0,1,0.06549524644750454
11282,0,1,0.06594858813091414
11283,0,1,0.06117116233956724
11284,0,1,0.027700383677396814
11285,0,1,0.04389730047436283
11286,1,1,0.07915955868955098
11287,0,0,0.08188336952032185
11288,0,0,0.06464576732577552
11289,0,1,0.04680847597194711
11290,0,1,0.014541473796345544
11291,0,0,0.09546908887505377
11292,0,1,0.049517589199403855
11293,1,0,0.05411191691811733
11294,0,0,0.025898085956657824
11295,0,1,0.0776879757425374
11296,0,1,0.054158947902716165
11297,0,1,0.15689482795470364
11298,0,1,0.07193152666602708
11299,0,1,0.08480253742884614
11300,0,1,0.09029835212171192
11301,0,1,0.039632781438319484
11302,0,1,0.018022935266243156
11303,0,1,0.0829723403413849
11304,1,1,0.11091366736720759
11305,0,1,0.0818376492748479
11306,0,1,0.04627292282337128
11307,0,1,0.03326633634406165
11308,0,0,0.020133677245045334
11309,0,0,0.018995213325074478
11310,0,1,0.07207061728388417
11311,0,1,0.08795721266901588
11312,0,1,0.04245558269358103
11313,0,1,0.04596444483260137
11314,0,1,0.20713363553686132
11315,0,1,0.0809619258843079
11316,0,0,0.02852873483325824
11317,0,0,0.02721377475388137
11318,0,1,0.032763558097124335
11319,0,1,0.07865651845559739
11320,0,1,0.05012754235412058
11321,0,0,0.009003930076765115
11322,0,1,0.05207167417296009
11323,0,0,0.11838265510540227
11324,1,0,0.05484202185128334
11325,0,1,0.06251214202152686
11326,1,0,0.13297171043238162
11327,0,1,0.09795055163544829
11328,0,1,0.07633319448584405
11329,0,1,0.07509963911478032
11330,0,1,0.05804390596788661
11331,0,0,0.009955165625179951
11332,1,0,0.0710310111102884
11333,0,0,0.09725949009136084
11334,0,1,0.03765252866479896
11335,0,1,0.08593416926847534
11336,1,1,-0.03246955544367261
11337,0,0,0.08217626179789286
11338,0,1,0.043655092583184674
11339,0,1,0.08871448654306087
11340,0,1,0.10333269235645152
11341,0,1,0.05142724421208633
11342,0,1,0.02546185451869573
11343,0,1,-0.025569657184824707
11344,0,1,0.03285306234303349
11345,0,1,0.07934517236804219
11346,1,1,0.045127340498847396
11347,0,0,0.0918579884372403
11348,0,1,0.06478167309846172
11349,1,1,0.06004767740465822
11350,0,1,0.021596890550151113
11351,0,1,0.08757199434392551
11352,0,1,-0.018852950153208647
11353,0,0,0.07315057481646645
11354,0,1,0.09702721808828643
11355,1,0,0.03665568428489907
11356,0,1,0.022216670876792327
11357,0,1,0.019426201854846697
11358,1,1,0.07177557613394633
11359,0,0,0.03848143807584492
11360,0,1,0.046752088403641506
11361,0,1,0.04777447435514025
11362,1,1,0.0967766103923085
11363,0,1,0.05471142604255
11364,0,0,0.08307025695267947
11365,1,1,0.05408132310000713
11366,0,1,0.0760562807072313
11367,0,1,0.009183536964792294
11368,0,1,0.06959524151812944
11369,0,1,0.09852339963901172
11370,0,1,0.03283517055157942
11371,1,1,0.01245422992130829
11372,1,0,0.11137903610774935
11373,0,1,-0.05779750475120632
11374,0,0,0.09750989597208318
11375,0,1,0.06914561020055854
11376,0,1,0.03609889586795975
11377,0,1,0.07533411878563255
11378,0,0,-0.00063237871798133
11379,0,0,0.027874251266360867
11380,1,1,0.03880128976308564
11381,0,0,0.04322305817754707
11382,0,1,0.06965418816970469
11383,0,0,0.04394768160466006
11384,0,0,0.06823418279689514
11385,1,1,0.10077992651655628
11386,0,1,0.10256699366441799
11387,0,1,0.06272175870532112
11388,0,0,0.05685365013855788
11389,0,1,0.0810831412944814
11390,1,0,0.026891724000073974
11391,0,1,-0.019481558903288787
11392,0,1,0.05928510359396484
11393,0,1,0.03355487192595391
11394,0,1,0.08222305301547106
11395,1,1,-0.015814431317727307
11396,0,1,0.03649120126641758
11397,0,0,0.07581899248575263
11398,0,1,0.07566704278154872
11399,0,1,0.04999948925523384
11400,0,1,0.05398371116925191
11401,0,0,0.044740429528659365
11402,0,0,0.0423337103005578
11403,0,0,0.10210821883064894
11404,0,0,0.042428073571974624
11405,0,1,0.09621513964648902
11406,0,0,0.0480782408323779
11407,0,1,0.06517245903986343
11408,1,1,0.08894476176260893
11409,0,1,0.05871395219501516
11410,0,1,0.012601452247717998
11411,1,1,0.06334885550153832
11412,0,1,0.09151925116592466
11413,0,1,0.055255662176404596
11414,0,1,0.09014807061030206
11415,0,0,-0.008961316094894228
11416,0,1,0.06145902733023095
11417,0,1,0.058773163714827034
11418,0,0,0.07150513762259031
11419,1,0,0.03914563872669087
11420,0,0,0.08547564375305608
11421,0,1,0.05536380688532225
11422,1,1,0.03400936927854736
11423,0,0,0.02744937213824726
11424,1,1,0.10037305272340748
11425,0,1,0.05371699104652308
11426,0,1,0.0725093822457606
11427,0,1,0.025625954428318276
11428,0,0,0.07401027205030725
11429,0,1,0.21088382878192177
11430,0,0,0.09285197175384925
11431,0,0,0.0592915893094314
11432,1,1,0.056549518298307164
11433,0,0,0.07585608165436755
11434,0,1,-0.007445464613862696
11435,0,1,0.02852873483325824
11436,0,0,0.08918937133317784
11437,0,1,0.08444345836513295
11438,0,1,0.05206315015691658
11439,0,1,0.03968692169085784
11440,0,1,0.08976507150045354
11441,0,1,0.04367554453755117
11442,0,1,0.07873705193475392
11443,0,0,0.09111964379524928
11444,0,0,0.08897534011663583
11445,1,1,0.10501495108255868
11446,0,0,0.10104843417036329
11447,0,1,0.0297135914191637
11448,0,0,0.08159612025794474
11449,1,1,-0.03607929435977669
11450,0,1,0.06971702936131836
11451,0,1,0.05594860816228325
11452,0,1,0.09010674092412466
11453,0,1,0.0812277128548691
11454,0,1,0.1181901496752075
11455,0,1,0.044935526563783273
11456,0,1,0.023172020141804195
11457,0,1,0.17763934039210205
11458,1,1,0.047777596434990494
11459,0,1,0.07041154641185346
11460,0,1,0.030061133871062795
11461,0,0,0.25136953931500106
11462,0,1,0.044860623236323276
11463,0,0,0.026281074444080704
11464,0,1,0.018653313069628488
11465,1,1,0.09541776367256419
11466,0,1,0.047555555616075405
11467,1,1,0.05671083200240193
11468,0,1,0.05644681603003547
11469,0,0,0.034696760220684825
11470,0,1,0.04879761694939308
11471,1,0,0.07927027422680208
11472,0,1,0.04526346906215639
11473,0,1,-0.020549580517470356
11474,0,1,0.05536380688532225
11475,0,0,0.06993964290018659
11476,0,0,0.07885742968183751
11477,0,0,0.1381364641192711
11478,0,1,0.06756914591455654
11479,0,0,-0.009399747690324894
11480,0,1,0.05163188420967474
11481,0,1,0.022660448492514612
11482,0,0,0.08617847557331393
11483,0,0,0.04425845469622311
11484,0,1,0.04036251578507119
11485,1,1,0.07349632816289145
11486,0,1,0.03437268155590917
11487,0,1,0.032781810639757325
11488,0,1,0.0477115926336352
11489,0,1,0.07662882651669414
11490,0,1,-0.02540244700996308
11491,1,0,0.06775792137520144
11492,0,1,0.019617575802041792
11493,0,0,0.10569881428499808
11494,0,1,0.05572131916480119
11495,0,1,0.09431466148218051
11496,0,1,0.061598995182283914
11497,0,1,0.0312845052719414
11498,0,0,0.07378593929533464
11499,0,1,0.04940974814410587
11500,0,0,0.05363787573130632
11501,0,1,0.07353359491978317
11502,0,1,0.03496590969494161
11503,0,1,0.07814900255736094
11504,0,1,-0.0052308502829931935
11505,0,1,0.010510655473765923
11506,0,1,0.06480816222437448
11507,1,0,0.07423895241862358
11508,0,1,0.028134695139479415
11509,0,1,0.062427836682774906
11510,0,0,0.05998408960463325
11511,0,1,0.051575794012771514
11512,0,1,0.08366086697071994
11513,0,1,0.04966735528246398
11514,1,1,0.11606007690914973
11515,0,1,0.05886174804725568
11516,0,1,0.03892557808152729
11517,0,1,0.10036655793278887
11518,1,1,0.06591934577082777
11519,0,0,0.03490695087386174
11520,0,1,0.06779643262406981
11521,0,1,0.08750117436466907
11522,0,1,-0.007301699816246843
11523,0,1,0.024399294644599112
11524,0,1,0.10124638298066733
11525,0,1,0.03645819219637646
11526,0,1,0.10051932055944346
11527,1,1,0.03022081965054907
11528,0,1,0.004607178898715356
11529,1,0,0.08531646837697233
11530,0,0,0.03496590969494161
11531,0,1,0.08979130050250618
11532,0,0,0.1252103288279688
11533,1,1,-0.035565102786848546
11534,0,0,0.0387115470110006
11535,0,0,0.0920782093874884
11536,0,1,0.023863008799340946
11537,0,1,0.06697742752370428
11538,0,1,0.08240811726728596
11539,1,1,0.059528810935937496
11540,0,0,0.034796499042446166
11541,0,0,0.04943103331774454
11542,0,0,0.043749460201332954
11543,0,0,0.07223943367463803
11544,0,0,0.04812632454541385
11545,0,0,0.02197125390962168
11546,0,1,0.061571532794317624
11547,0,0,0.07663676864561171
11548,0,0,0.08110401365343334
11549,0,1,0.06575721299264696
11550,0,1,0.09275472761420525
11551,0,0,0.054069659845731366
11552,0,0,0.04495228001767884
11553,0,0,0.025906255237236914
11554,0,0,0.06544544880288115
11555,1,0,0.0005453662903251166
11556,1,1,0.19842995536854538
11557,0,1,0.09828554169553695
11558,0,0,0.0527748281423695
11559,0,1,0.06202741838191819
11560,0,0,0.10690344689873334
11561,0,1,0.02771717693095649
11562,0,1,0.10744163021708654
11563,0,1,0.07086540627929336
11564,0,1,0.05311530361222702
11565,0,1,0.09329849085578591
11566,1,1,0.08031491757742773
11567,1,1,0.062488505407632816
11568,0,0,0.0687851626157682
11569,0,1,0.1054356080911669
11570,0,1,0.058108138890640454
11571,0,0,0.04523336782236789
11572,0,0,0.08332456384155443
11573,0,1,0.17210915837272103
11574,0,1,0.10145382189820434
11575,0,1,0.016389159797895875
11576,0,1,0.02966411235566055
11577,0,0,0.0862233046711308
11578,0,1,0.03333253604226448
11579,0,0,0.07659825351489424
11580,0,1,-0.016016240223283518
11581,1,1,0.0822584408762568
11582,0,0,0.04566611869158757
11583,0,0,0.07231431518173714
11584,0,1,0.07094542280491312
11585,0,1,0.05505660676719154
11586,1,1,0.0810831412944814
11587,0,1,0.058248158675748396
11588,0,1,0.06581366015883627
11589,0,0,0.12442477497158033
11590,0,1,0.06191788200014908
11591,0,1,0.03866425271381524
11592,0,0,0.044836448030336734
11593,0,1,0.06332729040983257
11594,0,0,0.029341226853335706
11595,0,1,0.08095063986211759
11596,0,1,0.06898069730735332
11597,1,1,0.03187509782951761
11598,0,0,0.060018619874378204
11599,0,0,0.04975991146664807
11600,0,0,0.05921386764490963
11601,0,1,0.036131463757554466
11602,0,0,0.06234225073444896
11603,0,1,0.0774522324777419
11604,0,1,0.04946533153018379
11605,0,1,0.055297775550974884
11606,0,1,0.055756249166723545
11607,0,0,0.03390481968109077
11608,0,1,0.05071985894879144
11609,0,1,0.05404346293590176
11610,0,1,0.0888275962993249
11611,0,1,0.029385354962865054
11612,0,1,0.07597253229730348
11613,0,1,0.11767870709112965
11614,0,1,0.07043542369036161
11615,1,1,0.050385452257568866
11616,0,0,0.09431466148218051
11617,0,0,0.06397212993913359
11618,1,0,0.10344987375650325
11619,0,0,-0.039502827409230584
11620,1,0,0.039558820622088625
11621,1,0,0.04612960607915839
11622,0,1,0.021925798220416265
11623,0,0,0.08901406055493558
11624,0,1,0.07346927520723458
11625,0,1,0.06980528139177103
11626,0,1,0.05595190840861203
11627,0,1,0.1650011043940018
11628,0,1,0.07235639054020486
11629,0,1,0.03871209401465395
11630,0,0,0.09130498901634174
11631,0,1,0.12682110044258055
11632,0,0,0.01575696548221206
11633,0,1,0.062390305905505455
11634,0,1,0.04280730388183995
11635,0,1,0.03116706417501995
11636,0,1,0.2186934615234
11637,0,1,0.014114348179980335
11638,0,1,0.08795608725599816
11639,0,1,0.028931308353843305
11640,0,1,0.11663874650655118
11641,0,0,0.20038004480457822
11642,0,0,0.060906211666067106
11643,0,1,0.030013782175602202
11644,0,0,0.055607902815884486
11645,0,0,0.039002221020518715
11646,1,1,0.09129469988137857
11647,0,1,0.06062391432129596
11648,1,1,0.05518913405303266
11649,0,1,0.09453306566476677
11650,0,1,0.05070877993496414
11651,0,1,0.02878980074506879
11652,0,1,0.08733745700201057
11653,0,0,0.08881823393135341
11654,0,1,0.07602454037976988
11655,1,1,0.027230599779896947
11656,0,1,0.08249799470678909
11657,0,1,0.06340660658191068
11658,1,1,0.03083535435951229
11659,1,1,0.0726184857711179
11660,0,1,0.032763558097124335
11661,1,0,0.05140556616616282
11662,0,1,0.05852836012661779
11663,0,1,0.09201890417557174
11664,0,1,0.08258402548172342
11665,1,1,0.06250030620502386
11666,1,1,0.08750117436466907
11667,0,1,0.05404249909016581
11668,0,0,0.08958915533744345
11669,0,1,0.079709956027772
11670,0,1,0.020169733354489933
11671,0,0,0.10022744667149966
11672,1,0,0.05886972441957905
11673,0,1,0.12226730158479489
11674,1,1,0.08547118340651294
11675,0,1,0.03891090414283538
11676,0,1,0.026752240582300316
11677,0,1,-0.023987210591770405
11678,0,1,-0.016217365114109247
11679,0,0,0.02396119201645111
11680,0,1,0.055797733917338874
11681,0,0,0.08152141243737746
11682,0,0,0.10107468968965948
11683,0,1,0.060870648906598976
11684,0,0,0.03437268155590917
11685,0,1,0.03180925544193185
11686,0,1,0.009593811576318195
11687,0,1,0.03988906282970927
11688,1,0,0.03724801633379121
11689,1,0,-0.006108304814811838
11690,0,1,-0.015623298945880021
11691,0,1,0.04115598488300916
11692,0,0,0.11921788471822532
11693,0,1,0.07500844533271483
11694,0,0,0.1393742707239275
11695,0,1,0.02976199822061419
11696,0,1,-0.07198144832939041
11697,0,0,0.0461225945545994
11698,0,0,0.031124854773088156
11699,0,0,0.05349968952810524
11700,0,0,0.04075178673864299
11701,0,1,-0.0058640857951568065
11702,0,0,0.0631020648322517
11703,0,0,0.09448686325446885
11704,0,1,0.037616371548732194
11705,0,0,0.048678340417342814
11706,0,1,0.029321991290191446
11707,0,0,0.09541586488072641
11708,0,1,0.0384607150377828
11709,0,0,0.07860089031230408
11710,1,1,0.05599971689725461
11711,0,1,-0.008961316094894228
11712,0,0,0.08938766169807101
11713,1,1,0.054467359176368246
11714,0,0,0.06092871695211807
11715,0,1,0.03724628454062463
11716,0,1,0.08346770119640888
11717,0,0,0.08037270611781587
11718,0,0,0.029972913920320032
11719,0,1,0.05443091472316994
11720,0,1,0.047181374101756185
11721,0,1,0.04301704786526711
11722,0,0,0.08288640278348423
11723,0,0,0.036139028327851486
11724,0,1,0.04917876229889598
11725,0,0,0.025340620124559732
11726,1,1,-0.021228017801205146
11727,0,0,0.07744395609987906
11728,0,0,0.03706906881035592
11729,0,1,0.03158453732470201
11730,1,1,0.09284390634566267
11731,0,1,0.08348091064970373
11732,0,1,0.05038679377794686
11733,1,1,0.029037679700567143
11734,1,1,0.06453137319476236
11735,1,0,0.0658387563079795
11736,0,0,0.05464652049622201
11737,0,1,0.0229669534981507
11738,0,1,0.12772916701608292
11739,0,1,0.0826286305777219
11740,0,1,0.029356301285635822
11741,0,0,0.036167573762450986
11742,0,1,0.02852873483325824
11743,1,1,0.09974123644786702
11744,0,0,0.0976092428899519
11745,0,0,0.08773492922528607
11746,1,1,0.02947416577299397
11747,1,1,0.04064870200435727
11748,0,1,0.03285306234303349
11749,1,0,0.07016791755318635
11750,0,0,0.08541446564294129
11751,0,1,0.03978469625094924
11752,1,1,0.1194265005473405
11753,1,1,0.0999236716419498
11754,0,1,0.06339003393731558
11755,0,0,0.07904676009427981
11756,0,0,-0.004048899857961447
11757,0,0,0.0400057535015777
11758,0,0,-0.030206896853543302
11759,0,1,0.06694853551130783
11760,0,1,0.08084255596263637
11761,0,1,0.05263268555873292
11762,0,1,0.08203103991106442
11763,0,0,0.04572558366368115
11764,0,1,0.09758958526827743
11765,0,0,0.05103939735305521
11766,0,1,0.07284979710294756
11767,0,0,0.10392065019507492
11768,0,1,0.12362138281665652
11769,0,1,0.029385354962865054
11770,1,1,0.045091486419045604
11771,0,0,0.060259799388794805
11772,0,1,0.0010461240611633338
11773,0,1,-0.036962493106089844
11774,1,1,-0.02877796300166449
11775,0,1,0.05042310658208765
11776,0,0,0.10256699366441799
11777,0,1,0.08597077772055944
11778,0,1,0.06623788129554521
11779,0,0,0.07687595648157552
11780,0,1,0.0771925981082971
11781,0,0,0.07074776679468711
11782,0,0,0.10643042650553497
11783,1,1,0.027700383677396814
11784,1,1,0.045190562727754735
11785,0,1,0.08229064298194103
11786,0,0,0.028916022909210137
11787,0,0,0.05156306232780991
11788,0,1,0.03243482676858804
11789,1,0,0.07786393080666422
11790,1,1,0.08531361392314556
11791,0,1,0.05150354454711291
11792,0,0,0.03657077336566347
11793,0,0,0.11044168580453033
11794,0,1,0.09113320175473578
11795,0,1,0.03022081965054907
11796,1,1,0.12772916701608292
11797,0,1,0.1504781637546838
11798,0,1,0.0559169481944555
11799,0,1,0.04115598488300916
11800,0,1,0.033342161461201864
11801,1,1,0.10256699366441799
11802,0,0,0.05404821747252425
11803,1,1,0.076744926262062
11804,0,1,0.09311350010946104
11805,0,1,0.09754223985675443
11806,0,1,0.08272488434095908
11807,1,1,0.015841493376583096
11808,1,1,-0.13171471418783431
11809,0,1,0.04655381301147005
11810,1,0,0.07868058187086109
11811,0,1,0.08562325643862972
11812,0,1,0.024094886941336352
11813,1,0,0.028258475354684787
11814,0,1,0.03422564033381245
11815,0,1,-0.022445715282965212
11816,0,1,0.0770637034932727
11817,0,0,0.04444868879126701
11818,1,1,0.04078278796629898
11819,0,1,0.024224766420297028
11820,0,1,0.04978557076413316
11821,0,1,0.049217412945997685
11822,0,1,0.05881178131388447
11823,0,1,0.0735210113806434
11824,0,0,0.05177025264353459
11825,0,0,0.05952528177579089
11826,0,1,0.06741230955909469
11827,0,1,0.07396305435050052
11828,0,1,0.07349025336623505
11829,0,0,0.04166018803886365
11830,0,1,0.046520499561977874
11831,0,1,0.050257053816500405
11832,0,0,-0.0007842975638838456
11833,0,0,0.09632693188865232
11834,0,0,0.05944350302522747
11835,0,1,0.04221449813806079
11836,0,1,0.06354802912597331
11837,0,1,0.055337640719969786
11838,0,1,0.09641930510871223
11839,0,0,0.061976168955005406
11840,0,1,0.161352355160921
11841,0,1,0.09552957531890048
11842,0,1,0.04398377372537625
11843,0,0,0.04307246832342636
11844,0,1,0.062343802481349325
11845,1,1,0.15596366964957176
11846,0,1,0.005026643332458586
11847,0,0,0.05367323209406666
11848,0,1,0.10850584378880788
11849,0,1,0.0663521173967123
11850,0,1,0.060259799388794805
11851,0,0,0.06768619661541103
11852,0,1,0.09076802973909462
11853,0,1,0.05684240792293796
11854,0,1,0.09568579028528755
11855,0,1,0.05136930343570747
11856,1,1,0.07744770691192926
11857,0,0,0.0469012178732926
11858,1,1,0.06939378824544731
11859,0,1,0.09372008992012251
11860,0,1,0.14238376202688316
11861,0,1,0.06669301789679621
11862,0,1,0.04546981722541374
11863,0,0,0.06724861829559162
11864,0,1,0.0797923201407782
11865,0,0,0.04469512028070988
11866,0,1,0.030905035213959153
11867,0,1,0.06485209470743476
11868,0,1,0.08114913342528782
11869,0,1,0.07520047288150776
11870,1,1,0.056451556432508015
11871,0,1,0.09470282231213552
11872,0,0,-0.03522267592718119
11873,1,0,0.06061819641712582
11874,0,1,0.07869466779399885
11875,0,1,0.04854414405364345
11876,0,1,0.11360007864072796
11877,0,1,-0.033146843761067385
11878,0,1,0.08951271309084936
11879,1,1,0.06117954765685531
11880,1,1,0.09544414575148086
11881,0,1,0.08387917614179538
11882,1,1,0.048482916756601685
11883,0,1,0.039786697329933784
11884,0,1,0.05453203355217148
11885,1,1,0.11892239105047493
11886,0,1,0.030680069134953608
11887,0,0,0.01406301783117675
11888,0,0,0.07829308619066203
11889,0,0,0.10377627645770442
11890,0,1,0.056699869538006126
11891,0,1,0.06061165904213102
11892,0,1,0.028281022104634762
11893,0,1,0.08057090871308938
11894,0,1,0.02559097308985639
11895,0,1,-0.004635703581642198
11896,1,1,0.011157542833389711
11897,1,1,-0.010272683773780739
11898,0,1,0.028906819559914032
11899,0,1,0.026849829794251878
11900,0,1,0.08112430280201874
11901,0,1,0.10007194214624104
11902,0,1,0.04523336782236789
11903,1,1,0.06000017664918646
11904,0,0,0.044945417151967926
11905,0,0,0.0507496305280227
11906,0,1,0.06573165395963966
11907,0,0,0.04078278796629898
11908,0,1,0.05571720978336189
11909,0,1,0.0767825091909552
11910,0,0,0.03040488567419261
11911,0,1,0.052793985594310894
11912,0,1,0.2794917135881682
11913,0,0,0.03777777972649296
11914,0,1,0.07165528879597366
11915,0,0,0.05480659292695922
11916,0,0,0.04469200035621107
11917,0,1,0.04902525331372133
11918,1,1,0.031773026528048975
11919,0,1,0.04374099697332254
11920,0,1,0.06843118029453488
11921,0,0,0.026967046183145257
11922,0,1,0.01756620328579614
11923,0,1,0.08495956756040376
11924,0,0,0.007580146355086803
11925,0,1,0.08198298609496041
11926,0,0,0.008297494338108002
11927,0,1,0.0390650475004633
11928,0,1,0.09032176332565253
11929,0,0,0.11311418385782084
11930,0,1,0.025714521578788396
11931,0,1,0.05378738924887046
11932,0,1,0.011816445235896866
11933,0,1,0.05897839645598432
11934,0,1,0.07866535342644794
11935,0,1,0.032149101740512956
11936,1,1,0.06751257828044574
11937,1,1,0.019316512225700327
11938,0,1,0.04615969613923376
11939,0,1,-0.018852950153208647
11940,1,1,0.07388604408549909
11941,0,0,0.036131463757554466
11942,0,1,0.0035529762586765656
11943,0,1,0.14627567317590734
11944,0,1,0.06623187494852069
11945,0,1,0.04894429341204874
11946,0,1,0.029321991290191446
11947,0,0,0.08575159591551787
11948,0,1,0.07462929896297983
11949,0,1,0.04748436094143055
11950,0,1,0.04545492466341167
11951,0,1,0.062270913917552115
11952,0,1,0.09251606638379607
11953,1,1,0.10735179131727679
11954,0,0,0.058130252592973664
11955,0,1,0.04343761369991864
11956,0,1,0.09201890417557174
11957,0,1,0.06330861834221124
11958,0,1,0.0856107325960046
11959,0,1,-0.009417422972930495
11960,0,1,0.024326969407351018
11961,0,1,0.062270913917552115
11962,0,1,0.08566433263062416
11963,1,0,0.06830455887253242
11964,0,0,0.06973176155829613
11965,0,1,0.05496497216501495
11966,1,0,0.08913825408612072
11967,0,1,0.02310402734826375
11968,0,0,0.07957273339601767
11969,1,0,0.08260832619640888
11970,0,0,0.060633449299946296
11971,0,1,-0.0019502583563411613
11972,0,0,0.004061907728918804
11973,0,0,0.043339926682767566
11974,0,1,0.05625277882213928
11975,0,1,0.09037578682585769
11976,0,1,0.11506427796223773
11977,0,1,0.023951059388824886
11978,0,1,-0.01332508394762702
11979,0,0,0.06655840420921293
11980,0,1,0.042127729653484866
11981,0,0,0.03705061326334244
11982,0,0,0.0765661442934663
11983,1,0,0.04840862651152475
11984,0,0,0.04912688801274774
11985,0,1,0.08621636894550858
11986,0,0,0.017400484276673144
11987,0,0,0.06720683460901455
11988,0,0,0.0427914283526378
11989,0,1,0.06555659860243405
11990,0,0,0.051247588305337766
11991,0,1,0.017236250419773308
11992,0,1,0.04708407075334067
11993,0,1,0.04869453463509738
11994,0,0,0.07149221964473568
11995,1,1,0.08775758323404423
11996,0,0,0.05946142851368827
11997,0,1,0.04199935775695829
11998,1,1,0.14377744500617623
11999,0,0,0.05289645518815825
12000,0,1,0.07290189998139547
12001,0,1,0.07957273339601767
12002,1,0,-0.006162711274415977
12003,0,1,0.04125861309575733
12004,0,1,-0.022235522214602566
12005,0,1,0.09840375750366828
12006,0,0,0.09201890417557174
12007,1,0,0.03437268155590917
12008,0,1,0.08641092666371766
12009,0,0,0.10256699366441799
12010,0,1,0.010252398331095341
12011,0,0,0.024244400109934033
12012,0,0,0.0702384901613343
12013,0,1,0.042936238151284764
12014,0,1,0.04914641608414205
12015,0,0,0.050018755640173385
12016,1,1,0.1322712908710838
12017,1,1,-0.011974143591419129
12018,1,1,0.11137903610774935
12019,0,0,0.09007641420002341
12020,0,1,0.04991228824828686
12021,0,0,0.03820697335172574
12022,0,1,0.15172182602867265
12023,0,1,-0.0008523937451822838
12024,1,1,0.04781366469061596
12025,0,1,-0.05817132485636378
12026,0,1,0.08868223098918544
12027,0,1,0.07765103808677465
12028,0,0,0.03191460062817103
12029,0,1,0.02704600639566733
12030,1,1,0.08440048536266503
12031,0,1,0.03244459994006854
12032,0,1,0.07301372789278338
12033,0,1,0.037918437052806855
12034,0,1,0.04150343654849739
12035,0,1,0.04725470358351355
12036,1,1,0.08630028599853887
12037,0,1,0.10376824634077457
12038,0,0,0.0455114559469523
12039,0,0,0.08811875756108689
12040,0,1,0.06488889860158195
12041,0,1,0.037918437052806855
12042,0,1,0.0473456077170686
12043,0,0,0.05318951512480878
12044,1,1,-0.003300579177925783
12045,0,0,0.03863302956727371
12046,0,1,0.05513309057068916
12047,0,1,-0.01204954271537162
12048,0,0,0.04983397056429313
12049,0,1,0.07183815329859486
12050,0,0,0.05378738924887046
12051,0,0,0.061779308308514136
12052,0,0,0.10053978740308786
12053,0,0,0.037831649729709454
12054,0,1,0.03759584784613551
12055,0,1,0.08679071132777401
12056,0,1,0.062112721048510594
12057,0,1,0.05936480183228282
12058,0,1,0.018051753903112477
12059,0,1,0.09129184263926494
12060,0,1,0.04668546332830385
12061,0,1,-0.012521936250862314
12062,0,0,0.07249392086315454
12063,0,0,0.038245320979886116
12064,1,1,0.05094542064563171
12065,0,1,0.04010549548996206
12066,0,1,-0.05965693539346889
12067,0,1,0.044651644930479906
12068,0,1,0.11282534692272499
12069,0,1,0.09040833219216099
12070,0,0,0.013536427782983501
12071,0,1,0.00416980546504056
12072,0,0,0.033019825479500664
12073,0,1,0.05429798420201118
12074,0,1,0.03147145780806082
12075,0,0,0.06556733506075937
12076,1,1,0.09408213561923748
12077,0,0,0.04794822608420987
12078,1,0,0.10943580606286932
12079,0,1,0.032763558097124335
12080,0,1,0.08609591155380812
12081,0,1,0.04476203769355991
12082,0,1,0.08867855273232886
12083,0,0,0.04892342490359085
12084,0,1,0.10307346028558491
12085,0,0,0.11367409965983878
12086,0,1,0.08971963077902251
12087,0,1,0.04523336782236789
12088,1,1,0.062270913917552115
12089,0,0,0.054486121469724376
12090,0,1,-0.028339188794982956
12091,0,0,0.060546898130655696
12092,0,1,0.14287308545545208
12093,0,0,0.1122677243301356
12094,1,1,0.10611800533590578
12095,0,0,0.06296672782123122
12096,0,1,0.09450547961453286
12097,0,1,0.08075674762131724
12098,0,1,0.047350519698623444
12099,0,1,0.07150513762259031
12100,0,1,0.04301704786526711
12101,0,0,0.10182677150994784
12102,0,0,-0.036106443968317414
12103,0,1,0.004594189648430058
12104,0,1,0.09439423112214614
12105,0,0,0.06823418279689514
12106,0,1,0.09170033732228647
12107,0,1,0.06989545896830271
12108,1,1,0.0826720565542573
12109,0,1,0.07183815329859486
12110,0,0,0.042074565678973705
12111,0,0,0.06171854633031684
12112,0,1,0.051389551701550754
12113,0,0,0.09788871380741777
12114,0,1,0.0778209256155781
12115,0,1,0.10076735337086867
12116,0,1,0.05100156077587736
12117,0,1,0.04504244407197057
12118,0,0,0.022207401247311437
12119,0,0,0.08219384131224088
12120,0,0,0.05362871211787994
12121,0,1,0.08198533648046555
12122,0,0,0.09166218433426201
12123,1,1,0.11690199043444806
12124,0,1,0.09227054318507581
12125,0,0,0.08689054480318764
12126,0,0,0.09751467628533211
12127,0,0,0.06320068333919755
12128,0,0,0.09306629957121644
12129,0,1,0.08548174211732874
12130,0,1,0.07633227232792866
12131,0,1,0.04306667188454796
12132,0,1,0.09061908785804029
12133,0,0,0.07425973658327623
12134,0,1,0.09226353974199275
12135,0,1,0.0962843838121866
12136,0,1,0.04801591036158226
12137,0,0,0.046079159502200345
12138,0,1,0.035144622952290636
12139,0,0,0.03525612607566808
12140,0,1,0.03921018869043884
12141,0,0,0.036545509706962326
12142,0,0,0.10161830189171177
12143,0,1,0.09061908785804029
12144,1,0,0.04015072292025201
12145,0,1,0.0203896948037659
12146,0,0,0.01462446392714209
12147,0,0,0.033689307371843835
12148,0,0,0.04680847597194711
12149,1,1,-0.018852950153208647
12150,0,1,0.05969696215230498
12151,0,1,0.07709701916963826
12152,0,1,0.0694846095221889
12153,0,0,0.06259197961400628
12154,0,1,0.0480212319482025
12155,0,0,0.060504395855553894
12156,0,0,0.05089420286797797
12157,0,1,0.16185709696910994
12158,1,1,0.06521002803037929
12159,1,1,0.02067665983160627
12160,0,1,0.07753119808752654
12161,0,0,0.06831156030797186
12162,0,1,0.09303914221858475
12163,0,1,0.13101375714402763
12164,0,0,0.0508937314046822
12165,0,1,0.07062220851437537
12166,1,1,0.11698563078430808
12167,0,0,0.06934473374585567
12168,0,0,0.07759680462696088
12169,0,1,0.06276168748823172
12170,0,1,0.03496590969494161
12171,0,0,0.08886825365646746
12172,0,1,0.07843279053038166
12173,0,1,0.10222350979946601
12174,0,0,0.04163554518760873
12175,0,1,-0.01604304807493348
12176,0,1,0.08174814485077221
12177,0,1,0.026990208276836
12178,0,1,0.03810460596974012
12179,0,1,0.050482726716366166
12180,0,1,0.059712674981238
12181,0,1,0.06333587663520385
12182,0,0,0.0528196994103539
12183,0,1,0.05505660676719154
12184,0,1,0.06674284089462443
12185,0,1,0.1330651099997207
12186,0,1,0.043033434337345494
12187,0,1,0.04753969055043171
12188,0,0,0.05995021685837397
12189,0,0,0.014321022675145872
12190,1,0,-0.0005191217081919053
12191,0,1,0.08444345836513295
12192,0,1,0.0461225945545994
12193,0,1,0.0746998058193357
12194,0,1,0.025042183602783596
12195,0,1,0.06925411762033656
12196,1,0,0.13609870637497443
12197,0,1,0.059012890306288895
12198,0,1,0.019965142194769525
12199,0,1,0.08592634826040274
12200,0,0,0.0803618489951956
12201,0,1,0.03990807298401597
12202,1,0,0.14601365364007735
12203,0,1,0.0509760920554963
12204,0,1,0.040071130209663866
12205,1,1,0.031855279859547475
12206,0,1,0.01846323547609649
12207,0,1,0.07190824398438954
12208,0,0,0.15057964882070368
12209,1,0,0.0009675346673274909
12210,0,1,0.027700383677396814
12211,0,1,0.028448622589422518
12212,0,1,0.09542667796417462
12213,0,0,0.07778144219230479
12214,0,0,0.03076614074346136
12215,0,1,0.047742393164092234
12216,0,1,0.040761295956355706
12217,0,0,0.08573926236577957
12218,0,0,0.02290254118962251
12219,1,1,0.04477268433060792
12220,0,1,0.08556382913884705
12221,0,1,0.10090084553864949
12222,0,0,0.05707020263849277
12223,1,0,0.07818803103436794
12224,0,1,0.05404273043687058
12225,0,0,0.07322161338437116
12226,0,0,0.040939840505788985
12227,1,1,0.08672701484152545
12228,0,1,0.08688539020133744
12229,0,0,0.0831274189790148
12230,0,1,0.023863008799340946
12231,1,1,-0.009384903380281445
12232,0,1,0.09809991637286478
12233,0,0,0.052444668957147215
12234,1,1,0.043728931577384056
12235,0,0,0.039917834161222604
12236,0,1,0.02319577199042272
12237,0,1,0.09420582950907705
12238,1,0,0.08395333531606343
12239,0,1,0.03498878885842491
12240,0,1,0.12062172237527259
12241,0,1,0.0443045250530774
12242,0,1,0.06671049989859094
12243,0,0,0.06785047322807615
12244,0,0,0.053867265777640116
12245,0,1,0.06318576285508816
12246,0,1,0.07926349201294561
12247,0,1,0.10385615123880661
12248,1,1,0.06802440217841378
12249,1,1,-0.006048259668851738
12250,1,1,0.08480474393289254
12251,0,1,0.06129172720691252
12252,0,1,0.019075512513769516
12253,0,1,0.03237806123397377
12254,1,0,-0.005420067261496853
12255,0,1,0.10563822331120604
12256,0,0,0.09383764332175779
12257,1,1,0.01324671498902727
12258,1,0,0.09503263186527487
12259,0,1,0.09334311153644179
12260,1,0,0.07251120389004256
12261,0,1,0.06111325610234675
12262,0,1,0.04749565146952592
12263,0,1,0.055238228131797795
12264,1,1,-0.02372570297323706
12265,0,1,0.023863008799340946
12266,0,1,0.019566325888507555
12267,0,0,0.08357808596372082
12268,0,0,0.06594173764172859
12269,0,1,0.060525821261372084
12270,0,1,-0.002118410304714352
12271,0,1,0.02959196766738191
12272,0,1,0.06305361456534106
12273,0,1,0.04796409499188263
12274,1,1,0.07062856078512375
12275,0,1,0.14301868326065445
12276,0,0,0.01418505310050669
12277,0,0,0.04077468040395718
12278,1,0,0.05046685691785141
12279,0,1,0.062270913917552115
12280,0,0,0.069050729137024
12281,0,0,0.1116812829851239
12282,0,1,0.04975991146664807
12283,0,0,0.08333655035656856
12284,0,1,0.044160237213998255
12285,1,1,0.0575208016976303
12286,0,1,0.07649691803654797
12287,0,1,0.014346998677043782
12288,0,1,0.08690259486265994
12289,0,0,0.054104602956243364
12290,0,1,0.09102444593984801
12291,1,0,0.0131531383750976
12292,0,0,0.10947439689285289
12293,0,1,0.0528196994103539
12294,0,1,0.06796268211783063
12295,0,1,0.025898085956657824
12296,0,1,0.08337147399106354
12297,1,1,0.06857920365457001
12298,1,1,-0.012538932894239102
12299,0,1,0.0758358241645079
12300,0,0,0.043255028173823346
12301,0,0,0.05614479434516309
12302,0,1,0.025386889784018818
12303,1,0,0.09761896255437227
12304,0,0,0.10208893825469774
12305,0,1,0.041199898345998
12306,0,1,-0.019113319228389797
12307,0,0,0.0752553895458089
12308,0,1,0.0346387460566977
12309,0,1,0.03942954685697647
12310,0,1,0.13967982533001894
12311,0,1,0.05353017808554858
12312,0,1,0.07476808172315721
12313,0,0,0.05514621900624962
12314,0,1,0.027527181720794408
12315,0,1,0.16245226804251356
12316,0,0,0.06373676033439804
12317,0,1,0.04846694227438987
12318,0,0,0.07752342513427898
12319,0,1,0.06283352899727192
12320,0,1,0.05155090807533594
12321,0,1,0.039150674410188435
12322,1,0,0.0664794575030496
12323,0,0,0.02246341715911164
12324,0,1,0.0831119963382128
12325,0,0,0.09454569469226351
12326,0,1,0.0951238368666682
12327,0,1,0.08249565561287897
12328,0,1,0.09462879575380768
12329,0,0,0.08261424375449297
12330,0,0,0.06062493173725872
12331,0,1,0.03650992056927296
12332,0,1,0.10256731597372802
12333,0,0,0.07282499394984948
12334,0,1,0.07441427274458641
12335,0,1,0.05310241872242297
12336,0,1,0.16506225714403042
12337,0,0,0.06164426257029619
12338,0,1,0.014748144198393098
12339,0,1,0.022457723389592982
12340,1,1,0.06578199420600808
12341,0,1,0.03150057926134896
12342,0,1,0.06728344924154034
12343,0,1,0.03898840923057423
12344,0,1,0.05509940292464281
12345,0,1,0.03197380603006006
12346,1,1,0.12900824445120976
12347,0,1,0.0330703603563991
12348,0,1,0.03966526624669425
12349,0,1,0.028092899966559365
12350,0,0,-0.003022137439505246
12351,1,1,0.010061752547040642
12352,0,0,0.12036437673020559
12353,0,1,0.04494305023877887
12354,1,1,0.03532791330013656
12355,0,0,0.0537014531271037
12356,0,0,0.10159997447881794
12357,0,0,0.08105858319259768
12358,1,1,0.06113100579374789
12359,0,1,0.13443728134969463
12360,0,1,0.07315600490606762
12361,0,1,0.06114354001930879
12362,0,1,0.14525859393379897
12363,1,1,0.02692986188616245
12364,0,0,0.01721173274488677
12365,0,1,-0.08418375254868338
12366,0,1,0.13342314614559758
12367,0,1,0.01966416648168795
12368,0,1,0.05571929417799949
12369,0,1,0.02851118464777174
12370,1,1,-0.009907187622513372
12371,0,0,0.05323053691041349
12372,0,0,-0.01933326090172674
12373,1,1,0.043291379498459015
12374,0,0,0.0972855774709038
12375,0,1,0.05250729213939992
12376,0,0,0.12040308131399723
12377,0,0,0.09038384442345895
12378,0,0,0.09177693547582216
12379,0,1,0.021560961227933523
12380,0,1,0.05677696633198161
12381,0,0,0.02702377211683475
12382,0,1,0.11781005898473305
12383,0,1,0.08775758323404423
12384,0,1,0.05906047244121802
12385,0,0,0.05951849106319676
12386,0,1,0.0672027620455117
12387,0,1,0.002800269643605885
12388,0,1,0.13746700140100215
12389,0,0,0.07940555024287972
12390,0,1,0.04256316521049486
12391,1,1,0.008574160015958399
12392,0,0,0.05589213215047137
12393,0,1,0.06630542942222659
12394,0,1,0.1124780487312156
12395,0,1,0.09562390559696132
12396,0,0,0.08565604659004215
12397,0,1,0.03113486669510783
12398,1,1,0.06812691027583667
12399,0,1,0.08260593415492737
12400,0,0,0.029881590555767265
12401,0,0,0.04705157875508456
12402,0,0,0.019892984023444638
12403,0,0,0.0763247917892716
12404,0,0,-0.021704020020027748
12405,0,1,0.0967655857182325
12406,0,1,0.09254736748185761
12407,1,1,0.08736599459789718
12408,0,1,0.12128774246750038
12409,0,1,0.07167204644738388
12410,0,1,0.12032256666492389
12411,0,0,0.05220115141874859
12412,0,1,0.10851330187403675
12413,0,1,0.025434310846274982
12414,0,0,0.08478405450846259
12415,0,0,0.14972870375477057
12416,1,1,0.07980193138281161
12417,0,1,0.06396984728517122
12418,0,0,0.21906842621608452
12419,0,1,0.04804995994586307
12420,0,1,0.10856647821014752
12421,1,1,0.06488342135079794
12422,1,1,0.05622233397604562
12423,0,0,0.047405417075494
12424,1,1,0.0605559813033626
12425,0,1,0.03235990570663161
12426,1,1,0.07584748536620936
12427,0,1,0.04287900800748391
12428,0,0,0.06952067034084347
12429,0,1,0.084146553511115
12430,1,0,0.05969322261248218
12431,0,1,0.03448075399992831
12432,0,0,0.042981570341732965
12433,0,1,0.01644836277199352
12434,0,1,0.08402938409654892
12435,0,0,0.04612960607915839
12436,0,1,0.05389460061600783
12437,0,1,0.07806394373458721
12438,0,1,0.09644640820654517
12439,0,0,0.05661288139754994
12440,0,0,0.04335373501769971
12441,0,1,-0.00634084359092274
12442,0,1,0.055982803860420524
12443,0,1,0.044860869322729605
12444,0,1,0.049123102476720054
12445,0,0,0.0738815790407308
12446,0,0,0.11759321277462495
12447,1,1,0.11046923820149994
12448,1,0,0.025714521578788396
12449,0,1,0.02185458561061182
12450,0,1,0.09262407065223832
12451,0,1,0.05372851164501852
12452,0,0,0.03924185887867007
12453,0,0,0.03643985820266751
12454,0,0,0.07667278165698019
12455,0,1,0.04415685124167135
12456,0,0,0.09285150272357756
12457,0,1,-0.06255445694469325
12458,0,1,0.062270913917552115
12459,0,1,0.11721719434080913
12460,0,1,0.06433720276904509
12461,1,1,0.06465453283277137
12462,0,0,0.043392587044470216
12463,1,1,0.06924396612603625
12464,0,1,-0.02725634905419222
12465,0,1,0.032618849577459516
12466,0,0,0.014358072069282843
12467,0,1,0.09145673044067625
12468,0,1,0.09431466148218051
12469,0,0,0.052300785565397426
12470,1,1,0.07993941977746688
12471,1,1,0.04890053544774978
12472,0,0,0.06714773938587001
12473,0,1,0.09568879436948928
12474,0,0,0.08598659176035182
12475,0,1,0.05622233397604562
12476,0,1,0.03665134954459562
12477,1,1,0.01577271554587062
12478,0,0,0.07172153260150793
12479,0,1,0.027414210198188696
12480,0,1,0.04882932674796481
12481,0,1,-0.0159047200870944
12482,0,1,0.03983356729867091
12483,1,0,-0.0767125310331456
12484,0,1,-0.03566113877826102
12485,1,1,0.10061482107600156
12486,0,0,0.03404507912202828
12487,0,0,0.0382455061708922
12488,0,0,0.014102794051597117
12489,0,1,0.08067319467097545
12490,0,0,0.04568807726169759
12491,0,1,-0.07801965285793128
12492,0,0,0.001699022147953505
12493,1,0,0.10076625240114637
12494,1,1,-0.06496426447434914
12495,0,1,0.05098060568689833
12496,0,1,0.06089137437754501
12497,0,1,0.09950778814613348
12498,0,0,0.07861140124794634
12499,0,0,0.05766948298288481
12500,0,0,0.03368332944098393
12501,0,0,0.04970869672302031
12502,0,1,0.054414373375854586
12503,0,1,0.041668721467786884
12504,0,1,0.03922289749762104
12505,0,0,0.042901471353414766
12506,0,1,0.08549418721580837
12507,0,0,0.05048172681574996
12508,0,1,0.12772916701608292
12509,0,0,0.03524816033954091
12510,0,1,0.05770238441692743
12511,0,1,0.0726184857711179
12512,0,0,0.053129464471006596
12513,0,0,0.04306667188454796
12514,0,0,0.14417888742679344
12515,0,1,0.05190763153523944
12516,0,1,0.05644384919653382
12517,0,1,0.07252840120595146
12518,1,1,0.10182677150994784
12519,0,1,0.1064885396077879
12520,0,1,0.04834801761606683
12521,0,1,-0.010140159675700172
12522,0,1,0.05650713290818335
12523,0,1,0.04202326116893787
12524,0,1,0.05391668774298985
12525,0,0,0.08134419569475082
12526,0,1,0.03184963961347126
12527,1,1,0.09263040311920773
12528,1,1,0.028990455735834503
12529,0,0,0.06986533376003094
12530,0,1,0.054378805002119224
12531,0,1,-0.014490504939954102
12532,0,1,0.06109761052451422
12533,0,0,0.0003649628381726666
12534,0,0,0.007424906836582201
12535,1,1,0.08369985220083281
12536,0,0,0.05184880517799223
12537,0,0,0.0773993737317551
12538,0,1,0.02040845314128975
12539,0,1,0.06065576694635372
12540,0,1,0.08692613644226369
12541,0,1,0.07594559248286184
12542,0,1,0.08115980882901996
12543,0,1,0.08664320018655203
12544,0,0,0.05204587325383936
12545,0,0,0.06719657795656742
12546,0,1,0.09048540311516513
12547,0,0,0.08566256499719882
12548,0,1,0.044807901326187394
12549,0,1,0.08101747894521738
12550,0,1,0.09964764417405175
12551,0,0,0.058491560860162155
12552,0,1,0.08974387141676718
12553,0,0,0.08697289881915474
12554,0,1,0.03665568428489907
12555,0,0,0.05505660676719154
12556,0,1,0.043668412787708985
12557,0,1,0.09147295135235903
12558,0,1,0.14434384259592214
12559,0,1,0.15264712855198842
12560,0,0,-0.06895427745328425
12561,1,0,0.11613821895404645
12562,1,1,0.06653522511729992
12563,0,1,0.19622591721810978
12564,0,1,0.04919538777671523
12565,0,1,0.034209697975914444
12566,0,1,0.02427954441031588
12567,0,1,0.12533834921845785
12568,0,0,0.037480686010067946
12569,0,1,0.12772916701608292
12570,0,1,-0.016107493580583276
12571,0,0,0.020075598543189355
12572,0,0,0.01750247103190572
12573,0,1,0.023655270626313785
12574,0,1,0.06772581180765362
12575,0,0,0.056356728788016425
12576,0,1,0.10256699366441799
12577,0,1,0.015764936915145772
12578,0,1,0.05376914994463325
12579,0,1,0.036733597157509346
12580,0,1,0.045779863771440624
12581,0,1,0.021539055803593526
12582,0,0,0.07417555221244565
12583,0,0,0.10350717900862902
12584,0,1,0.046462354405047965
12585,0,1,0.06210112616964744
12586,0,0,0.1701537139290853
12587,0,1,0.03045147672292489
12588,0,1,-0.004783737244126729
12589,0,0,-0.0055205065700686395
12590,0,0,0.09384385984425402
12591,0,0,0.029783545511514353
12592,0,1,0.04523336782236789
12593,1,1,0.060106518055535046
12594,0,1,0.08063717672036447
12595,0,1,0.08506958471859151
12596,0,1,0.048737438862781035
12597,0,1,0.10634005413803028
12598,0,1,0.06855682493802179
12599,0,1,0.02607737290239362
12600,0,0,-0.06863633585080306
12601,1,1,0.17697109054533633
12602,0,1,0.06659532333625061
12603,0,1,0.05192731466816283
12604,0,1,-0.0013737241919389576
12605,0,1,0.08333076159439678
12606,1,1,0.0815869667872322
12607,0,1,0.09332437855834133
12608,0,1,0.08233899469647195
12609,0,0,0.0415469726273571
12610,0,1,0.08679000183625682
12611,0,1,0.06673735161765613
12612,0,1,0.044678468559752604
12613,0,1,0.0302127331708682
12614,1,1,0.10618164287214589
12615,0,0,0.06270179354333844
12616,0,0,0.09955449606645338
12617,0,0,0.04523336782236789
12618,0,1,0.15826426218733144
12619,1,1,0.11706170023024015
12620,0,1,0.06319087658165884
12621,1,1,0.05505660676719154
12622,0,0,0.05790832000031093
12623,0,1,0.012559454504489143
12624,0,0,0.02449645267000619
12625,0,1,0.0803599575033597
12626,0,1,0.08955271713434682
12627,0,0,0.1165578828704015
12628,0,0,0.12279660718450476
12629,0,0,0.10542575374955858
12630,1,0,-0.040123314253771525
12631,1,1,0.03139434783580336
12632,1,1,0.07832927510344533
12633,0,1,0.08206206012046413
12634,0,1,0.05539261451035733
12635,0,0,0.030606668603717857
12636,0,0,0.08198362889165461
12637,0,0,0.25250552947086935
12638,0,1,0.02214542797595566
12639,1,0,0.09897252068980938
12640,0,1,0.08805741014193319
12641,0,0,0.04780408352471453
12642,0,0,0.07397455432648024
12643,0,1,0.08505949839333848
12644,0,1,0.05198363879790639
12645,1,1,0.1242550672674971
12646,0,0,0.10667714661655009
12647,0,0,0.05246193465754875
12648,0,0,0.09093284751595988
12649,0,0,0.07682683898583877
12650,0,1,0.09055185123732645
12651,1,0,0.09103506187808223
12652,0,1,0.023808116979687072
12653,0,1,0.08866892478932721
12654,0,0,0.08737390438044303
12655,1,1,0.023570884154127267
12656,0,0,0.07158245516822814
12657,0,1,0.043419272678689946
12658,0,0,0.10806800595692512
12659,1,0,0.1503744354998302
12660,0,1,0.01683109188622961
12661,0,1,0.09750989597208318
12662,0,0,0.10554285758086934
12663,0,0,0.075895564128026
12664,0,1,0.09275603415294158
12665,0,1,0.04367554453755117
12666,1,1,0.06984015955982967
12667,0,1,0.09181406240957654
12668,0,0,0.1510881689537713
12669,0,1,0.12868891974233915
12670,0,1,0.03489378374406174
12671,0,0,0.09882122622448851
12672,0,0,0.09376241069812272
12673,0,0,-0.001524284916896601
12674,0,0,-0.022870952092356123
12675,1,0,0.08304137009748971
12676,0,0,0.07760130800239717
12677,0,0,0.07048360971295173
12678,0,1,0.04473132457683443
12679,0,1,0.019542953810987473
12680,1,1,0.04340922441032552
12681,0,1,0.15363173010363462
12682,0,0,0.04142579325703247
12683,0,0,0.018793112940173412
12684,0,1,0.1082273617399186
12685,1,0,0.10370201930603468
12686,0,1,-0.004877325615462058
12687,0,1,0.07800381893045899
12688,0,1,0.06938492721488199
12689,0,1,0.06023296535493523
12690,0,1,0.031696440128963776
12691,0,0,-0.006207044184091098
12692,1,1,0.10351256785642511
12693,0,0,0.1227623131711879
12694,0,0,0.015558724649664374
12695,0,1,0.06973118333275868
12696,0,0,0.033431520515923976
12697,0,0,0.08617847557331393
12698,0,0,0.03022081965054907
12699,0,1,0.06977881088929719
12700,0,1,0.03404507912202828
12701,0,1,0.13006878542620395
12702,0,1,0.012498730859266255
12703,1,1,0.04044170383734873
12704,0,1,0.09222016465445648
12705,0,1,0.059517161621585685
12706,0,1,0.03541655791610904
12707,0,1,-0.0043611282579993915
12708,0,1,0.06660279031103701
12709,1,0,0.06797752242793736
12710,1,0,-0.05964843623789301
12711,0,1,0.13646812401651925
12712,0,0,0.1475111568511125
12713,1,1,0.05931278612449804
12714,0,0,0.06577422570610826
12715,0,0,0.0856730045052554
12716,0,0,0.06103906617957032
12717,1,1,-0.0023466661020155044
12718,1,1,0.019740224966456416
12719,0,0,0.08510770662841964
12720,0,0,0.007801008944382182
12721,0,1,-0.018403854074768827
12722,0,0,0.034051123999187694
12723,0,0,0.1671099471975976
12724,0,1,0.04359816702106741
12725,0,1,0.043071769207959784
12726,0,0,0.06513401603538184
12727,0,0,0.09029769858421399
12728,0,0,0.04626526491558927
12729,0,1,0.018532388230927593
12730,0,1,0.07856986604890702
12731,0,0,0.06932219340263063
12732,0,1,0.05765102727361929
12733,0,1,0.06591916047164117
12734,0,1,-0.004954178526788977
12735,0,1,0.1219636856334479
12736,0,0,0.04050769305282464
12737,0,1,0.1107083997523568
12738,1,1,0.04532129899375563
12739,0,1,0.053397396142992895
12740,0,1,0.04582290431829626
12741,0,0,0.04811190128064308
12742,1,1,0.03168070241344659
12743,0,1,0.03901144685316306
12744,0,1,0.05950767214960412
12745,0,1,0.051210236736017406
12746,0,1,0.08254821578517654
12747,0,1,0.06551864947509575
12748,0,1,0.0169748628377219
12749,0,1,0.03209385965588432
12750,0,0,0.037412301008299065
12751,0,1,0.07178023354529049
12752,0,1,0.06395094862365869
12753,0,1,0.0726184857711179
12754,0,1,0.03905017844470454
12755,0,1,0.04073704716290141
12756,1,1,0.035656718615044936
12757,0,0,0.07042786095978484
12758,0,1,0.08028267329149096
12759,0,1,0.024551575637628775
12760,1,1,0.07935150414127412
12761,0,0,0.1051157408745578
12762,0,1,0.05856657807673818
12763,0,0,0.06616671923698987
12764,0,1,0.11941589080416513
12765,0,1,0.09041486100740107
12766,0,0,0.03426308868132967
12767,0,1,0.053602678700036294
12768,0,1,0.05762199602456107
12769,1,0,0.0635110237349086
12770,0,0,0.07730542154830089
12771,0,1,0.10025329418285728
12772,0,0,0.05505660676719154
12773,0,0,0.05387665677837214
12774,0,1,0.12015171529347657
12775,1,1,0.06780503321105752
12776,0,1,0.13333740282757994
12777,0,1,0.057821583238285054
12778,0,1,0.021756013739294117
12779,1,1,0.04661407449075432
12780,0,1,-0.03767352974940777
12781,1,1,0.10031958622289364
12782,0,1,0.11386354365100414
12783,0,0,0.0756134061930532
12784,1,1,0.057512411900518645
12785,1,1,0.018653313069628488
12786,0,1,0.06449972797834752
12787,0,1,0.044967378266484406
12788,0,1,0.014615916849981467
12789,1,1,0.11788060495575084
12790,0,0,0.05768249064074535
12791,0,1,0.054641355345797865
12792,0,1,0.0608232429040432
12793,0,1,0.04018927328036509
12794,0,0,0.0915471288342533
12795,1,1,0.02927245722486263
12796,0,0,0.04735556395284052
12797,0,0,0.05353545895730706
12798,1,1,0.02595087828703041
12799,0,1,0.03899496382809642
12800,1,0,0.19468321107430436
12801,0,1,0.03779255359564104
12802,0,1,0.0371627052353842
12803,1,0,0.07601943900174997
12804,0,1,0.08765853535751114
12805,0,0,0.0862077690059257
12806,0,1,0.05414401365332766
12807,0,1,-0.0038178876822609342
12808,1,1,0.04234690031253563
12809,0,1,0.10704057383353006
12810,0,0,0.04741332141068051
12811,0,1,0.02347477678738899
12812,0,1,0.04435458393845612
12813,0,1,0.038621068903671396
12814,0,0,0.10361064251231483
12815,0,0,4.135951692418871e-05
12816,0,1,0.03840915789436529
12817,0,1,0.08890214134921344
12818,0,1,0.10570262299032945
12819,0,0,0.03784999682444156
12820,0,0,0.03121308559947618
12821,1,1,0.04733215686637483
12822,0,1,0.016706334255299743
12823,0,1,0.07724670250200802
12824,0,0,0.029321991290191446
12825,1,0,0.08049371775981397
12826,0,1,0.0008616931147821805
12827,0,1,0.019432066713372123
12828,0,0,0.08915341397144294
12829,0,1,0.13824582513879027
12830,0,1,0.10018609369695228
12831,0,1,0.09533256390160445
12832,0,1,0.08978884847571314
12833,0,1,0.10287715880750822
12834,0,1,0.04160625114140615
12835,0,1,0.019432066713372123
12836,0,1,0.12491790480048688
12837,0,0,0.07388604408549909
12838,0,1,0.034149260438919915
12839,0,1,0.09723930928981786
12840,0,0,0.09429241073830294
12841,0,1,0.05378738924887046
12842,0,0,0.1503165886271456
12843,0,1,0.027731987024794624
12844,0,1,0.043258099364818794
12845,0,1,0.06934573242179001
12846,0,1,0.023617076323786276
12847,0,1,0.07151066385492841
12848,0,1,0.004367328673945431
12849,1,0,0.05427619727415499
12850,0,1,0.06475331590151613
12851,0,0,0.14510421038540053
12852,0,0,0.08675940102949738
12853,0,1,0.05742529874307245
12854,0,0,0.05850377780726386
12855,0,1,0.08336179585860329
12856,1,0,-0.011605387751057128
12857,0,0,0.03179058954390586
12858,1,1,0.024514969705023898
12859,0,1,0.03510141552980919
12860,0,0,0.04373972062429192
12861,0,0,0.04014580293779621
12862,0,1,0.06617890809015206
12863,0,0,-0.013095014918178813
12864,0,0,0.05460901109339983
12865,0,1,0.09386782047249222
12866,0,1,0.03471291971858306
12867,0,1,0.041101783769980374
12868,0,0,0.05924250206489522
12869,0,0,0.04122193431128161
12870,0,0,0.056844877535018934
12871,0,1,0.06870147809768912
12872,0,1,0.08321513263966272
12873,0,0,0.09375128926411391
12874,0,0,0.018615252405885963
12875,0,1,0.07520047288150776
12876,0,0,0.018654174147405556
12877,0,1,0.07380724578431329
12878,0,0,-0.07875498565651773
12879,0,1,0.10147386464821977
12880,0,1,0.05850518358600293
12881,0,1,0.02427954441031588
12882,0,1,0.06612520297916737
12883,1,0,0.07432949503426495
12884,1,1,0.05156306232780991
12885,0,0,0.06669755820136465
12886,1,1,-0.03250963545615859
12887,1,1,0.035253465442266874
12888,1,1,0.05174578925755745
12889,0,1,0.10574413530281704
12890,0,0,-0.008876575260693714
12891,0,1,0.020282494479354318
12892,0,0,0.015953867525762305
12893,0,0,-0.0014520884614298568
12894,0,1,0.037185128085612945
12895,0,1,0.042559838232813285
12896,0,0,0.075256072882252
12897,0,1,0.09156983502370697
12898,0,0,0.05677696633198161
12899,0,1,0.07136087683636251
12900,0,1,0.037768870660469744
12901,0,1,-0.06155530384255525
12902,0,1,0.04469512028070988
12903,0,0,-0.005586699776323589
12904,0,1,0.10867906118744186
12905,0,1,-0.010861773700993865
12906,0,1,0.041495783353594565
12907,0,0,0.036220923611973405
12908,0,1,0.04888769637959858
12909,0,0,0.058515049597130914
12910,0,1,0.07002665945118353
12911,0,1,0.09845639450361757
12912,0,1,0.046995183602400556
12913,0,0,0.08108420641312604
12914,0,1,0.09090211049240436
12915,0,1,0.03824748646228171
12916,1,0,0.020762487700802135
12917,0,1,0.09715790775102015
12918,0,0,0.029321991290191446
12919,0,1,0.11902713029159787
12920,0,1,0.024932025169776204
12921,0,0,0.048351031077517564
12922,0,1,0.04265205762491017
12923,0,1,0.04494135920010561
12924,0,0,0.059134805727248184
12925,0,1,0.04975991146664807
12926,0,1,0.08566433263062416
12927,0,1,0.0421268602123009
12928,0,1,0.05922419857115124
12929,0,1,0.1102326859498996
12930,1,1,0.0756134061930532
12931,0,1,0.09903518218536331
12932,0,1,0.035205829931393956
12933,0,1,0.071555944822417
12934,1,1,0.07039673816447414
12935,0,1,0.09004586251429011
12936,0,0,0.056378047235821044
12937,1,1,0.07449142799194322
12938,0,0,0.06691911040750542
12939,0,0,0.062270913917552115
12940,0,1,0.01779241825869926
12941,0,0,0.03759584784613551
12942,0,1,0.03563424872859422
12943,0,1,0.057990905572074855
12944,1,1,0.0810831412944814
12945,0,0,0.010477182182765415
12946,1,1,0.04646511312391967
12947,0,1,0.08775758323404423
12948,0,0,0.08237771049360951
12949,0,1,0.11491424364440579
12950,0,1,0.050049391099418916
12951,0,1,0.03657077336566347
12952,0,0,-0.0070823957672122295
12953,1,1,0.06319852478063939
12954,0,1,0.05751719739212215
12955,0,1,0.09406265925381059
12956,0,1,0.028282530653189433
12957,0,1,0.06986533376003094
12958,0,1,0.048826106862062846
12959,0,1,0.017696988553734666
12960,0,1,0.05921822483970972
12961,0,1,0.0585544369785479
12962,1,0,0.08729228715926415
12963,0,0,0.046248386363596176
12964,0,0,0.04964403386776581
12965,0,1,0.0635873106557147
12966,0,1,0.15872453247540047
12967,0,1,0.015124284328225213
12968,0,0,0.02151652654226016
12969,0,0,0.07675908741186373
12970,0,0,0.10280179681896665
12971,0,0,0.04306667188454796
12972,0,0,0.02469746019605562
12973,0,1,0.07511019632659682
12974,0,1,0.11877418102199645
12975,0,1,0.04480904816856134
12976,0,1,0.08614856941577928
12977,0,1,0.04372641654117197
12978,0,0,0.0867374891472385
12979,0,1,0.02459511475014356
12980,0,1,0.08600845252079622
12981,0,0,0.057359145663773134
12982,0,1,0.10727204145467717
12983,0,1,0.04867902746462052
12984,1,1,0.03532791330013656
12985,0,1,0.03246002214251073
12986,0,1,0.07853343632390478
12987,0,1,0.05196062028998473
12988,0,0,0.05416363741273961
12989,0,1,0.06976809064313824
12990,0,1,0.039125329187455385
12991,0,1,0.11727438795955088
12992,0,1,-0.029985054427976554
12993,0,0,0.0169748628377219
12994,0,1,0.04004623756670486
12995,0,1,0.09911760012463572
12996,0,0,0.10182677150994784
12997,0,0,0.0221494792050375
12998,0,1,0.09324064341992115
12999,0,0,0.07022051772385271
13000,1,1,-0.012967008962281867
13001,0,0,0.08862067462740984
13002,0,1,0.019578007811451248
13003,0,0,0.060842066129154215
13004,0,0,0.026941114435287822
13005,0,0,0.03371671559973949
13006,0,1,0.07647930217915136
13007,1,1,0.059178527875787576
13008,0,1,0.08804739732807201
13009,0,0,0.061830954648649614
13010,1,1,0.03751104785496709
13011,0,1,0.08577654966700428
13012,0,1,0.10625472989981122
13013,0,1,0.08177448827925163
13014,0,1,0.14553505032297814
13015,0,1,0.08797803405561952
13016,0,0,0.10609907957881153
13017,0,0,0.06800799546402363
13018,0,0,0.06823418279689514
13019,0,1,0.01318439851848649
13020,0,1,0.029898879760127728
13021,1,1,-0.0746787066948032
13022,0,1,0.09119876017202853
13023,1,1,0.07202537786003879
13024,0,0,0.048457023513155145
13025,0,1,0.059931900475551206
13026,0,1,-0.02376211975975731
13027,1,1,0.034059953387864175
13028,0,0,0.06821459834790879
13029,1,1,0.011488793578636636
13030,1,1,0.13125319951708714
13031,0,1,0.007354960665965027
13032,0,1,0.08518695396877995
13033,0,0,0.08430128417946653
13034,0,1,0.03778260995207873
13035,1,1,0.07320066877748815
13036,0,0,0.07402486236572413
13037,0,0,0.0037951409722902646
13038,0,1,0.11726220798626433
13039,0,0,0.04068569286720533
13040,1,1,0.039911348024394
13041,0,1,0.07714414356176866
13042,0,1,0.08255537190620577
13043,0,1,0.034811222948034876
13044,0,0,0.09395794138422764
13045,0,1,0.07962939509604691
13046,1,1,0.019578007811451248
13047,0,0,0.028634372089717836
13048,0,1,0.049123102476720054
13049,1,1,-0.0010138013732885753
13050,0,1,0.04320053150907885
13051,0,1,0.05184346575285846
13052,0,1,0.031153852277275615
13053,0,1,0.05112587650958994
13054,0,1,0.022893863989562224
13055,0,1,0.0885840496601305
13056,0,1,0.08935697150633115
13057,0,0,0.019659166243004997
13058,0,1,0.023871400038418394
13059,0,0,-0.018926386057075056
13060,0,0,0.04551739525017853
13061,0,1,0.060514773736774774
13062,0,1,0.07221343627004716
13063,0,1,0.03940043105905852
13064,0,1,0.08249820259822041
13065,0,1,0.06361316630951597
13066,0,1,-0.014417061372110837
13067,0,1,0.06175556959010464
13068,0,1,0.048494925014058846
13069,0,1,0.10221610339372803
13070,0,1,0.07380104152696665
13071,1,1,0.08333642540048612
13072,1,1,0.047225310036316887
13073,0,1,0.054680692486730686
13074,0,1,0.13429536654799834
13075,0,0,-0.03249554159336571
13076,0,0,0.02891516692284271
13077,0,1,0.051281264894864675
13078,0,1,0.04422150950524992
13079,0,1,-0.018852950153208647
13080,0,1,0.025898085956657824
13081,0,1,0.1536257257147415
13082,0,1,0.08990620156595647
13083,0,1,-0.028644774664774775
13084,0,1,0.0458767609168996
13085,0,1,0.061539208832618944
13086,0,1,0.06844119230089686
13087,0,1,0.025374781897541512
13088,1,0,0.10929591572537029
13089,0,1,0.08134194644602387
13090,0,1,0.11843819069231262
13091,0,0,0.029321991290191446
13092,0,1,0.02835315362433502
13093,0,1,-0.02081425441003837
13094,0,0,0.013689273807678037
13095,0,0,0.08599614576982416
13096,0,1,0.0749518913878228
13097,0,1,0.04367556411787443
13098,1,1,0.07409141781535045
13099,0,1,0.015919632232608533
13100,0,1,0.10789773371398735
13101,0,1,0.017816876528302966
13102,0,1,0.05029949081406493
13103,1,1,0.05112656556454816
13104,0,0,0.023945565225669554
13105,0,0,0.05019742656713376
13106,0,1,0.1056253438479364
13107,1,1,-0.007667176158133504
13108,0,1,0.0810831412944814
13109,1,1,0.11275026015496131
13110,0,1,0.06454629476853764
13111,0,0,0.017215791229346272
13112,0,0,0.06495810273474154
13113,0,1,0.09181836103750157
13114,0,1,-0.11183207645388826
13115,1,1,0.057985156944136404
13116,1,1,0.13588107533121718
13117,0,1,0.07158245516822814
13118,0,0,0.042010363722418856
13119,0,1,-0.03246955544367261
13120,0,1,0.07150513762259031
13121,0,1,0.05378738924887046
13122,0,1,0.05558707233070123
13123,0,1,0.0601220173059501
13124,1,1,0.043716863978268045
13125,0,1,0.07429950972065447
13126,0,1,0.026639190069628504
13127,0,0,0.04523336782236789
13128,0,0,0.053854388441485435
13129,0,1,0.08870520709265418
13130,0,1,0.04329041127833025
13131,0,0,0.04523336782236789
13132,0,1,0.07183815329859486
13133,0,0,0.0810831412944814
13134,0,1,0.05678854158060699
13135,1,1,0.0532266024283954
13136,1,1,0.04606267532938499
13137,0,1,0.08718885570194555
13138,0,0,0.0767384093574883
13139,1,1,0.06483523234376551
13140,0,1,0.06699728470142575
13141,0,1,0.08011551858821937
13142,0,1,0.07958350640117645
13143,0,0,0.09501210363768413
13144,1,1,0.06447760483929693
13145,0,1,0.06614606886364821
13146,1,1,0.08991907558014182
13147,0,1,0.08451308102416777
13148,0,0,0.08849842487769215
13149,0,1,0.03422564033381245
13150,0,1,0.08585894846577549
13151,0,1,0.07455073955205546
13152,1,1,0.09750989597208318
13153,0,1,0.09560996809782746
13154,0,0,0.060332433246979705
13155,0,1,0.06989545896830271
13156,0,0,0.082375375138878
13157,1,0,-0.00501291357186584
13158,0,0,0.021198547745682694
13159,1,1,0.08590742100665416
13160,0,0,0.05056569609091685
13161,0,1,0.05621518361289905
13162,0,1,0.08311879287842137
13163,0,1,0.0758615721342614
13164,0,1,0.06185337344999273
13165,0,1,0.07417291949457035
13166,0,0,0.02103657543150797
13167,0,1,0.06260803570577167
13168,1,1,0.07371081245906544
13169,1,1,0.09170552316518038
13170,0,1,0.008257942808064883
13171,0,1,0.0464623770986818
13172,0,1,0.03793351954553362
13173,1,0,0.10505318032981666
13174,1,1,0.06456983923723948
13175,1,1,0.07195089506831141
13176,0,1,0.03793351954553362
13177,0,1,0.043757809779171514
13178,0,1,0.015024872720014404
13179,0,1,0.07095831048989922
13180,0,1,0.10668960056762401
13181,0,0,0.08688539020133744
13182,1,0,0.04617183166096993
13183,0,1,0.07191457501456222
13184,0,1,0.07403462707263354
13185,0,0,0.09879779215285
13186,1,1,0.049097812140253744
13187,0,0,0.03657077336566347
13188,0,0,0.10707188224272632
13189,0,1,0.09576346618325632
13190,0,1,0.07156174053811765
13191,1,1,0.0461225945545994
13192,1,1,0.08750117436466907
13193,0,1,0.169169093506194
13194,0,1,0.05392641131818615
13195,0,0,0.016538412008480052
13196,1,1,0.12782684338825015
13197,0,1,0.05765769135203905
13198,0,0,0.055355329499892775
13199,0,1,-0.012836830172952174
13200,0,0,0.028047788871632978
13201,0,0,0.02781171720370315
13202,0,1,0.054946532315181346
13203,0,1,0.09610786888730417
13204,1,1,0.06755901390452757
13205,0,0,0.08520629650809017
13206,0,1,0.08682985850265802
13207,0,1,0.10357279856743883
13208,0,0,0.07018951629942209
13209,0,1,0.059594217375548
13210,0,1,0.051871923343939946
13211,0,1,0.07443643409669436
13212,0,1,0.009526973887477447
13213,0,1,0.0499831412699987
13214,0,1,0.04115598488300916
13215,1,1,0.14247479180347228
13216,0,0,0.07603787733233253
13217,0,1,0.11173964283649156
13218,1,1,0.06926202431267975
13219,0,1,0.06667980700564463
13220,0,0,0.14602664636186335
13221,0,0,0.06017157611948426
13222,0,1,0.0499831412699987
13223,0,0,0.0756134061930532
13224,0,1,0.056436439537660366
13225,0,1,0.026754526600545107
13226,0,1,0.012096559421029746
13227,1,1,0.055163133260035746
13228,0,0,0.09957069375864773
13229,0,1,0.035808582952992524
13230,0,1,0.049382343503072884
13231,0,1,0.0544774998874816
13232,1,1,0.08410572051915757
13233,0,0,0.018804984763064025
13234,1,1,0.01778371013465188
13235,0,1,0.060973899346086505
13236,0,1,0.09023245993452449
13237,0,0,0.09085016772257874
13238,0,0,0.10037753376936638
13239,0,1,0.13010294707321512
13240,0,0,0.057286587956178886
13241,0,0,0.088794110182218
13242,0,1,0.013451934163348583
13243,0,1,0.055560560708850765
13244,0,0,0.08951615484239975
13245,0,1,0.06958262363423237
13246,0,0,0.0726184857711179
13247,0,1,0.029321991290191446
13248,0,1,0.05088990769859755
13249,0,0,0.057614621468998706
13250,0,1,0.049676141415852054
13251,0,1,-0.013325812837459428
13252,0,0,0.0464623770986818
13253,0,1,0.08464590998544035
13254,0,1,0.04668904263569925
13255,0,1,0.05751580829526276
13256,0,0,0.025470199416061268
13257,0,1,0.0456158552033708
13258,0,1,0.06462368841786023
13259,0,1,0.016430841270211938
13260,0,0,0.02717920501362836
13261,0,0,0.05492176173613826
13262,0,1,0.040017222328680685
13263,0,0,0.07911211944666804
13264,0,1,0.06503715043559637
13265,0,1,0.10480764613748969
13266,0,1,0.07478102030845957
13267,0,0,0.05377108763981775
13268,0,0,0.041453684689424175
13269,0,1,0.1481797854602787
13270,1,1,0.04385495740609199
13271,0,1,0.04732294586873874
13272,0,1,0.05566705148885434
13273,0,0,0.04275197724063769
13274,0,1,0.045254638696539284
13275,0,0,0.02615107864345359
13276,0,0,0.05103939735305521
13277,0,1,0.056472021142147666
13278,0,0,0.027332083356850667
13279,0,0,0.039173479827196184
13280,0,1,0.08653435935512147
13281,0,1,0.1045476195665916
13282,1,0,0.09322381985320567
13283,0,1,0.04496632521609202
13284,0,1,0.0405141675312346
13285,0,1,0.06253181992526655
13286,0,1,0.12833745209988864
13287,0,0,0.055045481564601456
13288,0,1,0.05776802540262013
13289,0,0,0.0625576491177427
13290,0,0,0.054583380972922924
13291,0,1,0.06469519009796436
13292,1,1,0.10174722387678833
13293,0,0,0.08057345414787881
13294,0,1,0.06250712069948539
13295,0,1,0.06706044346477148
13296,0,1,-0.012260526954545575
13297,1,0,0.11030576657233576
13298,0,1,0.06598901595278808
13299,0,1,0.04772646431097624
13300,0,0,0.048398450804722215
13301,0,1,0.0620268429660461
13302,0,1,0.024290153556121644
13303,1,0,0.07571132325398566
13304,0,0,0.07975100523098164
13305,0,1,0.03676862633080788
13306,0,1,0.03961392676869385
13307,0,1,0.06723570533670269
13308,0,1,0.0734161137057869
13309,0,1,0.0070085061687929495
13310,0,0,0.03917215340963759
13311,0,1,0.05089789936469176
13312,0,0,0.022302166309144403
13313,0,0,0.04752017005177743
13314,0,1,0.04791509978896662
13315,0,1,0.0917029204417342
13316,0,0,0.09170552316518038
13317,0,0,0.006101843323651046
13318,0,0,-0.004078415692907372
13319,0,0,0.0854826177473958
13320,0,0,0.028295006012138482
13321,0,0,0.05604942734228455
13322,0,0,0.021363141543097763
13323,0,0,0.042901471353414766
13324,0,1,0.07443643409669436
13325,0,1,0.06024892210990422
13326,0,0,0.06763248395655973
13327,0,1,0.06722228943093372
13328,1,0,-0.03504107402340939
13329,0,1,0.08351525220481766
13330,0,1,0.06104199872313906
13331,0,1,0.06562300406879074
13332,0,1,0.062270913917552115
13333,1,1,0.09674683965693658
13334,1,1,-0.012064296070493946
13335,0,0,0.040743787650019056
13336,0,0,0.060256248334889434
13337,0,1,0.046339911161661196
13338,0,1,0.0639067911984763
13339,0,1,0.08954656309626752
13340,0,1,0.09608439085768486
13341,0,1,-0.01055233349306306
13342,0,1,0.029539458944498248
13343,1,1,0.0931911386758858
13344,0,1,0.07522205655110281
13345,0,1,0.12063359728235537
13346,0,0,0.016055962895241693
13347,0,1,0.1476971983234173
13348,0,1,0.05789834210023144
13349,0,1,0.07588113628484609
13350,0,1,0.04004577540539467
13351,0,1,0.08053486078088837
13352,0,1,0.08283812320893955
13353,0,0,0.062270913917552115
13354,0,1,-0.0040986683911683475
13355,0,1,0.10272981975301114
13356,0,1,0.04623652734772474
13357,0,1,0.07584270835700958
13358,0,0,0.1164971637552249
13359,1,0,0.060805035556466394
13360,0,1,0.026300148804229526
13361,0,1,0.04251386711150888
13362,0,0,0.02236871850363556
13363,0,1,0.05183281713752076
13364,0,0,0.06311690228019376
13365,1,0,0.0771290313023629
13366,0,0,0.037884758986043154
13367,1,1,-0.002821351237162234
13368,0,1,0.0778181674515718
13369,0,1,0.07513631287544845
13370,0,1,0.039848363656695
13371,0,0,0.018858978041356972
13372,0,0,0.03948707553042746
13373,0,0,0.002802259973386012
13374,0,1,0.061851002067424
13375,0,1,0.05169626270214367
13376,0,0,0.08354748141218847
13377,0,1,0.08265072286928887
13378,0,1,0.08671162697518037
13379,0,0,0.047972547724406234
13380,0,1,0.030564660534848298
13381,1,0,0.04987867136249452
13382,0,1,0.13125319951708714
13383,0,1,0.08444345836513295
13384,0,1,0.055957942685156595
13385,0,0,0.06335943153231496
13386,0,1,0.04735556395284052
13387,0,1,0.1231380003249798
13388,0,0,0.06787432658129222
13389,1,1,0.08651417906952055
13390,0,0,0.12610188559643556
13391,0,1,0.02595305984050003
13392,0,1,0.07819154284781626
13393,0,1,0.12859992298041217
13394,0,1,0.08296270455528947
13395,0,1,0.0946666836907783
13396,0,1,0.038794997236109824
13397,0,1,0.045707674269283335
13398,0,1,0.08566433263062416
13399,0,0,0.0419719909069132
13400,0,1,0.05307905094182527
13401,0,1,0.05554974581744854
13402,0,1,0.049123102476720054
13403,0,1,0.039478522088579854
13404,0,1,0.10769565296962019
13405,0,0,0.06114661676321756
13406,0,0,0.053292902707114356
13407,0,1,0.05563343629959008
13408,1,0,0.015567427049760385
13409,0,1,0.02040845314128975
13410,0,1,0.0763808103414435
13411,0,0,0.09878548359144396
13412,0,1,0.022608785209540933
13413,0,0,0.07046371840079231
13414,0,0,0.0258864598666578
13415,0,0,0.07059543185012149
13416,0,1,0.11563788661983417
13417,1,1,0.03715787838166275
13418,0,1,0.06087940318803414
13419,0,0,-0.018852950153208647
13420,1,0,0.022457723389592982
13421,0,1,0.05043696381787824
13422,0,1,0.0692509264519033
13423,1,1,0.02085166899768104
13424,0,0,0.05194255283552013
13425,0,1,0.0717986248989181
13426,0,1,0.09430631464378017
13427,0,0,0.07178255380053238
13428,0,1,0.07141080545150544
13429,0,1,0.06026323183413146
13430,0,1,0.1360466581678245
13431,0,1,0.035168138503201066
13432,0,0,0.04162387219172253
13433,0,1,0.04229203824231133
13434,0,0,0.032421500250992
13435,1,1,0.06630589194747548
13436,1,0,0.045093464960835855
13437,0,1,0.06057546649188157
13438,0,1,0.09168543040194219
13439,1,1,0.05615174200184973
13440,0,1,0.08944814312708642
13441,1,1,0.062270913917552115
13442,0,1,0.0799495395123371
13443,0,0,0.062233392476318594
13444,0,0,0.055532122253586697
13445,0,0,0.049760147112090466
13446,0,1,0.1268590384650416
13447,0,0,0.04607642454951845
13448,0,1,0.06591850464188703
13449,0,1,0.08669592136691553
13450,0,1,0.05038004253081414
13451,0,1,0.05814508796904223
13452,0,1,0.051356314434397365
13453,0,1,0.1059633274189658
13454,0,1,0.09822010254159656
13455,0,1,0.08976059688698196
13456,0,0,0.02809445937250507
13457,0,1,0.02449645267000619
13458,0,1,0.0952820590027266
13459,0,1,0.025163104504234785
13460,0,1,0.05519389409897196
13461,0,0,0.04115598488300916
13462,0,1,0.10244410239389318
13463,0,0,0.08320464894121851
13464,0,1,0.021819049321730483
13465,0,0,0.09743553070590136
13466,0,1,0.08797949149187279
13467,0,1,0.2861295577563151
13468,0,1,0.03138324223400252
13469,1,1,0.10430252304224757
13470,0,1,0.013198178102235336
13471,0,0,0.06544845162061294
13472,0,1,0.044401174595871784
13473,0,1,0.06714773938587001
13474,1,1,0.07437257372084312
13475,0,1,0.09521301015499398
13476,0,1,0.08330427029945711
13477,0,1,0.005543432346111099
13478,0,1,0.04089710983998543
13479,0,1,0.05998408960463325
13480,0,1,0.0417457975695166
13481,0,0,0.0658837773976601
13482,0,1,0.02397063179094336
13483,0,0,0.08029856290544386
13484,0,1,0.0021113224356008875
13485,0,0,0.03168070241344659
13486,0,0,0.006302086811932228
13487,0,1,0.055859221052661445
13488,0,1,0.017998137566912847
13489,0,0,0.06800285044729942
13490,1,0,0.05423055500877316
13491,1,1,0.030945340182228692
13492,0,0,0.040618047140414636
13493,0,1,0.06093967010449203
13494,0,0,0.10648490185917406
13495,0,0,0.06999989878852259
13496,0,0,0.03262081593666025
13497,0,1,0.09921950615680011
13498,0,1,0.07437646933768968
13499,0,1,0.08955219404750207
13500,0,0,0.06220598148358007
13501,0,1,0.01643639474910355
13502,0,1,0.06253197409555897
13503,1,0,0.07917112863105055
13504,1,1,0.08759408370783023
13505,0,1,0.008117139056613334
13506,0,1,0.06664946152760906
13507,0,1,0.13769142534073853
13508,0,1,0.04194825319161205
13509,0,1,0.09634971183824209
13510,1,0,0.0429154126039869
13511,0,0,0.020127658232739543
13512,0,0,0.06465927505304425
13513,0,1,0.04601856801433381
13514,0,1,0.09579762002587558
13515,0,0,0.06365406589292667
13516,0,1,0.04403341706220629
13517,0,1,0.03729627281918797
13518,0,0,0.05807831351763066
13519,0,1,0.1300309430030958
13520,0,1,0.07359271128442586
13521,1,1,0.022292929445511367
13522,0,1,0.03793351954553362
13523,1,0,0.09067789441658435
13524,0,1,0.015146145668859162
13525,0,1,0.09891049211268428
13526,0,1,0.04306667188454796
13527,0,0,0.0696395604362973
13528,0,1,-0.0009845247753387243
13529,0,1,0.07288382658594281
13530,0,1,0.0461225945545994
13531,0,1,0.01817796984476147
13532,0,0,0.02112867993458395
13533,0,1,0.08327084567099705
13534,1,1,0.06769929677241684
13535,0,1,0.03375059279570214
13536,0,1,0.06539502657131682
13537,0,0,0.08616271774681677
13538,1,0,0.15159931633641283
13539,0,1,0.20480956961602115
13540,0,1,0.03679250564561104
13541,0,1,0.11226752767151171
13542,0,1,0.07666241388143857
13543,0,1,0.01524528682425455
13544,0,1,0.08202292765059949
13545,0,0,0.12885827707262815
13546,0,1,0.10338054881571473
13547,0,1,0.08459479507055614
13548,1,1,0.017678346936532946
13549,0,1,0.045356532849017944
13550,1,1,0.018754110608356883
13551,0,0,0.04724393817848904
13552,0,0,0.22645046052975673
13553,0,0,0.0725789339943756
13554,0,1,0.046821278147039375
13555,0,0,0.17445262372085013
13556,0,1,0.05819769798448685
13557,0,1,0.040714233893610036
13558,0,1,0.08590196929140949
13559,0,1,0.07772570041128855
13560,0,1,0.038205199714745064
13561,0,0,0.06074710328995489
13562,0,1,0.01538919209351794
13563,0,1,0.050537641361501726
13564,0,1,0.05128596928746848
13565,1,1,0.11378804152472208
13566,0,1,0.039152272336931054
13567,1,0,0.01829557782080951
13568,0,1,0.04981728451095199
13569,0,1,0.06291456328926961
13570,0,0,0.0832567924900558
13571,0,1,0.0420218170156233
13572,0,1,0.14877591134788026
13573,0,0,0.11971559751786404
13574,0,1,0.020282763680059962
13575,0,1,0.058843699419568476
13576,0,0,-0.009138235065107955
13577,0,1,0.09608439085768486
13578,0,1,0.09535280348772177
13579,0,1,0.013699708159902388
13580,0,1,0.05316773250015297
13581,0,0,0.05677696633198161
13582,0,1,0.01659363094669894
13583,0,1,0.06298495993637546
13584,0,0,0.0203270191074105
13585,0,1,-0.01248361908848128
13586,0,0,0.0566285966345388
13587,1,1,0.10202148655396366
13588,0,0,0.09353536993654377
13589,0,1,0.068927242984641
13590,0,0,0.06362991333902479
13591,0,0,0.08648140730654985
13592,1,1,0.07279083035785398
13593,1,0,0.017198519175649796
13594,0,0,0.07043962458388593
13595,0,1,0.0511741692803387
13596,0,1,0.06823418279689514
13597,0,0,0.227424672049582
13598,0,1,0.06271654506685582
13599,0,0,0.03946412367470309
13600,0,1,0.019041357026112538
13601,1,0,0.030501322254742294
13602,0,1,0.0833531291086709
13603,1,1,0.06224051851336103
13604,0,1,0.09801772092319055
13605,0,1,0.06396935041910355
13606,0,1,0.10293678076124567
13607,0,0,0.08439869328308888
13608,0,0,0.09054976104180813
13609,0,0,0.0717428307869949
13610,0,1,0.08195457160188391
13611,0,1,0.016706732385089962
13612,0,1,0.06741230955909469
13613,0,1,0.041439658954752545
13614,0,1,0.04275240374811294
13615,0,1,0.11568190110653476
13616,0,1,0.08987685625270607
13617,0,0,0.03975590809698308
13618,0,1,0.06745890256245721
13619,0,0,0.04123990851142767
13620,0,1,-0.03216243248893774
13621,0,1,0.07059158046159224
13622,0,1,0.0632608527476474
13623,0,1,-0.04758506796392291
13624,0,0,0.0582185490767053
13625,0,1,0.10102478212738773
13626,1,1,0.049819086139784
13627,0,1,0.12084662059413884
13628,0,1,0.011677079123844483
13629,0,1,0.05410333740644843
13630,0,0,0.06481754899848466
13631,0,1,0.09488184289999699
13632,1,0,0.044490860195007115
13633,1,1,0.04443622443487753
13634,1,0,0.015915095212957725
13635,0,1,0.058903885393898875
13636,1,1,0.050650943916601326
13637,0,1,-0.017440481908558958
13638,0,1,0.06346272494807481
13639,0,1,0.07699783304624948
13640,0,1,0.05787536304193826
13641,0,1,0.08935524476893099
13642,0,1,0.06939077444168296
13643,0,1,0.0883827228014911
13644,0,1,0.03206979338539476
13645,0,1,0.11550929396529858
13646,0,0,0.09960588015021754
13647,0,1,0.043867969136985124
13648,0,0,0.06781877762829394
13649,0,0,0.05570870191511612
13650,0,1,0.07277930733515223
13651,0,1,0.07265030325787948
13652,0,1,0.09437724461745281
13653,0,0,0.08904051312685421
13654,0,1,0.09311100806792921
13655,0,1,0.0872469415036061
13656,0,0,0.07129347816007747
13657,0,1,0.019578007811451248
13658,0,1,0.002782592136148926
13659,0,1,0.06025142959039276
13660,0,1,0.020340898327932982
13661,0,1,0.06362861249615157
13662,1,1,0.09236870008703006
13663,1,0,0.03793351954553362
13664,0,1,0.11506427796223773
13665,0,1,0.07183815329859486
13666,1,0,0.13467316135806634
13667,0,1,-0.011974143591419129
13668,1,1,0.03468973728028417
13669,0,1,0.07826326799389885
13670,0,1,0.03902776926775772
13671,0,0,0.0598531000783097
13672,0,1,0.06081467633958085
13673,0,1,0.09061908785804029
13674,0,0,0.09750989597208318
13675,0,1,-0.01010111696807392
13676,0,1,0.02399960650861835
13677,0,1,0.041273845096184085
13678,0,1,-0.03275819221702375
13679,0,1,-0.009232157547092779
13680,0,1,0.04919538777671523
13681,0,1,0.07553684576715723
13682,0,1,0.1026724942568083
13683,0,1,0.04329926209822693
13684,0,1,0.10345734628524207
13685,0,1,0.08532303654175523
13686,0,1,0.059225038389167886
13687,1,1,0.05224293136882033
13688,0,1,0.08013051409610579
13689,0,0,0.05378738924887046
13690,0,1,0.11879343759671829
13691,0,1,-0.014429804128620966
13692,0,1,0.07038544943560071
13693,0,1,0.040654428756247335
13694,1,0,0.17752185472826443
13695,0,1,0.11920070562854895
13696,0,1,0.08167662373935482
13697,0,0,0.04312209430962663
13698,0,1,0.04706871352921961
13699,0,1,0.06363151883161007
13700,0,1,0.08705279258669107
13701,0,1,0.07178023354529049
13702,0,0,0.10714340910286678
13703,0,1,0.046821278147039375
13704,0,0,0.04733215686637483
13705,0,1,0.010830160761133079
13706,0,0,0.09406265925381059
13707,0,1,0.03599947386552699
13708,0,0,0.0726184857711179
13709,0,0,0.02852873483325824
13710,0,1,0.07760018721471999
13711,1,1,-0.012967008962281867
13712,0,1,0.04790544653833052
13713,0,1,0.03696760625812001
13714,0,1,0.09080313727731096
13715,0,1,0.022302166309144403
13716,0,1,0.08047008121926136
13717,1,1,0.0507412916858255
13718,0,0,0.04975991146664807
13719,0,1,0.004502621061860446
13720,0,1,0.08301364389451114
13721,0,1,-0.07853268853642376
13722,0,0,0.05869309002790324
13723,0,1,0.05834405380584856
13724,0,1,0.04411697132534094
13725,0,1,0.022621611572184258
13726,0,1,0.03944749958825054
13727,0,1,0.05295600385916545
13728,0,0,0.11896257159655507
13729,0,1,0.05912951244978429
13730,0,1,0.03922289749762104
13731,0,0,0.0464623770986818
13732,0,1,0.0870187380884298
13733,0,0,0.19998099829669586
13734,0,1,0.023172020141804195
13735,0,1,0.09061908785804029
13736,0,0,0.06623449423668258
13737,0,1,-0.031828350291481844
13738,0,1,0.06847206926310695
13739,1,1,0.10501927133753436
13740,0,1,-0.0376605007568267
13741,0,1,0.022457723389592982
13742,1,1,0.06717658543922578
13743,0,0,0.09190908399559586
13744,0,1,0.090059945867378
13745,1,1,0.0949023970754377
13746,1,0,0.22585465986792302
13747,0,0,0.07993796372783918
13748,0,1,0.021516544235218246
13749,0,1,0.0531294390829736
13750,0,1,0.04975991146664807
13751,1,0,0.09577370946460478
13752,0,1,0.05538775525146972
13753,0,0,0.05423349418777318
13754,1,1,0.04086844451700544
13755,0,0,0.096052946755297
13756,0,0,0.07921736240316014
13757,0,1,0.0011925257546066131
13758,0,1,0.10676200098872367
13759,1,1,0.12346727969140597
13760,0,0,0.07754848121218373
13761,0,1,0.08316590044577314
13762,1,1,0.034194144200022786
13763,0,1,0.03842361469176925
13764,0,1,0.0464623770986818
13765,0,0,0.10477091002010933
13766,0,0,0.06553435667502178
13767,0,0,0.03696760625812001
13768,1,1,0.038864750059160874
13769,0,0,0.046462354405047965
13770,0,1,0.06834979924114942
13771,1,1,0.04617183166096993
13772,0,0,0.02160154459827228
13773,1,0,0.05397111339664093
13774,1,1,0.07742578096477645
13775,0,1,0.05134616102254211
13776,0,1,0.049210297015605975
13777,0,1,0.11762649646858905
13778,0,1,-0.02938776373884766
13779,0,1,0.10146591395785474
13780,0,0,0.09008047616220831
13781,0,1,0.04123532611563534
13782,0,0,0.06222980915330405
13783,0,0,0.04506055940548251
13784,0,1,0.05982962672348387
13785,1,1,0.05926476719228704
13786,0,0,0.0740892758001233
13787,1,1,0.11285292502688841
13788,0,1,0.05502258745312985
13789,0,0,0.09018370460464695
13790,0,1,0.062300400938226946
13791,0,0,0.09606102403689026
13792,0,0,0.06448736462960802
13793,0,0,0.04969275804448339
13794,0,0,0.055455459340985835
13795,1,1,0.023863008799340946
13796,1,1,0.047001509763386976
13797,0,0,0.03657077336566347
13798,0,1,0.04506615925599436
13799,0,1,0.04664019457452975
13800,1,1,0.052333862935294004
13801,0,1,0.07652881612679573
13802,0,1,0.03335240351430793
13803,1,1,0.029743867431365673
13804,0,0,0.05313982137429671
13805,1,1,0.08598720443940196
13806,0,1,0.04694698043550931
13807,1,1,-0.00018788821585304094
13808,0,1,0.06069184880145853
13809,0,1,0.061917974686693356
13810,0,1,0.07982573973024133
13811,0,0,0.11343971327758146
13812,0,0,0.031430602354686255
13813,1,1,-0.026115810280044782
13814,1,1,0.077441103966106
13815,0,1,0.04415221900888272
13816,0,1,0.08187663718635363
13817,0,1,0.06069119329888792
13818,0,1,0.07328176224342661
13819,0,1,0.052941095517713296
13820,0,1,0.005760949326941489
13821,1,0,0.0538440949750493
13822,0,1,0.11620827874068193
13823,0,1,0.0013794618961869287
13824,0,0,0.03281004623528558
13825,0,1,0.010004460526957887
13826,0,0,0.04301704786526711
13827,0,0,0.05104723904456426
13828,0,0,0.13945789916445386
13829,0,1,0.08337909165138341
13830,0,0,0.07917028447752991
13831,0,1,0.08688539020133744
13832,0,0,0.07746291964496423
13833,0,0,0.07963809972734065
13834,0,1,0.05135950158728965
13835,0,1,0.03978183703183391
13836,0,0,0.08334546073648862
13837,0,1,0.05404692754883629
13838,0,0,0.050984693388482216
13839,0,1,0.0989454007659171
13840,0,0,0.029516297029088062
13841,1,1,0.046196921130403565
13842,0,0,0.04850095062566165
13843,0,1,0.09061908785804029
13844,0,0,0.04186770907940182
13845,1,1,0.01684004981315812
13846,1,1,0.0744863281711664
13847,0,1,0.019578007811451248
13848,0,1,0.06616979510033288
13849,1,0,0.0008124252323524206
13850,0,0,0.02679559449918567
13851,0,1,0.08599394793585907
13852,0,1,0.06857367394945461
13853,0,1,0.05981847880621462
13854,0,1,0.08205018119902657
13855,0,1,0.03642049712974521
13856,1,0,-0.005168283986261651
13857,0,1,0.07846152113646156
13858,0,1,0.06289476096074761
13859,0,1,0.012993506721464959
13860,0,0,0.17511396388173772
13861,0,0,-4.6806954778405574e-05
13862,0,1,0.05033460135124325
13863,0,1,0.08303029006021787
13864,0,0,-0.05194609292285951
13865,0,1,0.07554842853278329
13866,0,0,0.09973375795857334
13867,1,1,0.0656375166231808
13868,0,1,0.09378377702834015
13869,0,0,0.1417014109396854
13870,0,1,0.05241778164726363
13871,1,0,0.035561162203101085
13872,0,1,0.10246755724881543
13873,1,1,0.09354799428589128
13874,0,0,0.04878850095214753
13875,0,0,0.058380917561074136
13876,1,1,0.025245722154426553
13877,0,0,-7.428405576587194e-05
13878,0,0,0.029323688672411946
13879,0,1,-0.007102108504277088
13880,0,1,0.004407492864904522
13881,0,1,0.040863016899391646
13882,0,0,-0.034134028103917
13883,0,1,0.0797638863357002
13884,0,1,0.06152191063505964
13885,0,1,0.06859382922500468
13886,1,1,0.05702065234272713
13887,0,1,0.06152191063505964
13888,0,1,0.09609258162968982
13889,0,1,0.04307787482350692
13890,0,0,0.05723148596938321
13891,0,0,0.05378738924887046
13892,0,1,0.07026321143869962
13893,0,1,-0.034974374794030164
13894,0,0,0.0730683866843129
13895,0,1,0.04027780540138315
13896,0,1,0.01683109188622961
13897,0,0,0.060834120097870426
13898,0,1,0.07587940352071709
13899,0,1,0.08411191825539155
13900,1,1,0.06349929156822694
13901,0,1,0.05284898515508207
13902,0,1,0.10134381444230639
13903,0,1,0.04612960607915839
13904,0,1,0.08731521394626264
13905,0,0,0.05661831389021338
13906,0,1,0.09668041171420559
13907,1,0,0.09953010894786607
13908,0,1,0.10308660579526394
13909,0,1,0.08082627470718161
13910,0,0,0.07993796372783918
13911,0,1,0.05622233397604562
13912,0,1,0.052976555395126426
13913,1,1,0.06658716825255095
13914,1,1,0.09143982555823127
13915,1,1,0.11023729212368277
13916,0,1,0.08433590818603406
13917,0,0,0.09182021243037011
13918,1,1,0.08318819273903016
13919,0,1,0.04073704716290141
13920,0,1,0.08598261050457079
13921,1,1,0.06587347782523735
13922,0,0,0.08580457999540095
13923,0,0,0.09224941232130472
13924,1,1,0.02741828620827781
13925,0,0,0.10200780828657034
13926,0,1,-0.010988290269390744
13927,1,0,0.09498485183203033
13928,0,0,0.06660813551817012
13929,1,1,0.06658716825255095
13930,0,0,0.03002234308109615
13931,0,0,0.08699457024132859
13932,0,0,0.1017072285448126
13933,0,1,0.06250531724566483
13934,1,0,0.009038572086474461
13935,1,1,0.088233399471315
13936,0,1,0.05031198446864271
13937,0,0,0.08602104052353236
13938,0,1,0.034190007936629796
13939,1,1,-0.011343434728220136
13940,0,1,0.03437268155590917
13941,0,0,0.06987986958945705
13942,0,0,0.010466241262372514
13943,0,1,0.07164489900332052
13944,0,0,0.05923070117683707
13945,0,1,0.07686748701454818
13946,0,1,0.08210280656412096
13947,0,0,0.041273845096184085
13948,0,1,0.008253848142449283
13949,0,0,0.15266425313441453
13950,0,0,0.032239937478549835
13951,0,1,0.09051016065054877
13952,0,0,0.00830608959600844
13953,0,0,0.05416335390517467
13954,0,1,0.01418505310050669
13955,1,0,0.12246521082882032
13956,0,1,0.11037290681919845
13957,0,0,0.011648153353662566
13958,0,0,0.008565085629099911
13959,0,1,0.016927022444317957
13960,0,1,0.10266441237108535
13961,0,1,0.1139036648253111
13962,0,1,0.0385112821309601
13963,0,1,0.051039622409887395
13964,0,0,0.06099260131931203
13965,1,1,0.08673088811184382
13966,1,0,0.08600101117888073
13967,0,1,-0.01729976017300508
13968,0,1,0.1302842024929024
13969,0,1,0.03188370852074701
13970,0,0,0.10256699366441799
13971,0,1,0.04612960607915839
13972,0,1,0.06152191063505964
13973,0,1,0.09561003726225986
13974,0,1,0.07913832232253626
13975,0,1,0.05301249960645606
13976,0,1,0.1160123430773956
13977,0,1,0.08609591155380812
13978,0,0,0.038473902511187874
13979,1,1,0.09900541583674002
13980,0,1,0.11359534482069698
13981,0,0,0.04575393812373314
13982,0,1,0.02386181469261847
13983,1,1,0.07677776543947087
13984,0,1,0.05998408960463325
13985,0,1,0.04940974814410587
13986,0,0,0.06593233086623498
13987,0,0,0.06975812621327693
13988,0,0,0.06144331273493536
13989,0,0,0.005424178902179888
13990,1,1,0.11287045162245889
13991,0,1,0.09385567019423488
13992,0,1,0.09770916595352515
13993,0,0,0.05034192407585032
13994,0,1,0.05882369149954257
13995,0,1,0.06630246750449584
13996,0,0,0.05656119591680733
13997,0,1,0.03243396328193357
13998,1,1,0.035458639596685534
13999,1,1,0.07978876615120079
14000,0,1,0.04679223666971839
14001,0,1,0.10368298287087141
14002,0,0,0.056091432910747335
14003,1,0,0.040784249039119064
14004,0,1,0.08249799470678909
14005,0,1,-0.0009654122312333369
14006,0,1,0.19816411353177363
14007,0,1,0.017642263626460486
14008,0,0,0.19138028622809117
14009,0,0,0.056876432635068856
14010,0,0,0.042901471353414766
14011,0,1,0.031124854773088156
14012,0,1,0.05845210443305125
14013,0,1,0.058641647891044923
14014,0,1,0.04693798574992493
14015,0,0,0.06737053846708235
14016,0,0,0.05809945099499851
14017,0,1,0.08177955477085015
14018,0,1,0.12623611034898216
14019,0,1,0.08434671121142263
14020,0,1,0.07578444086603309
14021,0,1,0.03889822561140563
14022,0,0,0.06356555679916909
14023,0,0,0.05675071002239651
14024,0,0,0.040706475096126876
14025,0,1,0.04594314671137619
14026,0,1,0.08617847557331393
14027,0,1,0.08883625505558568
14028,0,1,0.0461225945545994
14029,0,0,0.05496017897558744
14030,0,1,0.07136438878821127
14031,0,1,0.05853367011602216
14032,1,1,-0.06017713847866982
14033,1,0,0.025545844628568404
14034,0,1,0.05573212803058106
14035,0,0,0.05493056407969518
14036,0,1,0.04424320646688694
14037,0,1,0.14560554861868436
14038,0,1,0.060783240147351494
14039,0,0,0.060092313658138496
14040,0,0,0.029559480869583488
14041,0,1,0.0692509264519033
14042,0,1,0.11677734519415779
14043,0,1,0.046628578225111184
14044,0,1,0.01702036009870153
14045,0,1,0.055238228131797795
14046,0,0,0.04444074222611213
14047,0,1,0.05466521758210849
14048,0,1,0.051792181981980545
14049,0,1,0.08229064298194103
14050,0,1,0.04320790652291859
14051,0,1,0.04652002476352979
14052,1,0,0.15978355670974162
14053,0,1,0.03664659037935414
14054,0,0,0.05527137814584637
14055,0,1,0.12775204973764104
14056,0,1,0.07242540397889168
14057,0,1,0.03780091288025296
14058,0,0,0.07043962458388593
14059,0,1,0.05651071196651006
14060,0,0,0.050794867404573535
14061,0,1,0.03350922042176899
14062,0,0,0.04075178673864299
14063,0,1,0.06814431832004558
14064,0,1,0.11555577705169294
14065,0,1,0.05964038116796931
14066,0,0,0.15905285433630784
14067,0,0,0.014761540377271773
14068,0,0,0.0057038566491127984
14069,0,1,0.09785186592872773
14070,0,0,0.019671469420378007
14071,0,1,0.09568733267126593
14072,0,1,0.03449723282522642
14073,0,1,0.058567225116238866
14074,0,1,0.023863008799340946
14075,1,1,0.061958329749353225
14076,1,1,0.018653313069628488
14077,0,1,0.09253639462203904
14078,0,0,0.062078973292398504
14079,0,1,0.046405844152762804
14080,0,1,0.06310416525699188
14081,0,0,0.118630854850669
14082,1,0,0.08112250728108593
14083,0,0,0.05540444283226889
14084,0,0,0.09562751732579401
14085,0,0,0.06825719371032757
14086,0,0,0.058954515425236845
14087,0,0,0.08572078650562207
14088,0,0,0.12142371975993038
14089,0,0,0.07831525900418088
14090,0,1,0.10852117696157658
14091,0,1,0.09017447544951862
14092,0,1,0.10582469868079405
14093,0,1,0.038652774611693946
14094,0,0,0.06302582717783681
14095,1,0,0.06380284978593745
14096,0,1,-0.004215168827965049
14097,0,1,0.10472941958874268
14098,0,1,0.10617439877835344
14099,0,0,0.05723148596938321
14100,0,1,0.07333477942818609
14101,1,1,0.024692268405986484
14102,0,1,-0.04777564874466422
14103,0,1,0.12362089486440202
14104,0,0,0.018653313069628488
14105,0,0,0.04414440190142846
14106,0,1,0.07444579445393072
14107,0,1,0.08451308102416777
14108,0,1,0.07957273339601767
14109,0,1,0.04790077720131797
14110,0,1,0.09420438195185662
14111,0,1,0.0917653906322633
14112,1,0,0.060890554962147764
14113,0,1,0.047264890858858974
14114,0,1,0.05677696633198161
14115,0,1,0.04523336782236789
14116,0,1,0.015804943737161625
14117,0,1,0.08248010848913483
14118,0,1,0.04941609392925228
14119,0,0,0.04338338020263746
14120,0,0,0.039592774633890104
14121,0,1,0.04289599377162476
14122,0,1,0.0504677435574534
14123,0,1,0.02805919270900696
14124,0,1,0.06279666942638341
14125,0,1,0.08064445421647407
14126,0,1,0.07483952375094503
14127,0,0,0.04443274818506571
14128,0,1,0.03578164461972944
14129,1,1,0.014844164156579076
14130,1,1,0.039665832536216764
14131,0,1,0.053191013458386185
14132,0,1,0.054848136012828536
14133,0,1,0.06845278346731562
14134,0,0,0.0860071076333426
14135,0,1,0.034212413126533336
14136,0,1,0.06059167626475201
14137,0,1,0.10159853260406038
14138,0,0,0.0464623770986818
14139,0,1,0.04661407449075432
14140,0,0,0.011162701087864324
14141,0,1,0.062384623471298015
14142,0,0,0.06280775531967134
14143,1,1,0.07979105034780018
14144,0,0,0.0805201005716407
14145,0,1,0.016299981316741596
14146,0,0,0.06986533376003094
14147,0,0,0.007092970263147147
14148,0,1,0.07883781260781984
14149,0,0,0.03734820302016227
14150,0,0,0.04523336782236789
14151,1,0,0.04355950765879474
14152,0,1,0.013380482725622672
14153,0,1,0.056751354463389775
14154,0,1,0.030430940205645296
14155,0,1,0.05389460061600783
14156,0,0,0.04206243151676098
14157,0,1,0.08764684357329786
14158,1,0,0.04647698283687217
14159,0,1,0.01735459412470336
14160,0,1,0.02931705141850463
14161,0,0,0.06903787520155595
14162,0,1,0.06653922976129036
14163,1,0,0.07430009949947022
14164,0,0,0.07903363713467625
14165,0,0,0.05480659292695922
14166,0,1,0.000989979549522152
14167,0,0,0.055560560708850765
14168,0,1,0.07086580191372303
14169,0,0,0.029028860006571996
14170,0,0,0.06397212993913359
14171,0,1,-0.01558032946391498
14172,0,1,0.024083617670057483
14173,0,1,0.05677696633198161
14174,0,1,0.03513734335162516
14175,0,0,-0.013605642372332444
14176,0,1,0.11110989955742065
14177,0,1,0.15665086957920288
14178,0,1,0.04661407449075432
14179,0,0,0.040785513561912484
14180,0,1,0.03647517367681019
14181,0,1,0.02303144733563825
14182,0,1,9.638211642398753e-05
14183,0,0,0.06064770156687718
14184,1,0,0.0538158224178705
14185,0,1,0.01511690307774649
14186,0,0,-0.019445812819053915
14187,0,1,0.06471102444643832
14188,0,1,0.08827999036413131
14189,0,0,0.040321648386170014
14190,0,1,0.05128673682617185
14191,0,1,0.07604002752144075
14192,0,0,0.10721825839654284
14193,0,1,0.0517697095068011
14194,0,0,0.09705319952640507
14195,1,1,0.22884202316175473
14196,1,1,0.03002487892407163
14197,0,0,0.0355136100295905
14198,0,1,0.07248910032716646
14199,0,0,0.1464092859093426
14200,1,1,0.06824774947246734
14201,1,1,0.04256864789839132
14202,0,1,0.05962529422432543
14203,0,0,0.08644380200615343
14204,0,1,0.055548548553845806
14205,0,1,0.06545233723288248
14206,0,1,0.07637475473199089
14207,0,1,0.10580763153535966
14208,0,1,0.06713793355146946
14209,0,1,0.042623599863649136
14210,0,0,0.0888738083617413
14211,0,1,0.09086339331819863
14212,1,0,0.09358884289711085
14213,0,0,0.0918157098221001
14214,1,1,0.09290299338140717
14215,0,1,0.07599416076469956
14216,0,1,0.024430975061403376
14217,0,0,0.08406946942829838
14218,1,1,0.05622233397604562
14219,0,0,0.06297865337261901
14220,0,1,0.07834354820271364
14221,0,1,0.07968008916534054
14222,0,1,0.09985507614961414
14223,0,0,-0.019691223003922398
14224,0,0,0.03636995252257315
14225,0,1,0.09726730284012079
14226,0,0,0.06377747243575846
14227,0,0,0.0833166794813485
14228,0,1,0.08203310528825959
14229,0,1,0.018501563570962914
14230,0,1,0.12772916701608292
14231,0,0,0.06717726932519422
14232,1,1,0.05546403509476182
14233,1,1,0.036369282242402545
14234,0,0,0.05910313208673876
14235,0,0,0.05798288101727961
14236,0,0,0.057416481940275335
14237,0,1,0.1012672846198534
14238,0,1,0.07523772785785274
14239,0,0,0.06555659860243405
14240,0,0,0.11150665181638134
14241,1,1,0.023863008799340946
14242,0,1,0.08679048415025789
14243,0,1,0.048080290056661534
14244,0,1,0.04636134148758017
14245,0,1,0.051992709934111536
14246,0,0,0.06895422317346375
14247,0,1,0.025714521578788396
14248,0,1,0.07365175632748727
14249,0,0,0.08891594702066699
14250,1,1,0.08898335571803907
14251,0,1,0.1399012057375286
14252,0,1,0.07277647598667536
14253,1,1,0.03616794178589475
14254,0,1,0.08944917670005718
14255,1,1,0.07424364897304876
14256,0,0,0.0315144758251564
14257,1,1,0.06792118232317418
14258,0,1,-0.012717855431348624
14259,0,1,0.08690596939627289
14260,0,1,0.040117544504932046
14261,0,1,0.03390244922257277
14262,1,1,0.053151803098400285
14263,0,0,0.04254547136021694
14264,1,1,-0.011974143591419129
14265,0,1,0.01268659021887189
14266,0,1,0.05852836012661779
14267,0,1,0.02394343346812612
14268,0,0,-0.017063657194510945
14269,0,0,0.04108200881075427
14270,1,1,0.005638455729480019
14271,0,1,0.12076308958421648
14272,1,1,0.007775978580832815
14273,0,1,0.03765667330726301
14274,0,0,0.0017983984719467383
14275,0,1,0.14148995951495344
14276,0,1,0.021652948464590926
14277,0,1,0.038832183295850836
14278,0,0,-0.058546627118732514
14279,0,1,0.0810831412944814
14280,0,1,0.08718778309502208
14281,0,1,0.06310840544666518
14282,0,1,0.03932958461948256
14283,0,0,0.05389802529011316
14284,0,1,0.07587447731875996
14285,0,0,0.08444345836513295
14286,0,1,0.09266019003068246
14287,0,1,0.031124854773088156
14288,0,1,0.04042562416058283
14289,0,1,0.065833263833397
14290,0,1,0.03308275910254127
14291,0,1,0.06567868620774223
14292,0,0,0.08723765701082184
14293,0,0,0.07578974468239182
14294,0,0,0.07178023354529049
14295,1,1,0.023330134826800936
14296,0,1,0.07171172625762073
14297,0,1,0.08510334204269909
14298,0,1,0.10313677947132728
14299,0,0,0.08354197548004895
14300,0,1,0.026939403551824448
14301,0,0,0.07162887588998881
14302,0,0,0.04736488506346939
14303,0,1,0.18354776362559808
14304,0,1,0.025333381180838194
14305,0,1,0.055669800036862255
14306,0,1,0.10990190541895134
14307,1,1,-0.07807459397153499
14308,0,0,0.0692509264519033
14309,1,1,0.04483303877735095
14310,0,0,-0.0012799697184936454
14311,0,0,0.08918004216909503
14312,0,1,0.0751147316914709
14313,1,0,0.09609258162968982
14314,0,1,0.10487279318870706
14315,0,1,0.08731125826404879
14316,0,0,0.05677696633198161
14317,0,1,-0.013095014918178813
14318,0,0,0.07520047288150776
14319,0,1,0.10003085276484915
14320,0,0,0.03422564033381245
14321,0,1,0.04992676148326508
14322,0,0,0.07219021290040782
14323,0,1,0.06837978513270668
14324,0,0,0.10018742183861834
14325,0,1,0.08010250125561752
14326,0,1,0.1144770298652617
14327,0,1,0.04494538863199391
14328,0,1,0.02448229956991363
14329,0,0,0.08150196574049241
14330,0,1,0.07698984950575305
14331,0,1,0.12190804200035493
14332,1,1,0.06779643262406981
14333,0,1,0.05771018532777142
14334,0,1,0.05942101261532237
14335,0,1,0.03734820302016227
14336,0,1,0.058964463955970464
14337,0,1,0.09750057814839139
14338,0,1,0.055517717113702625
14339,0,0,0.08842073001229334
14340,0,1,0.07760018721471999
14341,0,1,0.06992308960329743
14342,1,1,0.04363138744640717
14343,1,1,0.10739831386139956
14344,0,1,0.03627503930386394
14345,0,0,0.042559838232813285
14346,1,1,0.07285687796400729
14347,1,1,0.06777680462264264
14348,0,1,0.06309124583158046
14349,0,1,0.0599364211880946
14350,0,1,0.07440331095941238
14351,0,1,0.09239764212749893
14352,0,0,0.11144164099696592
14353,0,0,0.054974935681349896
14354,0,0,0.06066465406811469
14355,0,0,0.05086078468971719
14356,0,1,0.09169778963844002
14357,1,1,0.05675603080594667
14358,0,0,0.06638650554069389
14359,0,1,0.047069654567805916
14360,0,0,0.04058232117140606
14361,0,1,0.058299810154673476
14362,1,0,0.06154709654504367
14363,0,0,0.06256932624837716
14364,0,1,0.04817218922093819
14365,0,1,0.07247053427808983
14366,1,1,0.12054081711341078
14367,1,1,0.049583564760328436
14368,0,0,0.06322989702053036
14369,0,1,0.03742406155991865
14370,0,0,0.022479463318202497
14371,0,0,0.030026340936729345
14372,0,0,0.04976875651083418
14373,0,0,-0.023861161740921788
14374,0,1,0.07957273339601767
14375,0,1,0.08506139799912246
14376,0,1,0.053630573284266694
14377,0,1,0.0873751967133592
14378,0,0,0.03665568428489907
14379,0,0,-0.010577682078358353
14380,0,0,0.04485834790600729
14381,0,0,0.03496590969494161
14382,0,1,0.03922289749762104
14383,0,0,0.07027907923300572
14384,0,1,0.04696615342232985
14385,0,1,0.017762983668471788
14386,0,0,0.07898921444575027
14387,0,0,0.07154399940130664
14388,1,0,0.04386435371072274
14389,0,1,0.058505442260781915
14390,0,1,0.08272820135612825
14391,0,0,0.017101248649760842
14392,0,1,0.0730694282712803
14393,0,0,0.10844966795405939
14394,0,1,0.08761353685878562
14395,0,1,0.11707717497931602
14396,0,1,0.03753131303935653
14397,0,0,0.048835749119371274
14398,1,1,0.07334987671040213
14399,1,0,0.06236688521075108
14400,0,1,0.056884647630065316
14401,0,1,-0.0073843958803357646
14402,0,1,0.10031958622289364
14403,0,1,0.0640987288019785
14404,0,1,0.0751147316914709
14405,0,1,0.07038544943560071
14406,0,1,0.0415469726273571
14407,0,0,0.1063672508927072
14408,1,1,0.0650439179030469
14409,1,1,0.10362079082017554
14410,1,1,0.0861243679744774
14411,0,0,0.05566776174647267
14412,0,0,0.05113681670172432
14413,1,1,0.04414565196291692
14414,0,1,0.07957273339601767
14415,0,1,0.05823651941741606
14416,0,1,0.05301249960645606
14417,0,1,0.04544667278005418
14418,0,0,0.04115598488300916
14419,0,1,0.06334413397295499
14420,0,1,0.037993529382629704
14421,0,1,0.10735179131727679
14422,0,1,0.05335591939594922
14423,0,1,0.03921018869043884
14424,0,0,0.06685663283053739
14425,1,1,0.04819512000201982
14426,0,1,0.06823210277550534
14427,0,1,0.09956298294365906
14428,0,1,0.048628638803403124
14429,0,0,0.0029040929191769815
14430,0,1,0.045592267389826024
14431,0,1,0.09745513385111886
14432,0,1,0.03557084707129429
14433,0,1,0.07663219365345833
14434,0,1,0.022768117063950988
14435,1,1,0.1026231220052628
14436,0,0,0.02482380169344911
14437,1,1,0.08828592941343331
14438,0,0,0.04043799495920729
14439,0,0,0.08566964433695888
14440,0,1,0.08917197808458462
14441,0,0,0.0556690791314568
14442,0,0,0.07968008916534054
14443,0,1,0.037291019926786254
14444,1,1,0.01756620328579614
14445,0,1,0.04167245210882825
14446,0,1,0.01338815402134319
14447,0,1,0.08544065540084311
14448,0,0,-0.0033984258218226204
14449,0,1,0.05229163360053543
14450,0,0,-0.007863252985505137
14451,0,1,0.05132241210399016
14452,0,0,-0.019846130282959312
14453,0,1,0.036167573762450986
14454,0,1,0.05628489785949589
14455,0,1,0.11538398289338944
14456,0,1,0.04784451875170427
14457,0,1,0.07462929896297983
14458,0,0,0.057096212335589855
14459,0,1,0.034255015023464286
14460,0,1,0.1595873894132664
14461,0,0,0.08672478365732979
14462,0,1,0.03371312253784893
14463,0,1,0.04940974814410587
14464,0,0,0.1096842184259178
14465,0,1,0.059245360898476374
14466,0,1,-0.009906714671870986
14467,0,1,0.04162155792782993
14468,1,1,-0.011011600779775449
14469,0,0,0.0692509264519033
14470,0,0,0.042830538473854776
14471,0,1,0.011575866833594434
14472,0,1,0.05780463246795439
14473,0,1,0.07417135295675925
14474,0,1,0.04078278796629898
14475,0,0,0.032613846246036
14476,0,1,0.0652571686288637
14477,0,0,0.06766357601942273
14478,1,1,0.06726702574098149
14479,0,1,0.04236790328638748
14480,0,1,0.05712960759748745
14481,0,0,0.0908646709659071
14482,1,1,0.11393550959452445
14483,0,1,0.11626702833993809
14484,0,1,0.031130730634442452
14485,0,0,0.04165662337119737
14486,0,1,0.056604259980847296
14487,1,0,0.014657640676556033
14488,0,1,0.03944266625005566
14489,0,1,0.0402138948557878
14490,0,1,0.04205277462193578
14491,0,1,0.05057671600104724
14492,1,1,0.07861040017087217
14493,0,0,0.034212413126533336
14494,1,1,0.0221494792050375
14495,0,1,0.06505511759567743
14496,0,0,0.041376529155111016
14497,0,1,0.038333754814355706
14498,0,1,0.05458701890379837
14499,0,1,0.22576719201132778
14500,0,0,0.043584596743040466
14501,0,1,0.06490935380614296
14502,0,0,0.10449312976974567
14503,1,1,0.07618481321198567
14504,0,0,0.048633096177390464
14505,0,1,0.05378738924887046
14506,1,1,0.05015778190946764
14507,0,0,0.05068521042001836
14508,0,1,0.023863008799340946
14509,0,1,0.07573247405079943
14510,0,1,0.05261204412240125
14511,0,1,0.04412969931885086
14512,0,1,0.0667088239154939
14513,0,1,0.055626792091308996
14514,0,1,0.05525979456353017
14515,0,0,0.1017668869133114
14516,0,1,0.022457723389592982
14517,0,0,0.07521529303379329
14518,0,1,0.0830714552267485
14519,0,1,0.05304556497556147
14520,1,1,0.041602113818416275
14521,0,1,-0.00453754263139261
14522,0,1,0.08395164350555948
14523,0,0,0.21423233747101245
14524,0,1,0.05364007575567181
14525,0,0,0.04701210849236241
14526,1,1,0.08534859383391458
14527,0,1,0.018617656583093875
14528,0,1,0.09208340042519006
14529,0,1,0.06363778331138181
14530,0,1,0.05984067256679474
14531,0,0,0.20213750445104095
14532,0,1,0.05253570027237642
14533,1,1,0.038606744885339966
14534,0,1,-0.008284751252714467
14535,0,0,0.05802946832245279
14536,0,0,0.09948158266968234
14537,1,1,0.03977753656853755
14538,0,1,0.029385354962865054
14539,0,1,0.07787365788013557
14540,0,0,0.006524021861833484
14541,0,1,0.03682261253881228
14542,0,0,0.02202926907029168
14543,0,0,0.08578777868227042
14544,0,0,0.08737994810835281
14545,1,0,0.02741005226633629
14546,0,1,0.02386867293580816
14547,0,0,-0.016217365114109247
14548,0,1,0.1250131900440426
14549,1,1,0.09508653618845254
14550,0,1,-0.0034648954900363127
14551,1,1,0.02293652586551259
14552,0,0,0.08168536879614724
14553,0,0,0.040264157861760935
14554,0,1,0.12197295940136654
14555,1,0,0.04100573873950811
14556,0,1,0.08274808271227513
14557,0,1,0.055535784622571
14558,0,0,0.05687574028042193
14559,0,1,0.06775756563404231
14560,0,0,0.14601365364007735
14561,0,1,0.09318101921844711
14562,0,1,0.07385220827419675
14563,0,1,0.012256751011944927
14564,0,1,0.05104723904456426
14565,1,1,0.08908028139670132
14566,0,1,0.04140680313197695
14567,0,1,-0.026519181906525996
14568,0,1,0.0620830497651432
14569,0,1,0.07877462630701937
14570,0,1,0.015481792933368238
14571,0,0,0.023530287378530662
14572,0,1,0.07771690943472173
14573,0,1,0.042823807492061244
14574,0,0,0.14278677772373696
14575,0,1,0.026315613581834
14576,0,1,0.08333655035656856
14577,0,1,0.06279666942638341
14578,0,0,0.0259620864955194
14579,0,1,0.080761038860494
14580,1,1,0.18233293216637567
14581,0,0,0.049834464878492093
14582,0,1,0.08951865780421683
14583,0,0,0.021211378542282666
14584,0,1,0.028293955248077624
14585,0,1,0.05352769557710614
14586,1,1,0.05425409551133094
14587,0,1,0.018621526705089902
14588,0,1,0.01247120009322683
14589,1,0,0.07158245516822814
14590,0,1,0.06966854790497519
14591,0,1,-0.09073312365748532
14592,0,1,0.062740088077611
14593,1,0,0.15354293248702655
14594,0,1,0.04075178673864299
14595,0,0,0.13186937743545596
14596,0,0,0.07241237595838187
14597,0,1,0.03083221098052122
14598,0,1,0.04019416581203841
14599,0,1,0.11822120611540848
14600,0,1,0.08987902638470403
14601,0,0,0.0935252031546219
14602,0,1,0.10813456802404973
14603,0,0,0.03702548393887224
14604,0,1,0.04316122478080367
14605,0,0,0.09331499120172496
14606,0,1,0.019566325888507555
14607,0,1,0.022346213459224384
14608,0,1,0.04173909114224898
14609,0,1,0.10067458236982349
14610,1,1,0.10417106810269638
14611,0,0,0.040728638981596094
14612,0,1,0.039445937432056016
14613,0,0,0.05149210681431855
14614,0,0,0.04782974640916787
14615,0,1,0.07826326799389885
14616,0,0,0.03515872727660012
14617,0,1,0.01580014970929358
14618,0,1,0.0985253943752208
14619,0,1,0.031244875647816445
14620,0,0,0.05443075524553792
14621,0,0,0.053828128436512246
14622,0,1,0.09318195444417118
14623,0,0,0.08505351458649993
14624,0,1,0.08823671891087004
14625,0,1,0.0651868242849247
14626,0,1,0.06133074942201689
14627,0,0,0.12525930605698082
14628,0,0,0.04570043186571687
14629,0,1,0.08208356117995178
14630,0,1,0.08122090561902354
14631,0,1,0.045599711459241105
14632,0,1,0.08821158392461573
14633,0,1,0.042882420535735516
14634,0,1,0.015376579937990312
14635,0,1,0.07489515030600778
14636,0,1,0.0953526831296751
14637,0,1,0.04363896773866913
14638,0,0,0.07658321567631764
14639,0,1,0.03404507912202828
14640,1,1,0.09982598679347254
14641,0,1,-0.005749774042473038
14642,0,1,0.09236437557924224
14643,0,0,0.09144985347368373
14644,0,1,0.03082293854627291
14645,0,1,0.14938930838210976
14646,0,1,0.09196839116822393
14647,0,1,0.08273226439032341
14648,1,0,0.0770037541184471
14649,0,1,0.05785375325366951
14650,0,1,0.02258892753997982
14651,0,0,0.06610950100070725
14652,1,1,-0.01885003282464906
14653,0,1,0.04944603155446041
14654,0,1,0.042766745864717376
14655,0,1,0.0005893062268968186
14656,0,0,0.08222242992734621
14657,0,0,0.05870820770102714
14658,0,1,0.1254547133382994
14659,0,1,0.027508898247426777
14660,1,1,0.03665568428489907
14661,0,1,0.05266029178778729
14662,0,1,0.03933851593428536
14663,0,1,0.08525979828791247
14664,0,1,0.03168070241344659
14665,0,1,0.06626984668955073
14666,0,1,0.04524964198320486
14667,0,1,0.06018337861440126
14668,0,0,0.0598657043554775
14669,0,1,0.08432619136508412
14670,0,0,0.07276683854978078
14671,0,1,0.10057244889341024
14672,0,1,0.04149459859229765
14673,0,1,0.07664065137047474
14674,0,1,0.07624764686506995
14675,1,1,-0.006111766513999584
14676,1,1,0.06573165395963966
14677,1,1,0.04735556395284052
14678,0,0,0.0381251954830682
14679,0,1,0.1339909521570562
14680,0,0,-0.01668305796772017
14681,1,1,0.07411085659250694
14682,0,0,0.07258985135973753
14683,0,0,0.05503403806405771
14684,1,1,0.0690230242871458
14685,0,0,0.06772691012529877
14686,0,0,0.05342035235632969
14687,0,1,0.0858235760803506
14688,0,1,0.10086081381323608
14689,0,1,0.05816261661761612
14690,0,0,0.04207235258282191
14691,0,1,0.014321022675145872
14692,0,0,0.07618481321198567
14693,0,1,-0.009314214758398387
14694,0,1,0.01919800730802279
14695,0,1,0.0710310111102884
14696,0,0,0.04041239553445225
14697,0,0,0.09336688445956207
14698,0,1,0.08168536879614724
14699,0,1,0.03347026578995904
14700,1,1,0.07114201752999023
14701,0,0,0.055099282218296096
14702,0,1,-0.0210518509880184
14703,0,0,0.09247384884588461
14704,0,1,0.0355743324601271
14705,0,1,0.05898120971244208
14706,0,1,0.049590320320182235
14707,0,0,0.01696336184981248
14708,0,0,0.05103939735305521
14709,0,1,0.06946141828561814
14710,1,1,0.028805981124127106
14711,0,1,0.07727605718327728
14712,0,1,0.05061671661227175
14713,0,1,0.09117703926930237
14714,0,1,0.08300881326404487
14715,0,0,0.02913993061963238
14716,0,0,0.05571153227540502
14717,0,1,0.07274782546058953
14718,0,0,0.08697098691525687
14719,0,1,0.08586512570326187
14720,1,1,0.06152191063505964
14721,0,0,0.08136478443227245
14722,0,1,0.05708268026783478
14723,0,1,0.012894175084613796
14724,0,1,0.04862104781800537
14725,0,0,0.04634884951922087
14726,0,1,-0.0023424637045242336
14727,0,1,0.03104786008823346
14728,0,0,0.03693524360621221
14729,0,1,0.046136068057382795
14730,0,0,0.025884898310611776
14731,0,1,0.08492527321589605
14732,0,1,0.054348114840155476
14733,0,1,0.05880008870375085
14734,0,1,0.03537397698159195
14735,0,1,0.07992860461728699
14736,0,0,0.03296940960939254
14737,0,1,0.057104240678048854
14738,0,1,-0.006584205474187171
14739,0,0,0.06823418279689514
14740,1,1,0.07888340073009797
14741,1,1,0.0935726409531894
14742,0,1,0.053013512643719674
14743,0,0,0.08839788859637873
14744,0,1,0.02826934278887422
14745,0,1,0.06149956881238741
14746,0,1,0.1357027108153352
14747,0,1,0.04824697661413413
14748,0,1,0.08997588930360545
14749,0,0,0.051238780635346134
14750,0,1,-0.014357768767555248
14751,0,0,0.06617051804557461
14752,0,1,0.047585730297346085
14753,0,1,0.04570360047127389
14754,0,1,0.06894567857346251
14755,0,0,0.009078092779753827
14756,0,0,0.0730446766739614
14757,0,0,0.06746886923761776
14758,0,0,0.12345019944298395
14759,1,1,0.05269518719501698
14760,0,1,0.0481716944075279
14761,0,1,0.07993796372783918
14762,0,1,0.026744375147886218
14763,0,1,0.014296390785240587
14764,0,1,0.06130642140263748
14765,0,0,0.022302166309144403
14766,0,1,0.11222952137501098
14767,0,1,0.08342274328773787
14768,0,1,0.07107063441834931
14769,0,1,0.028853724410871986
14770,1,1,0.06492512584677823
14771,0,1,0.03457173064988417
14772,1,1,0.07124098788461142
14773,0,0,0.07922970652148023
14774,0,0,0.03012395086785523
14775,0,1,0.0184410204235802
14776,0,1,0.031087424141398992
14777,0,1,0.05844230410540677
14778,0,0,0.048615585516135484
14779,0,1,0.042387418477897176
14780,1,1,-0.020325332255106257
14781,0,1,0.12098405303239479
14782,0,1,0.0412015227184189
14783,0,0,0.06573165395963966
14784,0,0,0.04503281105131664
14785,0,1,0.08343236972900683
14786,0,1,0.14992210831550545
14787,0,0,0.044042819298116126
14788,0,0,0.02952820838895459
14789,0,1,0.09342888946864278
14790,0,0,0.08069181605361968
14791,0,0,0.03295828388503638
14792,0,1,0.06435978076085519
14793,0,0,0.0869066060043693
14794,1,1,0.06895900224576462
14795,0,0,0.11535043806790712
14796,0,1,0.09490475437330408
14797,0,1,0.024662420126873627
14798,0,0,0.054620431997611296
14799,0,0,0.0933849137114102
14800,0,1,0.029920334398004164
14801,0,1,0.02580394963080579
14802,1,1,0.14085211129042266
14803,0,0,0.08382687994680323
14804,0,1,0.04910402100359835
14805,0,0,0.001332431681518198
14806,0,1,-0.03398731349254622
14807,1,1,0.04030072277430147
14808,1,1,0.0464623770986818
14809,0,0,0.037506014848903854
14810,0,1,0.05342342974007361
14811,0,1,0.05001353803846173
14812,0,1,0.07754785799867871
14813,0,1,-0.011168690952124055
14814,0,1,0.08963320740660158
14815,0,1,0.058574858185255485
14816,0,1,0.08280205789166602
14817,0,1,0.03535291571113358
14818,0,1,0.02580289192062421
14819,0,1,-0.010732506817209289
14820,0,0,0.037939186002430736
14821,0,1,0.003552038712175909
14822,0,1,0.06623187494852069
14823,0,1,0.0865865691897616
14824,0,0,0.0951083043420147
14825,0,1,0.11230960024641065
14826,0,1,0.04559367746165606
14827,0,1,0.049138032277988256
14828,0,1,0.09220320573351948
14829,1,1,0.08295526612854687
14830,0,1,0.05862736194408093
14831,0,1,0.032653666882834914
14832,0,1,0.07760018721471999
14833,1,1,0.03168070241344659
14834,0,1,0.07582535239920213
14835,0,0,0.06284001546710509
14836,1,1,0.09599006224986097
14837,0,1,0.045048655860464304
14838,0,1,0.00612465218405106
14839,0,1,0.052533157017602417
14840,1,1,0.054177918555642954
14841,0,1,0.043191240316437174
14842,0,1,0.08277117068490257
14843,0,0,0.17267159192205186
14844,0,1,0.08617847557331393
14845,0,0,0.10724926795109102
14846,0,1,0.04077356442777183
14847,0,1,-0.003225298528667264
14848,0,1,0.06547784508734916
14849,1,1,0.07026321143869962
14850,0,1,0.043712058096354645
14851,0,0,0.06310651056017927
14852,0,1,0.04179937467488712
14853,0,1,0.056648622993934694
14854,0,0,0.07423424212780481
14855,0,1,0.02741828620827781
14856,0,1,0.11843281446795602
14857,0,0,0.05226421153033717
14858,0,0,0.06617051804557461
14859,0,0,0.04680847597194711
14860,1,1,0.055381738851677964
14861,1,1,-0.01662729789526876
14862,0,0,0.08680425860070662
14863,0,1,0.07711921087383075
14864,1,0,0.1112728308233845
14865,0,0,0.09643823625206926
14866,0,0,0.03162004895975856
14867,0,0,0.06582939574495307
14868,0,1,0.0810831412944814
14869,1,1,0.07965946841541885
14870,0,1,0.07368291224802875
14871,0,0,0.06931659898205712
14872,0,0,0.10570262299032945
14873,0,1,0.07773384312182224
14874,1,0,0.04163554518760873
14875,0,1,0.07821578509391447
14876,0,1,0.02392581482534717
14877,0,1,0.03113321481626305
14878,0,1,0.11788048475685431
14879,0,0,0.07420469310934721
14880,0,0,0.10657711183409219
14881,1,1,0.09206842331900551
14882,0,0,-0.027015680886953636
14883,0,1,0.10740255376685667
14884,0,0,0.07148450458257051
14885,0,0,0.05524786394564905
14886,0,0,0.0754154724460925
14887,0,1,0.06752956237746882
14888,0,0,-0.003761858224117398
14889,0,1,0.06311206577109096
14890,1,1,0.039323704873198195
14891,0,0,0.05227888822063484
14892,0,0,0.05676373854097799
14893,0,1,0.04580146238712392
14894,0,0,0.05189584347510455
14895,1,1,0.040865725887487894
14896,0,1,0.028949333579398828
14897,0,0,0.03202647675424039
14898,0,1,0.03630454185085916
14899,1,1,0.14448814481860434
14900,0,1,0.03699467110625214
14901,0,1,0.08210789927818668
14902,0,1,0.05378738924887046
14903,0,0,0.06790749048856157
14904,0,0,0.02848322646146223
14905,0,1,0.07498573132836314
14906,0,0,-0.03086498576555069
14907,0,0,0.06667689799680375
14908,0,1,0.08605496698013637
14909,0,1,0.06926202431267975
14910,0,1,0.08216766484415078
14911,0,1,0.09047003604029163
14912,1,1,0.0775144588256193
14913,0,1,0.021745627322039655
14914,0,1,0.016000330575210192
14915,0,1,0.04541473605080833
14916,0,0,0.07770412858313579
14917,0,1,0.08457153560387312
14918,0,0,0.07576981501041835
14919,1,0,0.0816317911709401
14920,0,0,0.09105795706808012
14921,0,0,0.04074562326978497
14922,0,1,0.08305013725252164
14923,0,0,0.040059199012956875
14924,1,1,0.09050888129181359
14925,0,1,0.1048998373558686
14926,0,1,0.06484732064181296
14927,0,0,0.04284426301197969
14928,0,0,0.0813936190735898
14929,0,0,0.06228715394824001
14930,0,1,0.04355950765879474
14931,0,0,0.03934867325653642
14932,1,1,0.07564580775578322
14933,0,1,0.20413712063200595
14934,0,1,0.057716107770898514
14935,0,1,0.06251214202152686
14936,0,1,0.09210094899031863
14937,1,1,0.09595678232418925
14938,0,1,0.05814921072444701
14939,0,1,0.050978647186982334
14940,0,1,0.07206996494855869
14941,0,1,0.017496280907563916
14942,0,0,0.03536476907929503
14943,0,0,0.06419780177634259
14944,0,1,0.0340920117823247
14945,0,1,0.013788800320555683
14946,0,1,0.03118567606502562
14947,0,1,0.025893900985102553
14948,0,0,0.07158245516822814
14949,0,1,0.11264212076243131
14950,0,1,0.06589888488807
14951,0,0,0.03650205691172445
14952,0,0,0.08562325643862972
14953,0,1,0.06095334656424004
14954,0,1,0.03793351954553362
14955,1,1,0.09324064341992115
14956,0,0,0.05889262020545729
14957,0,1,0.058992578960868194
14958,1,0,0.06189049049561089
14959,0,0,0.06118997910465922
14960,0,0,0.05612830516988668
14961,1,1,0.10505178515461225
14962,0,1,0.11429253314989507
14963,0,1,0.0756134061930532
14964,1,0,0.042901471353414766
14965,0,1,0.04722626835063645
14966,0,0,0.10126039407302695
14967,0,0,0.06447822912189369
14968,0,0,0.05901936149006423
14969,1,1,0.036377882098308445
14970,0,0,0.10072545867874574
14971,0,1,0.12998494604817612
14972,1,1,-0.015493182091202928
14973,0,1,0.06601236522210951
14974,1,1,0.09040646822954067
14975,0,1,0.09702665892144006
14976,0,1,0.0775269548962172
14977,0,1,-0.0706162313109818
14978,0,1,0.046462354405047965
14979,0,1,0.02820780074289722
14980,0,1,0.06251095264183054
14981,0,0,0.09549782861669998
14982,0,0,0.05998408960463325
14983,0,1,0.08378774326372784
14984,0,1,0.09845132672180501
14985,0,1,0.08459553020382676
14986,1,1,0.07407971734525026
14987,1,1,-0.03374368384653212
14988,0,0,0.07681679285153839
14989,0,1,0.046553035197593906
14990,0,0,0.06652880535494474
14991,0,1,0.08775758323404423
14992,0,0,0.044769738151981736
14993,0,1,0.04166896951917742
14994,0,1,0.12015171529347657
14995,0,0,0.0763732718566436
14996,0,0,0.10298973077218083
14997,0,0,0.09393887755015892
14998,0,1,0.016087518052023603
14999,0,1,0.09688465473218699
15000,0,1,0.08931919991314685
15001,0,0,0.049508123668180165
15002,1,1,0.10601877109402308
15003,0,1,0.08877229629064912
15004,1,1,0.10427260649605281
15005,0,1,0.03444482627684867
15006,0,1,0.09202117232985804
15007,0,1,0.044070943861254916
15008,0,0,0.011026310091132668
15009,0,0,0.03922289749762104
15010,0,1,0.0816502059919138
15011,0,0,0.03213043442213821
15012,0,0,0.025478054268445183
15013,0,1,0.08459551645377938
15014,1,1,-0.03981462652243975
15015,0,1,0.0035092702481458043
15016,0,1,0.02824428716655053
15017,0,1,0.026147587894558913
15018,1,1,0.057488326874793896
15019,0,0,0.048382782537287616
15020,0,1,0.07229522223215176
15021,0,0,0.07346758179740256
15022,0,1,0.09093064441000945
15023,0,0,0.022343193548585966
15024,0,0,0.037060121992166656
15025,0,1,0.05825016326234282
15026,0,1,0.06737729900107377
15027,0,1,0.03870419307381001
15028,0,1,0.1010154184208984
15029,0,1,0.03570261058036717
15030,0,1,-0.003363573058114966
15031,1,1,0.06256064724728144
15032,0,0,0.0849831234828055
15033,0,1,0.023881081480202765
15034,0,1,0.08391223221378523
15035,1,1,0.015363675001789978
15036,1,1,0.03176121051372885
15037,0,0,0.09097793042126065
15038,1,1,0.07853116359244038
15039,0,1,0.0867256960466004
15040,0,1,0.04182076168397915
15041,0,1,-0.044510422908278335
15042,0,1,-0.008166129202968567
15043,0,1,0.054122353062819345
15044,0,0,0.052925912754032814
15045,0,1,0.08214743697482568
15046,0,0,0.05815126132461122
15047,0,1,0.04079359236121524
15048,0,1,0.042599525551304945
15049,0,1,0.055254225933303036
15050,0,1,0.07134284144879216
15051,0,1,0.03333253604226448
15052,0,0,0.0845891450140223
15053,0,1,0.0486003255457506
15054,0,1,0.15832237952565067
15055,0,1,0.08372354575153002
15056,0,0,0.07217400178457142
15057,0,0,0.11606349218664694
15058,0,1,0.0726184857711179
15059,1,0,0.0765661442934663
15060,1,1,0.07263809708579998
15061,0,1,0.08473636034985761
15062,0,0,0.07479858152060656
15063,0,1,0.05195605389198801
15064,0,1,0.05119899489352643
15065,0,0,0.0851427157472634
15066,0,1,0.027380070647910315
15067,0,1,0.10117801820723198
15068,1,1,0.05075642705881114
15069,1,1,0.05454110057137987
15070,0,0,0.08433053226890198
15071,0,0,0.08013736050732242
15072,0,0,0.05392619916938188
15073,0,0,0.06167804176347551
15074,0,0,0.07978143970068304
15075,0,1,0.011848716790105629
15076,0,1,0.07193727730284036
15077,0,0,0.05332515377520497
15078,0,1,0.055295696580430764
15079,0,1,0.08249799470678909
15080,0,0,0.07652095801427955
15081,0,1,0.04450634157254034
15082,0,0,0.05266029178778729
15083,0,0,0.09474258959691108
15084,0,1,0.10859285655295275
15085,0,1,0.04479215568564957
15086,0,0,0.020983278015821033
15087,0,1,0.04695736498208167
15088,0,1,0.0306675715588893
15089,0,0,0.11790579253151941
15090,0,1,0.035272559771883746
15091,0,1,0.07489368465037019
15092,0,1,0.036023765247166495
15093,1,0,0.02776828380407792
15094,0,1,0.08490930986051964
15095,0,1,0.06623187494852069
15096,0,0,0.08614208643651391
15097,0,1,0.05410230145681036
15098,0,1,0.054288063849664836
15099,0,1,0.048568012427595314
15100,0,1,0.0453575616543454
15101,0,0,0.07371871857038591
15102,0,1,0.08031020395679517
15103,0,0,0.07223677794563318
15104,0,1,0.11306434590622172
15105,0,1,0.06994733044886386
15106,0,1,0.021057200593797065
15107,0,0,0.02717969088770164
15108,1,1,0.1124780487312156
15109,0,0,0.09048640818273956
15110,0,1,0.14718868860869172
15111,0,0,0.09017296407577763
15112,0,1,0.04680847597194711
15113,1,1,0.10976655461525256
15114,1,1,0.026303338089322684
15115,0,1,-0.027021678180605524
15116,0,1,0.10348064294264003
15117,0,1,0.05673470939368122
15118,0,1,0.06104605466704739
15119,0,1,0.061019471626188926
15120,0,1,0.024278502481067915
15121,0,1,0.037374896356504206
15122,0,1,0.02160154459827228
15123,1,1,0.018844133359402104
15124,0,1,-0.0021701423614216286
15125,1,0,0.0332147401073741
15126,0,1,0.04448022461124862
15127,1,1,0.06073726089243109
15128,0,1,0.05998408960463325
15129,0,1,0.0381687573816495
15130,0,0,0.031102973640626558
15131,0,1,0.08410056622783334
15132,1,1,0.08144826663942312
15133,1,1,0.0889909339495
15134,0,0,0.08349924551479421
15135,0,1,0.07583185153826708
15136,1,1,0.06140914731695016
15137,0,0,0.07924981579094732
15138,0,1,0.06122431989389165
15139,1,1,0.026325476012284785
15140,0,1,0.09254778159112366
15141,0,1,0.05424771624678677
15142,0,0,0.09268558902599147
15143,1,1,-0.029400050471609068
15144,0,0,0.03532791330013656
15145,0,0,0.07150513762259031
15146,0,1,0.08253507931633021
15147,0,1,0.0787805774787622
15148,0,0,0.08444345836513295
15149,1,1,0.06652880535494474
15150,0,0,0.08557420186918954
15151,0,0,0.04878850095214753
15152,0,1,0.04005084659592051
15153,0,0,-0.019340948185615214
15154,1,1,0.09663041205628743
15155,0,1,0.06369173361537499
15156,1,1,0.10111407529403463
15157,0,1,0.047559676900924774
15158,0,1,0.02682455172270004
15159,0,0,0.09472758248530296
15160,0,1,0.05529652025460735
15161,0,0,0.0431376155767306
15162,0,1,0.07057991875780473
15163,0,1,0.03608964780277088
15164,0,0,0.043142951647575895
15165,0,1,0.04190904014403564
15166,1,1,0.05853769597610539
15167,0,1,0.0831161671111003
15168,0,1,0.05992809796186556
15169,0,1,-0.014760644288574293
15170,0,1,-0.009830722530857094
15171,0,1,0.04957397032161606
15172,0,1,0.09437724461745281
15173,1,0,0.11413285456327059
15174,1,1,0.054852305424233916
15175,0,0,0.227067958148956
15176,0,1,0.0523568982138812
15177,1,0,-0.008961316094894228
15178,0,1,0.08517892640135546
15179,0,0,0.0689053038662125
15180,0,0,-0.016247867651834627
15181,0,1,0.01418505310050669
15182,0,1,0.10003085276484915
15183,0,1,0.10630202029310244
15184,0,1,0.06819799068951492
15185,1,1,0.08647473261658571
15186,0,0,0.09761896255437227
15187,0,1,0.06797378158829973
15188,0,0,0.03824284686940538
15189,0,1,0.0812277128548691
15190,0,1,0.08647710703368924
15191,0,0,0.08618939729029337
15192,0,1,0.021699174283257933
15193,0,1,0.04019416581203841
15194,0,0,0.10331384066277295
15195,0,1,0.048470598631127654
15196,0,1,0.057706699073418286
15197,0,1,0.08819374245259032
15198,0,0,0.03420624407787903
15199,1,1,-0.029031066104267533
15200,0,1,0.07594859062558108
15201,0,0,0.05111236792031923
15202,0,1,0.03535196057554117
15203,0,1,0.09567582957527807
15204,0,0,0.06393558725118123
15205,1,1,-0.020446252395237785
15206,0,1,0.011781895265538328
15207,0,0,0.05004999483349763
15208,0,0,0.07004416646872966
15209,1,0,0.03662716643669481
15210,0,1,0.10494998004072961
15211,0,1,0.04417446993861328
15212,0,1,0.06144653414209077
15213,0,1,0.04523336782236789
15214,0,1,0.04543361763102685
15215,0,0,0.08632176474554981
15216,1,1,0.06504112730089343
15217,1,1,0.0804082100055925
15218,0,1,0.12426242140163338
15219,0,1,0.0837060717541693
15220,0,1,0.029055200018972493
15221,0,1,0.08789985213332703
15222,0,0,0.10508493315022599
15223,0,0,0.0743490849171334
15224,0,0,0.04408701548840255
15225,0,1,0.04505103644819673
15226,0,1,0.053019844648273
15227,0,0,0.10164558780613359
15228,0,1,0.09789467385098513
15229,0,1,0.11409243467930023
15230,0,0,-0.0030595067836477197
15231,0,1,0.09432067531030223
15232,0,0,0.05562683078887499
15233,0,1,0.051709101656391324
15234,0,0,0.06804252449834013
15235,0,0,0.07553206365852033
15236,0,1,0.02852873483325824
15237,1,1,0.09351242368233424
15238,0,1,0.056819435216738046
15239,0,1,0.042283413673073394
15240,0,0,0.033733700921192045
15241,0,0,-0.010389083366161456
15242,1,0,0.02115281660916979
15243,1,1,0.06834470013299201
15244,0,1,0.06049811423451143
15245,0,1,-0.01662729789526876
15246,0,0,0.04863516013002331
15247,1,1,0.03631311954282662
15248,0,1,0.09456720956840917
15249,0,1,0.04296257464340774
15250,0,1,0.12076588358894598
15251,1,1,0.0856205790851386
15252,1,0,0.08505606543702803
15253,0,0,0.051221500718225205
15254,0,1,0.055791853260300325
15255,0,0,0.0465752167005415
15256,0,1,0.11032339249338571
15257,1,1,0.06944808066311223
15258,0,1,0.09890945661952712
15259,1,1,0.08980556471047874
15260,0,1,0.07447161651435535
15261,1,1,0.09205117951395708
15262,0,1,0.07610677825036555
15263,0,0,0.010337081958770533
15264,0,0,0.10733549699200637
15265,0,0,0.039605285486936426
15266,0,0,0.055159794289967534
15267,0,0,0.0645001710525631
15268,0,1,0.07543770963817835
15269,0,1,0.08712781881357574
15270,0,1,0.07296839999237269
15271,1,1,0.06920236253816608
15272,0,0,0.050336779219904815
15273,0,1,0.049890956392418195
15274,1,0,0.0539634608492231
15275,1,1,0.06064274802007885
15276,1,1,0.08651680699101089
15277,1,1,0.12237878473286637
15278,1,1,0.0764008284123967
15279,0,1,0.09300649450195224
15280,0,1,0.03532791330013656
15281,0,1,0.09942421409003119
15282,0,1,0.13262936983607426
15283,0,1,0.02821113655575952
15284,0,0,0.028919388455240502
15285,0,1,0.02427594056457527
15286,0,1,0.02677203931122832
15287,1,0,0.07321253731767122
15288,0,0,0.04768954223713877
15289,0,0,0.015274617314382483
15290,0,1,-0.02096270398972505
15291,1,1,0.04535964635609879
15292,1,1,0.06683328009365086
15293,0,1,0.05398859259882094
15294,0,1,0.07760018721471999
15295,0,0,0.03207204943668768
15296,1,1,0.04115598488300916
15297,0,0,0.05085579053919649
15298,1,1,0.08226513764930787
15299,0,1,0.03496590969494161
15300,0,1,0.10988480864700609
15301,0,1,-0.014485433172647028
15302,0,0,0.0625190998966358
15303,0,0,0.09396557910288203
15304,0,1,0.03972468087685119
15305,0,1,0.0705589069291741
15306,0,0,-0.013095014918178813
15307,0,0,0.042912774153200994
15308,1,1,0.12318575072388682
15309,0,1,0.04919538777671523
15310,0,1,0.0720839157621611
15311,0,0,0.03351387028874317
15312,0,0,0.0685939056763028
15313,0,1,0.056674879454098936
15314,0,1,0.014421635071055622
15315,0,1,0.06406291684257441
15316,0,1,0.14297594917128453
15317,0,1,0.07223311974997132
15318,0,1,0.03294266806793651
15319,1,1,0.0812277128548691
15320,0,0,0.06914189270463891
15321,0,0,0.0069636498799903745
15322,1,1,0.049641693117527835
15323,0,0,-0.07960481361744806
15324,0,1,0.08688539020133744
15325,1,1,-0.03466315948919191
15326,0,1,0.061442121888262424
15327,1,1,-0.016732544474732935
15328,0,1,0.09866553592993002
15329,0,0,0.06333499283941482
15330,0,0,0.07900785714590575
15331,0,1,0.05451411700780941
15332,0,1,0.11088055625241028
15333,0,0,0.04413168705989186
15334,0,0,0.10867121889679067
15335,0,1,0.0715342532792122
15336,1,1,0.08654515596450306
15337,0,0,0.052111550558521236
15338,0,1,0.037809726093393226
15339,1,1,0.05743847581881731
15340,0,1,0.04581014122043253
15341,0,0,0.10843693412567877
15342,1,1,0.06374340026679859
15343,0,1,0.05062172316018741
15344,0,1,0.04212435896466836
15345,0,1,0.06633800782292529
15346,0,1,0.05322553490368884
15347,0,1,0.05190979582478897
15348,0,1,0.08249799470678909
15349,0,1,0.04371353366205338
15350,0,1,0.07033395605682441
15351,0,1,0.04527647681708001
15352,0,1,-0.029483616035976046
15353,0,0,0.0370611332587287
15354,0,0,0.1497927634196402
15355,0,0,0.04960266315603537
15356,0,0,0.06569646926429314
15357,0,1,0.03665568428489907
15358,0,1,0.04878850095214753
15359,1,1,-0.0068083102121879735
15360,0,0,0.08576815635356705
15361,0,0,0.04506464668602497
15362,0,1,0.08988277330089232
15363,0,0,0.06347584799295099
15364,0,1,0.09393851173852147
15365,0,1,-0.021737360100051673
15366,0,1,-0.027468503723153515
15367,1,1,0.07210704358656433
15368,1,1,0.042859871938900396
15369,1,0,0.042012335022295066
15370,0,1,0.06528430524177486
15371,0,0,0.04797507268693425
15372,0,1,0.06085256150282467
15373,0,1,0.02357928216567276
15374,0,1,0.04552270677751055
15375,0,1,0.03627955479849419
15376,0,1,0.08785603316888223
15377,1,1,0.07183815329859486
15378,0,1,0.05393664853906763
15379,0,1,0.04940454140160418
15380,0,1,0.0634964720338369
15381,0,0,0.07869610776621562
15382,0,0,0.037676829952756355
15383,0,0,0.0654757674198567
15384,0,1,0.0531686041110816
15385,0,1,0.04469512028070988
15386,0,1,0.030879962531373525
15387,0,0,0.09699687972931754
15388,0,1,0.06179408537731271
15389,0,1,0.012027924216622576
15390,0,1,0.09560481603586551
15391,0,1,0.06342080709048342
15392,0,0,0.07437417868692163
15393,0,0,0.07913252138110873
15394,0,1,0.0718662111318035
15395,0,1,0.08609591155380812
15396,0,1,0.06558750076332381
15397,0,1,0.08775758323404423
15398,1,1,0.068587784937924
15399,0,1,0.09257603815749507
15400,0,0,0.03354117767729406
15401,0,1,0.07732209791908935
15402,0,1,0.0014887743025810696
15403,1,1,-0.06266503374921736
15404,0,0,0.08786729093903756
15405,0,1,0.0592104876725468
15406,1,1,0.02178442995974561
15407,0,1,0.08883820567267098
15408,0,1,0.0169748628377219
15409,0,1,0.03496590969494161
15410,0,1,0.07086580191372303
15411,0,1,0.0716203344597751
15412,0,0,0.02040845314128975
15413,0,1,0.08531261548880255
15414,1,1,0.09017296407577763
15415,0,1,0.056356728788016425
15416,0,1,0.1274062815031626
15417,0,1,0.0641726210402637
15418,0,0,0.14088978347804398
15419,0,1,0.056248537737394744
15420,0,0,0.07502802694018129
15421,0,0,0.04306667188454796
15422,0,1,0.06604486696773405
15423,0,1,0.025645663195755494
15424,0,0,0.055197693969549516
15425,1,1,0.07594559248286184
15426,0,1,0.05505660676719154
15427,0,1,0.03614043211132177
15428,0,0,0.024730368411187004
15429,0,1,0.08628884658937354
15430,0,1,0.038288760273882894
15431,0,1,0.09446314318152683
15432,0,0,0.053037552317828585
15433,0,1,0.08227214517369237
15434,0,1,0.02013821946268035
15435,0,1,0.04361476986155002
15436,0,1,0.1016344722698405
15437,0,1,0.046152923989724495
15438,0,0,0.03759824488096787
15439,0,1,0.024430975061403376
15440,0,1,0.07199049736965699
15441,0,1,0.12036437673020559
15442,0,0,0.08165780880506297
15443,0,1,0.08102210254493974
15444,0,1,0.06285759951621576
15445,0,1,0.050232597703304904
15446,0,0,0.07977074654722832
15447,0,1,0.03938780272838878
15448,0,0,0.00897784083222275
15449,0,1,0.07493166478520197
15450,0,1,0.039574860964136524
15451,0,0,0.07938004381937835
15452,0,1,0.04065359090893668
15453,1,1,0.06127362051183989
15454,1,1,0.0938603737246106
15455,0,0,0.06245050878889333
15456,0,1,0.09076802973909462
15457,0,1,0.06157179069362331
15458,0,1,0.14985694428635749
15459,0,0,0.1052314057649137
15460,0,1,0.04786631131519341
15461,0,0,0.09593862719691001
15462,1,1,0.05415372130232751
15463,0,1,0.046462354405047965
15464,0,1,0.09274983193442585
15465,1,1,0.07233902754691926
15466,0,1,0.034606367884340475
15467,0,1,0.004811487604264517
15468,0,0,0.04677192434334723
15469,0,1,0.0356928886303825
15470,0,0,0.11126356701798583
15471,1,1,-0.02043171883185027
15472,0,1,0.041074227318680906
15473,1,1,0.13140494836201672
15474,0,1,0.02741828620827781
15475,0,1,0.04948909568194246
15476,0,1,0.06377304626009583
15477,1,0,0.08578940211607797
15478,0,1,0.08674606805928751
15479,0,0,0.06646064257605337
15480,0,1,0.10724447167408296
15481,0,1,0.09750989597208318
15482,0,0,0.09201890417557174
15483,0,1,0.059595979083152936
15484,0,1,0.011414909813102586
15485,0,1,0.09439215225532044
15486,0,0,0.05156306232780991
15487,0,0,0.10469321152484343
15488,0,1,0.060786848771560376
15489,0,1,0.06492778736768823
15490,0,1,0.03830097104204283
15491,1,0,0.02041936031191155
15492,0,1,0.032760451069707874
15493,0,0,-0.03241360782196784
15494,0,1,0.055567775074520834
15495,0,1,0.06373803129429584
15496,0,1,0.03328559528929344
15497,0,1,0.047510340549610855
15498,0,1,0.09991266365714949
15499,0,1,0.05709384223023474
15500,0,1,0.04195188405025664
15501,1,1,0.09994174801011324
15502,0,1,0.07951110101605445
15503,0,1,0.08138299738482403
15504,0,0,0.14470342266201908
15505,0,0,0.09643327733451176
15506,1,1,0.0649323830090793
15507,0,1,0.08285668593109727
15508,0,1,0.04273393358424002
15509,1,1,0.05028392248539246
15510,0,1,0.0422170775242367
15511,0,0,0.053151362199383816
15512,1,1,0.07170592890782763
15513,0,0,0.008677305777904501
15514,0,1,0.046003164388466355
15515,1,1,0.09653629576464848
15516,0,1,0.11257677770177604
15517,0,1,0.032578403485820695
15518,1,0,0.08688539020133744
15519,0,0,0.0748725622301386
15520,0,0,0.1237955478892237
15521,0,1,0.06407006523791577
15522,0,1,0.13064630178043443
15523,0,1,0.08884676435571001
15524,1,1,0.0820724436813434
15525,1,1,0.03649799139399064
15526,1,1,0.07456916963904152
15527,0,0,0.08856349819016868
15528,0,1,0.055809728428824715
15529,0,1,0.07343516002545492
15530,0,0,0.07502565009792692
15531,0,1,0.03418701302468852
15532,0,1,0.06944313208001736
15533,0,0,0.049727123638627316
15534,0,0,0.05160927016261663
15535,0,1,0.04010789193436226
15536,0,0,0.08164374723516368
15537,0,1,0.0836027964421816
15538,0,1,0.05622233397604562
15539,0,0,0.048012517825825635
15540,0,1,0.08031531218624
15541,0,1,0.04078347783658848
15542,0,0,0.06822402179548445
15543,1,1,0.10262201819613943
15544,0,1,0.02388330628913432
15545,0,1,0.06755554171857614
15546,0,1,0.029462130218495974
15547,0,1,0.021001270754600537
15548,0,1,0.06659906259128204
15549,1,1,0.027493680675535592
15550,0,1,0.06460851789357867
15551,0,0,0.04382616559056042
15552,0,1,0.06817213898427937
15553,0,1,0.02183030644510281
15554,0,1,0.07958192923327878
15555,1,1,0.019529163897503504
15556,0,0,0.10928595681538522
15557,0,1,0.004930308195272792
15558,0,0,0.09192972476411591
15559,0,1,0.03495199321610837
15560,0,1,0.08398747522551196
15561,1,1,0.06391708831476955
15562,1,1,0.14229485759294602
15563,0,0,0.05470673277445419
15564,0,0,0.053675617907694234
15565,0,1,0.09786670270659681
15566,0,1,0.08030301095556243
15567,0,1,0.0819069189932195
15568,0,1,0.05120880676783274
15569,0,1,0.04075178673864299
15570,0,1,0.11023810947136375
15571,0,0,0.049676917771511855
15572,0,1,0.06386474226864794
15573,0,1,0.09107836146755868
15574,0,1,0.050029271753788324
15575,0,1,0.11500075312824797
15576,0,0,0.09739741683483898
15577,0,1,0.04507052370626528
15578,0,0,0.07342304598397713
15579,0,1,0.04462698158043571
15580,0,0,0.05869078930693444
15581,0,1,0.0826941515707468
15582,0,1,0.09209269406534852
15583,0,0,0.06940837233828165
15584,1,1,-0.006042524118578502
15585,0,0,0.03323783622968779
15586,1,1,0.10774100656214149
15587,0,1,0.07090586857652888
15588,0,1,-0.018455117372922186
15589,1,1,0.11118584139560388
15590,1,1,0.08515049823289729
15591,0,0,0.10976655461525256
15592,0,1,0.04432742213860397
15593,0,1,0.01936797364695053
15594,0,1,0.07209767358882607
15595,0,1,0.08221715380602089
15596,0,0,0.07026542948462369
15597,0,1,0.0870259199281257
15598,0,1,0.01406023582466083
15599,0,1,0.07195089506831141
15600,0,1,0.11089536297035013
15601,0,0,0.038481379453696285
15602,0,1,0.07941906698709716
15603,0,0,0.06616681010920322
15604,0,0,0.09464596172561453
15605,0,0,0.03381694526118598
15606,0,0,0.07390922700641167
15607,1,1,0.05811005669794071
15608,0,1,0.053854388441485435
15609,0,1,0.04979626903331902
15610,0,1,0.04245201299092577
15611,0,0,0.039592774633890104
15612,0,1,0.02980996953103887
15613,0,1,0.07868203485074021
15614,0,1,0.08870358365820172
15615,0,1,0.045796492079144546
15616,0,1,0.11432058260150685
15617,1,1,0.022636095023012504
15618,0,1,0.10228071231880112
15619,0,1,0.02919373982943474
15620,1,1,0.2520561588084821
15621,1,1,0.11812542007098675
15622,0,1,0.07725664803456417
15623,0,1,0.0741751641472326
15624,0,0,0.044795894574823955
15625,0,0,0.08511416296387311
15626,0,1,0.08608400155157377
15627,0,1,0.042791924951196075
15628,0,1,0.09073348683862302
15629,0,1,0.07578444086603309
15630,0,1,0.02595087828703041
15631,1,1,0.074497720654564
15632,0,1,0.03093599256223399
15633,0,1,0.0758226774887642
15634,1,1,-0.005321750297466288
15635,0,1,0.03288406896707227
15636,1,0,0.09442764379299495
15637,1,0,0.023034563438089045
15638,0,1,0.060259799388794805
15639,0,0,0.051992709934111536
15640,0,1,0.08970795962533905
15641,1,1,0.027603187107402394
15642,0,1,0.08633929396135688
15643,1,1,0.06728391416913651
15644,1,1,0.05970321803365419
15645,0,0,0.04563975362782367
15646,0,1,0.09360191646681801
15647,1,1,0.061570392656791456
15648,0,1,0.08411191825539155
15649,1,0,0.03855227006947784
15650,0,0,0.12976572313950197
15651,0,1,0.093974238165203
15652,0,1,0.038110590849853965
15653,0,0,0.03931549659035727
15654,1,1,0.10385615123880661
15655,0,1,0.07035989399708921
15656,0,1,0.03651452391475475
15657,0,1,0.10453303218196702
15658,0,0,-0.05359581646357431
15659,0,0,0.053317877350400084
15660,0,0,0.04443264328527577
15661,0,1,0.07591366597518812
15662,1,1,0.12712191464739334
15663,0,1,0.09994842995787204
15664,0,1,0.033226138290994744
15665,0,0,0.047069856414731825
15666,1,1,0.1265415288243456
15667,0,0,0.033129659749092544
15668,0,1,0.06823418279689514
15669,1,1,0.04955669066036081
15670,1,1,0.05028477957110947
15671,0,1,0.0990399641383414
15672,0,0,0.07215895151836207
15673,0,1,0.030902771849313254
15674,0,1,0.06522198726407
15675,0,0,0.08276705969204073
15676,1,1,0.08144533581264779
15677,0,0,0.1246804185814378
15678,0,0,0.1432063054090687
15679,0,1,0.05935579752171051
15680,0,0,0.03971624193576123
15681,0,0,-0.018852950153208647
15682,0,0,0.0874467453477914
15683,0,0,0.03668730171739827
15684,0,1,0.0390727893756328
15685,0,1,0.07257158280419083
15686,0,1,0.0850810343260778
15687,0,1,0.02843910533051182
15688,0,1,0.06877898116105106
15689,0,1,0.06823418279689514
15690,0,1,0.09263549584098149
15691,0,0,0.05718090793554467
15692,0,0,0.10415030651739825
15693,0,1,0.04766863395311435
15694,0,0,0.0038890915034304474
15695,0,1,0.0484268302240729
15696,0,0,0.045898817088263294
15697,0,1,0.022292929445511367
15698,0,1,0.06938337860708035
15699,0,1,0.04032978840511185
15700,0,0,0.07826326799389885
15701,0,1,0.018739488182624303
15702,0,1,-0.0008393097940654071
15703,0,0,0.11655814410792704
15704,0,0,0.03013655465846396
15705,0,1,0.08284682534537846
15706,1,1,0.025898085956657824
15707,0,1,0.12884840375817624
15708,0,0,0.05000459901403964
15709,0,1,0.06939104474334343
15710,0,1,0.06567593056743154
15711,0,1,0.1554027297915652
15712,0,1,0.081537094471537
15713,0,1,0.06261505045891005
15714,0,0,0.06926202431267975
15715,0,1,0.03443534504058729
15716,0,1,0.026506335916899146
15717,0,1,0.04230354581201315
15718,0,1,0.05400291017880024
15719,0,0,0.041352494838632736
15720,0,1,0.13362398600063513
15721,0,1,0.0732319683467555
15722,1,1,0.032819227536502626
15723,0,1,0.0598531000783097
15724,0,1,0.07150513762259031
15725,0,1,-0.029985054427976554
15726,0,0,0.04589158445332353
15727,0,1,0.06600594225148373
15728,0,1,0.04046660454617043
15729,0,1,0.05189886934118606
15730,0,0,0.08249799470678909
15731,0,1,0.15298524534478508
15732,1,0,0.10597837517069186
15733,0,0,0.10980905381882167
15734,0,0,0.10495311175883561
15735,0,0,0.05446334820858348
15736,0,1,0.02040823630479041
15737,1,0,0.05836222475672702
15738,0,1,0.14369023550311366
15739,0,0,0.09307232154927869
15740,0,0,0.07963213596356515
15741,0,0,0.09609258162968982
15742,1,1,0.06748107079852961
15743,0,1,0.07578994551901838
15744,0,1,-0.006162756785426465
15745,0,1,0.09011509474794537
15746,1,1,0.06184383407732284
15747,0,1,0.07846152113646156
15748,0,1,0.03156279307313549
15749,0,0,0.04327004121372396
15750,0,1,0.04210030899764852
15751,0,1,0.04548478229284268
15752,0,0,0.028498048663765346
15753,0,1,0.06520769503213711
15754,0,1,0.055074349050035463
15755,1,0,0.05240983688033424
15756,0,1,0.052101287476218894
15757,0,0,0.05959389650202457
15758,0,0,0.06204712891569981
15759,0,1,0.023617076323786276
15760,1,1,0.033637562969460966
15761,0,0,0.08705378720827871
15762,0,1,0.052726837681877914
15763,0,1,0.22622833317118557
15764,0,1,0.07876655758548193
15765,0,1,0.05133817654776275
15766,0,0,0.07132395978079678
15767,0,0,0.05523454322479273
15768,0,0,0.06565664084245051
15769,0,1,-0.01262171299680151
15770,0,1,0.03054001981583787
15771,0,0,0.03891433304533373
15772,0,1,0.09384308206983753
15773,0,0,0.017909801287673277
15774,0,0,0.05759147702873571
15775,0,0,0.034918104130409355
15776,0,0,0.03778489898591453
15777,0,1,0.08190207336967992
15778,0,1,0.0703495278159791
15779,0,1,0.11060833061192438
15780,0,0,-0.0007513724537817623
15781,0,1,0.09189164631910089
15782,0,0,0.06334282111076119
15783,0,1,-0.0011678160459988873
15784,0,0,0.033889308049559114
15785,0,0,0.035795640904348225
15786,0,1,0.09063787406014254
15787,0,1,0.02771287817951877
15788,0,1,0.04833320072856831
15789,0,0,0.06739075149282583
15790,0,1,0.033092678293966796
15791,0,0,0.07328894513954658
15792,0,1,0.04924140791782762
15793,0,0,0.03223210275768157
15794,0,0,0.07851154394401758
15795,0,1,0.04532563640196956
15796,0,1,-0.009243916866090468
15797,0,1,0.015962224137887587
15798,0,1,0.05777749646608843
15799,0,1,0.0304484707057171
15800,0,1,0.05906947422161214
15801,0,1,0.1149179688127897
15802,0,1,0.10373237914260836
15803,1,1,0.028792759254320566
15804,0,0,0.03793351954553362
15805,0,0,0.07361721289190287
15806,0,1,0.07420127523115101
15807,0,1,0.044043547952055534
15808,0,1,0.05155632552544631
15809,0,1,0.10998147633598115
15810,0,1,0.03168070241344659
15811,0,0,0.07471132747872616
15812,0,0,0.07520047288150776
15813,1,0,0.052660871794379505
15814,0,1,0.04871687452169132
15815,0,0,0.048091865498350386
15816,0,1,0.03665568428489907
15817,0,0,0.04824888325617607
15818,0,0,0.046123617363594965
15819,1,1,-0.004781210809450723
15820,0,1,-0.019134816361734502
15821,0,1,0.05434801301849479
15822,0,0,0.05104860291429403
15823,0,0,0.07942393935148494
15824,0,1,0.04477032792003807
15825,0,1,0.11220011560801614
15826,0,0,0.07533115154540432
15827,0,1,0.041001029812224754
15828,0,0,0.12013561569879957
15829,0,1,0.09300887604134712
15830,0,0,0.06397212993913359
15831,0,0,0.0745431753603753
15832,0,1,0.02901952743182798
15833,0,0,0.07839942403744725
15834,0,1,0.02418809048834182
15835,0,1,0.050343325030137415
15836,0,1,0.0553627964814728
15837,0,0,0.09246972829897326
15838,1,0,0.025898085956657824
15839,0,1,0.11255060811233211
15840,0,1,0.03784597671322662
15841,0,0,0.05328536949447504
15842,0,0,0.03722837347621638
15843,0,1,0.04425955024248489
15844,0,1,0.05622233397604562
15845,0,1,0.07932079951606935
15846,0,1,-0.11038098609099242
15847,0,0,0.04306667188454796
15848,0,0,0.03841013276561425
15849,0,1,0.07295038160455525
15850,0,0,0.015525838703919423
15851,0,1,0.07176340947709864
15852,0,1,0.003555049146968775
15853,1,1,0.03951961101610611
15854,0,1,0.08120808790025244
15855,0,1,0.050776517281145184
15856,0,1,0.10003085276484915
15857,1,1,0.04782794861093134
15858,0,1,0.061650532012035214
15859,0,1,0.06864221704382506
15860,0,1,0.038797381348832594
15861,0,1,0.0305476868600158
15862,0,1,0.06586264811930007
15863,0,0,0.01865498226888601
15864,0,1,0.01336489246735395
15865,0,1,0.0540877677059491
15866,0,0,0.04991228824828686
15867,0,1,0.12279660718450476
15868,1,1,0.005985955375555768
15869,0,0,0.021640657302766937
15870,0,0,0.12279660718450476
15871,0,1,0.08559271645696806
15872,0,1,0.05733260577392532
15873,0,0,-0.01937575899717081
15874,0,1,0.03680198524684972
15875,0,0,-0.016956552205695613
15876,0,1,0.06294878180628885
15877,0,1,0.06353811069476625
15878,0,1,0.04680847597194711
15879,0,1,0.04779491074431831
15880,0,1,0.029077557870806514
15881,0,1,-0.028066244652258626
15882,0,0,0.08929701525805661
15883,0,0,0.04969275804448339
15884,1,1,0.04306667188454796
15885,0,1,0.03153554428793412
15886,1,1,0.08048831288502253
15887,0,0,0.05645116527764196
15888,1,1,0.14927217863901054
15889,0,0,0.06111867799210817
15890,0,1,0.005036619074086757
15891,0,0,0.06245050878889333
15892,0,0,-0.004715341995007755
15893,0,0,0.025705454217007914
15894,0,1,0.0464623770986818
15895,0,0,0.07260103978661268
15896,0,1,0.09071465260403505
15897,0,1,0.039792003452025854
15898,0,0,-0.006857272118752922
15899,0,1,0.047350519698623444
15900,0,1,-0.033923058309962686
15901,0,0,-0.03022071512031199
15902,0,1,0.02741828620827781
15903,1,1,0.07706404051747766
15904,0,1,0.1127165452855352
15905,0,0,0.06302691764810092
15906,0,1,0.05721644857318735
15907,0,0,0.11507548765480372
15908,0,1,0.06062628039292487
15909,0,0,0.06803570143665347
15910,0,1,0.017917219057862227
15911,0,0,0.09528485265757611
15912,0,0,0.03104786008823346
15913,0,1,0.06351815947114735
15914,0,0,0.08313077844245306
15915,0,1,0.06435081137323773
15916,0,0,-0.003273926527255916
15917,0,0,0.03784999682444156
15918,0,1,0.057718020300094125
15919,0,0,0.1111385035665961
15920,0,1,0.058195860732226275
15921,0,1,0.02674044226855521
15922,0,1,0.058574858185255485
15923,0,0,0.05643005309775945
15924,0,0,0.024430975061403376
15925,0,1,0.03052077605431458
15926,0,0,0.05830040230911966
15927,0,1,0.11334897299476544
15928,0,0,0.050266996718231455
15929,0,1,0.06986533376003094
15930,0,0,0.052333862935294004
15931,0,1,0.04798129520900196
15932,0,1,0.057013652084960426
15933,0,0,0.07435102233840774
15934,0,1,0.022709473693630453
15935,0,1,0.08522727574950696
15936,0,1,0.04507651670500519
15937,0,0,0.07150513762259031
15938,0,0,0.01260183602105587
15939,0,1,0.02093467797078885
15940,0,1,0.06152191063505964
15941,0,1,0.0642005447306137
15942,0,1,0.04834551891770378
15943,0,1,0.07768575073581958
15944,0,1,0.09201890417557174
15945,0,1,0.05134835494342954
15946,0,1,0.06626086110618751
15947,0,0,-0.01262171299680151
15948,0,1,0.07707217457140352
15949,1,0,0.10344987375650325
15950,1,1,0.007803541022963267
15951,0,1,0.04306667188454796
15952,0,1,0.03275740117389307
15953,0,0,0.00020259664584840187
15954,1,1,0.12772916701608292
15955,0,0,-0.03552666439652183
15956,0,1,0.05874977060551391
15957,1,1,0.068861740670869
15958,0,1,-0.0167672295093704
15959,1,1,0.08405971540090426
15960,0,1,0.0760352653930844
15961,0,1,0.11366803496889814
15962,0,1,-0.005148974711957896
15963,1,1,0.08146026094710374
15964,0,1,0.09297959651442307
15965,0,1,-0.006555573522875419
15966,1,1,0.07253158383850816
15967,0,1,0.06380155544986951
15968,0,0,0.0831019414320719
15969,0,0,0.022457723389592982
15970,1,1,0.06290692011186763
15971,0,1,0.029607464664008376
15972,0,0,-0.05311141356464269
15973,0,1,0.059931900475551206
15974,0,0,0.09578043815680101
15975,0,0,0.06520527189043439
15976,0,1,0.042841006070501564
15977,1,0,0.05508769296055965
15978,0,1,0.08883625505558568
15979,0,0,0.036024395598047335
15980,0,1,0.09013672168143352
15981,1,1,0.08330664720249256
15982,0,1,0.06544544880288115
15983,0,1,-0.004739806217949588
15984,0,1,0.05759767650950909
15985,0,0,0.016538412008480052
15986,1,1,0.09164443466705707
15987,0,1,0.04991228824828686
15988,1,1,0.06555659860243405
15989,0,1,0.0782723179311742
15990,0,0,0.1167699722726229
15991,0,0,0.08541680399307472
15992,0,1,0.04200248029236756
15993,0,1,0.11613766789093764
15994,0,1,0.0808478139038798
15995,0,1,0.06919308874162858
15996,0,1,0.026087262633501265
15997,1,1,0.1613864293828442
15998,0,0,0.07029120162490074
15999,0,1,0.02518347214406183
