test_row_id,y_true,treatment,logistic_proba,logistic_pred,xgboost_proba,xgboost_pred
0,0,0,0.08446541571303365,0,0.08265176,0
1,0,1,0.20406343920281175,0,0.19096772,0
2,0,1,0.12608617882383302,0,0.13836339,0
3,1,0,0.14314463730262914,0,0.12902437,0
4,1,1,0.18468578989847506,0,0.13461235,0
5,0,1,0.2869762350218824,0,0.20988941,0
6,0,1,0.19291452893612396,0,0.22061871,0
7,1,0,0.08797148122002857,0,0.07342814,0
8,0,0,0.1484947823597699,0,0.1284333,0
9,0,0,0.2219545430580838,0,0.19089368,0
10,0,1,0.16564434700356528,0,0.19535878,0
11,1,1,0.18075511372501765,0,0.16661951,0
12,0,1,0.07106969317321339,0,0.06497732,0
13,0,1,0.1003829227924792,0,0.10545634,0
14,0,1,0.1327598899751361,0,0.13137273,0
15,0,0,0.1069841180818045,0,0.1260417,0
16,0,1,0.08601278709905986,0,0.069627985,0
17,0,0,0.27464405607862846,0,0.23689897,0
18,0,1,0.12804730719135532,0,0.12033261,0
19,0,0,0.20597488663570862,0,0.20021775,0
20,0,1,0.1631637732599957,0,0.19007763,0
21,1,1,0.2019996057722963,0,0.18680558,0
22,0,1,0.11974930429793124,0,0.11179895,0
23,0,1,0.10576296889612327,0,0.12933676,0
24,0,1,0.12587981435406279,0,0.16421285,0
25,1,1,0.2002252970368093,0,0.16411264,0
26,0,1,0.14424311055896644,0,0.15039994,0
27,0,1,0.23816839483416666,0,0.22348967,0
28,0,0,0.21968359066209203,0,0.23785494,0
29,1,1,0.09225397620089903,0,0.081626244,0
30,0,1,0.17374204445893704,0,0.20656776,0
31,0,1,0.08106926336942781,0,0.055569958,0
32,0,1,0.21961459709994752,0,0.23662543,0
33,1,1,0.2612705437633997,0,0.31905583,0
34,0,1,0.07932547794306598,0,0.09541939,0
35,1,1,0.1090081057828788,0,0.12281891,0
36,0,1,0.12713531732763442,0,0.13925174,0
37,1,1,0.28506181843280487,0,0.18598245,0
38,0,0,0.11076662830043249,0,0.105096586,0
39,0,1,0.11946861895869292,0,0.09988944,0
40,0,0,0.2695114534176736,0,0.22596434,0
41,0,1,0.15262622723356642,0,0.12996359,0
42,0,1,0.14009686584470876,0,0.1807235,0
43,0,1,0.1901391664883382,0,0.22541063,0
44,0,0,0.1366026258334498,0,0.10345988,0
45,0,1,0.2485419585754341,0,0.21503773,0
46,0,1,0.10954201527418446,0,0.09720874,0
47,0,0,0.05775356889059455,0,0.032316733,0
48,1,0,0.1721298470379696,0,0.17679895,0
49,0,1,0.0845427537316741,0,0.08386677,0
50,1,1,0.17791742193947416,0,0.19334981,0
51,0,1,0.30220166403121546,0,0.27810162,0
52,0,0,0.07787709205298425,0,0.07068964,0
53,0,1,0.2733660686705907,0,0.28905588,0
54,0,1,0.1839721953107891,0,0.15453987,0
55,0,1,0.08740704489382914,0,0.07308862,0
56,1,1,0.2283759558940072,0,0.2575564,0
57,0,1,0.16639540465111635,0,0.20602392,0
58,0,0,0.17109820776657247,0,0.15341666,0
59,0,1,0.2313329513877787,0,0.25193354,0
60,0,1,0.09421117029236327,0,0.09292426,0
61,0,0,0.10011758916120907,0,0.084511586,0
62,0,1,0.08652053025094854,0,0.07385554,0
63,0,1,0.12849233117452705,0,0.13863285,0
64,0,1,0.14857579678705346,0,0.16479409,0
65,0,0,0.062388021193392325,0,0.03531304,0
66,0,0,0.18432953795368817,0,0.18871301,0
67,0,0,0.11997623290654022,0,0.13550009,0
68,1,1,0.12011904636370939,0,0.12220319,0
69,0,1,0.20233894925890994,0,0.24990365,0
70,0,1,0.06888436123249701,0,0.0559831,0
71,0,1,0.20461078755012577,0,0.20769446,0
72,0,0,0.14462698743369085,0,0.17421547,0
73,0,0,0.20147699156767562,0,0.19710332,0
74,0,0,0.16139453024444345,0,0.1210862,0
75,0,0,0.13333007679654105,0,0.13568479,0
76,0,0,0.12982634406588123,0,0.13328013,0
77,0,0,0.2735651346624415,0,0.2993392,0
78,0,1,0.10110167554548592,0,0.07086099,0
79,0,1,0.08466855834066224,0,0.06791773,0
80,0,1,0.09319890449031498,0,0.0974288,0
81,0,1,0.23180598079489373,0,0.18722858,0
82,0,0,0.1774076019851787,0,0.12976035,0
83,1,0,0.09561414190843101,0,0.11059834,0
84,0,1,0.07536555321857213,0,0.06767946,0
85,1,1,0.18510517008246755,0,0.16910228,0
86,0,1,0.14376724248329562,0,0.15346758,0
87,1,1,0.13924094879016963,0,0.14544854,0
88,0,0,0.12055867070432291,0,0.12852868,0
89,0,1,0.24587255501325378,0,0.24910568,0
90,0,0,0.09975665682314164,0,0.101716466,0
91,0,0,0.14719838354631504,0,0.099046595,0
92,0,1,0.06056212871675131,0,0.03591506,0
93,0,1,0.222196325770361,0,0.20650028,0
94,1,1,0.1796484423233892,0,0.15613201,0
95,0,1,0.07992130488046541,0,0.06704343,0
96,0,1,0.08745862939715042,0,0.10247455,0
97,0,1,0.2882541897451598,0,0.3077588,0
98,0,0,0.16564207031081352,0,0.17302038,0
99,0,1,0.18009504198825793,0,0.18377912,0
100,0,1,0.133388766803021,0,0.11434259,0
101,0,0,0.28420430704231914,0,0.26196107,0
102,0,0,0.06715577592179357,0,0.054651998,0
103,0,1,0.07866430223654845,0,0.16839969,0
104,0,1,0.22019425680847152,0,0.2451519,0
105,0,1,0.08410884700939762,0,0.0816193,0
106,0,0,0.14540022309429854,0,0.14903107,0
107,0,1,0.09415064908700149,0,0.10360648,0
108,0,1,0.1120020594145962,0,0.11752306,0
109,0,1,0.2426888150978748,0,0.2477364,0
110,0,1,0.10800686643469364,0,0.10319603,0
111,1,1,0.20476379204832493,0,0.17006642,0
112,0,1,0.12083895697884828,0,0.10652283,0
113,0,1,0.1055717609555796,0,0.08961224,0
114,0,1,0.2582042258862823,0,0.25631905,0
115,0,0,0.3193505831225598,0,0.3492641,0
116,0,0,0.11568172490338352,0,0.13547663,0
117,0,1,0.1928729439122147,0,0.16986822,0
118,1,1,0.07363897638719133,0,0.04874448,0
119,0,0,0.08203450614099272,0,0.08136199,0
120,0,1,0.07719292932223039,0,0.03643683,0
121,0,0,0.07067578442061352,0,0.036527198,0
122,0,0,0.08955478427463469,0,0.08672211,0
123,0,0,0.06376223205493271,0,0.04064027,0
124,0,0,0.15507172570279595,0,0.17045557,0
125,1,1,0.29397646438812847,0,0.29728016,0
126,0,1,0.07594113615434182,0,0.07815256,0
127,0,1,0.0672042518260806,0,0.06318831,0
128,0,1,0.15768262090534524,0,0.14769752,0
129,0,0,0.15210132883720592,0,0.1250773,0
130,0,0,0.11151182889541902,0,0.09583024,0
131,0,1,0.1353596671012145,0,0.17100391,0
132,0,1,0.07037124962356911,0,0.04632338,0
133,0,1,0.08816736481712203,0,0.07815636,0
134,0,0,0.18422255992531972,0,0.20528893,0
135,0,1,0.15047691198654192,0,0.10847825,0
136,1,1,0.11396789885211749,0,0.11237976,0
137,1,1,0.1232004817793804,0,0.12214574,0
138,0,0,0.1622873507607639,0,0.15866055,0
139,0,0,0.10299538563337227,0,0.11669317,0
140,1,0,0.17573016340750902,0,0.15828162,0
141,1,1,0.21822469129613592,0,0.40591234,0
142,1,1,0.16857576471078003,0,0.15571938,0
143,0,1,0.13100326944033286,0,0.10737867,0
144,0,1,0.13615544891910647,0,0.21154846,0
145,0,1,0.16682407625940157,0,0.21673581,0
146,0,1,0.12190819995986957,0,0.16352546,0
147,0,0,0.13895780159201418,0,0.121782325,0
148,0,0,0.18543213932961894,0,0.2921201,0
149,0,0,0.28739857373585914,0,0.2439611,0
150,0,0,0.1708612830444766,0,0.17875661,0
151,0,1,0.08187869280360202,0,0.084236406,0
152,0,0,0.14795615484795124,0,0.12274544,0
153,0,0,0.09265864945449072,0,0.07782455,0
154,0,1,0.11607281739089303,0,0.09524201,0
155,0,0,0.13171120395449715,0,0.10305651,0
156,0,1,0.06572717383996252,0,0.051923178,0
157,0,0,0.1472063839514974,0,0.15667176,0
158,0,1,0.1383119868838862,0,0.15254916,0
159,0,0,0.09556701911445431,0,0.10256692,0
160,0,1,0.05782275954576991,0,0.03586921,0
161,0,1,0.08866133770682509,0,0.07736711,0
162,0,1,0.06860425066388157,0,0.045373656,0
163,0,0,0.16457387893198436,0,0.14442082,0
164,0,1,0.16511166778182326,0,0.18967018,0
165,0,0,0.16595348230276846,0,0.18594466,0
166,0,1,0.12001152975950556,0,0.11383121,0
167,0,1,0.12006728688879562,0,0.08736025,0
168,0,1,0.20004716010606094,0,0.17925002,0
169,0,0,0.10264289138067416,0,0.11733916,0
170,0,0,0.13049873768909562,0,0.13260396,0
171,0,0,0.12633275795125956,0,0.10375362,0
172,0,0,0.10809389945913521,0,0.100956045,0
173,0,1,0.16485515708348097,0,0.15866296,0
174,0,1,0.11152713008070471,0,0.09831279,0
175,0,0,0.13943713456578233,0,0.12724385,0
176,1,1,0.07793838995197575,0,0.0711195,0
177,0,0,0.15762368418596445,0,0.17841642,0
178,0,1,0.10599271430233002,0,0.12547438,0
179,0,1,0.12109212408607091,0,0.1350858,0
180,0,1,0.1209914001219544,0,0.15204906,0
181,1,1,0.18339451033770196,0,0.21942022,0
182,1,0,0.11762036490179373,0,0.14937578,0
183,0,1,0.0896621553245432,0,0.083312236,0
184,0,1,0.13920961213919844,0,0.16015834,0
185,0,1,0.11873334965509767,0,0.10574338,0
186,1,1,0.1148420779678377,0,0.11932535,0
187,0,1,0.1818054045122033,0,0.175929,0
188,0,0,0.10693083391438271,0,0.11498817,0
189,1,1,0.3237298707544479,0,0.3271444,0
190,0,1,0.1377687225173043,0,0.1251219,0
191,0,0,0.12468442154258451,0,0.13314866,0
192,0,0,0.1706674397901172,0,0.17359768,0
193,0,1,0.09203596837502319,0,0.11803763,0
194,0,0,0.1630671060558921,0,0.15272309,0
195,0,1,0.14819909940922,0,0.15621047,0
196,1,1,0.2694980549363252,0,0.18594372,0
197,0,0,0.19465740145209345,0,0.23775336,0
198,1,1,0.2466746757286187,0,0.2740381,0
199,0,0,0.05634284677206564,0,0.06704903,0
200,0,1,0.17860649414266838,0,0.20231052,0
201,0,1,0.12307918675782982,0,0.17322327,0
202,0,1,0.1452077969607068,0,0.14066756,0
203,0,0,0.09332520872887014,0,0.105985604,0
204,0,1,0.09905999734714235,0,0.08908523,0
205,0,1,0.11537007814593817,0,0.09603221,0
206,0,0,0.16430504334539212,0,0.15085474,0
207,0,1,0.13793764104495762,0,0.1399851,0
208,1,1,0.11770460717043336,0,0.13193144,0
209,0,1,0.09890610009087861,0,0.11892516,0
210,0,1,0.13131632469540697,0,0.14461294,0
211,0,1,0.31945795271936267,0,0.3492641,0
212,0,0,0.07751893376226691,0,0.051002093,0
213,0,0,0.16766651213053305,0,0.17290013,0
214,0,1,0.17694116198102852,0,0.17236781,0
215,1,1,0.07095783603530365,0,0.04786113,0
216,0,1,0.1548440620830438,0,0.15400144,0
217,1,1,0.24324877373996992,0,0.21578875,0
218,0,1,0.08656431742528128,0,0.08116733,0
219,0,1,0.09461251503679888,0,0.0793765,0
220,0,1,0.09344428737607322,0,0.09635981,0
221,0,1,0.1835543961060861,0,0.18567947,0
222,0,0,0.05930770352463287,0,0.038123235,0
223,0,0,0.08747454430821566,0,0.07832813,0
224,0,0,0.22249672018610764,0,0.2130745,0
225,0,1,0.17685001268646922,0,0.1492894,0
226,0,1,0.19596283113672355,0,0.267729,0
227,0,0,0.06719563468885112,0,0.050516825,0
228,1,1,0.1399575490360805,0,0.15823771,0
229,0,1,0.3014103454902674,0,0.28710696,0
230,0,1,0.15924030352107152,0,0.15920225,0
231,0,0,0.07067746391799935,0,0.059412833,0
232,0,1,0.17093642279521817,0,0.16433655,0
233,0,1,0.10269250013036062,0,0.1275889,0
234,0,0,0.11537549050701572,0,0.10483697,0
235,1,1,0.1714234189054677,0,0.18497671,0
236,0,0,0.12158344067368523,0,0.09751154,0
237,1,1,0.1307615212783257,0,0.11689367,0
238,1,1,0.06751512263230412,0,0.058378834,0
239,0,1,0.16689209062042049,0,0.16773924,0
240,0,1,0.06221017654566097,0,0.04153894,0
241,0,0,0.0920165749120578,0,0.10023961,0
242,0,1,0.09421682281056715,0,0.062390104,0
243,1,0,0.31687919270228154,0,0.25420633,0
244,0,0,0.13729699582482746,0,0.14611083,0
245,0,1,0.18504694159020552,0,0.13062523,0
246,0,1,0.11474453460115593,0,0.12152187,0
247,1,0,0.314920420209558,0,0.28845742,0
248,0,0,0.08993470351913625,0,0.069661245,0
249,1,0,0.1850621282316188,0,0.14179035,0
250,0,1,0.07159142403020151,0,0.068982124,0
251,0,1,0.06713450333097976,0,0.05301699,0
252,0,0,0.19403340686210385,0,0.18006623,0
253,1,1,0.12012698273812938,0,0.11823057,0
254,1,0,0.11888381081193662,0,0.11066095,0
255,0,1,0.15704062925446977,0,0.17621164,0
256,0,1,0.150509403510994,0,0.15956931,0
257,0,1,0.1371101987642817,0,0.15494241,0
258,0,1,0.15714424050349668,0,0.15221241,0
259,0,1,0.08000968518653737,0,0.064465016,0
260,0,1,0.07433035984408762,0,0.053473108,0
261,1,1,0.1938789822419612,0,0.21950936,0
262,0,1,0.11146376882299576,0,0.100254856,0
263,0,1,0.145086184102954,0,0.14746217,0
264,0,1,0.13177760888930407,0,0.14791146,0
265,0,1,0.1472501996214763,0,0.15535282,0
266,0,1,0.08432414749925352,0,0.07022085,0
267,0,0,0.15363728377949815,0,0.123571545,0
268,0,1,0.09913756156549464,0,0.10169153,0
269,0,1,0.10914842498494742,0,0.107809566,0
270,0,1,0.08173710695245257,0,0.06481686,0
271,0,1,0.10823181172685538,0,0.12872075,0
272,0,1,0.13213468848524504,0,0.13884124,0
273,0,1,0.18783902019413462,0,0.18061188,0
274,0,1,0.19270366233159864,0,0.24392565,0
275,0,1,0.1310583111908556,0,0.12508725,0
276,0,1,0.21882344835717332,0,0.21710542,0
277,0,1,0.2142879441564005,0,0.21378708,0
278,1,0,0.1669334713139888,0,0.16272862,0
279,0,1,0.11230388464651923,0,0.13548784,0
280,0,1,0.1733958376744169,0,0.16987337,0
281,0,0,0.16628168307052868,0,0.18466163,0
282,0,0,0.12720269545529286,0,0.112125725,0
283,0,0,0.13433455644467449,0,0.11924773,0
284,0,1,0.1339739077262383,0,0.14148071,0
285,1,1,0.15866617014534593,0,0.14639226,0
286,0,1,0.19823108996087502,0,0.16987231,0
287,1,1,0.4141086531688552,0,0.40031037,0
288,1,1,0.09376979711261611,0,0.092154264,0
289,0,1,0.2543390708723908,0,0.2586691,0
290,0,0,0.2643640602681799,0,0.33834845,0
291,0,1,0.16088772574466173,0,0.1357353,0
292,0,1,0.2625362462109552,0,0.23792157,0
293,1,1,0.14441436374669092,0,0.13203968,0
294,0,0,0.10507936462781538,0,0.09025202,0
295,0,0,0.12450108818813553,0,0.1232014,0
296,0,1,0.13334614402827147,0,0.17102548,0
297,0,1,0.08588886665725542,0,0.09894538,0
298,0,0,0.07940792026150137,0,0.08434273,0
299,0,1,0.08559790364519985,0,0.09712324,0
300,0,1,0.11720187335436749,0,0.10049125,0
301,0,1,0.18570054569310324,0,0.16381115,0
302,0,0,0.05778925265014124,0,0.026913408,0
303,0,0,0.18693095671600085,0,0.23059508,0
304,0,1,0.056368047834845794,0,0.06910068,0
305,1,0,0.20913827761088272,0,0.19354013,0
306,1,1,0.08342911767809892,0,0.09612829,0
307,0,0,0.30406907637597075,0,0.37819344,0
308,0,1,0.10886684127330871,0,0.16894275,0
309,0,1,0.1496677297526726,0,0.13347568,0
310,0,1,0.22017769254832065,0,0.31991574,0
311,0,1,0.3863305120984837,0,0.33415258,0
312,0,1,0.09479763308945108,0,0.09933413,0
313,0,0,0.17380743531502119,0,0.17026398,0
314,0,1,0.1184274710550049,0,0.14920177,0
315,1,1,0.11501844292709379,0,0.1032087,0
316,0,0,0.13373243003961438,0,0.12422491,0
317,0,1,0.21892882272837913,0,0.25011495,0
318,1,1,0.2580554087554775,0,0.28024083,0
319,0,1,0.1651007941059977,0,0.1583826,0
320,0,0,0.13019250021967965,0,0.12259897,0
321,0,1,0.1191076948979933,0,0.12831339,0
322,0,1,0.12292619972589675,0,0.118638925,0
323,0,1,0.17731652314044108,0,0.20585404,0
324,1,0,0.1140617225790488,0,0.11509381,0
325,0,0,0.21797356889671293,0,0.2538044,0
326,0,1,0.17227335418681616,0,0.14590843,0
327,1,0,0.14032043538014133,0,0.13193567,0
328,0,0,0.15763327600016644,0,0.13418551,0
329,0,1,0.2759627781190326,0,0.4113724,0
330,0,0,0.19985249765701943,0,0.21211837,0
331,0,0,0.11431116886402165,0,0.116251916,0
332,0,1,0.1721298470379696,0,0.17679895,0
333,0,0,0.07448617117048112,0,0.06838685,0
334,0,0,0.11007755534771549,0,0.0936825,0
335,0,1,0.07402460132162844,0,0.05370114,0
336,0,0,0.2174230649884653,0,0.18444255,0
337,0,1,0.11871195282478145,0,0.12276979,0
338,0,1,0.16674380661214247,0,0.15219636,0
339,0,0,0.20953561382530883,0,0.22300816,0
340,0,1,0.09558401395070143,0,0.09832494,0
341,0,1,0.08953150990128222,0,0.11815242,0
342,0,1,0.13200775157798503,0,0.13418609,0
343,0,1,0.12613566880848512,0,0.13045268,0
344,0,1,0.14530210943239635,0,0.1616347,0
345,1,1,0.06806149801310285,0,0.040583003,0
346,1,1,0.08057726223750453,0,0.07232915,0
347,1,1,0.11204220739883178,0,0.103525,0
348,0,0,0.23031061399501712,0,0.19535659,0
349,1,1,0.12320231001418101,0,0.12214574,0
350,0,0,0.26373215955482704,0,0.2945871,0
351,0,1,0.14621006168858453,0,0.123933524,0
352,0,0,0.18018824352487242,0,0.15443635,0
353,0,0,0.12409838969881413,0,0.12331663,0
354,0,1,0.13037973610636389,0,0.13621129,0
355,1,1,0.09375438558369154,0,0.09737151,0
356,0,0,0.12683303973514612,0,0.13411134,0
357,1,1,0.0965108412246244,0,0.09388066,0
358,0,0,0.1428852523178827,0,0.15199596,0
359,0,1,0.18354409758878146,0,0.2043042,0
360,0,1,0.19516691082439033,0,0.15703028,0
361,1,0,0.17212955539616345,0,0.18823218,0
362,0,1,0.1326147012086948,0,0.13759829,0
363,0,1,0.07700214208997276,0,0.0642841,0
364,0,1,0.13339558178147418,0,0.10775436,0
365,1,0,0.18030251792591553,0,0.16628397,0
366,0,1,0.22545515607798292,0,0.23606515,0
367,1,1,0.10783087436707525,0,0.13865906,0
368,0,1,0.1513120433298936,0,0.19006738,0
369,0,0,0.13061000902942319,0,0.12588635,0
370,1,1,0.29297374515622265,0,0.2731974,0
371,0,1,0.11463673501011962,0,0.13674133,0
372,0,1,0.1616064533473266,0,0.13516086,0
373,0,0,0.07729087037720735,0,0.0505615,0
374,1,0,0.13940215377570248,0,0.1449598,0
375,0,0,0.19875669126515577,0,0.21506071,0
376,0,1,0.0990078230138462,0,0.07648079,0
377,0,0,0.15495746032074745,0,0.16711414,0
378,0,1,0.1301640098029295,0,0.16364303,0
379,0,0,0.06191141148637538,0,0.05513623,0
380,1,1,0.16251301867141216,0,0.17051981,0
381,0,1,0.14558608090196098,0,0.12900314,0
382,0,1,0.20290561519255731,0,0.19488932,0
383,0,0,0.1835543961060861,0,0.18567947,0
384,0,0,0.1379096480328093,0,0.110949166,0
385,0,1,0.0899352878824155,0,0.068059504,0
386,1,0,0.2822724520978679,0,0.26319665,0
387,0,0,0.11695511069740538,0,0.13231547,0
388,1,1,0.21012173623338828,0,0.23047024,0
389,0,0,0.07600836538137584,0,0.078584634,0
390,0,0,0.08655519553765166,0,0.08116733,0
391,1,0,0.13867627352897383,0,0.13786215,0
392,0,1,0.06385322280876106,0,0.049633145,0
393,0,1,0.09389878685736806,0,0.10498298,0
394,0,1,0.14436449162040932,0,0.15930751,0
395,0,0,0.08919243423862587,0,0.098837,0
396,0,0,0.12450108818813553,0,0.1232014,0
397,1,0,0.15303620240986687,0,0.10557036,0
398,0,1,0.06988411732090509,0,0.05377199,0
399,0,1,0.15884764124645218,0,0.15965272,0
400,0,0,0.13906812568798965,0,0.15153345,0
401,0,0,0.13582129172965499,0,0.14024357,0
402,0,1,0.13443057472783623,0,0.11647811,0
403,0,1,0.12705805163792894,0,0.1113009,0
404,0,1,0.06793112888164109,0,0.06945925,0
405,0,0,0.09011516803501357,0,0.09083843,0
406,0,0,0.163898750382024,0,0.16559614,0
407,0,1,0.08224778833734761,0,0.07168088,0
408,1,0,0.18405682776575455,0,0.13826092,0
409,1,0,0.09092571699128453,0,0.09082213,0
410,0,1,0.09934847202011708,0,0.11145287,0
411,1,1,0.17829775003748513,0,0.23836893,0
412,0,1,0.08106920766703277,0,0.06840747,0
413,0,0,0.07318949875108016,0,0.0714246,0
414,0,0,0.20023870768171498,0,0.2045685,0
415,1,1,0.1921177022755615,0,0.20549725,0
416,1,1,0.1609644604254251,0,0.15140496,0
417,0,0,0.09904482273123037,0,0.09514825,0
418,0,1,0.26189530710251496,0,0.28272507,0
419,0,0,0.0877600854738301,0,0.07473658,0
420,0,1,0.23931111927567125,0,0.27251735,0
421,0,1,0.17379272033251134,0,0.20892826,0
422,0,1,0.1095856811175946,0,0.11618051,0
423,0,1,0.11432664788001884,0,0.11462386,0
424,0,1,0.2743496385148154,0,0.24996382,0
425,1,1,0.2845967147980141,0,0.2816338,0
426,1,1,0.101518524780291,0,0.07534009,0
427,0,1,0.06485380580068273,0,0.040771168,0
428,0,1,0.09686702380570357,0,0.087548696,0
429,0,0,0.2844793717421722,0,0.27536345,0
430,0,1,0.0830436574542869,0,0.07153454,0
431,0,1,0.1624001418189966,0,0.15703182,0
432,0,1,0.13061000902942319,0,0.12588635,0
433,0,1,0.18365341885127687,0,0.17107381,0
434,0,1,0.18674457792532595,0,0.18077245,0
435,1,1,0.17563957314390222,0,0.17077701,0
436,1,1,0.22293651571729153,0,0.2268394,0
437,0,0,0.09127407761588488,0,0.09812304,0
438,0,1,0.10823045047102854,0,0.12872075,0
439,0,1,0.09149129587417257,0,0.07538782,0
440,0,1,0.12912841399088734,0,0.14713503,0
441,0,1,0.1480134636360421,0,0.1640765,0
442,0,1,0.1897418286421731,0,0.18513714,0
443,0,1,0.11037707260915425,0,0.1414104,0
444,0,0,0.054608017426144684,0,0.036615916,0
445,0,1,0.09410430954399263,0,0.113508895,0
446,0,0,0.10524436272186181,0,0.12989317,0
447,0,1,0.07134619502168901,0,0.11032156,0
448,0,1,0.12274389022421957,0,0.13441764,0
449,0,1,0.2842899305942488,0,0.253634,0
450,0,1,0.19074128199418497,0,0.16401501,0
451,0,1,0.08742113112353765,0,0.07308862,0
452,0,0,0.14305790686712153,0,0.14012773,0
453,0,1,0.14664559480790826,0,0.17520341,0
454,0,0,0.1580511206803573,0,0.17004897,0
455,0,1,0.1326314362884247,0,0.1405217,0
456,0,0,0.10632691375774853,0,0.08882464,0
457,0,1,0.09522224302651361,0,0.07429302,0
458,0,0,0.10354865912782903,0,0.091165505,0
459,0,1,0.17708891986300068,0,0.16387293,0
460,0,1,0.13521413259678913,0,0.13304415,0
461,0,1,0.12725708677016215,0,0.083016455,0
462,0,1,0.11773993984424425,0,0.12622224,0
463,0,1,0.26455024697562185,0,0.25988656,0
464,0,0,0.1669995012894366,0,0.16387366,0
465,0,0,0.080996039490895,0,0.075317085,0
466,0,1,0.2491595112660511,0,0.20602286,0
467,0,0,0.13913785672750031,0,0.14068222,0
468,0,1,0.10002789596920446,0,0.09719505,0
469,0,1,0.12467946520853798,0,0.13314866,0
470,0,1,0.1303016901271952,0,0.09832297,0
471,1,1,0.21507755257904554,0,0.19516829,0
472,0,0,0.07795504167110572,0,0.0729698,0
473,0,0,0.20488564751253865,0,0.23252364,0
474,0,1,0.07656325563537025,0,0.067663565,0
475,1,1,0.188581858939464,0,0.15864754,0
476,0,1,0.11390683702858515,0,0.11864623,0
477,0,0,0.13100326944033286,0,0.10737867,0
478,0,1,0.10119855385615806,0,0.10091902,0
479,1,1,0.12671501684280737,0,0.088103004,0
480,0,0,0.2609237410399889,0,0.27197853,0
481,0,1,0.09622017408577842,0,0.10335048,0
482,0,1,0.12340969159187494,0,0.12968801,0
483,1,0,0.08648826884923942,0,0.07636687,0
484,0,0,0.19291202817721678,0,0.16676243,0
485,0,1,0.11600571873963357,0,0.1370975,0
486,0,0,0.18601071522276696,0,0.2279688,0
487,1,1,0.25943609873186707,0,0.20827705,0
488,0,0,0.10111685250594538,0,0.069691144,0
489,0,0,0.14863026006709848,0,0.12730893,0
490,0,1,0.07034814980931425,0,0.055507526,0
491,1,1,0.15536110340175693,0,0.18946712,0
492,0,1,0.2486108395748611,0,0.23662773,0
493,0,0,0.0801804597815982,0,0.070029534,0
494,0,1,0.15105808576052795,0,0.16593292,0
495,1,0,0.1436930777408788,0,0.13316944,0
496,0,0,0.10138052101223503,0,0.1029702,0
497,0,0,0.08104129842272607,0,0.09680565,0
498,0,0,0.13323275507794993,0,0.15668035,0
499,0,0,0.11344709451660169,0,0.12804514,0
500,1,0,0.1171326692647273,0,0.14898841,0
501,0,0,0.1515555326200764,0,0.16876532,0
502,0,0,0.19639448201628032,0,0.19333902,0
503,0,1,0.09374296835084266,0,0.14741321,0
504,0,0,0.08340576040494735,0,0.08718202,0
505,0,1,0.07402460132162844,0,0.05370114,0
506,0,0,0.31095700910011137,0,0.3975174,0
507,0,0,0.15721550831188666,0,0.114627734,0
508,0,1,0.18927093490778257,0,0.15834035,0
509,0,0,0.205274467865062,0,0.2130407,0
510,0,0,0.1505561859605226,0,0.14548248,0
511,0,1,0.19521264022282422,0,0.16209166,0
512,0,1,0.09533392684895103,0,0.114657216,0
513,1,1,0.19242488306250255,0,0.2184933,0
514,1,1,0.23182281317838982,0,0.223425,0
515,0,0,0.06863599768210203,0,0.048413515,0
516,0,1,0.0884253988991636,0,0.07217687,0
517,0,0,0.05935014489294989,0,0.053837694,0
518,1,1,0.14197042644738644,0,0.16644543,0
519,0,1,0.12487859698799333,0,0.10967285,0
520,1,1,0.13618803410720368,0,0.13188864,0
521,0,1,0.07365283192419805,0,0.052272003,0
522,0,1,0.18255707799342016,0,0.22823209,0
523,0,1,0.0707963784343142,0,0.046426397,0
524,1,1,0.1624024139607115,0,0.17050083,0
525,0,1,0.0944771004521312,0,0.117291205,0
526,0,0,0.1780678325411879,0,0.19040298,0
527,1,1,0.12335383040903523,0,0.12230118,0
528,1,1,0.403792538345559,0,0.32987264,0
529,0,0,0.11739132597073404,0,0.11668134,0
530,0,0,0.1059636000133261,0,0.08178841,0
531,0,1,0.2106037752397868,0,0.1871482,0
532,1,1,0.1264880562563686,0,0.13434502,0
533,0,0,0.10114445639840153,0,0.12334209,0
534,0,0,0.062230486714479026,0,0.03587757,0
535,1,1,0.0736543199327246,0,0.06602726,0
536,0,1,0.11033782450168902,0,0.09246468,0
537,0,1,0.30186154833956785,0,0.23959385,0
538,0,1,0.120555079379982,0,0.108487494,0
539,0,1,0.2325626456207805,0,0.2986528,0
540,0,1,0.13350159423876665,0,0.16725896,0
541,1,1,0.15575802557176874,0,0.16185576,0
542,0,0,0.11197195984225372,0,0.10726614,0
543,0,1,0.059318342679467145,0,0.03746682,0
544,0,0,0.12589304040983584,0,0.13663399,0
545,1,1,0.1451048852331565,0,0.16220401,0
546,0,1,0.36461587055226746,0,0.31791863,0
547,0,1,0.15276984402771926,0,0.19071947,0
548,0,0,0.19339830425992807,0,0.16201693,0
549,0,1,0.2429712430655496,0,0.2861566,0
550,1,1,0.12601467152609358,0,0.1342858,0
551,0,0,0.14242281290000977,0,0.22770712,0
552,0,1,0.06540517836177169,0,0.04375414,0
553,1,1,0.07631498113742083,0,0.054619722,0
554,1,1,0.11201990838767051,0,0.14467667,0
555,1,0,0.22434364730823253,0,0.16844565,0
556,0,1,0.243645094666541,0,0.20093997,0
557,0,1,0.0605993719449507,0,0.04464026,0
558,1,1,0.1572215910362004,0,0.2532504,0
559,0,1,0.23489068270895844,0,0.22171663,0
560,0,1,0.1319906335761971,0,0.14986826,0
561,0,0,0.11153750014635311,0,0.09423666,0
562,0,0,0.09216901979542891,0,0.07247986,0
563,0,0,0.12323697080626882,0,0.10468907,0
564,0,1,0.17513299592062775,0,0.17906426,0
565,0,0,0.1248320118574638,0,0.13057096,0
566,0,0,0.17573249234634655,0,0.15828162,0
567,0,0,0.09068297586728395,0,0.10979155,0
568,0,0,0.14594667126324534,0,0.17195256,0
569,0,0,0.13644632970741208,0,0.15349914,0
570,0,1,0.1521323431394593,0,0.12175469,0
571,0,1,0.0963388555315694,0,0.085655436,0
572,0,1,0.1714178922124312,0,0.18873315,0
573,1,1,0.1530529483376993,0,0.10420177,0
574,0,0,0.1752641909956281,0,0.23206532,0
575,0,1,0.17409831607983892,0,0.17959538,0
576,0,1,0.10858645190136215,0,0.16193241,0
577,0,1,0.08648826884923942,0,0.07636687,0
578,0,1,0.11232910021420085,0,0.08825421,0
579,0,0,0.12113220777922966,0,0.13215494,0
580,0,0,0.1851715976686337,0,0.15206446,0
581,0,1,0.09041009259745679,0,0.09386687,0
582,0,1,0.14813153054644815,0,0.17362241,0
583,0,1,0.20444589514657174,0,0.24507226,0
584,0,1,0.10555654636037541,0,0.15685126,0
585,0,0,0.26845662350727734,0,0.3602968,0
586,0,1,0.11632094035981881,0,0.16069843,0
587,1,1,0.2719311376294716,0,0.28635508,0
588,0,1,0.15324976924494346,0,0.14582534,0
589,0,1,0.10041833602878752,0,0.0996219,0
590,0,1,0.13333372466757004,0,0.14675611,0
591,0,1,0.21016910903156197,0,0.12674327,0
592,1,1,0.1685482757820272,0,0.17812414,0
593,0,0,0.17424324071347078,0,0.16859414,0
594,1,0,0.16211471497721477,0,0.18226826,0
595,0,1,0.1070654506153748,0,0.11649128,0
596,0,0,0.14857579678705346,0,0.16479409,0
597,1,1,0.18847022208390782,0,0.20518163,0
598,1,0,0.12925500718917862,0,0.1339859,0
599,0,1,0.14246350434876864,0,0.17677946,0
600,0,1,0.23757282944837807,0,0.29663303,0
601,0,1,0.14160996981238172,0,0.1270051,0
602,1,1,0.10621887408541049,0,0.11654556,0
603,0,1,0.1852602120820606,0,0.1842474,0
604,0,1,0.05925252194298991,0,0.03757327,0
605,1,1,0.326566386054445,0,0.34906417,0
606,0,1,0.06382731183357114,0,0.038167033,0
607,0,1,0.08144348946595957,0,0.08725369,0
608,1,1,0.16391939291567886,0,0.15887965,0
609,0,1,0.17076891309540615,0,0.23087351,0
610,0,1,0.1379863162735708,0,0.11516364,0
611,0,0,0.19550803805242675,0,0.20697565,0
612,0,1,0.06912838708527272,0,0.0435886,0
613,0,1,0.25824545083093775,0,0.29608873,0
614,0,1,0.11468916567097012,0,0.12542276,0
615,0,1,0.1486004196244959,0,0.16860317,0
616,0,0,0.14651326031454118,0,0.13690141,0
617,1,0,0.17002826619131703,0,0.1917169,0
618,0,0,0.12449140317297121,0,0.15841942,0
619,0,1,0.2299302940603884,0,0.19225693,0
620,0,0,0.1626996120188508,0,0.20488465,0
621,0,1,0.0828128389702123,0,0.10061491,0
622,0,0,0.15514880040646903,0,0.15064119,0
623,0,0,0.214584212601414,0,0.21777473,0
624,0,1,0.18422255992531972,0,0.20528893,0
625,0,1,0.16056776533525238,0,0.1501117,0
626,0,1,0.15515328804852574,0,0.17338568,0
627,0,0,0.0826734174344692,0,0.0784218,0
628,0,0,0.14857579678705346,0,0.16479409,0
629,0,0,0.12596097379431276,0,0.11325183,0
630,1,1,0.14969828223955475,0,0.13207625,0
631,0,0,0.19934985244425854,0,0.22030295,0
632,0,1,0.23413416613248195,0,0.2899299,0
633,0,1,0.11719930508989104,0,0.10049125,0
634,0,0,0.1398910257486401,0,0.10178205,0
635,0,1,0.14755589211951697,0,0.12563859,0
636,0,1,0.18554126417622308,0,0.1870425,0
637,0,1,0.22250360740485542,0,0.20574073,0
638,0,0,0.06217177531425794,0,0.06642671,0
639,0,1,0.11554957528338138,0,0.12010954,0
640,0,0,0.11939235008162175,0,0.11065792,0
641,1,1,0.15047691198654192,0,0.10847825,0
642,0,1,0.10152922494083258,0,0.09894488,0
643,1,0,0.1218658657156782,0,0.1495436,0
644,0,1,0.07247651128975968,0,0.053326465,0
645,0,0,0.15669845454380127,0,0.16513056,0
646,0,0,0.10912742678224131,0,0.12609188,0
647,1,1,0.15289629733087307,0,0.1707624,0
648,0,1,0.2579638235641862,0,0.3020138,0
649,0,1,0.0899172410836467,0,0.06990491,0
650,0,0,0.14758726533895974,0,0.13433275,0
651,0,0,0.1326623795316266,0,0.17036499,0
652,0,1,0.1140567914478357,0,0.13341746,0
653,0,0,0.05925252194298991,0,0.03757327,0
654,0,1,0.10171291642493877,0,0.08542587,0
655,0,0,0.12450108818813553,0,0.1232014,0
656,0,0,0.2214297552741578,0,0.21045542,0
657,0,1,0.22987537005750153,0,0.27418458,0
658,1,0,0.27886798123683154,0,0.23676474,0
659,0,0,0.16505894777514343,0,0.14796229,0
660,1,1,0.15931012696567828,0,0.14808613,0
661,0,0,0.07274608097047278,0,0.04289458,0
662,0,1,0.12029260682071521,0,0.15221588,0
663,0,1,0.20967225859069244,0,0.27617761,0
664,0,0,0.10445408833944134,0,0.08778643,0
665,0,0,0.12175924025610588,0,0.12047442,0
666,0,1,0.12943581908392454,0,0.13154314,0
667,0,1,0.09526315675705664,0,0.102802746,0
668,0,1,0.1529603915290189,0,0.17761333,0
669,0,1,0.10286571891172724,0,0.13878953,0
670,0,0,0.16246020764666738,0,0.13359937,0
671,0,1,0.1548602682283342,0,0.14193934,0
672,0,1,0.15889688347246197,0,0.18695103,0
673,0,1,0.12345199266861867,0,0.07248076,0
674,0,0,0.10899034851914603,0,0.13951017,0
675,0,1,0.1452853935283369,0,0.15441115,0
676,0,1,0.11038911965068404,0,0.10242695,0
677,0,1,0.130154716430545,0,0.1706291,0
678,1,1,0.2322675024218487,0,0.19424891,0
679,1,1,0.1747305818081084,0,0.16959381,0
680,0,1,0.0789574672172717,0,0.06482967,0
681,0,0,0.11426462679720056,0,0.088237874,0
682,0,0,0.17452255321990018,0,0.19053134,0
683,0,0,0.1626588510072888,0,0.15176457,0
684,0,1,0.31350105426400227,0,0.28981447,0
685,1,0,0.12164936743481608,0,0.096109025,0
686,1,1,0.15462503232810823,0,0.20918271,0
687,0,0,0.12196135350907877,0,0.15792644,0
688,0,1,0.22528107863906455,0,0.21005723,0
689,0,1,0.2695394837164933,0,0.17887647,0
690,0,1,0.1723542166634795,0,0.1469168,0
691,0,0,0.06867598474366884,0,0.057695124,0
692,0,1,0.09518288601230124,0,0.100405544,0
693,0,1,0.23195830868411615,0,0.17749229,0
694,0,0,0.10419378936376752,0,0.10995261,0
695,1,1,0.15574385721214032,0,0.16170058,0
696,0,0,0.20982498073243686,0,0.19248699,0
697,0,1,0.1663682789289698,0,0.17312855,0
698,0,0,0.07274608097047278,0,0.04289458,0
699,0,0,0.21248489158601405,0,0.1486381,0
700,0,0,0.10624420054640715,0,0.09911615,0
701,0,0,0.11152805245130298,0,0.09831279,0
702,0,0,0.16791406619460067,0,0.15078206,0
703,0,1,0.11761206722095856,0,0.17141692,0
704,1,1,0.16743937625959782,0,0.2005872,0
705,0,0,0.11739132597073404,0,0.11668134,0
706,0,0,0.06376223205493271,0,0.04064027,0
707,1,1,0.23115387705023727,0,0.099493854,0
708,0,1,0.11783863286797476,0,0.1228797,0
709,0,1,0.0702034996520826,0,0.05032529,0
710,0,1,0.08311889180539868,0,0.07265999,0
711,0,0,0.14693279553698094,0,0.14659691,0
712,0,1,0.10401447287507157,0,0.071826324,0
713,0,1,0.1035561741848291,0,0.10119286,0
714,0,1,0.11466944371712301,0,0.12504163,0
715,0,1,0.21482384805800098,0,0.24104963,0
716,0,1,0.12935015120555973,0,0.1380802,0
717,0,1,0.19709442884961617,0,0.17800015,0
718,0,0,0.11863890411358413,0,0.08460731,0
719,0,1,0.1930913634327588,0,0.22061871,0
720,0,1,0.17611402577878846,0,0.16500597,0
721,0,0,0.08768024413888426,0,0.073689185,0
722,0,1,0.14994970594808507,0,0.19429679,0
723,1,0,0.18494895349355275,0,0.17077301,0
724,0,1,0.10110167554548592,0,0.07086099,0
725,0,1,0.14145213057623807,0,0.131026,0
726,1,1,0.285238452661094,0,0.23740774,0
727,1,1,0.3376694309265788,0,0.26710996,0
728,1,1,0.15556994584322034,0,0.14303102,0
729,0,0,0.19333213315618367,0,0.17843387,0
730,0,0,0.1851969765817871,0,0.19364817,0
731,0,0,0.2258659744054431,0,0.20522426,0
732,0,0,0.16157232485639286,0,0.16960159,0
733,0,1,0.08738907331429104,0,0.081147864,0
734,0,0,0.09705959840705077,0,0.086503886,0
735,0,1,0.21877229346953034,0,0.24505746,0
736,0,1,0.1020121058612454,0,0.077758975,0
737,0,1,0.09264417524245747,0,0.0747304,0
738,0,1,0.18618509729136384,0,0.23789153,0
739,0,1,0.15866884711806528,0,0.10645704,0
740,0,0,0.2573065566165164,0,0.2477902,0
741,0,1,0.16041404323298714,0,0.14992312,0
742,0,1,0.13327333684982234,0,0.13553956,0
743,0,1,0.11034497459251806,0,0.12350896,0
744,0,1,0.1166743277970996,0,0.11517816,0
745,0,0,0.12000645964364691,0,0.111219615,0
746,0,1,0.08615640551349267,0,0.0832741,0
747,0,0,0.17027456884350872,0,0.16378337,0
748,0,1,0.10128092850490383,0,0.11577846,0
749,0,1,0.12724757560092048,0,0.19897023,0
750,0,1,0.1887345622556802,0,0.21129028,0
751,0,0,0.07931044066240503,0,0.08153922,0
752,0,1,0.15210026785395875,0,0.13095291,0
753,0,1,0.14347223280049368,0,0.14758845,0
754,0,0,0.17165225298587744,0,0.14753994,0
755,0,1,0.09400100299916267,0,0.09908882,0
756,0,0,0.11129758411940138,0,0.15079692,0
757,0,1,0.15738797744002297,0,0.19091107,0
758,0,0,0.08971508613827049,0,0.078419186,0
759,0,1,0.3282766951167328,0,0.2255569,0
760,0,1,0.15661769746054557,0,0.13581163,0
761,0,1,0.0883745871256177,0,0.07400903,0
762,0,0,0.1697063211725464,0,0.20350388,0
763,0,0,0.2176279464629877,0,0.2137654,0
764,0,1,0.22692765173854323,0,0.21247612,0
765,1,1,0.18491163351289544,0,0.15925103,0
766,0,0,0.08517797287797227,0,0.08096741,0
767,0,1,0.21732260942457052,0,0.17240253,0
768,0,1,0.21495291031434918,0,0.20968343,0
769,0,0,0.15262623503870268,0,0.14076966,0
770,0,1,0.17022072700517688,0,0.16906571,0
771,0,1,0.06647061317290646,0,0.060752936,0
772,0,1,0.12467804914412922,0,0.13314866,0
773,0,0,0.17031599975783265,0,0.2605378,0
774,0,0,0.14557148507580983,0,0.1290428,0
775,0,1,0.056275545916227895,0,0.04088042,0
776,0,0,0.06544403994868685,0,0.041509297,0
777,0,0,0.1627750587845144,0,0.21011494,0
778,0,0,0.27231642650366455,0,0.30323207,0
779,0,1,0.09066396573228615,0,0.0832231,0
780,0,0,0.14069710648108122,0,0.17348593,0
781,0,1,0.1660313076425572,0,0.17507279,0
782,0,1,0.1178534124279911,0,0.11823849,0
783,0,1,0.11998191604703419,0,0.11482385,0
784,0,1,0.17012755702803414,0,0.17568935,0
785,0,1,0.18855364072256206,0,0.1792549,0
786,0,0,0.14254372845297555,0,0.17296353,0
787,0,1,0.23132492462199075,0,0.2518341,0
788,0,1,0.20375679179558825,0,0.18579067,0
789,1,1,0.13960846441512195,0,0.12881725,0
790,0,1,0.07439781240940499,0,0.055004593,0
791,0,0,0.08769525012209976,0,0.082976475,0
792,0,1,0.16332313783071994,0,0.16124529,0
793,0,0,0.12791936968239742,0,0.15334052,0
794,0,0,0.08704928553710939,0,0.08061418,0
795,0,1,0.19688206008945514,0,0.20181581,0
796,0,1,0.17611402577878846,0,0.16500597,0
797,0,0,0.25807377231417983,0,0.2387535,0
798,0,1,0.12925500718917862,0,0.1339859,0
799,0,1,0.18018524342638276,0,0.15443635,0
800,1,0,0.1392534580579939,0,0.12020835,0
801,1,1,0.23258147482611596,0,0.30309424,0
802,0,0,0.12725525402539148,0,0.14209779,0
803,0,1,0.17611402577878846,0,0.16500597,0
804,0,1,0.11047388696243711,0,0.13411061,0
805,0,0,0.09066761690082839,0,0.079388626,0
806,0,0,0.1292847571057128,0,0.11794796,0
807,0,1,0.17093606302116685,0,0.16433655,0
808,0,0,0.07063988121558426,0,0.05494239,0
809,0,1,0.13665878415093463,0,0.15332243,0
810,0,1,0.15467375147792572,0,0.12928441,0
811,0,1,0.08628115337554781,0,0.06338845,0
812,0,1,0.11385875927318657,0,0.11154148,0
813,0,0,0.15418625478841236,0,0.10774419,0
814,0,0,0.17687627211224616,0,0.17082644,0
815,1,1,0.15521192513477816,0,0.16409984,0
816,1,1,0.1451048852331565,0,0.16220401,0
817,0,0,0.07883302631951801,0,0.11548718,0
818,0,1,0.21504902972415618,0,0.24191299,0
819,0,1,0.15068541407674324,0,0.14733158,0
820,0,1,0.22779414117438815,0,0.18852258,0
821,0,1,0.19174449320689835,0,0.17996797,0
822,0,0,0.26485559536027276,0,0.33834845,0
823,0,0,0.10806238474633627,0,0.11539097,0
824,0,1,0.09421682281056715,0,0.062390104,0
825,0,1,0.12032811326187577,0,0.12910622,0
826,0,1,0.09159499432424334,0,0.1576405,0
827,0,1,0.11583975714704907,0,0.10392232,0
828,0,1,0.0828194381101889,0,0.08193684,0
829,0,1,0.24193357961715162,0,0.20028047,0
830,0,1,0.21020357122136435,0,0.17051794,0
831,0,0,0.1762839880924145,0,0.16827318,0
832,0,0,0.12145165753298175,0,0.15934594,0
833,0,1,0.14668716970573525,0,0.13573705,0
834,0,1,0.22400779700752582,0,0.2054278,0
835,0,0,0.14413072712968808,0,0.12785451,0
836,0,1,0.15128355984268538,0,0.15942618,0
837,0,1,0.19848833261095414,0,0.1920064,0
838,0,1,0.2119922326217773,0,0.22790945,0
839,0,1,0.251093567316924,0,0.24489689,0
840,0,0,0.15289629733087307,0,0.1707624,0
841,1,0,0.12000333723317519,0,0.12589264,0
842,0,1,0.17920203942213606,0,0.20779279,0
843,0,1,0.22240740749332774,0,0.22131844,0
844,0,0,0.14139400777282551,0,0.1419823,0
845,1,1,0.132617011966647,0,0.16010012,0
846,0,1,0.18043316136558155,0,0.15378104,0
847,0,1,0.06999020465690088,0,0.071035616,0
848,0,1,0.1721298470379696,0,0.17679895,0
849,0,1,0.1762155515672618,0,0.18199669,0
850,1,0,0.2188403250909352,0,0.27611852,0
851,0,0,0.29840636378573937,0,0.2526537,0
852,0,1,0.09559623142077779,0,0.10439959,0
853,0,1,0.10534105190010626,0,0.091773555,0
854,1,1,0.13279926873096415,0,0.13828912,0
855,1,1,0.2605839628307655,0,0.2747845,0
856,0,1,0.0883278949418744,0,0.08471115,0
857,0,1,0.16273873145392168,0,0.1859708,0
858,1,1,0.20260013517407024,0,0.20648299,0
859,0,1,0.19261753626934142,0,0.2387434,0
860,0,1,0.15580919586170258,0,0.14906195,0
861,0,1,0.167728740689381,0,0.15084463,0
862,0,0,0.1774076019851787,0,0.12976035,0
863,0,1,0.15075140792847053,0,0.17632209,0
864,0,1,0.09700176994994207,0,0.09330389,0
865,0,0,0.14029069848019668,0,0.13193567,0
866,0,0,0.07933116394981601,0,0.08538175,0
867,0,1,0.12587059969404374,0,0.10670422,0
868,0,1,0.1463310266591344,0,0.13489302,0
869,0,0,0.13210632920258444,0,0.1357986,0
870,0,1,0.05925252194298991,0,0.03757327,0
871,0,1,0.16896169807201336,0,0.15126286,0
872,0,0,0.1491776704957179,0,0.17975228,0
873,0,1,0.08405547288496486,0,0.068187594,0
874,1,0,0.1670016537548336,0,0.18644516,0
875,0,0,0.1181269724200604,0,0.19079924,0
876,0,1,0.10789958325924055,0,0.108414225,0
877,0,1,0.10563500321759325,0,0.14488691,0
878,0,1,0.1624024139607115,0,0.17050083,0
879,0,1,0.08443993703973425,0,0.076000825,0
880,0,1,0.07860022651786777,0,0.07595742,0
881,0,1,0.15289629733087307,0,0.1707624,0
882,0,0,0.15307331604157637,0,0.12829424,0
883,0,0,0.16209505748382014,0,0.15612131,0
884,0,1,0.09869858526281905,0,0.08565633,0
885,1,1,0.24389795491395813,0,0.27340248,0
886,0,1,0.07993480638780996,0,0.06304065,0
887,0,1,0.11762267242025175,0,0.12116503,0
888,0,1,0.1982184930044354,0,0.19178835,0
889,0,1,0.136148415568307,0,0.16143559,0
890,0,0,0.13660630983708222,0,0.13678135,0
891,0,1,0.16446035564732392,0,0.08980234,0
892,0,1,0.15699887718887284,0,0.18202797,0
893,1,0,0.17408475409928936,0,0.22653267,0
894,1,1,0.21948395330889242,0,0.27693328,0
895,1,1,0.21375352246970306,0,0.25157696,0
896,0,0,0.09931680075923251,0,0.07125254,0
897,0,1,0.10394070989332274,0,0.11380855,0
898,0,1,0.14814209988453678,0,0.14754887,0
899,0,0,0.15579979629408716,0,0.19195202,0
900,0,1,0.10506934407686727,0,0.111785814,0
901,1,1,0.17052462141831562,0,0.18536364,0
902,0,1,0.240079301571499,0,0.21975838,0
903,0,1,0.09762824571735934,0,0.10871774,0
904,0,1,0.1365573513455397,0,0.13308422,0
905,0,1,0.12118721767708826,0,0.117470294,0
906,0,1,0.16040449956003364,0,0.18971121,0
907,0,1,0.09396725625400405,0,0.11571691,0
908,0,1,0.21448538971773548,0,0.19430842,0
909,0,1,0.20984862442480504,0,0.19256243,0
910,0,0,0.08377640700459253,0,0.06465065,0
911,0,0,0.10811264406621472,0,0.096781,0
912,1,1,0.09622098566329347,0,0.093412,0
913,1,1,0.15334457426545076,0,0.14819504,0
914,0,1,0.062466344066967064,0,0.039634936,0
915,0,1,0.1665036332907316,0,0.14982688,0
916,0,0,0.11116496249680871,0,0.12724967,0
917,0,1,0.15204920007276104,0,0.16852497,0
918,0,1,0.21462567072189498,0,0.20195276,0
919,0,1,0.1327598899751361,0,0.13137273,0
920,0,1,0.2033327976165679,0,0.17442119,0
921,0,1,0.09092571699128453,0,0.09082213,0
922,0,0,0.07692174629890984,0,0.098560944,0
923,0,1,0.1001749671381549,0,0.11732893,0
924,0,1,0.1607571375098826,0,0.14126562,0
925,0,0,0.1855767971319788,0,0.20909874,0
926,0,1,0.15995170117370508,0,0.15243323,0
927,0,1,0.1536814138943193,0,0.1349926,0
928,0,1,0.10409749383209066,0,0.087068886,0
929,0,1,0.1571662547973637,0,0.12630126,0
930,0,1,0.12735919817227737,0,0.119226925,0
931,0,0,0.09203745764002308,0,0.09879736,0
932,1,1,0.2110098296752845,0,0.20307393,0
933,0,1,0.16512181676689414,0,0.1865544,0
934,0,0,0.20083422929392278,0,0.16734622,0
935,0,1,0.22483390082040317,0,0.29222703,0
936,1,0,0.1456479161084819,0,0.106303506,0
937,0,1,0.07700214208997276,0,0.0642841,0
938,1,1,0.20070867122331992,0,0.17948379,0
939,0,0,0.11969650081197686,0,0.109955624,0
940,0,1,0.22269108168642957,0,0.1928958,0
941,0,0,0.16478694350517947,0,0.15450865,0
942,0,1,0.07706999149539273,0,0.053018283,0
943,0,0,0.07068056451430775,0,0.036527198,0
944,1,1,0.06195229839299629,0,0.06469312,0
945,0,1,0.14448694267218976,0,0.12614042,0
946,0,1,0.05484328699685446,0,0.033362396,0
947,1,1,0.17282973506925522,0,0.18786773,0
948,1,0,0.1499516250399519,0,0.15228078,0
949,0,1,0.12772499264424686,0,0.15208879,0
950,0,0,0.1125846776003722,0,0.11290096,0
951,0,1,0.188498448011666,0,0.1709052,0
952,0,1,0.08700860725545435,0,0.08967028,0
953,0,0,0.3406184918395843,0,0.21273933,0
954,0,1,0.15775995083819186,0,0.1524227,0
955,1,1,0.11998890101678714,0,0.09752363,0
956,0,0,0.07356090800059882,0,0.07014875,0
957,0,0,0.1997338012699654,0,0.1830473,0
958,0,1,0.11332849467640307,0,0.093321316,0
959,0,1,0.11191071775015371,0,0.10384928,0
960,0,1,0.11952616699694946,0,0.091177106,0
961,0,1,0.08523713988539718,0,0.08437931,0
962,0,1,0.13699118932401685,0,0.16487752,0
963,0,1,0.08613715245059944,0,0.07166592,0
964,0,0,0.17511627417052889,0,0.15274954,0
965,0,1,0.13565702531684612,0,0.20712453,0
966,0,0,0.12296158395077843,0,0.12877148,0
967,0,1,0.07288652678274968,0,0.07668495,0
968,0,1,0.1501694208526891,0,0.1696766,0
969,0,1,0.07066310659033476,0,0.060030304,0
970,0,1,0.13623172548935022,0,0.13882023,0
971,0,1,0.09092571699128453,0,0.09082213,0
972,0,0,0.16071461805730197,0,0.1555639,0
973,0,1,0.11709736256537807,0,0.09842956,0
974,0,1,0.15784800662406206,0,0.16576694,0
975,0,1,0.10327622106991036,0,0.14118086,0
976,0,1,0.07244632935156461,0,0.05259779,0
977,0,1,0.12709437935105672,0,0.13231029,0
978,0,0,0.1601447006558014,0,0.17637785,0
979,0,0,0.11728325571528017,0,0.13053788,0
980,0,1,0.22145236877731309,0,0.21045542,0
981,1,1,0.0973332890354701,0,0.09688465,0
982,0,1,0.18018145169099234,0,0.15443635,0
983,0,1,0.13469437062318393,0,0.1594227,0
984,0,0,0.10631638054811962,0,0.085978344,0
985,0,0,0.17641375545386737,0,0.15093417,0
986,0,1,0.19520851815426563,0,0.20001465,0
987,0,1,0.13762413980221044,0,0.11626168,0
988,0,1,0.27867141301168613,0,0.32231832,0
989,1,1,0.24390721424051787,0,0.27340248,0
990,0,1,0.15902199517424928,0,0.15122567,0
991,0,1,0.09874318384061903,0,0.09308175,0
992,0,0,0.2073016970978452,0,0.20161232,0
993,0,0,0.15170760733228195,0,0.18674819,0
994,0,1,0.057512766353819036,0,0.044708163,0
995,1,1,0.25329957718876045,0,0.23943055,0
996,0,1,0.07244632935156461,0,0.05259779,0
997,0,1,0.11801394789252526,0,0.1271312,0
998,0,0,0.07512421752506591,0,0.05814235,0
999,1,1,0.1460388319405608,0,0.17527133,0
1000,0,1,0.20879179443861606,0,0.18340634,0
1001,0,1,0.1884711712363421,0,0.20518163,0
1002,1,1,0.10808270758876547,0,0.11897447,0
1003,0,1,0.1666456883729453,0,0.13615842,0
1004,0,1,0.11720573108642814,0,0.11946431,0
1005,0,1,0.10608933707213476,0,0.117807426,0
1006,0,0,0.10665556523277149,0,0.12974472,0
1007,0,0,0.06695839895494847,0,0.07853681,0
1008,0,0,0.13404912148901757,0,0.12208227,0
1009,0,1,0.1833542519547043,0,0.21226121,0
1010,0,1,0.15480209497589006,0,0.169602,0
1011,0,0,0.1461404019134132,0,0.14801162,0
1012,0,0,0.13801225501409828,0,0.14502397,0
1013,0,1,0.24663080530197742,0,0.28107077,0
1014,0,0,0.07536555321857213,0,0.06767946,0
1015,1,1,0.1871996985042195,0,0.21225324,0
1016,0,0,0.1741494264484343,0,0.1828298,0
1017,0,0,0.1626429461927492,0,0.15617615,0
1018,0,0,0.20597728557341394,0,0.20021775,0
1019,0,1,0.08332070636812096,0,0.09708358,0
1020,0,0,0.2469999463038209,0,0.27416503,0
1021,0,0,0.21414336452804422,0,0.1742281,0
1022,0,0,0.19155881346457312,0,0.19071761,0
1023,0,0,0.14268141473379722,0,0.120716095,0
1024,1,0,0.18808867183066033,0,0.15610886,0
1025,0,1,0.13076677945793586,0,0.12721659,0
1026,1,1,0.15347383966788303,0,0.13003871,0
1027,0,1,0.27608199248515863,0,0.23169422,0
1028,0,1,0.13862188467400785,0,0.10934231,0
1029,0,0,0.12984218252499716,0,0.15739274,0
1030,1,0,0.2057080418340661,0,0.21925619,0
1031,0,1,0.09236949563500337,0,0.09850015,0
1032,0,1,0.07220841455587168,0,0.042251937,0
1033,1,1,0.12844016960121926,0,0.13611929,0
1034,0,1,0.127331763059383,0,0.14523841,0
1035,0,0,0.08739728024597665,0,0.06843791,0
1036,0,0,0.1475346216475348,0,0.17312028,0
1037,0,1,0.12705805163792894,0,0.1113009,0
1038,0,1,0.19520018790626306,0,0.16210732,0
1039,0,1,0.12943616871795616,0,0.13154314,0
1040,0,1,0.15056763474343118,0,0.13927014,0
1041,0,1,0.21482384805800098,0,0.24104963,0
1042,0,1,0.18572770438760033,0,0.21413557,0
1043,0,1,0.11982225567447477,0,0.12005195,0
1044,0,1,0.2753031914126037,0,0.26073915,0
1045,0,1,0.2644862265322784,0,0.19406544,0
1046,1,0,0.28620278751577394,0,0.2484344,0
1047,0,1,0.10239300079759353,0,0.098376736,0
1048,0,1,0.15708194651607252,0,0.17089875,0
1049,0,1,0.11470196353322079,0,0.08235794,0
1050,0,1,0.07928185641524228,0,0.065823324,0
1051,0,1,0.14417434908740312,0,0.1539202,0
1052,0,1,0.17679063131810743,0,0.16957244,0
1053,0,0,0.07252527807974933,0,0.047196914,0
1054,0,0,0.23274660715927986,0,0.26068082,0
1055,0,1,0.11992548818100739,0,0.12725602,0
1056,0,0,0.21393794625348442,0,0.27526987,0
1057,0,0,0.0722235528861223,0,0.039871465,0
1058,0,1,0.1353566513821077,0,0.17149386,0
1059,0,1,0.1623232478767385,0,0.17396235,0
1060,0,1,0.07435025580017675,0,0.059090678,0
1061,0,1,0.2478806270198332,0,0.16452485,0
1062,0,1,0.0801804597815982,0,0.070029534,0
1063,0,1,0.18859887433237674,0,0.14190395,0
1064,0,0,0.10622269422361465,0,0.09492848,0
1065,0,0,0.14569873757737686,0,0.13957176,0
1066,0,1,0.12959034091020263,0,0.15518802,0
1067,0,1,0.09417138841411536,0,0.10238338,0
1068,0,1,0.06056212871675131,0,0.03591506,0
1069,0,0,0.12723037592345252,0,0.14591414,0
1070,0,1,0.17286103325416338,0,0.15262668,0
1071,0,1,0.26838746001994307,0,0.22106224,0
1072,0,1,0.17170215267771305,0,0.15133479,0
1073,0,0,0.1872246942094585,0,0.19478452,0
1074,1,1,0.15788374441224523,0,0.16393368,0
1075,0,1,0.2930279119000689,0,0.2731974,0
1076,0,0,0.09436285050244915,0,0.12622696,0
1077,0,1,0.15617185796124092,0,0.14472522,0
1078,0,0,0.09819103494848284,0,0.082330234,0
1079,0,1,0.10328194216315359,0,0.14954193,0
1080,0,1,0.3625313581719187,0,0.29427552,0
1081,0,0,0.10290272643084625,0,0.107628785,0
1082,0,0,0.20016319493393794,0,0.18516487,0
1083,0,0,0.14990865032814144,0,0.1764375,0
1084,0,1,0.1326699350344628,0,0.13218044,0
1085,0,1,0.15001921961944092,0,0.121436216,0
1086,0,1,0.11432484336434956,0,0.113369174,0
1087,0,1,0.11975365265809212,0,0.1877699,0
1088,0,1,0.10127445849259582,0,0.11577846,0
1089,0,1,0.1000175868499134,0,0.106753394,0
1090,0,0,0.20213818640721087,0,0.17369832,0
1091,1,0,0.37675054026392424,0,0.18147516,0
1092,0,1,0.18323501319055008,0,0.19801894,0
1093,0,0,0.23813186625823016,0,0.22957242,0
1094,0,0,0.30553593604790547,0,0.2679592,0
1095,0,1,0.20293974928512082,0,0.21219027,0
1096,1,1,0.2005849811804179,0,0.2038561,0
1097,1,0,0.170157239941668,0,0.18139637,0
1098,0,1,0.15459244262443644,0,0.18026477,0
1099,0,1,0.30359631275779686,0,0.22719839,0
1100,0,1,0.332529769205995,0,0.24386518,0
1101,0,0,0.11160158404652369,0,0.10644593,0
1102,1,1,0.12602430241544224,0,0.15029755,0
1103,0,1,0.14215893166646282,0,0.1674376,0
1104,0,1,0.1807534011412312,0,0.16661951,0
1105,0,1,0.09486410471535946,0,0.082157135,0
1106,0,1,0.1624263967120961,0,0.17533381,0
1107,1,1,0.13282694824634922,0,0.13828912,0
1108,0,0,0.3605229026014319,0,0.36484492,0
1109,0,0,0.11739132597073404,0,0.11668134,0
1110,1,1,0.1891802720951527,0,0.16765276,0
1111,0,0,0.06686231381054432,0,0.054519475,0
1112,0,1,0.13708541210352718,0,0.16928782,0
1113,0,0,0.09777023114846912,0,0.11646331,0
1114,1,1,0.13854812310544065,0,0.14393374,0
1115,0,0,0.19261714146442754,0,0.2387434,0
1116,0,0,0.1488208546962516,0,0.22399382,0
1117,0,1,0.1844597466238366,0,0.1677132,0
1118,0,0,0.14628328783174335,0,0.13812783,0
1119,0,1,0.20391991345731178,0,0.1583641,0
1120,0,0,0.10622395289397059,0,0.084936924,0
1121,0,1,0.0655040508912474,0,0.04650275,0
1122,0,1,0.1949776386538945,0,0.20007394,0
1123,0,1,0.4167813960988311,0,0.45712692,0
1124,0,1,0.17215357896688052,0,0.2193815,0
1125,0,1,0.07134335432079324,0,0.067918696,0
1126,1,1,0.08656293458929115,0,0.08116733,0
1127,1,1,0.10110944323042442,0,0.07291119,0
1128,0,1,0.10856783223954149,0,0.17370896,0
1129,1,1,0.12172014843464328,0,0.11813,0
1130,0,1,0.2709032313286951,0,0.30207542,0
1131,0,1,0.1552992460512083,0,0.16687977,0
1132,0,1,0.13764261599526115,0,0.112211496,0
1133,0,0,0.2037829863113737,0,0.2247976,0
1134,0,0,0.14380393521292772,0,0.16386792,0
1135,0,0,0.1988924914601509,0,0.17821878,0
1136,1,0,0.13344507749471915,0,0.14079204,0
1137,0,0,0.07700214208997276,0,0.0642841,0
1138,0,0,0.14424439481399323,0,0.10752283,0
1139,0,1,0.060951931606058544,0,0.03610921,0
1140,0,1,0.1058016847654763,0,0.11265796,0
1141,0,0,0.13347981363652386,0,0.1435763,0
1142,0,1,0.20293003087178968,0,0.21219027,0
1143,0,0,0.062131378949220724,0,0.026761474,0
1144,0,1,0.16129441755153162,0,0.19110274,0
1145,1,1,0.2496502796862713,0,0.27630857,0
1146,0,1,0.08963459551776859,0,0.07568649,0
1147,0,1,0.20502107687300652,0,0.18223464,0
1148,0,0,0.21024262977493596,0,0.17302454,0
1149,0,1,0.08613715245059944,0,0.07166592,0
1150,0,1,0.13436824247473855,0,0.15712233,0
1151,0,1,0.11665604332142107,0,0.1414115,0
1152,0,1,0.07524438734352845,0,0.06602726,0
1153,0,1,0.10299645410633951,0,0.10992281,0
1154,0,1,0.14857579678705346,0,0.16479409,0
1155,0,1,0.1647528336491583,0,0.19113038,0
1156,0,1,0.12045229373285209,0,0.14077014,0
1157,0,1,0.1086237269499453,0,0.1798006,0
1158,0,1,0.16409996882551617,0,0.1525557,0
1159,0,1,0.23146373936687306,0,0.20066853,0
1160,0,1,0.13175630262057944,0,0.12528273,0
1161,0,0,0.08405657769294465,0,0.058783337,0
1162,0,1,0.22065362033114527,0,0.28851745,0
1163,0,1,0.17742876120079332,0,0.23341027,0
1164,0,1,0.09518288601230124,0,0.100405544,0
1165,0,0,0.1695995966127586,0,0.13286541,0
1166,0,1,0.1916240797888992,0,0.19362968,0
1167,0,1,0.17083335213402637,0,0.20813888,0
1168,0,0,0.18809409948076788,0,0.15610886,0
1169,0,1,0.11662511944078478,0,0.12582463,0
1170,0,1,0.06217177531425794,0,0.06642671,0
1171,0,1,0.13384139760051694,0,0.1272269,0
1172,0,1,0.08273853717120427,0,0.083235234,0
1173,0,1,0.08995370016878299,0,0.090124816,0
1174,0,0,0.11654191819530198,0,0.12620157,0
1175,0,0,0.11752016285261513,0,0.14399189,0
1176,0,1,0.11426559685255501,0,0.09018648,0
1177,0,0,0.27549163164699925,0,0.3438395,0
1178,0,1,0.07034814980931425,0,0.055507526,0
1179,0,1,0.2027778595137848,0,0.22562967,0
1180,0,1,0.08665617242984981,0,0.08534759,0
1181,0,0,0.10088485629191785,0,0.16288944,0
1182,0,1,0.1272113704131336,0,0.12056284,0
1183,0,1,0.1812157475494923,0,0.24029125,0
1184,0,1,0.1287313831890408,0,0.16006558,0
1185,0,1,0.13202898838514432,0,0.0975909,0
1186,1,1,0.28127996408611444,0,0.38980883,0
1187,0,1,0.05930567347486809,0,0.038123235,0
1188,0,1,0.11197294714566092,0,0.07703665,0
1189,0,0,0.10506934407686727,0,0.111785814,0
1190,0,0,0.15267100288730803,0,0.1544486,0
1191,0,1,0.147117284376139,0,0.1271891,0
1192,0,1,0.10252188214917847,0,0.1171879,0
1193,0,0,0.06576835888634547,0,0.05614341,0
1194,0,1,0.15262411913950694,0,0.14076966,0
1195,0,0,0.09913524392930172,0,0.09958823,0
1196,0,0,0.22722458517288122,0,0.24790856,0
1197,0,1,0.21920867454382537,0,0.22600013,0
1198,0,1,0.10510114998792697,0,0.15881717,0
1199,0,1,0.33529244979751827,0,0.19130212,0
1200,0,1,0.07818341847690113,0,0.08790476,0
1201,0,1,0.1464756988564782,0,0.12641884,0
1202,1,1,0.32527835332817884,0,0.31101927,0
1203,0,0,0.08870629349315984,0,0.0821754,0
1204,1,1,0.17437426328413902,0,0.1393915,0
1205,0,1,0.12109212408607091,0,0.1350858,0
1206,0,1,0.2103896472723975,0,0.23541187,0
1207,0,0,0.0844478752006468,0,0.08141373,0
1208,0,0,0.10888945272597324,0,0.11102147,0
1209,0,1,0.09689119392124697,0,0.090799615,0
1210,1,1,0.1790465005056141,0,0.29110113,0
1211,0,1,0.12303307721863449,0,0.12583625,0
1212,0,0,0.28045375867917777,0,0.1599245,0
1213,0,1,0.0970181276587291,0,0.10272051,0
1214,0,1,0.05483550886747295,0,0.038838785,0
1215,1,1,0.2010360774571704,0,0.19350305,0
1216,1,1,0.11290651670112851,0,0.12611364,0
1217,0,0,0.11476012260277565,0,0.11220186,0
1218,0,0,0.09375438558369154,0,0.09737151,0
1219,0,1,0.09867482456678346,0,0.12139931,0
1220,1,1,0.23975452351352952,0,0.2419719,0
1221,0,1,0.08241580527173517,0,0.06948208,0
1222,1,1,0.10871626321801034,0,0.10365741,0
1223,0,1,0.16887482729187753,0,0.19030511,0
1224,0,0,0.15717828674291012,0,0.13391854,0
1225,0,0,0.17830574651419026,0,0.18307325,0
1226,0,0,0.07788564219198645,0,0.05693638,0
1227,1,1,0.23219842879360486,0,0.27730888,0
1228,0,0,0.2793115937339429,0,0.37325498,0
1229,0,1,0.17950739419230113,0,0.16457027,0
1230,0,1,0.12007302917202115,0,0.14147204,0
1231,0,0,0.06476094115002698,0,0.039185554,0
1232,0,1,0.09501634985268223,0,0.09421244,0
1233,0,0,0.10622196314026668,0,0.09191898,0
1234,0,1,0.17680543969765153,0,0.1546639,0
1235,0,1,0.2002931008499246,0,0.19844648,0
1236,0,0,0.10137656362279332,0,0.10871543,0
1237,1,1,0.11946861895869292,0,0.09988944,0
1238,1,1,0.24598983541364006,0,0.23733808,0
1239,0,0,0.13034685780794564,0,0.15521054,0
1240,0,1,0.14304757650696112,0,0.16935244,0
1241,0,1,0.16832248264074634,0,0.18552284,0
1242,0,1,0.16721209885138286,0,0.14697793,0
1243,0,0,0.06684110992346191,0,0.05881962,0
1244,0,1,0.10445080634642652,0,0.07672341,0
1245,0,1,0.1074582085917434,0,0.07195889,0
1246,0,1,0.08488646735442078,0,0.100608915,0
1247,0,1,0.12403042853500973,0,0.0998329,0
1248,0,0,0.07527624285264839,0,0.054499827,0
1249,0,1,0.1329693732447854,0,0.11071599,0
1250,1,1,0.21508898153862457,0,0.19516829,0
1251,0,1,0.15050217195057308,0,0.14639187,0
1252,0,1,0.09518288601230124,0,0.100405544,0
1253,0,1,0.1796462201280373,0,0.16657725,0
1254,1,1,0.109410739643603,0,0.13174215,0
1255,1,1,0.16281391252391833,0,0.13582294,0
1256,0,1,0.105585843918311,0,0.0769147,0
1257,1,1,0.30165518424253257,0,0.41646314,0
1258,0,1,0.16570783921348384,0,0.15626913,0
1259,0,0,0.08489323835535859,0,0.092122056,0
1260,0,1,0.07039212297493519,0,0.0561017,0
1261,0,0,0.12001021305152541,0,0.11292966,0
1262,0,1,0.12487859698799333,0,0.10967285,0
1263,1,1,0.19205692597548435,0,0.15863916,0
1264,1,1,0.10519101640268173,0,0.12407257,0
1265,0,0,0.26175726843454344,0,0.2813205,0
1266,0,1,0.09189953139010602,0,0.06822789,0
1267,0,1,0.06806149801310285,0,0.040583003,0
1268,0,0,0.13920961213919844,0,0.16015834,0
1269,0,1,0.14811951059156014,0,0.16597159,0
1270,0,1,0.2858997809706422,0,0.2744464,0
1271,0,1,0.16435152638417366,0,0.18707809,0
1272,0,1,0.12907067288373025,0,0.16625202,0
1273,0,1,0.30365261393850135,0,0.2498537,0
1274,0,0,0.17504265842438657,0,0.18939409,0
1275,0,1,0.09521384006557701,0,0.08973924,0
1276,0,1,0.11226410017657938,0,0.109354876,0
1277,0,1,0.057512766353819036,0,0.044708163,0
1278,0,1,0.08903395725048215,0,0.08552377,0
1279,1,0,0.17457249296036978,0,0.15777248,0
1280,0,1,0.09662430421747147,0,0.07207846,0
1281,0,1,0.17734746844713173,0,0.19871444,0
1282,0,0,0.1644812410537045,0,0.121944994,0
1283,0,1,0.08414244185674603,0,0.07525463,0
1284,0,1,0.26548973786117663,0,0.18739371,0
1285,0,1,0.2057080418340661,0,0.21925619,0
1286,0,0,0.13571779538029752,0,0.124667935,0
1287,0,1,0.08050943432571159,0,0.06371442,0
1288,0,0,0.09798920620346534,0,0.109855175,0
1289,0,0,0.2786387544035325,0,0.3095148,0
1290,0,0,0.13255459626514898,0,0.15016724,0
1291,0,0,0.09332440200397021,0,0.10125782,0
1292,1,1,0.3068800754716229,0,0.24493161,0
1293,1,1,0.12043112973319062,0,0.14823176,0
1294,0,1,0.1351944271581642,0,0.15481076,0
1295,0,1,0.15357911977854952,0,0.18616727,0
1296,0,0,0.12487859698799333,0,0.10967285,0
1297,0,1,0.10122319918008767,0,0.088925004,0
1298,0,0,0.10411491015083663,0,0.0848778,0
1299,1,1,0.24227675182880407,0,0.30382723,0
1300,0,1,0.1178534124279911,0,0.11823849,0
1301,1,1,0.1559526494441856,0,0.14425369,0
1302,0,0,0.19641880744713033,0,0.14663751,0
1303,0,0,0.12976092586850965,0,0.15935816,0
1304,1,1,0.18869984023065559,0,0.2101909,0
1305,0,0,0.14520499603079545,0,0.14066756,0
1306,0,1,0.07829740003071897,0,0.07556448,0
1307,0,1,0.181004157659759,0,0.19654244,0
1308,1,1,0.0939023388414789,0,0.09785588,0
1309,0,1,0.23130074435679818,0,0.2363904,0
1310,0,1,0.07402460132162844,0,0.05370114,0
1311,1,1,0.2808020864807568,0,0.2197471,0
1312,0,1,0.16242612456814312,0,0.21314457,0
1313,1,1,0.14000804394158792,0,0.15005681,0
1314,0,1,0.2530259249454262,0,0.20003071,0
1315,0,1,0.15488589079208528,0,0.15675099,0
1316,0,0,0.13827684155120729,0,0.18245077,0
1317,0,0,0.13507129650221197,0,0.15539621,0
1318,0,0,0.1469917386817611,0,0.17753437,0
1319,0,0,0.12157771686671186,0,0.09751154,0
1320,0,1,0.06920160962780728,0,0.054059595,0
1321,0,1,0.1833432284341366,0,0.23278095,0
1322,0,1,0.18423858810124852,0,0.12189376,0
1323,0,0,0.09985870407969567,0,0.07925339,0
1324,1,1,0.18518624382996168,0,0.18536004,0
1325,0,0,0.08908476007379416,0,0.084267735,0
1326,0,0,0.13914200964800713,0,0.15206327,0
1327,0,1,0.1773761130908067,0,0.1910351,0
1328,0,0,0.30485936233120026,0,0.30087602,0
1329,0,1,0.10967468560284581,0,0.113891795,0
1330,0,0,0.12584216792181951,0,0.15891144,0
1331,0,1,0.06056212871675131,0,0.03591506,0
1332,0,0,0.12842263393907757,0,0.15921132,0
1333,0,0,0.10179440888471171,0,0.111071154,0
1334,0,0,0.23752397903591763,0,0.23663215,0
1335,0,1,0.26914735773265414,0,0.25662246,0
1336,1,1,0.20095597768045406,0,0.15625198,0
1337,0,1,0.13684037112050967,0,0.15324776,0
1338,0,1,0.13697178204413493,0,0.1289286,0
1339,0,0,0.17813559044915053,0,0.18002935,0
1340,0,1,0.13571727760747185,0,0.16152118,0
1341,0,1,0.1927446516058883,0,0.2880092,0
1342,1,1,0.11662511944078478,0,0.12582463,0
1343,0,1,0.10389892826823349,0,0.12068118,0
1344,0,0,0.10582500110181817,0,0.14660306,0
1345,0,1,0.10451656911334845,0,0.09866235,0
1346,0,0,0.1350893892908056,0,0.14090861,0
1347,0,0,0.15204920007276104,0,0.16852497,0
1348,0,0,0.16647317634988482,0,0.20806888,0
1349,1,0,0.13528748900450308,0,0.15689728,0
1350,1,1,0.1464756988564782,0,0.12641884,0
1351,0,1,0.1196233216979627,0,0.11510396,0
1352,1,0,0.1619767829597185,0,0.16491246,0
1353,1,0,0.1076082441183291,0,0.09860535,0
1354,0,0,0.15286844538470926,0,0.23248063,0
1355,1,0,0.10360027451543184,0,0.1497919,0
1356,1,1,0.12164949212275498,0,0.09037619,0
1357,0,1,0.09187118704299804,0,0.08729057,0
1358,0,1,0.10301396803722103,0,0.12439985,0
1359,1,1,0.09388317328825753,0,0.062409725,0
1360,0,0,0.1678868158735534,0,0.206018,0
1361,0,1,0.10429636365544143,0,0.123718366,0
1362,1,1,0.21315555758146598,0,0.18942243,0
1363,0,1,0.10914842498494742,0,0.107809566,0
1364,0,0,0.23201331597920383,0,0.2858822,0
1365,0,1,0.1614752622336851,0,0.15447034,0
1366,0,1,0.06385893904043771,0,0.053994384,0
1367,0,1,0.16114072337720103,0,0.1794138,0
1368,0,1,0.07216879660419362,0,0.074994735,0
1369,0,1,0.15514112377592634,0,0.17981946,0
1370,1,0,0.25327364977111005,0,0.21930157,0
1371,0,1,0.08352342422457969,0,0.07086212,0
1372,0,1,0.10186216452702072,0,0.07890833,0
1373,0,1,0.18927788858614125,0,0.19905795,0
1374,0,1,0.14323647732392528,0,0.14093465,0
1375,0,1,0.25322058874612513,0,0.28136575,0
1376,1,1,0.21881797666751507,0,0.17879182,0
1377,0,1,0.1233327848980043,0,0.13166122,0
1378,0,1,0.11594816764855602,0,0.15086874,0
1379,0,1,0.14406125345711107,0,0.14718251,0
1380,0,1,0.1417247955960559,0,0.14704074,0
1381,0,0,0.06221664418538448,0,0.03974966,0
1382,0,0,0.0726006063740639,0,0.06548022,0
1383,0,0,0.12042549669036964,0,0.10636445,0
1384,0,1,0.23075352465179502,0,0.25565025,0
1385,0,1,0.07410075863836448,0,0.04729783,0
1386,0,1,0.19286662073239955,0,0.16986822,0
1387,0,1,0.08447509689551479,0,0.07689929,0
1388,1,0,0.0977259000054376,0,0.13585049,0
1389,1,1,0.12705805163792894,0,0.1113009,0
1390,0,1,0.07601246624920506,0,0.0734084,0
1391,1,1,0.21893338192663472,0,0.3110382,0
1392,0,1,0.19813382339312086,0,0.24863209,0
1393,0,0,0.25255561129638876,0,0.24746497,0
1394,0,1,0.16414385096557682,0,0.14304599,0
1395,1,1,0.1352634834150628,0,0.15561263,0
1396,0,0,0.3323684488364008,0,0.26145628,0
1397,0,1,0.08617066461834287,0,0.0659035,0
1398,0,1,0.20063357367887333,0,0.21534404,0
1399,0,1,0.1178534124279911,0,0.11823849,0
1400,0,1,0.07437167804262665,0,0.058635097,0
1401,0,0,0.15742238203196812,0,0.15076108,0
1402,0,1,0.18042811421092908,0,0.15378104,0
1403,1,0,0.1955459090989627,0,0.20280635,0
1404,0,0,0.23776090681794365,0,0.1683999,0
1405,1,1,0.17290697184718803,0,0.17244118,0
1406,0,1,0.14990865032814144,0,0.1764375,0
1407,0,0,0.20127167351334854,0,0.20850226,0
1408,0,0,0.3390002726198197,0,0.12784947,0
1409,0,1,0.18023154095192406,0,0.15291375,0
1410,0,1,0.11702959212886213,0,0.12028309,0
1411,0,0,0.13526892029797805,0,0.12719877,0
1412,0,0,0.17546894537482857,0,0.17696558,0
1413,0,0,0.18618476064341982,0,0.22998372,0
1414,1,1,0.14805526473769026,0,0.112663105,0
1415,0,1,0.06912838708527272,0,0.0435886,0
1416,0,1,0.0915944649243824,0,0.099662244,0
1417,1,0,0.1868392478763907,0,0.21475638,0
1418,1,0,0.20849428651358348,0,0.17640896,0
1419,0,1,0.1688381148520934,0,0.1880562,0
1420,0,1,0.19161236988412944,0,0.19362968,0
1421,0,1,0.14099065726685536,0,0.15324995,0
1422,0,0,0.14531091865558615,0,0.098898456,0
1423,0,1,0.1526633322351863,0,0.14143461,0
1424,0,1,0.07851991865707834,0,0.06252114,0
1425,1,1,0.23539839482407499,0,0.24417754,0
1426,0,0,0.08440418009989481,0,0.068298005,0
1427,0,1,0.20857220893956843,0,0.2539919,0
1428,0,0,0.1857842282790143,0,0.18362823,0
1429,0,0,0.21196551684244905,0,0.26629364,0
1430,0,1,0.1062927318548325,0,0.111785606,0
1431,0,1,0.14946723254361044,0,0.17794682,0
1432,0,1,0.07733205945827039,0,0.05161621,0
1433,0,0,0.15455078628962093,0,0.17787437,0
1434,0,1,0.1120083718423753,0,0.11752306,0
1435,0,0,0.20861570780781008,0,0.18272483,0
1436,0,0,0.25280449284947804,0,0.24714671,0
1437,0,1,0.13526727772312122,0,0.15561263,0
1438,1,1,0.285536418903795,0,0.25507587,0
1439,0,1,0.17670176113326422,0,0.12282115,0
1440,1,1,0.10007395250061522,0,0.11054367,0
1441,0,0,0.13374163747012646,0,0.08394109,0
1442,0,1,0.16084902592196965,0,0.15447795,0
1443,0,1,0.19213033770089105,0,0.21441145,0
1444,1,1,0.1581950905956666,0,0.14156239,0
1445,0,1,0.12039618912704332,0,0.081610374,0
1446,0,0,0.20863326497649767,0,0.2068367,0
1447,0,0,0.24360834564732117,0,0.19910358,0
1448,0,1,0.09563251368945196,0,0.12716742,0
1449,0,0,0.2926081853754631,0,0.2506807,0
1450,0,1,0.13842595248976197,0,0.14848262,0
1451,0,1,0.10468102143619015,0,0.10524286,0
1452,0,1,0.13975391606700216,0,0.16441253,0
1453,1,1,0.29852590549150554,0,0.23247479,0
1454,0,1,0.18551228022720967,0,0.19459994,0
1455,0,1,0.08955478427463469,0,0.08672211,0
1456,0,1,0.15020785513571588,0,0.1596179,0
1457,1,1,0.12361630410571794,0,0.1318559,0
1458,0,1,0.14591995196453525,0,0.16288257,0
1459,0,0,0.23275151951000123,0,0.17852904,0
1460,0,1,0.09525625250327101,0,0.102802746,0
1461,0,1,0.3043212754294868,0,0.28329346,0
1462,1,1,0.10622102584677623,0,0.09191898,0
1463,0,1,0.17611402577878846,0,0.16500597,0
1464,0,1,0.20984333928965967,0,0.19256243,0
1465,0,0,0.13061000902942319,0,0.12588635,0
1466,0,1,0.2100178838825123,0,0.17549004,0
1467,0,1,0.07796600362273552,0,0.06993626,0
1468,0,0,0.21745019445589883,0,0.2285874,0
1469,0,0,0.11476070087485482,0,0.1132871,0
1470,1,1,0.07231215468718924,0,0.04620932,0
1471,0,1,0.13153798564926333,0,0.17977996,0
1472,0,0,0.14662547546091823,0,0.10485001,0
1473,0,1,0.14586296161899445,0,0.1715072,0
1474,1,1,0.17923589784194294,0,0.20779279,0
1475,0,1,0.13963515847515767,0,0.15077889,0
1476,0,0,0.11670284956731053,0,0.11359472,0
1477,0,1,0.19279843442524405,0,0.21527089,0
1478,0,1,0.0865952881358319,0,0.09891813,0
1479,0,0,0.2217146114756347,0,0.23685285,0
1480,0,1,0.1607433617142926,0,0.1372297,0
1481,0,1,0.18865974566978413,0,0.21355549,0
1482,1,1,0.1301601071433304,0,0.17478022,0
1483,0,1,0.1934996514633168,0,0.23775336,0
1484,0,1,0.057512766353819036,0,0.044708163,0
1485,0,1,0.18080607932209578,0,0.19197664,0
1486,0,0,0.17690284445412338,0,0.17372218,0
1487,0,0,0.20133289634396054,0,0.28278062,0
1488,0,1,0.22926673795459607,0,0.25226122,0
1489,0,0,0.15292077680494556,0,0.17560121,0
1490,0,0,0.1621222222112318,0,0.15612131,0
1491,0,1,0.07167925409675649,0,0.07342129,0
1492,0,1,0.19505116133672465,0,0.17229153,0
1493,0,0,0.09223155188665991,0,0.10020373,0
1494,0,0,0.16025475343378456,0,0.20533665,0
1495,0,1,0.19863441255465933,0,0.19510813,0
1496,0,1,0.14145435410075516,0,0.18458904,0
1497,0,0,0.06378445211309466,0,0.045212515,0
1498,0,1,0.12768483510170522,0,0.1485216,0
1499,0,1,0.08552142026266359,0,0.117594175,0
1500,0,0,0.10267968661800711,0,0.1478267,0
1501,0,1,0.09795896257642571,0,0.07631422,0
1502,0,1,0.15092765861586424,0,0.13495354,0
1503,0,1,0.0873145171231911,0,0.15314035,0
1504,0,1,0.11270625741579524,0,0.106519476,0
1505,1,1,0.1806422808793279,0,0.14236276,0
1506,0,1,0.2188474135985142,0,0.21089472,0
1507,0,0,0.13521413259678913,0,0.13304415,0
1508,0,1,0.2786387544035325,0,0.3095148,0
1509,0,0,0.1870769798244744,0,0.19904004,0
1510,0,1,0.07819741947602608,0,0.061709605,0
1511,1,1,0.25560031256579596,0,0.20983869,0
1512,1,0,0.13438258072219225,0,0.14513296,0
1513,0,1,0.13335443637117023,0,0.13520126,0
1514,0,0,0.11778193125416658,0,0.10969953,0
1515,0,1,0.1568061361166796,0,0.14197493,0
1516,0,0,0.13975212483964247,0,0.13444462,0
1517,0,1,0.15712021895853506,0,0.15919986,0
1518,1,1,0.1494259415784834,0,0.3701689,0
1519,0,0,0.13719651353830822,0,0.12864462,0
1520,0,0,0.07634550833907457,0,0.06384876,0
1521,0,0,0.08204869667807868,0,0.079956576,0
1522,0,1,0.10177764608444531,0,0.09016582,0
1523,0,1,0.21235974117086148,0,0.17419043,0
1524,0,1,0.284605386952133,0,0.29525536,0
1525,1,1,0.23038961545780431,0,0.24829166,0
1526,1,1,0.1645941553350705,0,0.13664697,0
1527,0,1,0.056272939342831445,0,0.02595109,0
1528,0,1,0.1873559818953547,0,0.23523621,0
1529,0,0,0.26058504983785163,0,0.2747845,0
1530,0,1,0.08941996705065815,0,0.1006514,0
1531,0,1,0.2103385914319918,0,0.19588947,0
1532,0,1,0.2005849811804179,0,0.2038561,0
1533,0,0,0.12429859173847213,0,0.1224911,0
1534,0,0,0.21589341052909714,0,0.22047208,0
1535,0,0,0.18238691553264375,0,0.17157163,0
1536,0,1,0.1334874219813657,0,0.15631326,0
1537,0,0,0.23294084637956872,0,0.21459773,0
1538,0,1,0.10925310042850815,0,0.09151818,0
1539,1,1,0.1790545455601815,0,0.17345692,0
1540,0,0,0.18009504198825793,0,0.18377912,0
1541,0,0,0.19355240676045057,0,0.19397488,0
1542,0,1,0.16566079915925602,0,0.19535878,0
1543,0,0,0.1567242527406822,0,0.116505936,0
1544,1,1,0.13335844535097546,0,0.11221465,0
1545,0,1,0.12454229418626812,0,0.12681377,0
1546,0,0,0.28765940356019576,0,0.33068287,0
1547,0,1,0.19320052171061664,0,0.23501524,0
1548,1,1,0.16836052655857298,0,0.17334205,0
1549,0,1,0.06376223205493271,0,0.04064027,0
1550,0,1,0.1654287135052465,0,0.13178785,0
1551,0,0,0.2073214927466664,0,0.09245872,0
1552,0,1,0.07274608097047278,0,0.04289458,0
1553,0,0,0.13997565983676444,0,0.15362489,0
1554,0,0,0.10177994115400432,0,0.09356044,0
1555,0,1,0.13598883896706995,0,0.19127057,0
1556,0,0,0.05462912221514887,0,0.047155127,0
1557,0,0,0.2619087226503153,0,0.28583637,0
1558,0,0,0.17478355053291383,0,0.18779996,0
1559,0,1,0.06685728062162768,0,0.060249794,0
1560,0,1,0.1902605753942231,0,0.17260396,0
1561,0,1,0.15522137607026068,0,0.14050928,0
1562,0,0,0.24324685255316053,0,0.21578875,0
1563,0,0,0.14667245946472598,0,0.1459645,0
1564,0,1,0.29007251854247923,0,0.33584335,0
1565,1,1,0.2458382463766533,0,0.25879616,0
1566,1,1,0.11966108364731691,0,0.1411083,0
1567,0,1,0.1763158124610985,0,0.15643863,0
1568,0,1,0.11959168802569836,0,0.10580345,0
1569,0,1,0.22838373846558171,0,0.22238415,0
1570,0,1,0.10401447287507157,0,0.071826324,0
1571,1,1,0.1495227534183275,0,0.13708036,0
1572,0,1,0.1451631904665876,0,0.14321104,0
1573,1,1,0.15763091313200658,0,0.12575038,0
1574,0,0,0.0822276345695108,0,0.08172686,0
1575,0,1,0.10439582630879149,0,0.09444287,0
1576,0,1,0.14857579678705346,0,0.16479409,0
1577,1,1,0.14304560556052448,0,0.16935244,0
1578,1,1,0.09794373983967147,0,0.10361012,0
1579,1,1,0.20404815868730883,0,0.17759062,0
1580,0,1,0.06376223205493271,0,0.04064027,0
1581,0,0,0.2377094277365833,0,0.21438473,0
1582,0,1,0.09155036181386561,0,0.086084925,0
1583,0,0,0.08654304959518136,0,0.070034176,0
1584,1,1,0.18903353607642015,0,0.18876284,0
1585,0,1,0.15565597544309212,0,0.1819884,0
1586,0,1,0.12588642331196093,0,0.1215112,0
1587,0,1,0.21448966695046828,0,0.1898001,0
1588,0,0,0.11099098626462998,0,0.09856373,0
1589,0,1,0.08520013908447434,0,0.07280926,0
1590,1,1,0.1767587999404471,0,0.17536502,0
1591,0,1,0.19832036569177275,0,0.16788009,0
1592,0,0,0.10628893955689922,0,0.08937443,0
1593,0,1,0.22758994054214687,0,0.24879317,0
1594,0,1,0.10452297664735904,0,0.08575011,0
1595,0,1,0.16950081777546425,0,0.17477879,0
1596,0,1,0.2388953144243814,0,0.2152091,0
1597,0,1,0.1572911619201294,0,0.1528786,0
1598,0,0,0.2736763384410801,0,0.28495753,0
1599,0,1,0.07354163806292655,0,0.055427786,0
1600,0,1,0.13256928267366813,0,0.16047774,0
1601,0,1,0.07704104400690069,0,0.08775129,0
1602,0,1,0.12326425717924254,0,0.12696786,0
1603,0,1,0.11475015580230506,0,0.12531312,0
1604,0,0,0.09920822959183909,0,0.081415355,0
1605,0,1,0.20341423467450873,0,0.1874311,0
1606,1,1,0.13524823394835175,0,0.12790014,0
1607,0,1,0.06711934777601401,0,0.051068515,0
1608,1,1,0.11953120319446335,0,0.11141872,0
1609,1,1,0.14656236675624756,0,0.13898544,0
1610,0,1,0.08600983783757661,0,0.069627985,0
1611,0,0,0.22314499683190517,0,0.2268394,0
1612,0,0,0.09572805423438448,0,0.14514482,0
1613,0,0,0.12250389902151727,0,0.13505705,0
1614,0,0,0.10347431731288691,0,0.057155658,0
1615,1,0,0.2790229250861492,0,0.27591375,0
1616,0,1,0.08751704852950382,0,0.09320194,0
1617,0,1,0.1040150822272659,0,0.09150503,0
1618,0,1,0.3920690720660693,0,0.38603136,0
1619,0,1,0.0827367691640565,0,0.1547538,0
1620,0,1,0.15839308721509138,0,0.18365945,0
1621,0,1,0.2375247587527508,0,0.19835983,0
1622,0,1,0.1273366773225594,0,0.14585604,0
1623,0,0,0.08157751876875126,0,0.06529426,0
1624,0,1,0.17214540347587967,0,0.19583873,0
1625,0,1,0.10263546099187518,0,0.13546619,0
1626,1,1,0.12695038398984587,0,0.13623004,0
1627,0,1,0.14663008308731543,0,0.17607829,0
1628,0,1,0.06912838708527272,0,0.0435886,0
1629,0,1,0.18459734559705912,0,0.13301879,0
1630,1,0,0.16077075796631965,0,0.15016712,0
1631,0,1,0.13999301185693586,0,0.13750799,0
1632,0,0,0.14658424326606442,0,0.12398777,0
1633,0,0,0.14267827485924217,0,0.12548171,0
1634,0,1,0.14706437960758936,0,0.1399397,0
1635,0,0,0.132832894131715,0,0.13828912,0
1636,1,1,0.1767587999404471,0,0.17536502,0
1637,0,1,0.14929650307827474,0,0.12516184,0
1638,0,1,0.20968525139606956,0,0.19684051,0
1639,0,0,0.1209643975300341,0,0.11112736,0
1640,0,0,0.1887904128092152,0,0.15730348,0
1641,0,0,0.07706100326649214,0,0.08380189,0
1642,0,1,0.07601363513277583,0,0.07191739,0
1643,1,1,0.21951246494497778,0,0.25386962,0
1644,0,1,0.1354774360055932,0,0.14323786,0
1645,0,1,0.18979066383760013,0,0.20190048,0
1646,1,1,0.12222103197878285,0,0.11883599,0
1647,0,1,0.17036933636302226,0,0.17466196,0
1648,0,1,0.11152989721251179,0,0.098291315,0
1649,0,1,0.062137002679328125,0,0.03388185,0
1650,0,1,0.18323138000855269,0,0.15089823,0
1651,0,1,0.1262315040225955,0,0.086227626,0
1652,1,0,0.0990588942013346,0,0.097402476,0
1653,1,1,0.10942253047022119,0,0.0843295,0
1654,0,1,0.21375999048317135,0,0.15112318,0
1655,0,1,0.10435871849458143,0,0.10050627,0
1656,0,1,0.13498146171554395,0,0.121024944,0
1657,0,1,0.2683706339380702,0,0.3462797,0
1658,0,0,0.06884243551423039,0,0.054369193,0
1659,0,1,0.2969666419849162,0,0.241423,0
1660,0,1,0.24172398352452618,0,0.19330917,0
1661,1,0,0.256648768429747,0,0.33311912,0
1662,0,1,0.13842595248976197,0,0.14848262,0
1663,0,0,0.0976808906503443,0,0.11420167,0
1664,0,1,0.09283414973502131,0,0.1161512,0
1665,0,1,0.19703798936444333,0,0.16292192,0
1666,0,0,0.15891294300785355,0,0.15012027,0
1667,0,1,0.07774213662878987,0,0.066740625,0
1668,0,1,0.33762962492106496,0,0.28574413,0
1669,0,1,0.2743175797425596,0,0.23352005,0
1670,0,1,0.14763190718219357,0,0.13715106,0
1671,0,0,0.10631621974288402,0,0.085978344,0
1672,0,1,0.19409722424107168,0,0.20579033,0
1673,0,0,0.2322443964296416,0,0.19862449,0
1674,0,1,0.38143592228788564,0,0.34220248,0
1675,0,1,0.05925252194298991,0,0.03757327,0
1676,0,1,0.09376303781099907,0,0.09611007,0
1677,0,1,0.2505305369941959,0,0.3800883,0
1678,0,1,0.11122185761820942,0,0.1303463,0
1679,0,1,0.13324946672122973,0,0.17134838,0
1680,1,0,0.18238691553264375,0,0.17157163,0
1681,0,0,0.17531209918784835,0,0.17832117,0
1682,0,1,0.08436105460754231,0,0.06508009,0
1683,1,1,0.20417428837549306,0,0.18376963,0
1684,1,0,0.13719130188976425,0,0.14753091,0
1685,0,0,0.18861129775015573,0,0.16881134,0
1686,0,1,0.10881111026589299,0,0.13434175,0
1687,1,1,0.1427499887727149,0,0.17876175,0
1688,1,1,0.1307131159918672,0,0.10359609,0
1689,1,1,0.11739629448260451,0,0.12515616,0
1690,0,0,0.10928964266298874,0,0.1276184,0
1691,0,1,0.12925500718917862,0,0.1339859,0
1692,0,0,0.33597319624485206,0,0.2314609,0
1693,0,0,0.07329446039698673,0,0.09610366,0
1694,0,1,0.15844672947335034,0,0.14612272,0
1695,0,1,0.1293746137371826,0,0.13601877,0
1696,0,1,0.062388021193392325,0,0.03531304,0
1697,1,1,0.08717133384540252,0,0.082544595,0
1698,0,0,0.09362518087962199,0,0.09886072,0
1699,0,1,0.13028385431686995,0,0.1019847,0
1700,0,0,0.13018680808729988,0,0.14586668,0
1701,1,1,0.06861360569648554,0,0.044382725,0
1702,0,1,0.20582144569296904,0,0.25319,0
1703,0,0,0.08944126041236368,0,0.09935587,0
1704,1,1,0.20976175205879585,0,0.26333043,0
1705,0,0,0.08437958955731889,0,0.113973655,0
1706,0,1,0.1760561336657347,0,0.14537412,0
1707,0,1,0.14126382623111783,0,0.1015674,0
1708,0,1,0.06676140703832607,0,0.035197977,0
1709,0,1,0.10930400935070866,0,0.10949772,0
1710,1,1,0.12470344804605503,0,0.13450459,0
1711,0,1,0.1495557143609905,0,0.15279327,0
1712,0,0,0.0866006798039116,0,0.088917226,0
1713,0,1,0.06724318190558527,0,0.04875699,0
1714,0,1,0.2158920735125247,0,0.22047208,0
1715,0,0,0.1892072576156975,0,0.1983206,0
1716,0,1,0.07653753299287598,0,0.054785937,0
1717,0,1,0.07547966036393607,0,0.0872227,0
1718,0,0,0.1054785782855123,0,0.104625896,0
1719,1,1,0.14122276948991822,0,0.1487663,0
1720,0,0,0.1017784710811671,0,0.096811205,0
1721,0,1,0.08914475020399798,0,0.08367839,0
1722,0,0,0.07658741022969531,0,0.06392572,0
1723,1,1,0.12201389243933365,0,0.13949959,0
1724,0,0,0.18422255992531972,0,0.20528893,0
1725,1,1,0.148220306024092,0,0.18158229,0
1726,0,0,0.30452035668018623,0,0.24230896,0
1727,0,0,0.26161427878295035,0,0.30669498,0
1728,1,1,0.15102137695953247,0,0.14167008,0
1729,0,1,0.17860534188818206,0,0.121162795,0
1730,0,1,0.08483705547007057,0,0.07382941,0
1731,0,0,0.13754009413651466,0,0.1257965,0
1732,0,0,0.15245382775314162,0,0.13373925,0
1733,0,0,0.2375298119254123,0,0.21092473,0
1734,0,1,0.10487694115880265,0,0.12634522,0
1735,0,1,0.24801914178442427,0,0.19906504,0
1736,1,0,0.19547767299656899,0,0.25889215,0
1737,0,1,0.15654721645326217,0,0.15764871,0
1738,0,1,0.19632052068593908,0,0.17794025,0
1739,0,1,0.11681734638958757,0,0.122577146,0
1740,1,1,0.10959682882555205,0,0.11618051,0
1741,0,0,0.1796102834661752,0,0.1433593,0
1742,0,0,0.08577800058598976,0,0.077969015,0
1743,0,1,0.2194252487558338,0,0.24256141,0
1744,1,1,0.10929168915055386,0,0.12493151,0
1745,0,1,0.09066206050271473,0,0.0636875,0
1746,1,1,0.08310567210174367,0,0.07265999,0
1747,0,1,0.15149640723278668,0,0.15568502,0
1748,0,1,0.11460264194205468,0,0.13230667,0
1749,0,0,0.0999398766523961,0,0.111835726,0
1750,0,1,0.27956547265710235,0,0.25496197,0
1751,0,0,0.07034814980931425,0,0.055507526,0
1752,0,1,0.2587891159280721,0,0.22739875,0
1753,0,1,0.19858469807470153,0,0.1792609,0
1754,0,0,0.09518288601230124,0,0.100405544,0
1755,0,1,0.18656999943054373,0,0.2279688,0
1756,0,1,0.16719849381266555,0,0.15833546,0
1757,0,0,0.11231676451924717,0,0.12755056,0
1758,0,0,0.08527167668253294,0,0.06967489,0
1759,0,1,0.2223241786464987,0,0.21061325,0
1760,0,1,0.15169675366248225,0,0.17418428,0
1761,0,1,0.1152474898028938,0,0.09171334,0
1762,0,0,0.15022778304329043,0,0.14375736,0
1763,0,0,0.10374648982644341,0,0.088573135,0
1764,1,1,0.16847614587733192,0,0.15269421,0
1765,0,1,0.20949441987032588,0,0.18932906,0
1766,0,1,0.08031530744616369,0,0.079791814,0
1767,1,1,0.27919861188012707,0,0.2597025,0
1768,0,1,0.11343897135454828,0,0.11985435,0
1769,0,1,0.12453457485904784,0,0.13277179,0
1770,1,1,0.23106922500162452,0,0.21328305,0
1771,0,1,0.08978054089391811,0,0.14918143,0
1772,0,1,0.12295733073737375,0,0.13312715,0
1773,0,1,0.10665387913985078,0,0.10885099,0
1774,0,1,0.06358373856767768,0,0.09546978,0
1775,0,1,0.14397019708179176,0,0.15167104,0
1776,0,1,0.157693513165628,0,0.18256408,0
1777,0,1,0.1321182952147232,0,0.14153628,0
1778,0,1,0.13338722290099525,0,0.10593492,0
1779,0,1,0.10787654736956717,0,0.11072683,0
1780,0,1,0.20157361482568123,0,0.18257497,0
1781,0,1,0.08769189568213451,0,0.1102382,0
1782,0,0,0.3233912343425268,0,0.27541873,0
1783,0,1,0.1525822360733971,0,0.11444435,0
1784,0,1,0.12309143260926216,0,0.12786275,0
1785,0,0,0.13291607684802467,0,0.104431465,0
1786,0,0,0.17789809294062853,0,0.19408542,0
1787,0,1,0.13861987753953992,0,0.1604848,0
1788,0,1,0.1386210900617261,0,0.1604848,0
1789,0,0,0.1391177110432238,0,0.14046183,0
1790,0,1,0.22309785750682445,0,0.21859494,0
1791,0,1,0.06709436657724256,0,0.062214352,0
1792,1,1,0.16444627816685797,0,0.17273653,0
1793,1,1,0.1626094118867571,0,0.15098639,0
1794,0,1,0.09797870497450271,0,0.07810331,0
1795,0,1,0.2471226218138691,0,0.20826083,0
1796,0,1,0.10641829278052244,0,0.10433686,0
1797,0,0,0.32959768838925974,0,0.3660898,0
1798,0,1,0.11160566727028377,0,0.1116475,0
1799,1,0,0.1730768869032036,0,0.14093174,0
1800,1,1,0.18759987849406193,0,0.18061188,0
1801,0,0,0.17229527661575716,0,0.14590843,0
1802,0,0,0.062388021193392325,0,0.03531304,0
1803,0,1,0.1584103373724161,0,0.21638992,0
1804,0,1,0.13976454628600846,0,0.13370596,0
1805,0,1,0.14272420557763765,0,0.15346819,0
1806,1,1,0.2313132969849526,0,0.20439437,0
1807,1,1,0.27251518256874213,0,0.26931188,0
1808,0,1,0.09286785788958209,0,0.07285211,0
1809,0,0,0.11227251571452718,0,0.12046359,0
1810,0,0,0.12451132686565591,0,0.15260884,0
1811,0,1,0.106779827215471,0,0.12503767,0
1812,1,1,0.17614439681729024,0,0.20940441,0
1813,0,1,0.1515489166820213,0,0.15513587,0
1814,0,1,0.1379096480328093,0,0.110949166,0
1815,0,0,0.11387316081836989,0,0.11154148,0
1816,0,1,0.1842348961989157,0,0.18323538,0
1817,0,1,0.11707897768657895,0,0.1241265,0
1818,0,0,0.13038702203650923,0,0.12985341,0
1819,0,1,0.07092987393315828,0,0.046818923,0
1820,0,1,0.12407983932401041,0,0.10157576,0
1821,0,0,0.1289218001638096,0,0.113596044,0
1822,0,0,0.14593833862565941,0,0.18296267,0
1823,0,1,0.17083798705567937,0,0.1923162,0
1824,0,0,0.11588475475146379,0,0.093238235,0
1825,0,1,0.1355610716632148,0,0.1457998,0
1826,0,1,0.11033572391111893,0,0.11039827,0
1827,1,0,0.129618069269635,0,0.18500946,0
1828,0,1,0.2530485837806607,0,0.20003071,0
1829,0,1,0.14311224992796528,0,0.15899155,0
1830,0,0,0.1425867952396457,0,0.13503855,0
1831,0,0,0.07034814980931425,0,0.055507526,0
1832,0,1,0.1665304895060489,0,0.15880953,0
1833,1,1,0.1547535399330104,0,0.1429784,0
1834,0,0,0.13895965784743855,0,0.121782325,0
1835,0,1,0.13911869796561777,0,0.16303647,0
1836,1,1,0.10808270758876547,0,0.11897447,0
1837,0,0,0.10609158871826994,0,0.11155926,0
1838,0,1,0.22096266960999972,0,0.2359585,0
1839,0,0,0.06725965521928062,0,0.04875699,0
1840,0,1,0.18969113869686757,0,0.27391562,0
1841,0,1,0.08466855834066224,0,0.06791773,0
1842,0,1,0.1914431666356161,0,0.23259172,0
1843,0,1,0.10564191239596475,0,0.09873399,0
1844,0,1,0.20940614818297487,0,0.13268183,0
1845,0,0,0.2151570405965777,0,0.21595362,0
1846,0,1,0.07096696682476533,0,0.05487161,0
1847,0,1,0.08691361462349939,0,0.12787218,0
1848,0,1,0.14051386689816886,0,0.15822573,0
1849,0,1,0.10820706644502924,0,0.13063283,0
1850,0,1,0.0716955854314342,0,0.07859363,0
1851,0,0,0.10322461329039552,0,0.22231711,0
1852,1,0,0.09562200689383353,0,0.09621417,0
1853,1,0,0.38238902544026876,0,0.30653292,0
1854,0,1,0.11418794982780679,0,0.14780502,0
1855,0,1,0.057554246633245855,0,0.047844585,0
1856,0,1,0.07901486643853094,0,0.060168516,0
1857,0,1,0.1511901654610969,0,0.14518659,0
1858,0,1,0.15495789250863376,0,0.16507956,0
1859,0,1,0.11511732871893403,0,0.12671481,0
1860,0,1,0.06862462055376617,0,0.047327094,0
1861,0,1,0.1407427592489967,0,0.09588779,0
1862,0,1,0.13535114987480884,0,0.14665227,0
1863,0,1,0.09767696253430608,0,0.116459325,0
1864,1,1,0.11285596191189833,0,0.10536234,0
1865,1,1,0.1841618665183719,0,0.10931875,0
1866,0,1,0.10889344888251964,0,0.11102147,0
1867,0,0,0.16094825496463108,0,0.14659959,0
1868,1,1,0.18084121837376338,0,0.17871833,0
1869,0,0,0.10167722706973545,0,0.08564092,0
1870,0,1,0.09170698230038755,0,0.04622616,0
1871,0,0,0.19857104501713935,0,0.21252516,0
1872,0,0,0.11572467298766247,0,0.2011241,0
1873,0,0,0.14990865032814144,0,0.1764375,0
1874,0,1,0.2040661178048803,0,0.23550807,0
1875,0,1,0.13521160441132243,0,0.14630361,0
1876,0,0,0.1491152440943592,0,0.13695951,0
1877,0,0,0.10567986938189619,0,0.08530357,0
1878,0,1,0.30210027315476046,0,0.24533649,0
1879,0,1,0.23185335580431884,0,0.21033514,0
1880,0,0,0.13983817807316987,0,0.1428559,0
1881,0,1,0.08879421731048417,0,0.089142144,0
1882,0,0,0.2554647501826823,0,0.23637384,0
1883,0,0,0.0728565346078914,0,0.06204328,0
1884,0,1,0.1609465562660499,0,0.12915531,0
1885,0,1,0.13304339421433298,0,0.14989068,0
1886,0,1,0.18267786558265872,0,0.18682611,0
1887,0,0,0.09419936048852662,0,0.085604005,0
1888,1,1,0.24086367094143715,0,0.26520574,0
1889,0,0,0.18072938421995582,0,0.20758072,0
1890,1,1,0.26622351833503066,0,0.271141,0
1891,0,1,0.13961718791215985,0,0.15663992,0
1892,0,0,0.08517797287797227,0,0.08096741,0
1893,0,0,0.05925252194298991,0,0.03757327,0
1894,1,0,0.28602696972686004,0,0.21436556,0
1895,0,0,0.08065108191364621,0,0.08149157,0
1896,0,1,0.1229891361260846,0,0.120515004,0
1897,1,0,0.18522566896100018,0,0.17828193,0
1898,0,1,0.1526446224856153,0,0.18764389,0
1899,0,1,0.12192041553858848,0,0.1719316,0
1900,0,1,0.14860127613163138,0,0.16922374,0
1901,1,1,0.08100592938161419,0,0.063109264,0
1902,0,1,0.10590037539296282,0,0.12946941,0
1903,0,1,0.11777270656912697,0,0.13255328,0
1904,0,1,0.18126616197452575,0,0.16216275,0
1905,0,1,0.12238872137222784,0,0.1219057,0
1906,0,0,0.2122969842233649,0,0.21792029,0
1907,0,1,0.14139010395083756,0,0.13696592,0
1908,0,1,0.1797522681110063,0,0.15901977,0
1909,0,0,0.11034502286813387,0,0.08701741,0
1910,1,0,0.11550775335720463,0,0.08356609,0
1911,0,0,0.12430482265678862,0,0.12373469,0
1912,0,1,0.21418172225329668,0,0.20613833,0
1913,0,1,0.1451048852331565,0,0.16220401,0
1914,0,0,0.19998424197871006,0,0.20237201,0
1915,0,1,0.17256055140554524,0,0.19312707,0
1916,0,1,0.17866317578265373,0,0.18201222,0
1917,0,0,0.07034814980931425,0,0.055507526,0
1918,0,1,0.11062774400076705,0,0.17286144,0
1919,0,1,0.15223554178451934,0,0.17876476,0
1920,0,0,0.1506064446972226,0,0.12624021,0
1921,0,1,0.15879752059169805,0,0.15636265,0
1922,0,0,0.16970586410666666,0,0.17227589,0
1923,0,1,0.14711916021883473,0,0.1271891,0
1924,0,0,0.12089349348131576,0,0.097528376,0
1925,0,1,0.28424152307959155,0,0.27985048,0
1926,0,1,0.09521023533051587,0,0.17527504,0
1927,0,1,0.16148736987451398,0,0.11936778,0
1928,0,0,0.2481080858889195,0,0.20558581,0
1929,0,1,0.25672094018113906,0,0.36239564,0
1930,1,1,0.12336176140203949,0,0.12215009,0
1931,0,1,0.13903103734454103,0,0.12477626,0
1932,0,1,0.15823662215472706,0,0.15068752,0
1933,0,0,0.13290324253878716,0,0.12582098,0
1934,0,0,0.10253270550762886,0,0.11066722,0
1935,0,0,0.09407211085484742,0,0.10969448,0
1936,0,1,0.06917891967532529,0,0.056460496,0
1937,1,1,0.0948691184525165,0,0.082157135,0
1938,0,1,0.08234178460330571,0,0.101395205,0
1939,0,0,0.0861193479025021,0,0.071640596,0
1940,0,1,0.14326614599672038,0,0.14625953,0
1941,0,0,0.06241962657529573,0,0.041261066,0
1942,0,1,0.12131348293012614,0,0.1426883,0
1943,0,1,0.2770169809463544,0,0.28892025,0
1944,0,0,0.12413138308598304,0,0.10226035,0
1945,0,1,0.14312131306888265,0,0.16463876,0
1946,0,1,0.15153452686103278,0,0.18384059,0
1947,0,0,0.08413805613322489,0,0.104864866,0
1948,0,1,0.16529859041687392,0,0.16685495,0
1949,1,1,0.12141533420355356,0,0.12959266,0
1950,0,1,0.16947861356680202,0,0.1698767,0
1951,0,1,0.24190838648189678,0,0.20028047,0
1952,1,1,0.132114666959416,0,0.14220889,0
1953,0,0,0.09321878295291472,0,0.079192705,0
1954,0,0,0.14591995196453525,0,0.16288257,0
1955,0,1,0.11167060666000381,0,0.1309654,0
1956,0,0,0.15344654266662855,0,0.11232169,0
1957,0,1,0.15565905247548414,0,0.15901105,0
1958,1,1,0.08945738852470786,0,0.0990225,0
1959,0,1,0.06890160864948357,0,0.048310086,0
1960,0,0,0.062215113618520224,0,0.037885483,0
1961,0,1,0.12004113784113425,0,0.104211554,0
1962,0,1,0.10026208021540568,0,0.08198359,0
1963,0,0,0.13347785623528752,0,0.14443408,0
1964,0,1,0.1075800238516678,0,0.10014452,0
1965,0,0,0.3378873007115955,0,0.3187157,0
1966,0,1,0.12892876247272853,0,0.1375801,0
1967,0,0,0.1470969998099531,0,0.1847661,0
1968,0,1,0.1315083639005855,0,0.13091512,0
1969,0,1,0.1593249744677656,0,0.14729276,0
1970,0,1,0.07041625165000778,0,0.04739132,0
1971,0,1,0.08193975454350717,0,0.06366094,0
1972,0,0,0.17625596999041304,0,0.18036902,0
1973,0,1,0.0815674321762467,0,0.06525144,0
1974,1,0,0.19199912880269054,0,0.24031945,0
1975,0,1,0.13620179734161797,0,0.13573767,0
1976,0,1,0.1782856208324065,0,0.18307325,0
1977,0,1,0.18734558255483388,0,0.1904227,0
1978,0,0,0.2090348620201903,0,0.21811026,0
1979,0,0,0.08387512462715045,0,0.07864668,0
1980,0,0,0.12240161747605073,0,0.12750521,0
1981,0,1,0.12950778933742496,0,0.15519625,0
1982,0,1,0.15589821166162113,0,0.19299883,0
1983,0,0,0.2438075771536937,0,0.27676818,0
1984,0,1,0.24849400087297846,0,0.22411413,0
1985,1,1,0.1460971678933918,0,0.07197521,0
1986,0,0,0.08066525103365381,0,0.07700493,0
1987,0,0,0.1615304417425455,0,0.1776482,0
1988,0,0,0.23505070982201925,0,0.24846038,0
1989,0,0,0.16493644823462078,0,0.18006253,0
1990,0,1,0.22958673920053269,0,0.19254388,0
1991,0,0,0.25170386025969954,0,0.20143121,0
1992,0,1,0.12404973719224721,0,0.14420308,0
1993,0,1,0.11487547560973661,0,0.087267585,0
1994,1,1,0.15008933554126394,0,0.14923012,0
1995,0,1,0.1284951711673537,0,0.1418212,0
1996,0,1,0.06886171466487989,0,0.049809128,0
1997,0,1,0.13262524670342546,0,0.13759829,0
1998,0,1,0.15056120036376652,0,0.1657466,0
1999,0,1,0.15427022240877808,0,0.16988893,0
2000,0,1,0.0803177452255716,0,0.079791814,0
2001,0,1,0.15565597544309212,0,0.1819884,0
2002,0,1,0.06518970712527515,0,0.053780966,0
2003,0,1,0.16157759082525722,0,0.19475001,0
2004,0,0,0.11860305412086408,0,0.12587005,0
2005,0,1,0.19151666227151531,0,0.18370564,0
2006,0,1,0.19212438332472517,0,0.21441145,0
2007,0,0,0.09803000234459686,0,0.11067658,0
2008,0,0,0.28213176953041735,0,0.25879434,0
2009,0,1,0.268626716178706,0,0.2578983,0
2010,0,1,0.24845881850140017,0,0.2853804,0
2011,0,0,0.15398868541455993,0,0.13232484,0
2012,0,1,0.1064833910301649,0,0.101738125,0
2013,0,1,0.1356173090926635,0,0.18536799,0
2014,0,1,0.1779456633613924,0,0.17063332,0
2015,0,0,0.18296477535363861,0,0.20416452,0
2016,0,0,0.10558404048464493,0,0.08961224,0
2017,0,1,0.13028001682651374,0,0.090115,0
2018,0,1,0.20663128098234557,0,0.23125355,0
2019,1,1,0.1606655804103506,0,0.15940464,0
2020,0,1,0.12987710715130749,0,0.14149489,0
2021,0,1,0.08526539200444606,0,0.057831954,0
2022,0,0,0.18497177974423906,0,0.17086405,0
2023,0,1,0.15587634820200677,0,0.17734036,0
2024,0,1,0.12110545402242645,0,0.13856398,0
2025,1,1,0.27884920546920966,0,0.2077044,0
2026,0,1,0.2140486093413922,0,0.22372419,0
2027,0,0,0.11452753466075792,0,0.11932076,0
2028,0,0,0.1527024234281317,0,0.15949808,0
2029,0,1,0.10434501588541788,0,0.08756365,0
2030,0,1,0.08601611344374095,0,0.069627985,0
2031,0,0,0.18305178238643283,0,0.18589818,0
2032,0,0,0.2628174356717859,0,0.2506381,0
2033,1,0,0.15485986213487973,0,0.14193934,0
2034,1,1,0.167957603603077,0,0.16420138,0
2035,0,1,0.21510560193739686,0,0.19942166,0
2036,0,1,0.10924360285050382,0,0.092143275,0
2037,0,0,0.22846305501411557,0,0.34490758,0
2038,0,0,0.14306946590649633,0,0.17653577,0
2039,0,0,0.18719684265837172,0,0.17796242,0
2040,0,1,0.12754010856081355,0,0.12876262,0
2041,0,1,0.1545075215096503,0,0.23112233,0
2042,0,1,0.10914842498494742,0,0.107809566,0
2043,0,0,0.22175080902404987,0,0.22715394,0
2044,0,1,0.15162333571818964,0,0.122869596,0
2045,0,1,0.15206062728204534,0,0.1180933,0
2046,0,0,0.1888905323211756,0,0.21185772,0
2047,0,0,0.14871822760193146,0,0.17779917,0
2048,0,0,0.14674255268396724,0,0.1414832,0
2049,0,0,0.20399048671587816,0,0.16346012,0
2050,1,1,0.24996419732952457,0,0.2119403,0
2051,0,1,0.08914809423723404,0,0.08836197,0
2052,0,1,0.203642991015517,0,0.13448869,0
2053,0,1,0.15509234181299814,0,0.15469272,0
2054,0,1,0.11825169243998733,0,0.10321086,0
2055,0,0,0.11429883158848934,0,0.123492844,0
2056,0,0,0.14116515783451192,0,0.14404596,0
2057,0,1,0.1041132138911489,0,0.107917,0
2058,0,1,0.08700128026962045,0,0.10190879,0
2059,0,1,0.06742457475883963,0,0.04793229,0
2060,0,0,0.14077402704899628,0,0.15140885,0
2061,0,1,0.09863123201920125,0,0.116808176,0
2062,0,1,0.20077168465243098,0,0.20943055,0
2063,1,1,0.24089059517770134,0,0.3216782,0
2064,0,0,0.1947542800545565,0,0.18615301,0
2065,1,1,0.21877229346953034,0,0.24505746,0
2066,0,1,0.13805123142265324,0,0.11958322,0
2067,0,0,0.13089437104409926,0,0.1401543,0
2068,0,1,0.1322782124390601,0,0.15974618,0
2069,0,1,0.1424916608908866,0,0.15360144,0
2070,0,1,0.17641469807141516,0,0.15093417,0
2071,1,0,0.24616164643543517,0,0.20610125,0
2072,0,1,0.20765164481505807,0,0.22240996,0
2073,0,0,0.11013352310878488,0,0.09004273,0
2074,0,1,0.08061578007757049,0,0.0713454,0
2075,0,1,0.14379550930320648,0,0.15124883,0
2076,0,1,0.0532710461998712,0,0.045052987,0
2077,1,1,0.10787340480335458,0,0.1348942,0
2078,0,1,0.16120555308454632,0,0.18264079,0
2079,0,0,0.11928014472326938,0,0.12010678,0
2080,0,1,0.33924614374594686,0,0.31202343,0
2081,0,1,0.18788739725875364,0,0.16740853,0
2082,0,1,0.06220726054633633,0,0.07288167,0
2083,0,1,0.13438094553101312,0,0.20524898,0
2084,0,1,0.09376855068372388,0,0.086262606,0
2085,0,1,0.11842343655323893,0,0.14920177,0
2086,0,0,0.13937216743489558,0,0.115470886,0
2087,0,0,0.14939226828497523,0,0.18015791,0
2088,1,1,0.18816343904879923,0,0.1172659,0
2089,0,1,0.2177017880822646,0,0.19828083,0
2090,0,1,0.0798145870110589,0,0.058154617,0
2091,0,1,0.18631149588854656,0,0.32835224,0
2092,0,0,0.11038668421867122,0,0.11691519,0
2093,0,0,0.11526951964354093,0,0.13814004,0
2094,0,1,0.15648409605173916,0,0.16665564,0
2095,0,1,0.08483168190987807,0,0.09518318,0
2096,0,1,0.20784064562103705,0,0.21746676,0
2097,0,1,0.09819208084170188,0,0.064484365,0
2098,0,1,0.21022370865951362,0,0.19203043,0
2099,1,0,0.15329995341071273,0,0.16872871,0
2100,0,0,0.12767231418303432,0,0.087154716,0
2101,0,1,0.15347383966788303,0,0.13003871,0
2102,1,1,0.1510000040996659,0,0.13023983,0
2103,0,0,0.09028224381843042,0,0.060711183,0
2104,0,1,0.2180695575726257,0,0.24256517,0
2105,1,1,0.11469154286934966,0,0.12542276,0
2106,0,1,0.13151095282961106,0,0.10198446,0
2107,1,0,0.11516595508010605,0,0.09500486,0
2108,0,1,0.11973437893323724,0,0.1149676,0
2109,0,1,0.1377635289655088,0,0.1251219,0
2110,0,1,0.20401636660139186,0,0.19092171,0
2111,0,1,0.2323704461419865,0,0.20872758,0
2112,0,1,0.2506972512564317,0,0.29992375,0
2113,0,1,0.05775229485322574,0,0.032316733,0
2114,1,1,0.1829365672659591,0,0.20416452,0
2115,0,1,0.18482356027952307,0,0.18896376,0
2116,0,0,0.1214908201748253,0,0.26518232,0
2117,0,1,0.12716468192560265,0,0.096469626,0
2118,0,1,0.14962973388076276,0,0.14838773,0
2119,1,0,0.15236733688221252,0,0.15690899,0
2120,0,1,0.05929182681022644,0,0.04238892,0
2121,0,1,0.22431741346677583,0,0.30251628,0
2122,0,1,0.10394935359021287,0,0.1178074,0
2123,0,0,0.1454938494045104,0,0.13403328,0
2124,0,1,0.13375870524736452,0,0.12422491,0
2125,1,1,0.15572776106902003,0,0.1605689,0
2126,1,1,0.1589947435724529,0,0.086479396,0
2127,0,1,0.13285653784532686,0,0.1203469,0
2128,0,1,0.10630653239767551,0,0.108933106,0
2129,0,1,0.13846713482835799,0,0.10136302,0
2130,1,0,0.17398850963295162,0,0.14584485,0
2131,0,0,0.4173476369136062,0,0.30289957,0
2132,0,1,0.15927979318981333,0,0.14808613,0
2133,0,1,0.1880598986799153,0,0.16030668,0
2134,0,1,0.18088478860854437,0,0.19036666,0
2135,1,0,0.19192569411122826,0,0.19924477,0
2136,0,0,0.12802091726691803,0,0.13935085,0
2137,0,1,0.10692861568022098,0,0.11848993,0
2138,0,0,0.1919981060400029,0,0.17610386,0
2139,0,0,0.13037367705628072,0,0.15835276,0
2140,0,0,0.09518288601230124,0,0.100405544,0
2141,0,0,0.11618800795992977,0,0.1471141,0
2142,0,0,0.11784355913693818,0,0.1228797,0
2143,0,1,0.14374532409036472,0,0.12990604,0
2144,0,0,0.15533756789711173,0,0.22405271,0
2145,0,1,0.1333880168473084,0,0.11434259,0
2146,1,1,0.2099393775718254,0,0.21856517,0
2147,0,0,0.12011517076914704,0,0.12220319,0
2148,0,0,0.11167675306682887,0,0.12495076,0
2149,1,1,0.14142400542411193,0,0.20645198,0
2150,0,1,0.08741894282459169,0,0.08039814,0
2151,1,1,0.054887958248896015,0,0.046654824,0
2152,1,1,0.22663583847923657,0,0.2673322,0
2153,0,1,0.08732126673771817,0,0.09762543,0
2154,0,0,0.07542468188110289,0,0.060568083,0
2155,0,1,0.15151099711237562,0,0.12623455,0
2156,0,1,0.10553381637400729,0,0.09578585,0
2157,1,0,0.18099324411588924,0,0.19654244,0
2158,0,0,0.11049368015555582,0,0.13815601,0
2159,0,1,0.09004525281605034,0,0.112945445,0
2160,0,1,0.11470196353322079,0,0.08235794,0
2161,0,1,0.12487859698799333,0,0.10967285,0
2162,0,1,0.11992548818100739,0,0.12725602,0
2163,0,0,0.12714218446216788,0,0.12696572,0
2164,0,1,0.18864208711244831,0,0.22208202,0
2165,0,1,0.07904586785197495,0,0.054062743,0
2166,0,1,0.07541762038372936,0,0.07814614,0
2167,1,1,0.12259409443841526,0,0.12244387,0
2168,0,0,0.13038051823465305,0,0.1308166,0
2169,1,1,0.247810190346602,0,0.17052558,0
2170,0,1,0.20008711171798427,0,0.15710522,0
2171,0,0,0.2102845156823264,0,0.19451,0
2172,0,0,0.11860181566656557,0,0.12587005,0
2173,1,1,0.16144844467358055,0,0.13790986,0
2174,0,1,0.08446193838276887,0,0.09357486,0
2175,0,1,0.2125867221864463,0,0.21185748,0
2176,0,1,0.0617060176946602,0,0.0558695,0
2177,0,0,0.07402460132162844,0,0.05370114,0
2178,0,1,0.10622085576485864,0,0.11654556,0
2179,1,0,0.20510152520212266,0,0.19040023,0
2180,0,0,0.1915494654043994,0,0.1948856,0
2181,0,0,0.16444627816685797,0,0.17273653,0
2182,0,1,0.14727020156339063,0,0.16458473,0
2183,0,1,0.15507172570279595,0,0.17045557,0
2184,0,1,0.15206815608603771,0,0.13619518,0
2185,0,1,0.15205748429022548,0,0.1439565,0
2186,0,0,0.1841615810415915,0,0.15662555,0
2187,0,1,0.08477217037305318,0,0.07578245,0
2188,0,1,0.15593375121374292,0,0.1481887,0
2189,0,1,0.13906012182771857,0,0.15153345,0
2190,0,1,0.12394812120993001,0,0.15348867,0
2191,1,1,0.20594992968437056,0,0.20123827,0
2192,1,1,0.4260579245009614,0,0.40144184,0
2193,0,1,0.167690447342237,0,0.17778654,0
2194,0,1,0.09942585219333294,0,0.1094006,0
2195,0,1,0.13277551203142185,0,0.14819044,0
2196,0,1,0.12680251817459426,0,0.108042665,0
2197,0,0,0.09092571699128453,0,0.09082213,0
2198,0,0,0.2130741958650111,0,0.21658875,0
2199,0,0,0.09592172922263854,0,0.10201901,0
2200,0,1,0.21798195904053963,0,0.14595674,0
2201,0,1,0.29031066205437306,0,0.27572194,0
2202,0,1,0.1369268989765344,0,0.13613506,0
2203,0,0,0.16257192414319863,0,0.20585218,0
2204,0,1,0.15082728166682158,0,0.17302085,0
2205,0,1,0.10611432458570726,0,0.107391626,0
2206,0,1,0.31325440889362327,0,0.30051067,0
2207,0,1,0.23114375902202558,0,0.20054361,0
2208,1,1,0.12444142368703741,0,0.13736875,0
2209,0,0,0.14866695381188333,0,0.14471956,0
2210,0,0,0.12340151447905302,0,0.120769724,0
2211,1,1,0.12643707716980876,0,0.13776007,0
2212,0,1,0.11440347375012815,0,0.12632,0
2213,0,0,0.12756390777370202,0,0.10628587,0
2214,0,0,0.15713179973475713,0,0.15221241,0
2215,1,1,0.14176359619731624,0,0.13308106,0
2216,0,0,0.1760642355694175,0,0.17834099,0
2217,0,1,0.1587081727722347,0,0.23782073,0
2218,0,0,0.08613715245059944,0,0.07166592,0
2219,0,0,0.18699535475638915,0,0.22663373,0
2220,0,1,0.08166021149738005,0,0.051107775,0
2221,0,0,0.12408958860869296,0,0.10157576,0
2222,0,1,0.20904176455011306,0,0.23259212,0
2223,0,1,0.14227118684961654,0,0.17633069,0
2224,0,0,0.1423635429044084,0,0.17068897,0
2225,0,0,0.2769416929408399,0,0.30257827,0
2226,1,0,0.17507903548822762,0,0.22007298,0
2227,0,1,0.07909587950334993,0,0.14432693,0
2228,0,0,0.08732126673771817,0,0.09762543,0
2229,0,1,0.13591458475552998,0,0.15522999,0
2230,0,1,0.0770458779253625,0,0.09114232,0
2231,0,1,0.05465298905684154,0,0.06349149,0
2232,0,1,0.12093375308190914,0,0.16921917,0
2233,0,1,0.39157895247343727,0,0.10314373,0
2234,0,1,0.08067587814465393,0,0.07871093,0
2235,0,1,0.19192569411122826,0,0.19924477,0
2236,0,0,0.09359346946174382,0,0.09824729,0
2237,0,0,0.29669105422359887,0,0.26688966,0
2238,0,0,0.09341301312269039,0,0.09635981,0
2239,0,0,0.22375341910143048,0,0.19178182,0
2240,1,1,0.3023696743865547,0,0.2700298,0
2241,0,1,0.11992548818100739,0,0.12725602,0
2242,0,1,0.16453564309540494,0,0.14587341,0
2243,1,1,0.12573456994838114,0,0.12565185,0
2244,0,0,0.08133173890440672,0,0.07141667,0
2245,0,0,0.12492660966345387,0,0.118984036,0
2246,0,0,0.2001256698777424,0,0.13900976,0
2247,0,0,0.094269217227045,0,0.105828896,0
2248,0,0,0.12234383279532762,0,0.15245101,0
2249,0,1,0.06912838708527272,0,0.0435886,0
2250,0,0,0.11447928595874902,0,0.12844583,0
2251,0,1,0.16160985037847447,0,0.16522165,0
2252,0,0,0.11048142686029966,0,0.14544575,0
2253,1,1,0.11995708435605164,0,0.09932237,0
2254,0,1,0.3357964555818561,0,0.42045045,0
2255,0,1,0.22316758352361515,0,0.20198561,0
2256,0,1,0.12649433813114594,0,0.12495719,0
2257,0,0,0.2543875368889667,0,0.24203014,0
2258,0,1,0.13475608853874918,0,0.13717516,0
2259,0,0,0.3489204851000618,0,0.27934155,0
2260,0,1,0.15204920007276104,0,0.16852497,0
2261,1,1,0.15976103413989357,0,0.1404259,0
2262,0,0,0.23046736026356207,0,0.22718412,0
2263,0,1,0.16244965311373297,0,0.11687926,0
2264,0,1,0.09254793342625856,0,0.07183993,0
2265,0,0,0.09939470044008715,0,0.10262363,0
2266,0,0,0.12145346341089215,0,0.15934594,0
2267,0,1,0.08657793160402824,0,0.079418495,0
2268,0,1,0.11228397681425499,0,0.1346511,0
2269,1,1,0.15234529775391226,0,0.15690899,0
2270,0,1,0.23324414258460208,0,0.21772276,0
2271,0,1,0.13511526322412074,0,0.14799313,0
2272,0,1,0.15541022874117388,0,0.18176636,0
2273,0,0,0.10633884178442807,0,0.10422423,0
2274,1,1,0.11869911632817316,0,0.20098421,0
2275,0,0,0.06567895009217674,0,0.046597835,0
2276,0,0,0.0834052859882447,0,0.08718202,0
2277,0,0,0.2580925132722984,0,0.31794083,0
2278,0,1,0.14566557226707244,0,0.11857781,0
2279,0,1,0.19806889411758566,0,0.26247644,0
2280,0,1,0.13847293016319367,0,0.12175181,0
2281,0,1,0.12708603505863003,0,0.13686402,0
2282,0,1,0.12029384109567384,0,0.1128482,0
2283,1,0,0.2763826994429713,0,0.47409144,0
2284,1,1,0.12894155319231268,0,0.10556311,0
2285,0,0,0.11505366438038014,0,0.090172715,0
2286,0,0,0.12200576952577619,0,0.09903831,0
2287,0,0,0.07654095789862164,0,0.074414216,0
2288,0,0,0.2804578002060889,0,0.1599245,0
2289,1,1,0.2012959694082319,0,0.17559952,0
2290,1,1,0.18177171359128563,0,0.175929,0
2291,1,1,0.1592744377350393,0,0.16916671,0
2292,0,1,0.1599426428818829,0,0.15243323,0
2293,0,1,0.07034814980931425,0,0.055507526,0
2294,0,1,0.24021208796726914,0,0.26867792,0
2295,1,1,0.1429372424057315,0,0.15097336,0
2296,0,1,0.0905615311934457,0,0.080649585,0
2297,0,1,0.10510196668748428,0,0.0923352,0
2298,0,1,0.22166779725070024,0,0.20049733,0
2299,0,0,0.1706874032039365,0,0.17192458,0
2300,1,1,0.17156283135111974,0,0.17490448,0
2301,0,0,0.14279794133945506,0,0.1343809,0
2302,0,1,0.10354412937875755,0,0.088380545,0
2303,0,1,0.06547349189815974,0,0.06612708,0
2304,0,0,0.13714646632379693,0,0.13576606,0
2305,0,0,0.09179715872736541,0,0.09555621,0
2306,0,1,0.08275852137608748,0,0.087066196,0
2307,0,1,0.12450108818813553,0,0.1232014,0
2308,0,0,0.10254205022822485,0,0.11643737,0
2309,0,0,0.11108672450754749,0,0.14533278,0
2310,0,0,0.1760148325944059,0,0.2553944,0
2311,0,0,0.11986224416210686,0,0.16648307,0
2312,0,0,0.26649277186012393,0,0.24113713,0
2313,0,1,0.0906745940241527,0,0.09667005,0
2314,1,1,0.08960613921600936,0,0.060778882,0
2315,0,1,0.16570062497304933,0,0.15626913,0
2316,0,1,0.15241043913073277,0,0.15690899,0
2317,0,0,0.17873615372019291,0,0.28555295,0
2318,0,0,0.12247206067934166,0,0.10812993,0
2319,0,1,0.10453520915368732,0,0.09425829,0
2320,0,1,0.15605106143160746,0,0.22897007,0
2321,0,1,0.12294543752730884,0,0.128444,0
2322,0,0,0.09941761432368708,0,0.089463964,0
2323,0,1,0.09518288601230124,0,0.100405544,0
2324,0,1,0.07928185641524228,0,0.065823324,0
2325,1,1,0.12400219179071292,0,0.17109792,0
2326,0,0,0.22789112288542204,0,0.16478969,0
2327,0,1,0.11277933095699412,0,0.0986495,0
2328,0,0,0.1514498158750969,0,0.277705,0
2329,0,1,0.09622017408577842,0,0.10335048,0
2330,1,0,0.12618409366941657,0,0.14731751,0
2331,0,1,0.15348479748041738,0,0.14245073,0
2332,0,1,0.09785875434346972,0,0.109290704,0
2333,0,1,0.08958866503997301,0,0.09167182,0
2334,0,1,0.07103534273826666,0,0.060149632,0
2335,0,1,0.08699186107230872,0,0.090084106,0
2336,1,0,0.07362701476613726,0,0.06602726,0
2337,0,1,0.11822340150335137,0,0.22203755,0
2338,0,1,0.07327118533102349,0,0.079180494,0
2339,0,1,0.14040201310623687,0,0.12516135,0
2340,0,1,0.2126483477025873,0,0.18392727,0
2341,1,1,0.13649965662772093,0,0.14243546,0
2342,0,0,0.30649711665435625,0,0.29306188,0
2343,0,0,0.09802244543797811,0,0.11067658,0
2344,0,0,0.12586045128328205,0,0.10670422,0
2345,0,0,0.10790895317477868,0,0.17699733,0
2346,0,0,0.28718227658702367,0,0.23187646,0
2347,1,1,0.21744749213290046,0,0.20969662,0
2348,0,1,0.17452255321990018,0,0.19053134,0
2349,0,1,0.20509105930263555,0,0.2002114,0
2350,0,1,0.08919243423862587,0,0.098837,0
2351,0,0,0.17573153300817018,0,0.15483978,0
2352,0,1,0.1451748888667252,0,0.14066756,0
2353,1,1,0.14608901310388248,0,0.13224594,0
2354,0,1,0.1059178949615227,0,0.1455538,0
2355,0,0,0.17979985152123376,0,0.15607505,0
2356,0,1,0.16517909855116358,0,0.16615292,0
2357,1,1,0.0919011321446815,0,0.06822789,0
2358,0,0,0.19795377208674605,0,0.16987231,0
2359,0,1,0.10916326421052691,0,0.081219375,0
2360,0,0,0.14473951332575744,0,0.123373985,0
2361,0,0,0.080996039490895,0,0.075317085,0
2362,0,1,0.10565126724986773,0,0.09873399,0
2363,0,1,0.25321395769983085,0,0.20092216,0
2364,0,1,0.0860859936057559,0,0.07953489,0
2365,0,1,0.21877229346953034,0,0.24505746,0
2366,0,1,0.17813468493650686,0,0.14103189,0
2367,0,1,0.15873705194633037,0,0.16728282,0
2368,0,0,0.2121766364123319,0,0.19381526,0
2369,0,1,0.181783376897202,0,0.175929,0
2370,0,0,0.18126616197452575,0,0.16216275,0
2371,0,1,0.08929347223488124,0,0.0695044,0
2372,1,0,0.13811520677096728,0,0.15771587,0
2373,0,1,0.19848122311181046,0,0.20154889,0
2374,0,0,0.25789172179922243,0,0.2379767,0
2375,0,0,0.11725831788633559,0,0.07573951,0
2376,0,1,0.12909975237041285,0,0.1463133,0
2377,0,1,0.14282560270684871,0,0.14866152,0
2378,0,1,0.24353466801631704,0,0.2721274,0
2379,0,1,0.11865542474123206,0,0.11366688,0
2380,0,1,0.21433311312767078,0,0.17031106,0
2381,1,1,0.13572239454130386,0,0.124667935,0
2382,0,1,0.11428287046229067,0,0.12800388,0
2383,0,1,0.158239492603802,0,0.16666424,0
2384,0,1,0.13290109713348583,0,0.12582098,0
2385,0,0,0.0884292188013189,0,0.06432287,0
2386,0,1,0.14315885063137584,0,0.10527713,0
2387,0,0,0.18225376912216595,0,0.21990687,0
2388,0,1,0.21482384805800098,0,0.24104963,0
2389,0,1,0.10381189510780083,0,0.08720872,0
2390,0,1,0.07711225707234794,0,0.077371724,0
2391,0,0,0.07758545811438465,0,0.06168158,0
2392,0,1,0.053207861345697605,0,0.07315976,0
2393,0,1,0.07073781914848587,0,0.055870663,0
2394,0,1,0.1685009241700395,0,0.15186416,0
2395,0,0,0.12289801052599127,0,0.09358334,0
2396,0,0,0.1105336545790985,0,0.082890905,0
2397,0,1,0.19937722717911271,0,0.20610064,0
2398,0,0,0.15311158790004145,0,0.13551174,0
2399,0,1,0.09526950225833758,0,0.102802746,0
2400,0,1,0.21105345495196395,0,0.175306,0
2401,0,0,0.1706555824002412,0,0.17359768,0
2402,0,0,0.17068440857364023,0,0.17359768,0
2403,0,1,0.08062060962234618,0,0.0713454,0
2404,0,1,0.08560829741817945,0,0.06282804,0
2405,0,1,0.14084754568337668,0,0.12505981,0
2406,1,0,0.1518116984928276,0,0.1511846,0
2407,0,1,0.09613603367441495,0,0.098467164,0
2408,0,1,0.11757534089818775,0,0.1307421,0
2409,0,1,0.15115932631276927,0,0.15151875,0
2410,1,1,0.36433896746822697,0,0.28365174,0
2411,0,1,0.08323199298131888,0,0.07928172,0
2412,0,0,0.10642874441120512,0,0.10274348,0
2413,0,0,0.17701326466968417,0,0.18828179,0
2414,1,1,0.19361655734457564,0,0.23940434,0
2415,0,0,0.09326317525473718,0,0.08966452,0
2416,0,1,0.17225561673728976,0,0.14393519,0
2417,1,1,0.10558501932346186,0,0.15077858,0
2418,0,1,0.1490890479336782,0,0.119381815,0
2419,0,1,0.1083913676400349,0,0.09791397,0
2420,0,1,0.1987008022959856,0,0.25066292,0
2421,0,1,0.22168823798338114,0,0.1959015,0
2422,0,0,0.0883169273826975,0,0.096060514,0
2423,0,0,0.09071630404294723,0,0.086390816,0
2424,0,0,0.11501398522339525,0,0.108545676,0
2425,0,1,0.10750168175861102,0,0.106698684,0
2426,0,1,0.25880150661223056,0,0.2215381,0
2427,1,0,0.11928753477863635,0,0.065789215,0
2428,0,1,0.10896953177134704,0,0.13951017,0
2429,0,0,0.10290272643084625,0,0.107628785,0
2430,0,1,0.2750866331439874,0,0.2898724,0
2431,0,0,0.12576303736254002,0,0.10433993,0
2432,0,1,0.10785709113168193,0,0.1371546,0
2433,0,1,0.25769512096406577,0,0.20348178,0
2434,1,1,0.12485205008682476,0,0.12749067,0
2435,0,1,0.05928811390166961,0,0.04391856,0
2436,0,1,0.062128090463294844,0,0.049380437,0
2437,0,0,0.14564520283317076,0,0.14067176,0
2438,0,1,0.11739132597073404,0,0.11668134,0
2439,0,1,0.10323323977470854,0,0.18079661,0
2440,0,1,0.20136518382576132,0,0.21404555,0
2441,0,0,0.10582305262437476,0,0.14660306,0
2442,0,0,0.24263317189358338,0,0.28281647,0
2443,0,1,0.2250293765805143,0,0.21828316,0
2444,0,0,0.1064833910301649,0,0.101738125,0
2445,0,1,0.13482339385420927,0,0.11818354,0
2446,0,0,0.25336120304875104,0,0.23943055,0
2447,0,0,0.14144089491367431,0,0.131026,0
2448,0,0,0.14265814459777784,0,0.16529869,0
2449,0,1,0.16105860961656626,0,0.15388381,0
2450,0,0,0.16545411139489177,0,0.13666464,0
2451,0,0,0.2277992647593096,0,0.19600305,0
2452,0,0,0.17621919152085416,0,0.17221414,0
2453,0,0,0.08956641996772204,0,0.10366045,0
2454,0,1,0.0762234428668686,0,0.06926279,0
2455,0,0,0.09137641744187658,0,0.123719156,0
2456,0,1,0.0577706711746429,0,0.02854324,0
2457,0,1,0.07749565946495617,0,0.04978219,0
2458,0,0,0.28369622327108207,0,0.25460762,0
2459,0,1,0.07559291858860052,0,0.06664806,0
2460,0,1,0.1292782083452574,0,0.09782396,0
2461,0,1,0.10812091871360673,0,0.11165954,0
2462,1,1,0.13015904509511175,0,0.1188686,0
2463,1,1,0.13852904612791042,0,0.14951105,0
2464,0,0,0.09451982283167941,0,0.08620444,0
2465,1,1,0.12450108818813553,0,0.1232014,0
2466,0,1,0.1025893564685605,0,0.122281775,0
2467,0,1,0.17409036234071154,0,0.20392399,0
2468,0,1,0.16086768285356237,0,0.15047267,0
2469,0,1,0.14424435234505417,0,0.14370854,0
2470,1,1,0.11393229900435566,0,0.11329366,0
2471,0,0,0.1205336383705431,0,0.12168789,0
2472,0,1,0.1460174266756205,0,0.13543278,0
2473,0,1,0.07137565475930073,0,0.057167187,0
2474,0,0,0.2951679991675923,0,0.38071892,0
2475,0,1,0.14267970829462295,0,0.16461755,0
2476,1,1,0.10517206078640157,0,0.12995367,0
2477,0,0,0.07718991536442496,0,0.03322896,0
2478,0,1,0.14860962728976454,0,0.15015872,0
2479,0,1,0.15750089800465716,0,0.1859738,0
2480,1,1,0.09184093749686956,0,0.087838165,0
2481,0,1,0.22728214646078126,0,0.28115728,0
2482,1,1,0.1349656638650976,0,0.16616601,0
2483,0,1,0.07709611898976813,0,0.059199225,0
2484,0,1,0.09952994596775501,0,0.10682265,0
2485,0,0,0.10916224927179362,0,0.08759562,0
2486,1,0,0.1801430711496556,0,0.1650148,0
2487,0,1,0.2455252803268502,0,0.3384565,0
2488,0,0,0.22709434051154184,0,0.22211635,0
2489,0,1,0.1810784481436493,0,0.19483043,0
2490,0,1,0.2010337079420103,0,0.13445984,0
2491,0,1,0.21486440517738964,0,0.081163384,0
2492,1,1,0.0990078230138462,0,0.07648079,0
2493,1,1,0.10143629880053383,0,0.10180528,0
2494,0,0,0.12849138065747606,0,0.13382389,0
2495,0,0,0.05925252194298991,0,0.03757327,0
2496,0,1,0.1808062046611359,0,0.19197664,0
2497,1,0,0.2033104907571072,0,0.19770403,0
2498,1,1,0.12800309582318958,0,0.15197083,0
2499,0,1,0.1661711634905207,0,0.16495766,0
2500,0,1,0.15347383966788303,0,0.13003871,0
2501,1,1,0.10776836755584848,0,0.13152435,0
2502,0,1,0.21756739091599525,0,0.21332075,0
2503,1,1,0.24887890678210145,0,0.2323466,0
2504,0,0,0.17498372637268306,0,0.18566386,0
2505,0,1,0.24770031221407907,0,0.31279814,0
2506,0,0,0.1088652316357067,0,0.107356705,0
2507,0,0,0.17811465394908965,0,0.18278444,0
2508,0,0,0.12601250312233644,0,0.14208218,0
2509,0,0,0.11386746831830018,0,0.11154148,0
2510,1,0,0.14629847125451867,0,0.14295003,0
2511,0,1,0.106183160693047,0,0.0990723,0
2512,0,1,0.3117829004859572,0,0.24261978,0
2513,0,0,0.18844471475026195,0,0.16081893,0
2514,0,1,0.16836623959768932,0,0.20549853,0
2515,1,0,0.11425029571531477,0,0.10297546,0
2516,0,0,0.07438626244215815,0,0.060817335,0
2517,0,1,0.19531873282965354,0,0.18549934,0
2518,1,0,0.2594776308721195,0,0.383003,0
2519,0,0,0.17633449346273278,0,0.16021222,0
2520,0,0,0.2929048764387561,0,0.25284263,0
2521,0,1,0.15401521012642894,0,0.17171274,0
2522,0,1,0.10370020082025395,0,0.1250698,0
2523,0,1,0.17452255321990018,0,0.19053134,0
2524,0,0,0.07787709205298425,0,0.07068964,0
2525,1,1,0.31787009643084435,0,0.31724375,0
2526,0,1,0.24229029027278476,0,0.21091509,0
2527,0,1,0.16534190767746815,0,0.1635826,0
2528,1,1,0.15166252616994547,0,0.14871232,0
2529,0,0,0.13268987256980158,0,0.14759643,0
2530,0,1,0.1508077930278522,0,0.16726916,0
2531,0,1,0.12933892401633526,0,0.123608835,0
2532,0,1,0.0803584306945594,0,0.08124635,0
2533,0,1,0.15174806574660157,0,0.16430816,0
2534,0,1,0.2292456049041045,0,0.2443932,0
2535,0,0,0.0798838941247582,0,0.080883205,0
2536,0,1,0.080996039490895,0,0.075317085,0
2537,0,1,0.1660923412725619,0,0.14703472,0
2538,0,1,0.10821991485973018,0,0.124621734,0
2539,1,0,0.2516117501747646,0,0.1900102,0
2540,1,1,0.21046509335682084,0,0.18181856,0
2541,0,0,0.21933157259040445,0,0.13232635,0
2542,0,0,0.1304676375662487,0,0.12002243,0
2543,0,1,0.10406408906911607,0,0.08487761,0
2544,0,1,0.1980445156589251,0,0.1628404,0
2545,0,1,0.14325898628759354,0,0.12246742,0
2546,1,1,0.14503968135881845,0,0.24457145,0
2547,0,0,0.12507027767079973,0,0.13975397,0
2548,0,1,0.18150327711927092,0,0.17062491,0
2549,0,0,0.05626515025987517,0,0.022916175,0
2550,0,1,0.09060317114433038,0,0.08321581,0
2551,0,1,0.16023275774288948,0,0.16115083,0
2552,0,0,0.19448125566901375,0,0.19061327,0
2553,0,1,0.13270496116473976,0,0.1447897,0
2554,1,1,0.06720615540700019,0,0.058680844,0
2555,0,0,0.08483168190987807,0,0.09518318,0
2556,1,1,0.1343035386304772,0,0.117052816,0
2557,0,1,0.2319051038346591,0,0.18967889,0
2558,0,1,0.07737713492956823,0,0.052871995,0
2559,0,1,0.11464715648334915,0,0.13068469,0
2560,0,1,0.22682130663659184,0,0.23483099,0
2561,0,0,0.15461203600376427,0,0.12736763,0
2562,0,1,0.12171479786306058,0,0.105856225,0
2563,0,1,0.19601408285317565,0,0.14965819,0
2564,0,1,0.07244632935156461,0,0.05259779,0
2565,0,0,0.14416833714776078,0,0.13436653,0
2566,0,1,0.14734776237658107,0,0.15621056,0
2567,0,0,0.17806407568564267,0,0.19040298,0
2568,0,1,0.08015716446937896,0,0.06146525,0
2569,0,1,0.07318949875108016,0,0.0714246,0
2570,0,0,0.07819843611831741,0,0.061709605,0
2571,0,1,0.09993162306760606,0,0.09952823,0
2572,1,1,0.10020097569269631,0,0.08912797,0
2573,0,1,0.11394974904779089,0,0.11695931,0
2574,0,0,0.14606748606498215,0,0.10877253,0
2575,1,0,0.3774897438726906,0,0.279381,0
2576,0,1,0.07700214208997276,0,0.0642841,0
2577,0,1,0.2914284737704619,0,0.18632567,0
2578,1,0,0.1166822171155638,0,0.13075705,0
2579,0,0,0.2522294283140854,0,0.27256516,0
2580,0,1,0.13895780159201418,0,0.121782325,0
2581,0,1,0.12184317441320217,0,0.11820135,0
2582,0,1,0.20661980186942935,0,0.19466019,0
2583,0,1,0.08034523639157452,0,0.08401211,0
2584,0,1,0.2397191886137406,0,0.21834949,0
2585,1,1,0.2545948960631731,0,0.19567113,0
2586,0,1,0.2805359054230102,0,0.22565891,0
2587,0,1,0.1453275366036394,0,0.1441606,0
2588,0,1,0.1055180161025043,0,0.12760456,0
2589,0,0,0.14911642515823997,0,0.13695951,0
2590,0,1,0.10360027451543184,0,0.1497919,0
2591,0,1,0.12574808973162802,0,0.114618614,0
2592,0,1,0.1599120977900218,0,0.15969658,0
2593,0,1,0.10790859108485971,0,0.13035338,0
2594,0,1,0.08517797287797227,0,0.08096741,0
2595,0,1,0.10839915462056308,0,0.13852665,0
2596,0,1,0.17733841486053503,0,0.19871444,0
2597,0,0,0.07524018093889594,0,0.04961402,0
2598,0,0,0.1437100163707355,0,0.1341052,0
2599,1,0,0.37680089036301706,0,0.31592467,0
2600,0,0,0.2005849811804179,0,0.2038561,0
2601,0,1,0.077119102641796,0,0.08792639,0
2602,0,0,0.11034497459251806,0,0.12350896,0
2603,1,1,0.3179247166435008,0,0.31724375,0
2604,0,1,0.1641417400434655,0,0.15623635,0
2605,0,1,0.10653066194355906,0,0.110588215,0
2606,0,1,0.10897915087764387,0,0.11266766,0
2607,1,1,0.1916280560374479,0,0.19362968,0
2608,0,0,0.14979068944561236,0,0.17251888,0
2609,0,1,0.220354718295338,0,0.19381952,0
2610,0,1,0.15289629733087307,0,0.1707624,0
2611,0,1,0.16532524736978968,0,0.1635826,0
2612,0,1,0.11094222732484767,0,0.09862374,0
2613,0,1,0.11836104944696227,0,0.15197375,0
2614,1,1,0.20129306696435975,0,0.17559952,0
2615,0,0,0.11076189080918585,0,0.1526401,0
2616,0,0,0.14592113036149557,0,0.15768881,0
2617,0,1,0.09668527849945352,0,0.102567844,0
2618,0,1,0.11108672450754749,0,0.14533278,0
2619,1,0,0.14088106997244615,0,0.17126161,0
2620,0,1,0.2602818066455652,0,0.23159656,0
2621,0,1,0.14879464223396832,0,0.14478557,0
2622,0,0,0.39254343490078414,0,0.406726,0
2623,0,1,0.23533026881348484,0,0.21862131,0
2624,0,0,0.0816799497454547,0,0.109614894,0
2625,0,0,0.12444371147617747,0,0.12651408,0
2626,0,1,0.21509719735623453,0,0.275848,0
2627,0,1,0.18442608776919306,0,0.15674068,0
2628,0,1,0.17914955790908152,0,0.18011075,0
2629,0,0,0.12406769962449356,0,0.1649585,0
2630,0,0,0.14857579678705346,0,0.16479409,0
2631,0,1,0.1333034463920886,0,0.14682452,0
2632,0,1,0.210091836234696,0,0.23590682,0
2633,0,0,0.16264187055005225,0,0.15617615,0
2634,0,1,0.17452255321990018,0,0.19053134,0
2635,0,0,0.18365646375892725,0,0.16366665,0
2636,0,1,0.1399512117548494,0,0.12959847,0
2637,0,1,0.20824307823910962,0,0.2115925,0
2638,0,1,0.2643540624033496,0,0.22203828,0
2639,0,1,0.13558029627904977,0,0.12265503,0
2640,0,0,0.1459031448400096,0,0.09931162,0
2641,0,1,0.11195611934814194,0,0.11610954,0
2642,0,1,0.1289448244769961,0,0.1375801,0
2643,1,1,0.14323370804734417,0,0.14093465,0
2644,0,1,0.18834496617568872,0,0.19723922,0
2645,0,1,0.15353127451906198,0,0.15810142,0
2646,0,0,0.17559305919457274,0,0.19608168,0
2647,0,1,0.14591995196453525,0,0.16288257,0
2648,0,1,0.11164867068628939,0,0.11903226,0
2649,0,1,0.05608213426715414,0,0.03984546,0
2650,0,1,0.08308946283223312,0,0.106126554,0
2651,0,0,0.10450854371131232,0,0.091011465,0
2652,0,0,0.17653860209563527,0,0.16821131,0
2653,0,1,0.11662511944078478,0,0.12582463,0
2654,0,1,0.15182310376889324,0,0.14718379,0
2655,1,1,0.14242284735229746,0,0.22770712,0
2656,0,0,0.17821380018218966,0,0.27985838,0
2657,0,1,0.14592058474313535,0,0.16288257,0
2658,0,0,0.05782380452885898,0,0.03586921,0
2659,0,0,0.18009504198825793,0,0.18377912,0
2660,0,1,0.14582236861491463,0,0.15691836,0
2661,0,0,0.12288068012086525,0,0.09851775,0
2662,0,0,0.068859615327068,0,0.04950494,0
2663,0,0,0.20679539568434088,0,0.17826025,0
2664,1,1,0.24215102145522951,0,0.18437678,0
2665,0,1,0.07956850485708099,0,0.08672952,0
2666,0,1,0.12242204140484149,0,0.13131237,0
2667,1,1,0.18802764059156193,0,0.16425644,0
2668,0,0,0.23154283618368085,0,0.2554631,0
2669,0,1,0.1936212499776965,0,0.20477198,0
2670,0,1,0.07034814980931425,0,0.055507526,0
2671,0,1,0.07515932644088157,0,0.054058976,0
2672,0,1,0.05934353123640482,0,0.0530198,0
2673,0,1,0.08753621594318528,0,0.08163835,0
2674,0,1,0.15692107752598522,0,0.17059863,0
2675,0,1,0.34123658522326833,0,0.26912087,0
2676,0,1,0.09984539354740185,0,0.09102083,0
2677,0,1,0.09412133588829022,0,0.11996564,0
2678,0,1,0.1063697797328578,0,0.11349865,0
2679,1,1,0.10414153947056022,0,0.09239316,0
2680,0,1,0.1318948963618846,0,0.13887107,0
2681,0,1,0.2475946750814687,0,0.2853305,0
2682,0,0,0.15047691198654192,0,0.10847825,0
2683,0,1,0.07637145034469116,0,0.0628079,0
2684,0,1,0.09692692146950031,0,0.09298847,0
2685,0,0,0.10177764608444531,0,0.09016582,0
2686,0,1,0.2962872772096479,0,0.33938226,0
2687,0,0,0.391603918305536,0,0.4010444,0
2688,0,1,0.19145713925207342,0,0.23259172,0
2689,0,0,0.09680779362455065,0,0.08552276,0
2690,0,1,0.13946605015979857,0,0.13824016,0
2691,0,0,0.062388021193392325,0,0.03531304,0
2692,0,0,0.2528928183638996,0,0.29120502,0
2693,0,1,0.08991823828333692,0,0.0882476,0
2694,0,1,0.14682279437400095,0,0.12139614,0
2695,0,0,0.2862131025736473,0,0.2484344,0
2696,0,1,0.2653905467018462,0,0.2824684,0
2697,0,0,0.12089653887523549,0,0.14751233,0
2698,0,0,0.1553189038029216,0,0.13546665,0
2699,0,1,0.14323970360167662,0,0.09939376,0
2700,0,0,0.12410350853819901,0,0.11315835,0
2701,0,1,0.1010065202970659,0,0.10842684,0
2702,0,0,0.17000991636485513,0,0.17999572,0
2703,0,1,0.13673372172492132,0,0.13654886,0
2704,0,0,0.13202497899283405,0,0.101517424,0
2705,0,1,0.08517797287797227,0,0.08096741,0
2706,1,1,0.19100817824079974,0,0.19295375,0
2707,0,0,0.1017647431391417,0,0.09818959,0
2708,0,1,0.09572993440850464,0,0.14514482,0
2709,0,0,0.18834496617568872,0,0.19723922,0
2710,0,0,0.05605638177434561,0,0.059536006,0
2711,0,1,0.166226996813148,0,0.23959614,0
2712,1,0,0.20403022524565934,0,0.20963569,0
2713,0,1,0.15975471077222386,0,0.1404259,0
2714,0,1,0.0773514234608959,0,0.055603966,0
2715,0,0,0.4056554089472673,0,0.16171496,0
2716,0,1,0.09164797830371041,0,0.117167264,0
2717,0,1,0.11245816228750959,0,0.17062455,0
2718,0,1,0.1232004817793804,0,0.12214574,0
2719,0,1,0.1244032590609218,0,0.13226992,0
2720,0,1,0.07217011876838021,0,0.074994735,0
2721,0,0,0.09668890651008637,0,0.09320212,0
2722,1,1,0.1132006677129781,0,0.09004571,0
2723,0,0,0.09412277892570045,0,0.110473454,0
2724,0,1,0.21230760448709335,0,0.21977793,0
2725,0,0,0.11506327031866571,0,0.1032087,0
2726,0,1,0.08105837889599558,0,0.083784744,0
2727,0,1,0.06690218698062965,0,0.06979296,0
2728,0,1,0.09106110952851991,0,0.092749834,0
2729,0,0,0.2072232791064464,0,0.18258883,0
2730,1,0,0.12729840942829704,0,0.15033504,0
2731,0,1,0.21262062641259297,0,0.21778946,0
2732,0,1,0.08969123863597989,0,0.098821774,0
2733,0,1,0.0895659369345408,0,0.10366045,0
2734,0,0,0.1488207242496812,0,0.14814831,0
2735,1,1,0.18375320222717803,0,0.16293156,0
2736,1,1,0.22754244092795226,0,0.22019729,0
2737,0,1,0.15762863112917416,0,0.1476217,0
2738,0,0,0.14944132972218702,0,0.14900836,0
2739,1,1,0.23988430293492993,0,0.27126998,0
2740,0,1,0.15067285484709772,0,0.15638502,0
2741,0,1,0.08611908814347087,0,0.10082088,0
2742,0,1,0.07360562357235022,0,0.09788027,0
2743,0,1,0.15277239937007786,0,0.1489669,0
2744,0,0,0.1640813972149377,0,0.16449201,0
2745,0,1,0.0830436574542869,0,0.07153454,0
2746,0,0,0.17554564160265965,0,0.16278268,0
2747,0,0,0.06213756158135602,0,0.03388185,0
2748,0,0,0.160905738867872,0,0.12872995,0
2749,0,0,0.1464756988564782,0,0.12641884,0
2750,0,1,0.11537258277494852,0,0.10483697,0
2751,0,0,0.13700886485817432,0,0.14923672,0
2752,0,1,0.12056447020276684,0,0.12217164,0
2753,0,1,0.12334830947642962,0,0.12230118,0
2754,0,1,0.08707511340422548,0,0.072116785,0
2755,0,0,0.17410594131988497,0,0.18256515,0
2756,0,1,0.15228946486028214,0,0.15837598,0
2757,0,0,0.1624024139607115,0,0.17050083,0
2758,0,1,0.22155534189228715,0,0.19869722,0
2759,0,0,0.15589082503946405,0,0.19299883,0
2760,0,1,0.13757225748794313,0,0.11018969,0
2761,0,1,0.1692778281599559,0,0.1716639,0
2762,1,1,0.2305796893378598,0,0.20838545,0
2763,0,1,0.11051256345498074,0,0.07501422,0
2764,0,0,0.18869273473492817,0,0.18271764,0
2765,0,1,0.08963459551776859,0,0.07568649,0
2766,0,1,0.09764596519423419,0,0.11081906,0
2767,0,1,0.10202577577604773,0,0.14770947,0
2768,1,1,0.09216901979542891,0,0.07247986,0
2769,0,1,0.3487610697801847,0,0.2870813,0
2770,0,1,0.168292871792971,0,0.14910121,0
2771,0,0,0.09879908826402634,0,0.09749404,0
2772,0,1,0.09652910844118374,0,0.1090811,0
2773,0,1,0.1150389663825414,0,0.12705782,0
2774,0,0,0.12586174913378978,0,0.16348065,0
2775,0,0,0.10937072726611988,0,0.12109188,0
2776,0,0,0.08552373396497737,0,0.1016959,0
2777,0,1,0.15624582615373148,0,0.17096625,0
2778,0,1,0.179336186884278,0,0.19888063,0
2779,0,1,0.07286297504111522,0,0.06204328,0
2780,0,1,0.1365230579104664,0,0.13050662,0
2781,0,1,0.1000175868499134,0,0.106753394,0
2782,0,0,0.0957065688750172,0,0.10642823,0
2783,0,1,0.10448532370957163,0,0.10781081,0
2784,0,0,0.14467705279657372,0,0.1714446,0
2785,0,0,0.12450108818813553,0,0.1232014,0
2786,0,1,0.12281100054760682,0,0.12786269,0
2787,0,1,0.1537307047542313,0,0.17052041,0
2788,0,1,0.10561283972187598,0,0.08601504,0
2789,1,1,0.22014045915520267,0,0.29102257,0
2790,0,0,0.12573456994838114,0,0.12565185,0
2791,0,0,0.22712139407418422,0,0.15013728,0
2792,0,1,0.08657645155341472,0,0.08675826,0
2793,0,1,0.11767690752691988,0,0.13514443,0
2794,0,0,0.1927455732825593,0,0.2880092,0
2795,0,1,0.21357386581217294,0,0.14037636,0
2796,0,1,0.0725448046509089,0,0.063392766,0
2797,0,1,0.1304476509301797,0,0.15065187,0
2798,0,1,0.09413335340539211,0,0.08958151,0
2799,1,1,0.20585547337940815,0,0.19262242,0
2800,0,0,0.10585938247028234,0,0.11094201,0
2801,0,1,0.14192926991659163,0,0.14453737,0
2802,0,1,0.3021320913938472,0,0.25298703,0
2803,1,1,0.17585690574092455,0,0.18622041,0
2804,1,0,0.12577944098481794,0,0.13406391,0
2805,1,1,0.2857774779942159,0,0.25869295,0
2806,0,1,0.09621449629579765,0,0.10028057,0
2807,0,1,0.07244632935156461,0,0.05259779,0
2808,0,0,0.12408866883676727,0,0.10157576,0
2809,0,1,0.16852609289834336,0,0.16025499,0
2810,0,1,0.060655598394558335,0,0.053882636,0
2811,0,1,0.1707613239028877,0,0.19493544,0
2812,0,1,0.1264699021681729,0,0.14638247,0
2813,0,1,0.12240161747605073,0,0.12750521,0
2814,0,1,0.18234786100686198,0,0.11502879,0
2815,0,1,0.19348251452277185,0,0.19489756,0
2816,1,1,0.14443637311123783,0,0.17102133,0
2817,1,1,0.15359290734399392,0,0.14025557,0
2818,0,0,0.13206247430118717,0,0.14042987,0
2819,0,1,0.21434190074561352,0,0.17668319,0
2820,0,0,0.10921152190988982,0,0.10313859,0
2821,0,0,0.15975630534359897,0,0.20941126,0
2822,0,1,0.19192569411122826,0,0.19924477,0
2823,0,1,0.33047555864597905,0,0.28375,0
2824,0,1,0.1200502020869481,0,0.11985989,0
2825,1,1,0.14650529186606848,0,0.1373851,0
2826,1,1,0.12052583430125725,0,0.11644688,0
2827,0,1,0.0839315189065151,0,0.08274527,0
2828,0,0,0.1807534011412312,0,0.16661951,0
2829,0,0,0.20595910952252164,0,0.18202773,0
2830,0,1,0.10274724676315376,0,0.080623284,0
2831,0,1,0.17152923761359187,0,0.16955781,0
2832,0,0,0.1776415368367276,0,0.17445251,0
2833,0,1,0.11188560687654749,0,0.110772885,0
2834,1,0,0.2821683990698482,0,0.2501311,0
2835,0,1,0.29994422254012487,0,0.22841188,0
2836,0,1,0.15266717147666087,0,0.1544486,0
2837,0,1,0.23973395455121513,0,0.27567917,0
2838,0,0,0.15223357594543857,0,0.17876476,0
2839,0,1,0.11031606624292427,0,0.18519855,0
2840,1,0,0.3387332206865998,0,0.236265,0
2841,0,0,0.1835543961060861,0,0.18567947,0
2842,0,1,0.06912838708527272,0,0.0435886,0
2843,0,1,0.30219340019864965,0,0.29215088,0
2844,0,1,0.24187247717840518,0,0.19899969,0
2845,0,0,0.10446906657095141,0,0.11957389,0
2846,1,1,0.2545995762762136,0,0.19564833,0
2847,1,1,0.15951660058897443,0,0.13852459,0
2848,0,1,0.10419113248997454,0,0.09258335,0
2849,0,0,0.14202110238806012,0,0.09574786,0
2850,0,0,0.1910549458636266,0,0.23281145,0
2851,0,1,0.0873367839359739,0,0.11444546,0
2852,0,1,0.12487859698799333,0,0.10967285,0
2853,0,1,0.25323283019966086,0,0.28953555,0
2854,0,0,0.1073971992924693,0,0.0815946,0
2855,1,1,0.09201624497084743,0,0.10023961,0
2856,0,1,0.079923254659851,0,0.06704343,0
2857,0,1,0.11662511944078478,0,0.12582463,0
2858,1,1,0.13337105089246418,0,0.12044482,0
2859,0,1,0.09609610209304599,0,0.10062171,0
2860,0,1,0.2979938404742949,0,0.2973586,0
2861,0,0,0.0692001379328326,0,0.054059595,0
2862,0,1,0.14715319583464115,0,0.14512706,0
2863,0,1,0.15347383966788303,0,0.13003871,0
2864,0,1,0.08233966247075378,0,0.06563094,0
2865,1,0,0.13955605671088323,0,0.12648182,0
2866,0,0,0.1446646661991783,0,0.14644666,0
2867,0,1,0.10871626321801034,0,0.10365741,0
2868,0,1,0.1917792215936146,0,0.28945535,0
2869,0,1,0.08777108072026049,0,0.06942291,0
2870,0,1,0.24325843656601176,0,0.21265285,0
2871,0,1,0.12714167186132172,0,0.13487016,0
2872,0,0,0.1553809347924405,0,0.18535616,0
2873,0,1,0.23173978961612066,0,0.2492103,0
2874,0,0,0.1571296404431175,0,0.12759879,0
2875,0,0,0.170334377944514,0,0.17507407,0
2876,0,0,0.17611402577878846,0,0.16500597,0
2877,0,1,0.3272703295342988,0,0.28594166,0
2878,0,0,0.11446781984320809,0,0.12537792,0
2879,0,1,0.1667536916369494,0,0.17664309,0
2880,0,1,0.12046076294402998,0,0.13666058,0
2881,0,1,0.07069386882807589,0,0.038706325,0
2882,0,1,0.1418187904054498,0,0.15304106,0
2883,0,1,0.21243149877369827,0,0.2210841,0
2884,0,0,0.1090215034773669,0,0.11863059,0
2885,0,1,0.056174890541034896,0,0.04892557,0
2886,0,0,0.12981999412194054,0,0.14149489,0
2887,0,1,0.08063690274807649,0,0.0826781,0
2888,0,1,0.14613899398600877,0,0.14801162,0
2889,0,1,0.1170845899823169,0,0.10047241,0
2890,0,1,0.07828837546181462,0,0.068454616,0
2891,0,1,0.09451241746807182,0,0.0685597,0
2892,0,1,0.15728525688309714,0,0.17401546,0
2893,0,0,0.13944797344838042,0,0.13824016,0
2894,0,1,0.09459841489855941,0,0.13096577,0
2895,0,0,0.1887468776283745,0,0.18471584,0
2896,0,0,0.08963459551776859,0,0.07568649,0
2897,0,1,0.13327333684982234,0,0.13553956,0
2898,0,1,0.16975710573531486,0,0.18363208,0
2899,1,0,0.2791295558118358,0,0.22494446,0
2900,0,1,0.20260024586585532,0,0.21771196,0
2901,0,1,0.07324726604163793,0,0.071073666,0
2902,1,1,0.2572436549946749,0,0.2477902,0
2903,0,1,0.12253692820019162,0,0.09765807,0
2904,0,0,0.1425673466045533,0,0.13503855,0
2905,0,1,0.1898566456655638,0,0.218605,0
2906,0,0,0.08613715245059944,0,0.07166592,0
2907,0,1,0.11443139797153924,0,0.122692116,0
2908,0,0,0.2531877324441053,0,0.28136575,0
2909,0,0,0.07823583662677891,0,0.063319296,0
2910,0,1,0.13665998224074113,0,0.15332243,0
2911,0,0,0.14804118902884217,0,0.16664216,0
2912,0,1,0.27491471091627345,0,0.25798833,0
2913,0,0,0.09522059048983923,0,0.08048985,0
2914,0,1,0.1324462236929846,0,0.14547715,0
2915,0,0,0.07909033629902136,0,0.0747417,0
2916,0,1,0.08224778833734761,0,0.07168088,0
2917,0,0,0.1545139344806072,0,0.20219785,0
2918,0,1,0.14569260402057047,0,0.1222155,0
2919,0,1,0.06712198562546114,0,0.045385078,0
2920,0,1,0.07864728630610754,0,0.08063281,0
2921,0,1,0.15565597544309212,0,0.1819884,0
2922,1,1,0.18687531180716016,0,0.20263626,0
2923,0,1,0.08778856613843371,0,0.085454464,0
2924,0,1,0.08156536495581344,0,0.06388869,0
2925,0,1,0.06065776810620523,0,0.053882636,0
2926,0,0,0.23586259318637776,0,0.14993109,0
2927,0,1,0.0806851046841033,0,0.10479316,0
2928,1,1,0.16947337274307953,0,0.1698767,0
2929,0,1,0.2369204858468301,0,0.14688462,0
2930,0,1,0.1418623044988359,0,0.13916604,0
2931,0,0,0.09652450831159233,0,0.105020285,0
2932,0,1,0.21237756801505342,0,0.27207664,0
2933,0,1,0.15824816262189537,0,0.11250899,0
2934,0,0,0.11471609066642405,0,0.102975994,0
2935,0,1,0.25947941514869755,0,0.24787678,0
2936,1,1,0.25988061965935355,0,0.1914069,0
2937,0,0,0.16688663067713363,0,0.1741723,0
2938,1,1,0.17259839334059465,0,0.14365272,0
2939,0,1,0.11799794747564411,0,0.12959558,0
2940,0,0,0.06555129130959109,0,0.047053974,0
2941,0,0,0.17281328636517568,0,0.13469712,0
2942,0,1,0.1463082654311413,0,0.14295003,0
2943,0,1,0.301324426653901,0,0.37607923,0
2944,0,0,0.09047208390803028,0,0.07656707,0
2945,0,1,0.12007379807455448,0,0.12476284,0
2946,0,1,0.14812321223007646,0,0.16597159,0
2947,0,1,0.15204269296053832,0,0.14863677,0
2948,0,1,0.13291607684802467,0,0.104431465,0
2949,0,1,0.17238891227091613,0,0.18066575,0
2950,1,0,0.08878683634467571,0,0.0905449,0
2951,1,1,0.1397439837970841,0,0.13705903,0
2952,1,0,0.16633334680772388,0,0.18138374,0
2953,0,0,0.15704062925446977,0,0.17621164,0
2954,0,1,0.1715700879627561,0,0.17490448,0
2955,0,1,0.12300031879462844,0,0.121390864,0
2956,0,1,0.0936050998518184,0,0.10176216,0
2957,0,0,0.18982241711346334,0,0.19233896,0
2958,0,1,0.1690597882660566,0,0.12241304,0
2959,0,1,0.180218079958478,0,0.15443635,0
2960,0,1,0.2994433313931036,0,0.34341452,0
2961,0,1,0.06056212871675131,0,0.03591506,0
2962,0,1,0.29025089359943956,0,0.24905604,0
2963,0,0,0.17392029301445647,0,0.16868088,0
2964,0,1,0.14920155364826135,0,0.1506099,0
2965,0,1,0.17395528800604526,0,0.16491349,0
2966,0,1,0.13521375424138213,0,0.12378454,0
2967,0,1,0.18029792153963525,0,0.14754261,0
2968,0,1,0.2315848979815485,0,0.26220983,0
2969,1,0,0.18389499814623897,0,0.20532688,0
2970,0,1,0.10776731343281709,0,0.089173354,0
2971,1,0,0.1792347896869015,0,0.21916911,0
2972,0,0,0.07987319642885372,0,0.083181635,0
2973,0,1,0.15289629733087307,0,0.1707624,0
2974,0,1,0.11701525213044343,0,0.12584813,0
2975,0,1,0.1853464570171314,0,0.1951179,0
2976,0,0,0.09927300237461985,0,0.08829639,0
2977,1,1,0.24958740562878262,0,0.29985702,0
2978,0,1,0.0689602058588224,0,0.065062165,0
2979,0,1,0.19577901489421015,0,0.19434902,0
2980,0,1,0.10407958506185512,0,0.11490258,0
2981,0,1,0.10379266065054872,0,0.08863694,0
2982,0,1,0.10673951369974279,0,0.110125184,0
2983,0,0,0.054701671123583324,0,0.09887534,0
2984,0,0,0.21497290485279225,0,0.23279366,0
2985,0,0,0.15752603342503463,0,0.12868899,0
2986,0,0,0.08929058203679434,0,0.0695044,0
2987,1,1,0.11003056149393438,0,0.16651587,0
2988,0,0,0.06813716560674085,0,0.077717006,0
2989,0,1,0.057786319168361994,0,0.026913408,0
2990,0,1,0.19989981824049943,0,0.18244697,0
2991,0,1,0.13570962240829917,0,0.13997887,0
2992,0,1,0.1418349727527555,0,0.13877995,0
2993,0,1,0.18480163202960007,0,0.2096887,0
2994,0,0,0.21482384805800098,0,0.24104963,0
2995,0,0,0.10970501825900422,0,0.108279824,0
2996,0,1,0.14048249488613138,0,0.14359304,0
2997,0,1,0.1000175868499134,0,0.106753394,0
2998,0,1,0.1111612278223621,0,0.12759884,0
2999,0,0,0.06920747852674812,0,0.054059595,0
3000,0,1,0.11447728432039746,0,0.12844583,0
3001,0,0,0.15717825578335298,0,0.20600168,0
3002,0,0,0.26278457102077213,0,0.27179366,0
3003,0,1,0.2151476748521843,0,0.21852008,0
3004,0,1,0.11339858090245575,0,0.12253383,0
3005,0,1,0.07700214208997276,0,0.0642841,0
3006,1,1,0.1273620196569303,0,0.119226925,0
3007,0,1,0.11992620804039551,0,0.10143014,0
3008,0,0,0.2815825639065105,0,0.24533506,0
3009,0,1,0.07274608097047278,0,0.04289458,0
3010,0,1,0.11994290541896249,0,0.13105686,0
3011,0,1,0.26011104347616304,0,0.2742011,0
3012,0,1,0.1209515065652223,0,0.14840445,0
3013,0,1,0.219914379591948,0,0.25195375,0
3014,0,1,0.0725345796457265,0,0.053986806,0
3015,1,0,0.15926393750610587,0,0.1685698,0
3016,0,0,0.1418317677670754,0,0.14683706,0
3017,0,1,0.11662511944078478,0,0.12582463,0
3018,0,0,0.21030905090687338,0,0.20476897,0
3019,0,1,0.09835688362928144,0,0.102341235,0
3020,0,1,0.1740900016237963,0,0.17451626,0
3021,0,0,0.14154464015963958,0,0.19453709,0
3022,1,0,0.21119218069846515,0,0.2361888,0
3023,0,1,0.14936777340444016,0,0.15854488,0
3024,1,0,0.14510708969913494,0,0.16220401,0
3025,1,1,0.14180397233734388,0,0.15272132,0
3026,0,0,0.07328530280975966,0,0.099038005,0
3027,0,0,0.11163400411319814,0,0.13541038,0
3028,0,1,0.08199362525145786,0,0.071460366,0
3029,0,1,0.1491749869676498,0,0.15211368,0
3030,0,1,0.07905022125835279,0,0.057225868,0
3031,0,1,0.15877001621224815,0,0.16328709,0
3032,0,1,0.1609375419117704,0,0.18121056,0
3033,0,1,0.29207559007248945,0,0.32099715,0
3034,1,1,0.1663168020627995,0,0.17833544,0
3035,0,1,0.15640356085504442,0,0.19141492,0
3036,1,1,0.12459283339551223,0,0.11371346,0
3037,0,1,0.18902653095222183,0,0.18376313,0
3038,0,1,0.1378266843709837,0,0.13194257,0
3039,0,0,0.1342239530874324,0,0.1642134,0
3040,0,0,0.11188024066215958,0,0.109944366,0
3041,1,1,0.21578843695103517,0,0.3069158,0
3042,0,1,0.09031687478044505,0,0.06690706,0
3043,0,1,0.2786387544035325,0,0.3095148,0
3044,0,1,0.19330815917994756,0,0.17597228,0
3045,0,1,0.22544077322594885,0,0.23606515,0
3046,0,1,0.14236242717877784,0,0.14871582,0
3047,0,0,0.08866133770682509,0,0.07736711,0
3048,0,0,0.11699957314518711,0,0.12584813,0
3049,0,0,0.21482384805800098,0,0.24104963,0
3050,0,0,0.21423160161030652,0,0.19509035,0
3051,0,1,0.20997951108140023,0,0.19550622,0
3052,0,0,0.13354222488228237,0,0.1550992,0
3053,0,0,0.06887026880478486,0,0.0559831,0
3054,0,0,0.06547879069280713,0,0.06251265,0
3055,0,1,0.08811609136222115,0,0.06369384,0
3056,0,0,0.09694572252039578,0,0.08361107,0
3057,0,0,0.12464889952370721,0,0.22861506,0
3058,0,0,0.1140130249026843,0,0.13792737,0
3059,0,0,0.11847172046096195,0,0.13616906,0
3060,0,1,0.06350394180458287,0,0.061340027,0
3061,0,0,0.1516566115158046,0,0.20268707,0
3062,0,1,0.3019435113850387,0,0.26113954,0
3063,0,1,0.261018074977828,0,0.33482003,0
3064,0,1,0.09905342701819553,0,0.088554144,0
3065,0,0,0.12055295606487564,0,0.12622261,0
3066,0,1,0.07767855728417672,0,0.10706766,0
3067,0,1,0.11843787639655509,0,0.1399196,0
3068,0,1,0.10421954339849539,0,0.08703423,0
3069,0,1,0.10852337913576515,0,0.11732657,0
3070,0,1,0.1460465881461712,0,0.102622,0
3071,0,0,0.12402763971999121,0,0.0998329,0
3072,0,0,0.08970103513800029,0,0.079196274,0
3073,0,1,0.10625151303437282,0,0.08713067,0
3074,0,1,0.24763354884076125,0,0.23833899,0
3075,0,1,0.059013481732252446,0,0.03118008,0
3076,0,1,0.12888185081814604,0,0.12805796,0
3077,1,1,0.17089749073535074,0,0.16433655,0
3078,0,1,0.10152744903121658,0,0.08085256,0
3079,0,1,0.13028845480437592,0,0.09820869,0
3080,0,1,0.0828990296804425,0,0.11036293,0
3081,1,0,0.1355410603259826,0,0.14920887,0
3082,0,1,0.28198412687994673,0,0.2897131,0
3083,0,0,0.057222131606534464,0,0.049913052,0
3084,0,1,0.09216901979542891,0,0.07247986,0
3085,0,0,0.14264480944576272,0,0.122588396,0
3086,0,0,0.1130171118263294,0,0.09205674,0
3087,1,1,0.2020152931574802,0,0.18680558,0
3088,0,1,0.18069405299751984,0,0.17447652,0
3089,0,1,0.2588706435737453,0,0.2258691,0
3090,0,1,0.10011413851154093,0,0.11947436,0
3091,0,1,0.1573570231488836,0,0.14269297,0
3092,0,0,0.12681516822476085,0,0.121464714,0
3093,0,0,0.1423602934507856,0,0.14258495,0
3094,0,1,0.09214355284981017,0,0.06455424,0
3095,0,1,0.10969645361572092,0,0.100583,0
3096,0,1,0.12288995314641357,0,0.101645954,0
3097,0,0,0.20658711204832972,0,0.1913112,0
3098,1,0,0.1353762550032475,0,0.14317359,0
3099,0,0,0.19938335086140394,0,0.19463798,0
3100,0,1,0.230730149800371,0,0.19495136,0
3101,1,1,0.30456838985536605,0,0.30655375,0
3102,1,1,0.1751210007513979,0,0.15274954,0
3103,1,1,0.17085317111896386,0,0.19060257,0
3104,0,0,0.19185110267485683,0,0.24706186,0
3105,0,0,0.24753808941565675,0,0.20077236,0
3106,0,1,0.2642235958792148,0,0.34275383,0
3107,1,0,0.17706919537353993,0,0.18242878,0
3108,0,0,0.08134040147754577,0,0.07141667,0
3109,1,0,0.17118440160943504,0,0.14777021,0
3110,0,0,0.11192888165544346,0,0.101396725,0
3111,0,1,0.24705526331132288,0,0.2573097,0
3112,1,0,0.10454538364648953,0,0.1106259,0
3113,0,0,0.05775631660315769,0,0.030759273,0
3114,0,0,0.09904459619259784,0,0.09514825,0
3115,0,1,0.06064581148665662,0,0.051762436,0
3116,0,0,0.17282957376773805,0,0.18786773,0
3117,0,1,0.12905782041132405,0,0.14738065,0
3118,1,1,0.17452255321990018,0,0.19053134,0
3119,0,1,0.05349027612101766,0,0.08236794,0
3120,0,0,0.25311248293114647,0,0.2803076,0
3121,0,1,0.06885874719919508,0,0.04950494,0
3122,0,1,0.0562974665961787,0,0.051515978,0
3123,0,1,0.1875175056194343,0,0.24646784,0
3124,0,1,0.14600596263732168,0,0.17110296,0
3125,0,0,0.11506900168602552,0,0.08832747,0
3126,0,1,0.1356956947702205,0,0.12932605,0
3127,0,0,0.16307398035494913,0,0.18325062,0
3128,0,0,0.137381008631182,0,0.15553822,0
3129,0,1,0.06711934777601401,0,0.051068515,0
3130,0,1,0.11428563434433593,0,0.08868367,0
3131,0,0,0.09323586629676177,0,0.08619,0
3132,0,1,0.1885021587822867,0,0.18434198,0
3133,0,0,0.3018426274126175,0,0.23793155,0
3134,0,1,0.22987262720293944,0,0.17293006,0
3135,0,1,0.05209528406197709,0,0.03379604,0
3136,0,0,0.2641187194130253,0,0.25798833,0
3137,0,1,0.1927470127498238,0,0.21515249,0
3138,0,1,0.15462797027617012,0,0.1351756,0
3139,0,0,0.1849529079652214,0,0.17077301,0
3140,1,1,0.18014786211713854,0,0.12713076,0
3141,1,1,0.17353989669151207,0,0.15267855,0
3142,0,1,0.12774039236993134,0,0.15208879,0
3143,0,1,0.12334262820093805,0,0.10700394,0
3144,0,0,0.12041588156762925,0,0.12600984,0
3145,0,0,0.09187023260295452,0,0.08970754,0
3146,0,1,0.08058994336111236,0,0.05934059,0
3147,1,1,0.214249835864437,0,0.19509035,0
3148,1,1,0.16025264193261757,0,0.150277,0
3149,0,0,0.13661623108698281,0,0.12543353,0
3150,1,0,0.22682581530993767,0,0.26014486,0
3151,0,0,0.21491264370136295,0,0.21035425,0
3152,0,1,0.11468641619380561,0,0.17645092,0
3153,1,1,0.18760476750920085,0,0.15987723,0
3154,0,1,0.06522524720006265,0,0.06213922,0
3155,0,1,0.1055618462398991,0,0.14513709,0
3156,0,1,0.09404269101442018,0,0.10996326,0
3157,0,1,0.14328221839027294,0,0.13535723,0
3158,0,0,0.25317427565746325,0,0.21167459,0
3159,0,1,0.07819616595736087,0,0.067957014,0
3160,1,0,0.20517389320595816,0,0.20769775,0
3161,0,1,0.1211198661876236,0,0.13832416,0
3162,0,0,0.11949985769442371,0,0.15773597,0
3163,0,0,0.12277037817205783,0,0.11174117,0
3164,0,1,0.10110167554548592,0,0.07086099,0
3165,0,1,0.19402246726876388,0,0.18006623,0
3166,0,1,0.11343097168746723,0,0.11250417,0
3167,1,1,0.16715459025913465,0,0.19156823,0
3168,0,0,0.20151916779005424,0,0.2720747,0
3169,0,1,0.2051058923406841,0,0.19824892,0
3170,0,1,0.19927911458084024,0,0.17676647,0
3171,0,0,0.1128227124127658,0,0.148823,0
3172,0,0,0.15721535132296932,0,0.16042276,0
3173,0,1,0.11851323625246599,0,0.13112353,0
3174,1,1,0.23105719687674206,0,0.21328305,0
3175,1,1,0.14578043027245802,0,0.16980448,0
3176,0,0,0.24765340365851096,0,0.23757349,0
3177,0,0,0.1794915659651602,0,0.16476397,0
3178,0,1,0.14893022896860073,0,0.12240832,0
3179,0,1,0.16816023812608727,0,0.16420138,0
3180,0,1,0.27275251424034813,0,0.16743305,0
3181,0,1,0.21904050635153188,0,0.20611708,0
3182,0,0,0.21104170793874963,0,0.19225529,0
3183,0,1,0.14421138207216389,0,0.14724772,0
3184,0,1,0.16539735576967154,0,0.13016087,0
3185,0,1,0.1558577316223322,0,0.1682365,0
3186,0,1,0.09490466046586324,0,0.06091694,0
3187,0,0,0.15108447007442757,0,0.14167938,0
3188,0,1,0.10458438436469347,0,0.12301733,0
3189,0,1,0.17062220955646604,0,0.15341996,0
3190,0,1,0.09852442830830602,0,0.10210003,0
3191,0,1,0.12808772151484454,0,0.14339931,0
3192,0,1,0.09106658105069002,0,0.107963495,0
3193,0,1,0.15926393750610587,0,0.1685698,0
3194,0,1,0.1388895998446544,0,0.10741281,0
3195,0,1,0.2370909015018161,0,0.20683518,0
3196,0,1,0.13017288853449277,0,0.11017003,0
3197,0,0,0.17000991636485513,0,0.17999572,0
3198,0,1,0.10958063880722112,0,0.08427769,0
3199,0,1,0.10888071636051462,0,0.12322964,0
3200,0,1,0.14709979621152097,0,0.12885876,0
3201,0,1,0.1474802640771713,0,0.1434731,0
3202,0,1,0.07263103754675551,0,0.06450223,0
3203,0,1,0.27446314462036325,0,0.24181359,0
3204,0,1,0.12291999580030145,0,0.10113354,0
3205,0,1,0.1648114686002801,0,0.16779752,0
3206,0,1,0.18428395448516743,0,0.124240465,0
3207,0,1,0.26369698170039807,0,0.21052197,0
3208,0,1,0.08923236022985565,0,0.09802724,0
3209,0,0,0.123950035835218,0,0.087761275,0
3210,0,0,0.13151095282961106,0,0.10198446,0
3211,0,1,0.10878775774213005,0,0.111476995,0
3212,0,1,0.19608715826195405,0,0.20368826,0
3213,0,1,0.07819741947602608,0,0.061709605,0
3214,0,0,0.10486342132852156,0,0.083032005,0
3215,0,1,0.22511045446641242,0,0.23400721,0
3216,0,1,0.13018492993925332,0,0.11017003,0
3217,0,0,0.16189756060861943,0,0.16290136,0
3218,0,0,0.17406660115425168,0,0.18229468,0
3219,0,1,0.1028286437015866,0,0.11290817,0
3220,0,1,0.3391086050658008,0,0.38029486,0
3221,0,1,0.07034814980931425,0,0.055507526,0
3222,0,0,0.09328177806471288,0,0.10154459,0
3223,0,0,0.10901643465000385,0,0.11480089,0
3224,0,1,0.0901501547534187,0,0.073095135,0
3225,0,1,0.3763033671257694,0,0.32403475,0
3226,0,1,0.2211077948347249,0,0.25565025,0
3227,0,0,0.13697178204413493,0,0.1289286,0
3228,0,1,0.0855942109645405,0,0.10455063,0
3229,0,1,0.06650541843303333,0,0.07301474,0
3230,0,0,0.12633275795125956,0,0.10375362,0
3231,0,1,0.1424463438854822,0,0.17677946,0
3232,1,1,0.09098584314934081,0,0.085304625,0
3233,0,0,0.1691619278835735,0,0.16571634,0
3234,0,0,0.23366119729853232,0,0.19706272,0
3235,0,1,0.07700214208997276,0,0.0642841,0
3236,0,0,0.21415570681507173,0,0.2041843,0
3237,0,0,0.18364855553826645,0,0.17107381,0
3238,0,1,0.08595583855704125,0,0.069587514,0
3239,0,0,0.11158192487312399,0,0.11002154,0
3240,0,0,0.13269415763375778,0,0.14759643,0
3241,0,1,0.1172717021487098,0,0.10848581,0
3242,0,1,0.12001632217786715,0,0.13120505,0
3243,0,1,0.08348856194488136,0,0.055372626,0
3244,0,1,0.24727928512923722,0,0.19136022,0
3245,0,0,0.11836228572476903,0,0.15197375,0
3246,0,1,0.17953586163380206,0,0.15396613,0
3247,0,1,0.10910974726437436,0,0.085803285,0
3248,1,1,0.32489785984139297,0,0.31101927,0
3249,0,0,0.15984890498007967,0,0.1645603,0
3250,1,1,0.27147700979670514,0,0.2313471,0
3251,0,0,0.24683031895220978,0,0.22670071,0
3252,0,1,0.1204845242421292,0,0.1574388,0
3253,0,0,0.2649466329009019,0,0.18879704,0
3254,0,0,0.13251794999642036,0,0.121748105,0
3255,0,0,0.07404388047481368,0,0.06882328,0
3256,0,1,0.2806551951829575,0,0.24391042,0
3257,0,1,0.18422255992531972,0,0.20528893,0
3258,0,0,0.13036771346775985,0,0.11488215,0
3259,0,0,0.18443993084798962,0,0.19919643,0
3260,0,0,0.14326462956503805,0,0.15182158,0
3261,0,1,0.11314110882595972,0,0.104715735,0
3262,0,0,0.06202467835291049,0,0.071715854,0
3263,0,0,0.12575267929879422,0,0.107481815,0
3264,0,0,0.10548895843747629,0,0.104625896,0
3265,0,0,0.09907082287298569,0,0.08612419,0
3266,0,1,0.10662668331075975,0,0.108425595,0
3267,0,0,0.24233506431203622,0,0.26801002,0
3268,1,0,0.1394524910151791,0,0.10910631,0
3269,1,1,0.1808371233822817,0,0.17871833,0
3270,0,1,0.08306980582506072,0,0.0894835,0
3271,0,1,0.09616548831166222,0,0.101406634,0
3272,0,1,0.1293759799427269,0,0.122382194,0
3273,1,1,0.14176359619731624,0,0.13308106,0
3274,0,0,0.16463031502974992,0,0.14856125,0
3275,0,1,0.11387148150505978,0,0.11154148,0
3276,0,1,0.1685301718264025,0,0.16610822,0
3277,1,1,0.2637980958912248,0,0.21330999,0
3278,0,1,0.12968409474971826,0,0.11733408,0
3279,0,1,0.12638575924758738,0,0.1527612,0
3280,0,0,0.2051161020564566,0,0.19824892,0
3281,0,0,0.1624954445988029,0,0.149197,0
3282,0,1,0.057512766353819036,0,0.044708163,0
3283,0,1,0.1783169052562087,0,0.18307325,0
3284,0,1,0.07852185757554211,0,0.070461094,0
3285,0,1,0.1412468549024272,0,0.1530969,0
3286,0,1,0.12147889284079019,0,0.14961973,0
3287,0,0,0.08432414749925352,0,0.07022085,0
3288,0,1,0.062184657712669254,0,0.03142872,0
3289,0,1,0.17894013517313861,0,0.198739,0
3290,0,0,0.14245365047803515,0,0.16539311,0
3291,0,0,0.08320234996712185,0,0.06453096,0
3292,0,1,0.08445945812712818,0,0.05530344,0
3293,0,1,0.2150178910455436,0,0.20071836,0
3294,0,0,0.13223170154147237,0,0.16263536,0
3295,0,0,0.27626864059403317,0,0.30618697,0
3296,0,0,0.14270860638611135,0,0.11157263,0
3297,0,0,0.06912838708527272,0,0.0435886,0
3298,0,1,0.1454497913826923,0,0.14903107,0
3299,0,0,0.09693061045994376,0,0.10380879,0
3300,0,0,0.12375239200816904,0,0.10368271,0
3301,0,0,0.11739132597073404,0,0.11668134,0
3302,0,0,0.2426099471064519,0,0.21819527,0
3303,0,1,0.20226244216908118,0,0.20178303,0
3304,0,0,0.2894439238968331,0,0.33963725,0
3305,0,1,0.20997696929959245,0,0.20063445,0
3306,0,1,0.19152207846580682,0,0.20864514,0
3307,0,1,0.21220964404520665,0,0.19381526,0
3308,0,1,0.09556701911445431,0,0.10256692,0
3309,1,0,0.17026145795747466,0,0.17052288,0
3310,0,1,0.09531128922086805,0,0.11991869,0
3311,0,1,0.19453600911075053,0,0.1763162,0
3312,0,0,0.1119681740060705,0,0.122746386,0
3313,0,0,0.20649558241269708,0,0.17688099,0
3314,0,0,0.0978574594314945,0,0.109290704,0
3315,1,1,0.25779596471465244,0,0.21719699,0
3316,0,1,0.13839844208061877,0,0.1792485,0
3317,0,1,0.14513288753112952,0,0.16727369,0
3318,0,0,0.1571238873898699,0,0.12759879,0
3319,0,1,0.2522705762588078,0,0.24607725,0
3320,0,1,0.09328201664518876,0,0.10154459,0
3321,0,1,0.11678708369255195,0,0.122577146,0
3322,0,1,0.1242177103021225,0,0.10488356,0
3323,1,1,0.15569210030766362,0,0.16298103,0
3324,0,1,0.15021265964733052,0,0.14737093,0
3325,0,1,0.12857918701141585,0,0.14643441,0
3326,0,1,0.08561565907024371,0,0.052221496,0
3327,1,1,0.11054206513342113,0,0.11816531,0
3328,0,1,0.14990812984369,0,0.13835028,0
3329,0,1,0.16139292678014752,0,0.14665666,0
3330,0,1,0.22745514215815815,0,0.25350863,0
3331,0,1,0.11810807940509796,0,0.1861547,0
3332,1,1,0.14304560556052448,0,0.16935244,0
3333,1,1,0.19429793125177558,0,0.22967917,0
3334,1,1,0.17697522582456998,0,0.19599244,0
3335,0,0,0.14970912362654784,0,0.1474056,0
3336,0,1,0.08652057483846713,0,0.07385554,0
3337,0,0,0.21193438099002399,0,0.2326813,0
3338,0,1,0.1741287323234813,0,0.17082264,0
3339,0,1,0.0840656994034821,0,0.060070418,0
3340,0,0,0.17789809294062853,0,0.19408542,0
3341,1,1,0.11091988803412318,0,0.08607847,0
3342,1,1,0.21053700453774238,0,0.21186563,0
3343,0,0,0.17470460365094015,0,0.14914668,0
3344,0,1,0.2881830128576011,0,0.3077588,0
3345,0,0,0.13765862553031857,0,0.11626168,0
3346,0,1,0.10145350029935064,0,0.09305342,0
3347,1,1,0.19688206008945514,0,0.20181581,0
3348,0,1,0.080996039490895,0,0.075317085,0
3349,0,1,0.06722338703371881,0,0.064705975,0
3350,0,1,0.0910495148399845,0,0.12335024,0
3351,0,1,0.2057080418340661,0,0.21925619,0
3352,0,1,0.14945803121878895,0,0.3701689,0
3353,0,0,0.17071483595912296,0,0.20170595,0
3354,1,1,0.062388021193392325,0,0.03531304,0
3355,0,0,0.10139339632480183,0,0.11426335,0
3356,1,0,0.20506034209866322,0,0.17681718,0
3357,0,0,0.1407884599673854,0,0.15977466,0
3358,1,1,0.18489035840629012,0,0.18541284,0
3359,0,1,0.1601436383754528,0,0.17637785,0
3360,0,0,0.18589815874677262,0,0.16483638,0
3361,0,0,0.14304560556052448,0,0.16935244,0
3362,0,0,0.14340273824960906,0,0.13724357,0
3363,0,0,0.2762870271657289,0,0.30618697,0
3364,1,0,0.17077031113376653,0,0.23087351,0
3365,0,1,0.17040192781044464,0,0.22911276,0
3366,0,0,0.08324917042841765,0,0.07928172,0
3367,0,0,0.24638125785800005,0,0.29407075,0
3368,1,1,0.13569777829336563,0,0.14382482,0
3369,0,1,0.15006098373088148,0,0.1106096,0
3370,0,1,0.1771920028919688,0,0.19539177,0
3371,0,1,0.09099085916572573,0,0.085304625,0
3372,0,1,0.13120309461380242,0,0.12991774,0
3373,0,1,0.26375413560864297,0,0.23299046,0
3374,0,1,0.07633128743475241,0,0.07031125,0
3375,0,1,0.2736175881420451,0,0.34184754,0
3376,0,0,0.11014666201598305,0,0.11246802,0
3377,0,0,0.16253890289274708,0,0.1396243,0
3378,0,1,0.08558619719591078,0,0.07785921,0
3379,0,1,0.1607433617142926,0,0.1372297,0
3380,0,1,0.17670077627530623,0,0.12282115,0
3381,0,1,0.1143095353173786,0,0.113369174,0
3382,0,1,0.17789809294062853,0,0.19408542,0
3383,0,0,0.07709465386938755,0,0.06296196,0
3384,0,1,0.059273925046721875,0,0.042101648,0
3385,1,0,0.11110764454769036,0,0.17546426,0
3386,0,1,0.10620563651927399,0,0.08183134,0
3387,0,1,0.09885788727836121,0,0.0870886,0
3388,0,1,0.15217988746850752,0,0.14904137,0
3389,0,0,0.08466855834066224,0,0.06791773,0
3390,0,1,0.15565597544309212,0,0.1819884,0
3391,0,1,0.2243919996891789,0,0.24646987,0
3392,0,0,0.14701793706994304,0,0.12545726,0
3393,0,1,0.12222002428509897,0,0.123533055,0
3394,0,1,0.2842110511644497,0,0.24217135,0
3395,0,1,0.10914842498494742,0,0.107809566,0
3396,0,0,0.15836848366844525,0,0.14584246,0
3397,0,1,0.10403708285513746,0,0.08273546,0
3398,0,1,0.13984479436080613,0,0.18471768,0
3399,0,1,0.16603284764980364,0,0.15316625,0
3400,0,1,0.16953668913804593,0,0.13348804,0
3401,1,1,0.2286600668947474,0,0.22491688,0
3402,0,0,0.15015609484263184,0,0.15044363,0
3403,0,1,0.2519180039204134,0,0.22047406,0
3404,0,1,0.1668631094088715,0,0.16355377,0
3405,1,1,0.13397900532537596,0,0.14231089,0
3406,0,1,0.13343003483635557,0,0.12475497,0
3407,0,1,0.1130171118263294,0,0.09205674,0
3408,0,0,0.14026477656181632,0,0.14501294,0
3409,0,1,0.12639017919537154,0,0.121333934,0
3410,1,1,0.23224424527978632,0,0.27730888,0
3411,0,1,0.19394481044690903,0,0.20395988,0
3412,1,1,0.2378119801849822,0,0.1447101,0
3413,0,0,0.14356855538228594,0,0.17460282,0
3414,0,1,0.09428496954707347,0,0.097956434,0
3415,0,1,0.11152713008070471,0,0.09831279,0
3416,0,1,0.06884243551423039,0,0.054369193,0
3417,0,0,0.1277112742659422,0,0.147872,0
3418,0,1,0.11044938540669003,0,0.14670265,0
3419,0,1,0.12340255256876344,0,0.06303019,0
3420,0,0,0.10341272184372548,0,0.1004063,0
3421,0,1,0.1693425336545323,0,0.18638983,0
3422,0,1,0.3283309986788316,0,0.33027127,0
3423,0,1,0.15981469626084382,0,0.11598394,0
3424,0,0,0.13468057536922964,0,0.14397067,0
3425,0,1,0.0957519520820219,0,0.10282253,0
3426,0,1,0.07898147536987823,0,0.09744029,0
3427,0,0,0.1535112234688616,0,0.148198,0
3428,0,1,0.08694872134942785,0,0.09713316,0
3429,0,1,0.1448705416292031,0,0.14872135,0
3430,0,1,0.09179715872736541,0,0.09555621,0
3431,0,0,0.15214073198065867,0,0.15053226,0
3432,1,0,0.18843075786674782,0,0.17257047,0
3433,0,1,0.10341517396315242,0,0.1447165,0
3434,0,1,0.06895767042266676,0,0.065062165,0
3435,0,1,0.18598174226095476,0,0.184744,0
3436,1,1,0.1480134636360421,0,0.1640765,0
3437,0,1,0.08873131076496048,0,0.08071121,0
3438,0,1,0.19065160078247703,0,0.20386751,0
3439,0,1,0.09362159042422656,0,0.09301787,0
3440,0,1,0.10517353826539207,0,0.1181345,0
3441,0,0,0.1599134619813821,0,0.15969658,0
3442,0,1,0.12842263393907757,0,0.15921132,0
3443,0,1,0.07745286511917815,0,0.06787383,0
3444,0,0,0.17611402577878846,0,0.16500597,0
3445,0,1,0.08587478250098018,0,0.07479093,0
3446,0,1,0.12590978385459264,0,0.12977396,0
3447,0,1,0.0833833145570575,0,0.07415895,0
3448,0,1,0.10511257946307721,0,0.08352824,0
3449,1,1,0.16249814912971183,0,0.16286911,0
3450,1,1,0.14990865032814144,0,0.1764375,0
3451,0,1,0.19053173057836345,0,0.1781864,0
3452,0,0,0.21298191817246126,0,0.17774427,0
3453,0,0,0.10871626321801034,0,0.10365741,0
3454,0,1,0.12925500718917862,0,0.1339859,0
3455,1,1,0.10200228719478198,0,0.08237146,0
3456,0,0,0.15294675778916178,0,0.20394173,0
3457,0,1,0.42646686841395726,0,0.3582924,0
3458,1,1,0.11522319727822362,0,0.14666507,0
3459,0,1,0.081986470349739,0,0.07266739,0
3460,0,1,0.20275122051631073,0,0.20164888,0
3461,0,1,0.08955478427463469,0,0.08672211,0
3462,1,1,0.10065191426447308,0,0.13004027,0
3463,0,1,0.09326393553822736,0,0.083352454,0
3464,1,0,0.09757315309630304,0,0.08858201,0
3465,0,1,0.09518288601230124,0,0.100405544,0
3466,0,0,0.0965836361171657,0,0.091090426,0
3467,0,1,0.20418088892237707,0,0.13865367,0
3468,1,1,0.29230548536082407,0,0.24928091,0
3469,1,1,0.25301552898770235,0,0.20003071,0
3470,0,1,0.11519553046045697,0,0.1201196,0
3471,0,1,0.15767115697790904,0,0.14769752,0
3472,1,0,0.1326673129919286,0,0.16299768,0
3473,1,1,0.12628715332868878,0,0.18537085,0
3474,0,1,0.09954237673479895,0,0.097699426,0
3475,0,1,0.09467640681301291,0,0.10652274,0
3476,0,0,0.11557998812019689,0,0.13547663,0
3477,1,1,0.31872949897898145,0,0.34822756,0
3478,0,1,0.18015745270012476,0,0.13206919,0
3479,0,1,0.056335753384341075,0,0.05104848,0
3480,0,1,0.2258628453147175,0,0.20977736,0
3481,1,0,0.08956860760043668,0,0.06689441,0
3482,1,1,0.30454550784902157,0,0.24077946,0
3483,0,1,0.132515154310867,0,0.11887117,0
3484,0,1,0.15961887189919965,0,0.18090095,0
3485,1,1,0.15766657350907262,0,0.15780774,0
3486,0,0,0.12725309510174923,0,0.09917245,0
3487,1,1,0.11968286607105573,0,0.1208447,0
3488,1,0,0.28229262136372996,0,0.27305955,0
3489,0,0,0.11470196353322079,0,0.08235794,0
3490,0,1,0.18991666776182442,0,0.21050362,0
3491,0,1,0.16444627816685797,0,0.17273653,0
3492,0,1,0.11993817128680488,0,0.1416879,0
3493,0,0,0.11728817205272693,0,0.13054228,0
3494,0,0,0.09725808969570952,0,0.10835114,0
3495,0,1,0.12569719150347447,0,0.18045335,0
3496,0,1,0.2005849811804179,0,0.2038561,0
3497,0,1,0.10457481112744892,0,0.093247585,0
3498,0,0,0.15101230830547674,0,0.15097499,0
3499,0,1,0.1379096480328093,0,0.110949166,0
3500,1,1,0.22692765173854323,0,0.21247612,0
3501,1,1,0.23134579909410566,0,0.19624442,0
3502,0,0,0.06376223205493271,0,0.04064027,0
3503,0,1,0.09191648182836747,0,0.101929165,0
3504,0,1,0.08872803102824384,0,0.07832151,0
3505,1,1,0.1326441651733748,0,0.12948745,0
3506,1,0,0.2953673349483987,0,0.2584503,0
3507,0,1,0.231829009445732,0,0.23814213,0
3508,0,1,0.14562807526058885,0,0.115054086,0
3509,0,1,0.12777041067539888,0,0.17012578,0
3510,0,1,0.2827479941084718,0,0.25857383,0
3511,1,0,0.10875915498050324,0,0.110700846,0
3512,0,1,0.09898913328217886,0,0.10638862,0
3513,0,0,0.11126843174916026,0,0.14366134,0
3514,0,1,0.23670356561755626,0,0.20820376,0
3515,0,1,0.11266417526987027,0,0.13438115,0
3516,0,1,0.13255519723540612,0,0.18709292,0
3517,0,1,0.20796122248072393,0,0.21644486,0
3518,1,1,0.061875494429516564,0,0.08912343,0
3519,1,0,0.26057401685228193,0,0.26912218,0
3520,0,1,0.1503548216150132,0,0.15238549,0
3521,1,1,0.10510671241703592,0,0.14511801,0
3522,0,1,0.15156260561579435,0,0.21494679,0
3523,0,1,0.17333176581222318,0,0.1644721,0
3524,0,1,0.1383092974457622,0,0.15104061,0
3525,0,1,0.09904619076363286,0,0.10212112,0
3526,0,0,0.09515636290675612,0,0.074961945,0
3527,0,1,0.18877466520714137,0,0.17841871,0
3528,0,0,0.09096375230870617,0,0.08494745,0
3529,0,0,0.09671559114097486,0,0.0876417,0
3530,0,1,0.14539654606464777,0,0.12097056,0
3531,0,1,0.15934708597936348,0,0.1464149,0
3532,0,0,0.06056212871675131,0,0.03591506,0
3533,0,1,0.07330373400673046,0,0.108912,0
3534,0,0,0.09029925001362293,0,0.099140786,0
3535,0,0,0.14881472147901112,0,0.14814831,0
3536,0,0,0.11099003994812551,0,0.09856373,0
3537,1,0,0.13482711495381666,0,0.1391095,0
3538,0,1,0.13317787732782613,0,0.15708257,0
3539,0,1,0.10817073337605117,0,0.13003667,0
3540,0,0,0.12240161747605073,0,0.12750521,0
3541,0,0,0.15049746634383182,0,0.17365089,0
3542,0,0,0.10888230374754222,0,0.12322964,0
3543,0,0,0.09906034978954135,0,0.08908523,0
3544,0,0,0.09672971669019999,0,0.10015565,0
3545,1,1,0.18712031046461697,0,0.22031684,0
3546,0,1,0.14083111766591233,0,0.12904043,0
3547,0,1,0.08732126673771817,0,0.09762543,0
3548,0,1,0.10567304476752475,0,0.08530357,0
3549,0,1,0.07704682067214334,0,0.09114232,0
3550,0,1,0.11190573331618087,0,0.109624945,0
3551,0,1,0.06893626753790533,0,0.066515654,0
3552,0,0,0.3052289784233547,0,0.23103008,0
3553,1,1,0.13664994435227926,0,0.15528218,0
3554,0,0,0.07075968321684627,0,0.0451691,0
3555,0,1,0.12417727174716263,0,0.105449475,0
3556,0,0,0.13251794999642036,0,0.121748105,0
3557,0,1,0.19361295077630403,0,0.15656403,0
3558,0,0,0.211752014431935,0,0.2456948,0
3559,0,0,0.07155562275336702,0,0.062543415,0
3560,0,1,0.07960075868118374,0,0.09395279,0
3561,1,1,0.11137818469128968,0,0.19782986,0
3562,0,1,0.089416470594344,0,0.05350204,0
3563,0,1,0.15324731026261873,0,0.15702334,0
3564,1,1,0.268217981213622,0,0.22494446,0
3565,0,0,0.21928709930320073,0,0.2755321,0
3566,0,0,0.11946861895869292,0,0.09988944,0
3567,0,1,0.1777927675758073,0,0.23029405,0
3568,0,1,0.08368710837769844,0,0.07074656,0
3569,0,1,0.06376346130905221,0,0.04064027,0
3570,0,1,0.09184010934597947,0,0.09665601,0
3571,1,0,0.1607596872783786,0,0.14126562,0
3572,0,1,0.13959613090041698,0,0.17239499,0
3573,0,1,0.061908135070184084,0,0.05513623,0
3574,0,1,0.07653753299287598,0,0.054785937,0
3575,0,1,0.06888136162668039,0,0.048310086,0
3576,1,1,0.25200522298306904,0,0.22656277,0
3577,0,1,0.22521867258577452,0,0.3145689,0
3578,0,0,0.14728858731327307,0,0.15615202,0
3579,1,1,0.08263308073301313,0,0.07364476,0
3580,0,1,0.1663328724513174,0,0.1265054,0
3581,0,0,0.07066174230728478,0,0.040227365,0
3582,1,0,0.10549269993170649,0,0.12760456,0
3583,0,0,0.35113478932793285,0,0.2528815,0
3584,0,1,0.10394183958052877,0,0.11380855,0
3585,0,0,0.141240048817466,0,0.17479816,0
3586,0,1,0.16073746677383388,0,0.1258113,0
3587,1,0,0.16246796078296796,0,0.15012076,0
3588,0,0,0.10377182380634534,0,0.16495831,0
3589,0,0,0.1797405627726663,0,0.16254511,0
3590,0,1,0.18633572894640113,0,0.18932012,0
3591,1,1,0.1232004817793804,0,0.12214574,0
3592,0,1,0.19256263575523305,0,0.1842372,0
3593,1,0,0.11132637154957375,0,0.075563334,0
3594,0,0,0.20122337461583834,0,0.07523987,0
3595,0,1,0.11386359755991199,0,0.11154148,0
3596,0,1,0.08767674679818621,0,0.06935331,0
3597,1,0,0.19261162086286127,0,0.25491926,0
3598,0,1,0.10177764608444531,0,0.09016582,0
3599,0,0,0.0985580297460321,0,0.1413292,0
3600,1,1,0.15566327080527506,0,0.13784882,0
3601,0,1,0.18135802070563609,0,0.1897472,0
3602,0,0,0.10512845307882761,0,0.11924125,0
3603,1,1,0.12039618912704332,0,0.081610374,0
3604,0,0,0.12719475218153173,0,0.15318775,0
3605,0,1,0.09216901979542891,0,0.07247986,0
3606,1,0,0.15418105272692798,0,0.14875086,0
3607,0,0,0.15704447539780061,0,0.17621164,0
3608,0,1,0.11676584567094163,0,0.116468094,0
3609,0,1,0.12517507384030457,0,0.12029421,0
3610,0,1,0.12310240465566982,0,0.13993801,0
3611,0,1,0.10991791117438096,0,0.10023161,0
3612,0,0,0.15347383966788303,0,0.13003871,0
3613,0,1,0.13616072631656406,0,0.11388296,0
3614,0,1,0.1927742061477079,0,0.14803265,0
3615,1,1,0.12450108818813553,0,0.1232014,0
3616,0,0,0.133482432167303,0,0.13573934,0
3617,0,0,0.10692635301343137,0,0.11848993,0
3618,0,0,0.180405187192281,0,0.1583942,0
3619,0,1,0.13452716257914432,0,0.15843351,0
3620,0,0,0.10666212973879924,0,0.11837613,0
3621,0,1,0.1401024551848893,0,0.14382042,0
3622,0,1,0.17660416809899654,0,0.21531928,0
3623,0,1,0.13003972707135428,0,0.14226268,0
3624,0,1,0.0880029128668753,0,0.073804595,0
3625,0,1,0.14888957151633941,0,0.15793988,0
3626,0,0,0.14715859288893499,0,0.1404344,0
3627,0,1,0.07405592987354163,0,0.05343975,0
3628,0,0,0.11035198062321978,0,0.13016059,0
3629,1,0,0.2709807806648454,0,0.22322105,0
3630,0,1,0.10367283251194634,0,0.13112657,0
3631,0,0,0.1437277893057444,0,0.13722266,0
3632,0,1,0.10087834385716425,0,0.21720468,0
3633,0,0,0.2678425019790984,0,0.26558378,0
3634,0,1,0.2501749467449861,0,0.25623792,0
3635,0,1,0.09449516985600835,0,0.07104991,0
3636,0,0,0.19843053294698645,0,0.20116489,0
3637,0,0,0.12588155022164818,0,0.10890561,0
3638,0,1,0.16464459136377302,0,0.16410035,0
3639,0,1,0.12560812638138094,0,0.13959822,0
3640,0,1,0.062394984646818204,0,0.032587633,0
3641,1,1,0.14591995196453525,0,0.16288257,0
3642,1,1,0.1691086521971148,0,0.17792155,0
3643,0,0,0.10864554458541509,0,0.07935993,0
3644,0,1,0.22999289186962954,0,0.24401562,0
3645,0,0,0.11712976575789592,0,0.12124245,0
3646,1,1,0.08907281219380003,0,0.086507104,0
3647,1,0,0.22214290551915913,0,0.23710324,0
3648,0,0,0.056073160686496974,0,0.03984546,0
3649,0,0,0.18059997132166591,0,0.21354142,0
3650,0,1,0.12640089365485724,0,0.12696034,0
3651,0,1,0.20004716010606094,0,0.17925002,0
3652,0,0,0.28092070448576534,0,0.2677541,0
3653,1,1,0.20129742064190656,0,0.17559952,0
3654,0,1,0.1539647274353151,0,0.15092173,0
3655,0,0,0.12431602061710086,0,0.13877282,0
3656,0,0,0.18513274316729136,0,0.15355554,0
3657,0,1,0.14654313883179662,0,0.13683687,0
3658,0,0,0.14886521529491786,0,0.1442142,0
3659,1,1,0.09421682281056715,0,0.062390104,0
3660,0,0,0.15166759498534574,0,0.15947448,0
3661,0,1,0.20953365158047046,0,0.22300816,0
3662,0,1,0.1808771571126577,0,0.1757768,0
3663,0,0,0.09884306234083962,0,0.08962757,0
3664,0,0,0.09055837172219867,0,0.07978509,0
3665,0,0,0.08751123296791002,0,0.09476436,0
3666,0,1,0.11116544668005611,0,0.109554455,0
3667,0,0,0.14574112068061873,0,0.12890282,0
3668,0,1,0.12269978120959797,0,0.18242805,0
3669,0,1,0.14043175344187384,0,0.14495137,0
3670,0,1,0.15393391355033192,0,0.17768428,0
3671,0,1,0.061531336494922546,0,0.051979575,0
3672,0,0,0.15348611685890712,0,0.14245073,0
3673,1,0,0.2513645004912567,0,0.30715436,0
3674,0,1,0.0904192066585017,0,0.08042894,0
3675,0,0,0.09479119470582109,0,0.09933413,0
3676,0,1,0.06191730944365332,0,0.06006739,0
3677,0,1,0.1147127390640326,0,0.102975994,0
3678,0,0,0.09859725685807733,0,0.14107133,0
3679,0,0,0.14997191811210378,0,0.14286695,0
3680,0,0,0.1650690164083761,0,0.16373852,0
3681,1,0,0.13339654864391604,0,0.09571106,0
3682,0,1,0.07653753299287598,0,0.054785937,0
3683,0,1,0.14304560556052448,0,0.16935244,0
3684,0,1,0.14591995196453525,0,0.16288257,0
3685,0,1,0.23164659492680753,0,0.22341372,0
3686,0,1,0.21030289267869215,0,0.2109855,0
3687,0,1,0.15229786966335318,0,0.14996657,0
3688,0,1,0.19036419434834026,0,0.2064733,0
3689,0,1,0.19232240403259573,0,0.1704721,0
3690,0,0,0.09152351617621952,0,0.06537077,0
3691,1,1,0.1435922457841171,0,0.104270674,0
3692,1,0,0.13654211927612664,0,0.13308422,0
3693,0,1,0.10297951605595888,0,0.114934176,0
3694,0,1,0.12842263393907757,0,0.15921132,0
3695,0,0,0.08099503899857552,0,0.09446889,0
3696,0,0,0.14245254626364645,0,0.17677946,0
3697,0,1,0.09070334487069012,0,0.091407284,0
3698,0,0,0.14384669356984003,0,0.1644692,0
3699,0,1,0.28982605538313966,0,0.34836024,0
3700,1,1,0.1531098082463086,0,0.187416,0
3701,0,0,0.07244632935156461,0,0.05259779,0
3702,0,1,0.1593359313589075,0,0.14729276,0
3703,0,1,0.11406186510005367,0,0.11509381,0
3704,0,0,0.219523773687045,0,0.25386962,0
3705,0,1,0.15227915234741718,0,0.14996657,0
3706,0,0,0.16927059715789883,0,0.16061814,0
3707,0,1,0.0905357791033856,0,0.105991274,0
3708,0,1,0.12209852955363455,0,0.12037458,0
3709,0,1,0.20904064487685595,0,0.1580891,0
3710,0,1,0.08434504128635631,0,0.0783314,0
3711,0,1,0.25285088039794973,0,0.219155,0
3712,0,1,0.08277381098434601,0,0.09120842,0
3713,0,0,0.11197984718153908,0,0.084064215,0
3714,0,1,0.06692714969674587,0,0.03928786,0
3715,0,0,0.0796396145579109,0,0.10900808,0
3716,0,1,0.12624496686923625,0,0.11254131,0
3717,0,1,0.10254864390163274,0,0.11643737,0
3718,0,0,0.10578584833276997,0,0.1183541,0
3719,0,1,0.12444717266847502,0,0.12708426,0
3720,0,0,0.14039271887179908,0,0.15725869,0
3721,1,0,0.29485787378228184,0,0.37565583,0
3722,0,1,0.22692765173854323,0,0.21247612,0
3723,1,1,0.14600842242020418,0,0.15135902,0
3724,0,0,0.1162691437940869,0,0.13530853,0
3725,0,0,0.2516598760771844,0,0.19216822,0
3726,1,0,0.17476910545795188,0,0.29331455,0
3727,0,0,0.12903325039880043,0,0.14141342,0
3728,0,1,0.12920807234242085,0,0.13488302,0
3729,0,0,0.08682377926706496,0,0.08700802,0
3730,0,0,0.07067389469851718,0,0.04130074,0
3731,1,1,0.13874114440389093,0,0.14794528,0
3732,0,0,0.13200697007651482,0,0.1591225,0
3733,0,1,0.2580013514879758,0,0.33234105,0
3734,0,1,0.26856840945137733,0,0.24824663,0
3735,1,1,0.24112004866170322,0,0.3432327,0
3736,0,0,0.1241775765060727,0,0.10436145,0
3737,0,1,0.09048807763427998,0,0.08082101,0
3738,0,0,0.12322836489381411,0,0.10316661,0
3739,0,0,0.20964253180599055,0,0.2900369,0
3740,1,1,0.18473647959817133,0,0.17727312,0
3741,0,0,0.11712792835441331,0,0.1211479,0
3742,0,1,0.12307329785910268,0,0.14319228,0
3743,0,1,0.11086991013623593,0,0.08951117,0
3744,0,1,0.1464756988564782,0,0.12641884,0
3745,1,0,0.16019554502546163,0,0.20543025,0
3746,0,1,0.12894552148618665,0,0.1375801,0
3747,1,0,0.2289594395546796,0,0.24388151,0
3748,0,0,0.2272253296820383,0,0.24995257,0
3749,0,1,0.06684110992346191,0,0.05881962,0
3750,0,1,0.16044148828895358,0,0.15256576,0
3751,1,1,0.14240115588453656,0,0.13902698,0
3752,0,1,0.07433035984408762,0,0.053473108,0
3753,0,0,0.08058457664274292,0,0.067934774,0
3754,0,0,0.20336930239550785,0,0.22798674,0
3755,0,0,0.2693694159528232,0,0.24951208,0
3756,0,1,0.0605857299172966,0,0.052046977,0
3757,0,0,0.08955478427463469,0,0.08672211,0
3758,1,0,0.2462477545745485,0,0.33230063,0
3759,0,1,0.15527140802521858,0,0.14654572,0
3760,0,1,0.16561311233223847,0,0.18063894,0
3761,1,1,0.1890369954704448,0,0.19305284,0
3762,0,0,0.1083913676400349,0,0.09791397,0
3763,0,0,0.062187980694968975,0,0.03354388,0
3764,0,1,0.13669184137404786,0,0.12985446,0
3765,0,1,0.1093128249375667,0,0.11806283,0
3766,0,0,0.09911204503312714,0,0.08497413,0
3767,1,0,0.11053920852612527,0,0.11816531,0
3768,0,0,0.053437174885061986,0,0.038089678,0
3769,0,0,0.15481191658397905,0,0.16354914,0
3770,1,1,0.10271673412705341,0,0.11811905,0
3771,0,1,0.13327532442354748,0,0.13553956,0
3772,1,1,0.11995190308702264,0,0.09932237,0
3773,0,0,0.16776815920175964,0,0.13081881,0
3774,0,1,0.07039411648549618,0,0.0561017,0
3775,0,0,0.11853739345049985,0,0.11320584,0
3776,0,1,0.10629328039189544,0,0.08937443,0
3777,0,0,0.17675125579694284,0,0.14082426,0
3778,0,1,0.09862957692431366,0,0.116808176,0
3779,0,1,0.18010116483808813,0,0.18377912,0
3780,0,1,0.26117376875067505,0,0.29992375,0
3781,0,1,0.21810186207985696,0,0.17523158,0
3782,0,1,0.11991316880427148,0,0.10703233,0
3783,0,1,0.22987057618197132,0,0.26085165,0
3784,1,1,0.10690774148478299,0,0.09633962,0
3785,0,1,0.1615574328851803,0,0.15408131,0
3786,0,1,0.23028979483996584,0,0.23984481,0
3787,0,0,0.1036721819283377,0,0.10904931,0
3788,0,1,0.10555280286891859,0,0.10680847,0
3789,0,1,0.18753487127837817,0,0.26722625,0
3790,0,1,0.08141241945186638,0,0.054826275,0
3791,0,1,0.2136787927143119,0,0.1757221,0
3792,0,0,0.20866409743858944,0,0.19893378,0
3793,0,0,0.07550288838672159,0,0.06315498,0
3794,0,1,0.12243467904281406,0,0.14126107,0
3795,0,0,0.09043415054530429,0,0.10039766,0
3796,0,0,0.08955478427463469,0,0.08672211,0
3797,0,1,0.17025619788831978,0,0.17536701,0
3798,0,0,0.09906739887189894,0,0.08908523,0
3799,0,1,0.2005849811804179,0,0.2038561,0
3800,0,1,0.14130780221489542,0,0.12933022,0
3801,0,0,0.25010769932060156,0,0.26912218,0
3802,0,1,0.3065331519944396,0,0.28725195,0
3803,0,1,0.08104697054062746,0,0.08663614,0
3804,0,1,0.14573044495901843,0,0.12890282,0
3805,0,1,0.20139043129257733,0,0.20629004,0
3806,0,1,0.09675672742323502,0,0.09232531,0
3807,0,1,0.25949159813575556,0,0.27576002,0
3808,0,1,0.1115360843239727,0,0.111567646,0
3809,0,1,0.07360173837604296,0,0.06981149,0
3810,0,0,0.1567766003929462,0,0.13226297,0
3811,0,1,0.0852849668299248,0,0.07762315,0
3812,0,1,0.11775227249418284,0,0.10969953,0
3813,0,1,0.10961199681018081,0,0.11618051,0
3814,1,1,0.16004949987948505,0,0.16960116,0
3815,0,0,0.17024523982575293,0,0.17536701,0
3816,0,1,0.10056668903784209,0,0.11416788,0
3817,0,0,0.3553735887919713,0,0.3533754,0
3818,0,0,0.10166416522353694,0,0.09222148,0
3819,0,1,0.1222168771034942,0,0.118811354,0
3820,0,1,0.12029260682071521,0,0.15221588,0
3821,0,1,0.08750058347761158,0,0.09633201,0
3822,1,0,0.32847135079433526,0,0.2902552,0
3823,0,1,0.1376698098401105,0,0.12882182,0
3824,0,1,0.1584756687260353,0,0.1797884,0
3825,0,1,0.17215389367711817,0,0.13522725,0
3826,0,0,0.09896891656333257,0,0.10033278,0
3827,0,1,0.13006037489663358,0,0.15060115,0
3828,0,1,0.11806264619468554,0,0.12915519,0
3829,0,1,0.09106465834931252,0,0.092749834,0
3830,0,0,0.1757167622664873,0,0.15500864,0
3831,1,0,0.13842595248976197,0,0.14848262,0
3832,0,0,0.15054126917936492,0,0.14639187,0
3833,1,1,0.08529853064078774,0,0.092733346,0
3834,0,1,0.18203155265100673,0,0.18527186,0
3835,0,1,0.18706882511020007,0,0.19260624,0
3836,0,0,0.17475251862384644,0,0.16879433,0
3837,0,0,0.1140093926236532,0,0.110263236,0
3838,0,1,0.06376929381870974,0,0.050419055,0
3839,0,0,0.07220697836192722,0,0.042251937,0
3840,0,1,0.12775842903720536,0,0.14838754,0
3841,0,1,0.080996039490895,0,0.075317085,0
3842,0,1,0.0959983953903516,0,0.14876457,0
3843,0,1,0.12025263146768035,0,0.17567293,0
3844,0,1,0.18423024522720532,0,0.20631103,0
3845,0,0,0.10595087705321903,0,0.11438692,0
3846,0,0,0.06081777498757406,0,0.03082463,0
3847,0,1,0.08747474956947117,0,0.10254191,0
3848,1,0,0.29286363447500896,0,0.33951822,0
3849,0,1,0.32769818884295177,0,0.32078248,0
3850,0,1,0.12651509448958492,0,0.14190763,0
3851,0,1,0.0966239841343787,0,0.07207846,0
3852,0,1,0.08919243423862587,0,0.098837,0
3853,0,1,0.06864699783474981,0,0.056236535,0
3854,0,0,0.14122276948991822,0,0.1487663,0
3855,0,0,0.10401447287507157,0,0.071826324,0
3856,0,1,0.1516017710303867,0,0.15632045,0
3857,0,1,0.11316675226847778,0,0.12561683,0
3858,0,1,0.17401498290218342,0,0.17504114,0
3859,0,1,0.09151565948521466,0,0.06537077,0
3860,0,0,0.06825598639190426,0,0.041552223,0
3861,0,1,0.2020687433897311,0,0.21124695,0
3862,0,1,0.0813066411601182,0,0.105134174,0
3863,0,0,0.3645828047322035,0,0.3128148,0
3864,0,1,0.14470568218351254,0,0.13943481,0
3865,1,1,0.1419087940390609,0,0.1736209,0
3866,0,0,0.0899894703141187,0,0.12499553,0
3867,0,1,0.13842595248976197,0,0.14848262,0
3868,0,0,0.25881735430021646,0,0.29196846,0
3869,0,1,0.1318948963618846,0,0.13887107,0
3870,0,0,0.1601436383754528,0,0.17637785,0
3871,0,1,0.12327119050725853,0,0.13659474,0
3872,0,0,0.15288674465223204,0,0.16008148,0
3873,1,1,0.13372897599778336,0,0.15663005,0
3874,0,1,0.16780791900757844,0,0.12808499,0
3875,0,0,0.14378578555105256,0,0.15925562,0
3876,0,0,0.18560866537347542,0,0.1923631,0
3877,0,0,0.10696279263307344,0,0.07849651,0
3878,0,1,0.08843948928435691,0,0.07958256,0
3879,1,1,0.29249463836472317,0,0.39563563,0
3880,0,1,0.11712595505509887,0,0.102942295,0
3881,0,1,0.1435473022249702,0,0.16783614,0
3882,0,0,0.1486388981322097,0,0.14678384,0
3883,0,0,0.14081986519469875,0,0.14041917,0
3884,0,1,0.06920884134008877,0,0.054059595,0
3885,0,1,0.09310765685623527,0,0.09624679,0
3886,1,1,0.1746157535583218,0,0.16413051,0
3887,1,1,0.17517568970884306,0,0.1738286,0
3888,0,0,0.22609552003423491,0,0.2505506,0
3889,0,1,0.08317890533742495,0,0.1206103,0
3890,1,1,0.12287160071672637,0,0.1628008,0
3891,1,1,0.17672552213806986,0,0.15696447,0
3892,0,1,0.1835543961060861,0,0.18567947,0
3893,0,1,0.11188136894280826,0,0.118948676,0
3894,0,1,0.0966096842723232,0,0.07348922,0
3895,0,1,0.26252907100159156,0,0.25610542,0
3896,0,1,0.056173948356158104,0,0.04892557,0
3897,0,0,0.13002144314911251,0,0.14226268,0
3898,0,1,0.0990078230138462,0,0.07648079,0
3899,0,1,0.08483168190987807,0,0.09518318,0
3900,0,0,0.07706349098368767,0,0.059819307,0
3901,0,1,0.16243744892474535,0,0.119783185,0
3902,0,1,0.18420941437308827,0,0.20458642,0
3903,0,1,0.07548113667139561,0,0.0872227,0
3904,0,0,0.16691213561975443,0,0.16606495,0
3905,0,0,0.1386387106103622,0,0.14934333,0
3906,0,0,0.13311540091922944,0,0.15203162,0
3907,1,1,0.33573435717199457,0,0.3250736,0
3908,0,1,0.3425462302920614,0,0.42568603,0
3909,0,1,0.20490345482332026,0,0.10980972,0
3910,0,0,0.1615557781564597,0,0.20815669,0
3911,0,1,0.12199570251951466,0,0.15213066,0
3912,0,0,0.2089681346417867,0,0.18977518,0
3913,0,1,0.13698785478040443,0,0.13136336,0
3914,0,1,0.06376223205493271,0,0.04064027,0
3915,0,0,0.12489484335994826,0,0.12576938,0
3916,0,1,0.14043834143254094,0,0.096087694,0
3917,0,1,0.06992047855562152,0,0.061141558,0
3918,0,1,0.11996777505642683,0,0.11625497,0
3919,0,1,0.12885961539832358,0,0.13553968,0
3920,0,1,0.1275122759423212,0,0.10226718,0
3921,0,1,0.11471009852917566,0,0.09023951,0
3922,0,0,0.18442250302163857,0,0.17926912,0
3923,0,0,0.10401447287507157,0,0.071826324,0
3924,0,1,0.05901547107889037,0,0.03118008,0
3925,0,1,0.09140204194539218,0,0.103078865,0
3926,0,1,0.12876775344363536,0,0.12666142,0
3927,0,0,0.1346581802157399,0,0.12497274,0
3928,0,0,0.1467648753379858,0,0.13769747,0
3929,0,1,0.13481765120095923,0,0.14711107,0
3930,0,1,0.07536555321857213,0,0.06767946,0
3931,0,1,0.12881315692438017,0,0.11336893,0
3932,0,1,0.1837712260849779,0,0.16633502,0
3933,0,1,0.18128128549846628,0,0.14298296,0
3934,1,1,0.09518288601230124,0,0.100405544,0
3935,1,1,0.188734538756093,0,0.17841871,0
3936,0,1,0.17732642090006903,0,0.1840666,0
3937,0,1,0.12778714985890802,0,0.12897258,0
3938,0,1,0.07584987251590727,0,0.04048438,0
3939,0,0,0.23137642261831237,0,0.24716999,0
3940,0,1,0.14081607725044465,0,0.12083768,0
3941,0,0,0.1120435588016095,0,0.11171481,0
3942,0,1,0.15469849637708,0,0.20161682,0
3943,0,0,0.08342469578656991,0,0.06500473,0
3944,0,1,0.10979873293260353,0,0.12789273,0
3945,0,0,0.22673332119730483,0,0.27663487,0
3946,0,1,0.19688206008945514,0,0.20181581,0
3947,0,1,0.1263588976970728,0,0.11497362,0
3948,0,1,0.10620464580057563,0,0.08183134,0
3949,0,0,0.13943870538011285,0,0.15641998,0
3950,0,1,0.18016241062055682,0,0.13844293,0
3951,1,1,0.15572928161437088,0,0.1605689,0
3952,0,1,0.14407403602059432,0,0.1359613,0
3953,0,1,0.054620760944908565,0,0.04665426,0
3954,0,1,0.13387437309779562,0,0.11736508,0
3955,0,1,0.0875108950999002,0,0.09476436,0
3956,0,1,0.09780994447582309,0,0.08213815,0
3957,0,0,0.2310239213467089,0,0.21328305,0
3958,0,0,0.10370177916014775,0,0.0809451,0
3959,0,1,0.2060807844504226,0,0.15099433,0
3960,1,1,0.18123877992076118,0,0.19042887,0
3961,0,1,0.10484412072848974,0,0.09707878,0
3962,0,1,0.09941942188234748,0,0.14218758,0
3963,1,1,0.1163321172143743,0,0.13177778,0
3964,1,1,0.1883399531519773,0,0.19533145,0
3965,0,0,0.06381927248877267,0,0.038835224,0
3966,0,0,0.08619565170568382,0,0.109464504,0
3967,0,1,0.24158389689895238,0,0.23867981,0
3968,0,1,0.09375438558369154,0,0.09737151,0
3969,0,0,0.1598089435701015,0,0.15469307,0
3970,0,1,0.14821362810562808,0,0.14823823,0
3971,0,1,0.10812625017696392,0,0.12909245,0
3972,1,1,0.16471194404495304,0,0.14977996,0
3973,0,0,0.21212759675145507,0,0.22430436,0
3974,0,1,0.17699370989742078,0,0.20907706,0
3975,0,1,0.11459121960652018,0,0.12117632,0
3976,0,1,0.17789618633895884,0,0.15449956,0
3977,0,1,0.1407151765931126,0,0.15686737,0
3978,0,1,0.09451241746807182,0,0.0685597,0
3979,0,1,0.06986363990715565,0,0.059847005,0
3980,1,1,0.09288851604338651,0,0.11037347,0
3981,0,1,0.10297474778815283,0,0.114934176,0
3982,0,1,0.07217591766656511,0,0.06083986,0
3983,0,1,0.13907259102276798,0,0.16368955,0
3984,0,0,0.13390046069381337,0,0.12790063,0
3985,0,0,0.08873902476721364,0,0.07748056,0
3986,0,0,0.1083913676400349,0,0.09791397,0
3987,1,1,0.2985572176875754,0,0.37598005,0
3988,1,1,0.1756181309579034,0,0.3177664,0
3989,0,0,0.25595523134419473,0,0.25788414,0
3990,0,0,0.10363142519007214,0,0.09128853,0
3991,0,0,0.19416666168249272,0,0.28322172,0
3992,0,0,0.08994694721998957,0,0.093305275,0
3993,0,0,0.09908323575988427,0,0.09116346,0
3994,0,1,0.11639798256489625,0,0.11606541,0
3995,1,1,0.2873759340684882,0,0.31987527,0
3996,0,1,0.07790999492330196,0,0.07298787,0
3997,0,1,0.2323546632603125,0,0.26801002,0
3998,0,1,0.0534198421144951,0,0.027881945,0
3999,0,1,0.116335308984202,0,0.111456834,0
4000,1,1,0.1725333555347717,0,0.15413456,0
4001,0,1,0.13895780159201418,0,0.121782325,0
4002,0,1,0.123391170274982,0,0.13184227,0
4003,0,1,0.07700214208997276,0,0.0642841,0
4004,0,1,0.11435801312707401,0,0.11018191,0
4005,0,0,0.17406372189192776,0,0.18229468,0
4006,0,1,0.09904343833567855,0,0.09514825,0
4007,0,1,0.21482384805800098,0,0.24104963,0
4008,0,1,0.14635069514016844,0,0.13588154,0
4009,1,0,0.22357150554947253,0,0.17714316,0
4010,0,0,0.14933974895141433,0,0.15570194,0
4011,0,0,0.1536231261900775,0,0.12515898,0
4012,0,1,0.13725843016315947,0,0.18058021,0
4013,0,0,0.18521684365246513,0,0.18425117,0
4014,0,0,0.07787709205298425,0,0.07068964,0
4015,0,0,0.09059150464347321,0,0.07146973,0
4016,0,1,0.09661987187122113,0,0.12258882,0
4017,0,1,0.21909503635445396,0,0.20243232,0
4018,1,1,0.2603999205403795,0,0.21933717,0
4019,0,0,0.11863890411358413,0,0.08460731,0
4020,0,0,0.12718022275160407,0,0.108944885,0
4021,0,1,0.12365421649426442,0,0.12735005,0
4022,0,1,0.1328102814740923,0,0.13828912,0
4023,0,0,0.06754793011086624,0,0.057500385,0
4024,0,0,0.11863890411358413,0,0.08460731,0
4025,0,0,0.10553998242092767,0,0.146498,0
4026,1,0,0.07355388132535765,0,0.06234003,0
4027,0,0,0.13468053857238835,0,0.13801819,0
4028,0,1,0.12638080468056684,0,0.1324549,0
4029,0,0,0.09092201798094829,0,0.09601903,0
4030,0,0,0.11785672605291343,0,0.1181896,0
4031,0,1,0.1582556153023319,0,0.15407656,0
4032,0,0,0.15341113204413073,0,0.14386368,0
4033,0,0,0.09967141121595652,0,0.07095798,0
4034,0,0,0.17276522396530758,0,0.15161143,0
4035,0,1,0.10392331933447474,0,0.100982875,0
4036,0,0,0.10294866908202231,0,0.11408523,0
4037,0,1,0.20834878162579443,0,0.18598646,0
4038,0,1,0.07520990897817467,0,0.06650478,0
4039,1,1,0.1301726649629891,0,0.11017003,0
4040,0,0,0.12417686672185392,0,0.15227106,0
4041,1,1,0.09029843902599913,0,0.09239614,0
4042,1,0,0.06714400808448147,0,0.053582326,0
4043,1,0,0.19699448041099285,0,0.17763303,0
4044,0,0,0.10075398132697545,0,0.14097671,0
4045,0,0,0.06056212871675131,0,0.03591506,0
4046,1,1,0.17152288602121935,0,0.1542821,0
4047,0,1,0.19242031105945687,0,0.2230189,0
4048,0,1,0.09140569642299341,0,0.103078865,0
4049,0,0,0.15769883054212916,0,0.144072,0
4050,1,1,0.2500202880841889,0,0.27670604,0
4051,0,0,0.18911575305764314,0,0.23780714,0
4052,0,0,0.13109597212244992,0,0.15306889,0
4053,0,1,0.2321444961578097,0,0.1849617,0
4054,0,1,0.1801177848207307,0,0.18890277,0
4055,0,1,0.11470196353322079,0,0.08235794,0
4056,0,0,0.1815484320158119,0,0.22488321,0
4057,0,0,0.070356562348583,0,0.055612262,0
4058,0,1,0.0920004326065362,0,0.10289075,0
4059,0,1,0.20061881608776472,0,0.2101286,0
4060,1,1,0.14141945330958217,0,0.13319908,0
4061,1,1,0.19150037196291392,0,0.22949617,0
4062,0,0,0.08285981469179854,0,0.1303561,0
4063,0,0,0.17713534279300036,0,0.22272125,0
4064,0,0,0.18388810093967542,0,0.16353536,0
4065,0,1,0.1502442957698321,0,0.17984572,0
4066,1,1,0.17228826781279497,0,0.20253794,0
4067,0,0,0.24670927259727718,0,0.2740381,0
4068,0,1,0.30616838128725027,0,0.2915228,0
4069,0,0,0.14033925332827493,0,0.13193567,0
4070,0,1,0.25287227415201136,0,0.24497488,0
4071,0,1,0.14014583667218106,0,0.15362489,0
4072,0,1,0.1289817138772552,0,0.12218577,0
4073,0,1,0.2370679838365441,0,0.23968087,0
4074,0,1,0.07046011636079386,0,0.06519867,0
4075,0,1,0.3023406978819314,0,0.2700298,0
4076,0,1,0.23884440433137757,0,0.16871008,0
4077,0,0,0.33536412146010675,0,0.25882304,0
4078,1,1,0.09612277423951372,0,0.11879814,0
4079,0,1,0.13579580036803296,0,0.14545771,0
4080,1,1,0.3195795101151749,0,0.3492641,0
4081,0,1,0.10814447682188952,0,0.12909245,0
4082,0,1,0.1552624548089629,0,0.16444887,0
4083,0,0,0.15436741292577794,0,0.39165705,0
4084,0,1,0.08969462004388443,0,0.08977789,0
4085,0,1,0.08166021149738005,0,0.051107775,0
4086,0,1,0.19620601295638138,0,0.1828475,0
4087,0,1,0.1414206862994942,0,0.13319908,0
4088,0,1,0.14233019583199208,0,0.14402218,0
4089,0,1,0.19081507838643086,0,0.18719591,0
4090,0,1,0.08062123685531919,0,0.0713454,0
4091,1,1,0.21012688362680632,0,0.28333107,0
4092,0,1,0.2057080418340661,0,0.21925619,0
4093,1,0,0.12920943705028257,0,0.13488302,0
4094,0,1,0.0994512669662953,0,0.102296986,0
4095,0,0,0.06741891704204316,0,0.04793229,0
4096,0,0,0.14168679452816224,0,0.10670395,0
4097,0,1,0.09907603460621414,0,0.08453789,0
4098,0,0,0.3050714403211005,0,0.27338147,0
4099,0,1,0.2032822658423075,0,0.16938895,0
4100,0,1,0.21875221486997015,0,0.20790865,0
4101,0,1,0.13112619971812348,0,0.15717617,0
4102,0,0,0.08067817945895102,0,0.07665982,0
4103,0,1,0.16766651213053305,0,0.17290013,0
4104,1,1,0.23772000830974743,0,0.21438473,0
4105,0,1,0.14257367713255414,0,0.15254976,0
4106,0,0,0.27333816630400976,0,0.28905588,0
4107,0,1,0.1202403761589143,0,0.13976675,0
4108,1,1,0.160749792837102,0,0.14689605,0
4109,1,1,0.2368476865170747,0,0.2573097,0
4110,0,0,0.10843761015161221,0,0.13996983,0
4111,0,1,0.20594462489093787,0,0.20123827,0
4112,0,1,0.2197566624862971,0,0.2704704,0
4113,0,0,0.20123393648682675,0,0.16540177,0
4114,0,1,0.0941902871225413,0,0.08100708,0
4115,0,1,0.14818445053274468,0,0.14466919,0
4116,1,0,0.08174801972490148,0,0.1035862,0
4117,0,0,0.15435322365736306,0,0.14222886,0
4118,0,1,0.3164962877753533,0,0.27751583,0
4119,0,0,0.17158027168450077,0,0.16788642,0
4120,1,1,0.1281844969795382,0,0.1470309,0
4121,0,1,0.08532148808117246,0,0.0792451,0
4122,0,0,0.10882194809151426,0,0.06841992,0
4123,0,1,0.10182061533457036,0,0.116195746,0
4124,0,1,0.09634466112892216,0,0.12311062,0
4125,1,1,0.1722238457837514,0,0.16631699,0
4126,1,1,0.10681327319998042,0,0.12503767,0
4127,0,1,0.09357585882791544,0,0.08051151,0
4128,0,0,0.2329756213451057,0,0.26685286,0
4129,0,1,0.14662494603529086,0,0.10485001,0
4130,1,1,0.16583864823984404,0,0.18813665,0
4131,0,0,0.10507491413982205,0,0.11789098,0
4132,0,0,0.17509232031376992,0,0.12411932,0
4133,0,0,0.13205536722311476,0,0.15087374,0
4134,0,1,0.14942151976847398,0,0.13834488,0
4135,0,0,0.07536555321857213,0,0.06767946,0
4136,0,1,0.13665995563017658,0,0.1492212,0
4137,0,1,0.14790978111395167,0,0.15464994,0
4138,0,1,0.16218587311162447,0,0.19136913,0
4139,0,1,0.1892581286906012,0,0.16198666,0
4140,0,1,0.21794955201459565,0,0.24385743,0
4141,0,1,0.1178534124279911,0,0.11823849,0
4142,0,0,0.1445069362899941,0,0.14932658,0
4143,0,1,0.11422503561675029,0,0.11476516,0
4144,0,0,0.09068054821828002,0,0.09667005,0
4145,0,1,0.15037279556433555,0,0.17790425,0
4146,0,1,0.183061863951387,0,0.16139905,0
4147,0,1,0.16912514086235803,0,0.18393366,0
4148,0,1,0.18768176897838093,0,0.15516418,0
4149,1,1,0.14081607725044465,0,0.12083768,0
4150,0,0,0.16638201085517307,0,0.17946538,0
4151,0,0,0.13238844439160108,0,0.14785278,0
4152,0,1,0.12290463920144393,0,0.11818395,0
4153,1,1,0.2611147711064823,0,0.3354021,0
4154,0,0,0.1717868159062593,0,0.19388476,0
4155,0,1,0.10401447287507157,0,0.071826324,0
4156,0,1,0.1702079069270575,0,0.18448223,0
4157,0,1,0.20076516693119936,0,0.21327515,0
4158,0,0,0.11203469604397354,0,0.12883873,0
4159,1,1,0.11975295453143667,0,0.12259791,0
4160,0,1,0.16086060062867372,0,0.14254522,0
4161,0,1,0.15318436485417644,0,0.19263382,0
4162,0,1,0.18988801686670287,0,0.19386543,0
4163,0,1,0.1377253825742392,0,0.14341167,0
4164,0,1,0.09186721563299759,0,0.08980743,0
4165,0,1,0.08495430905491094,0,0.12020646,0
4166,0,1,0.13116325864407516,0,0.13833144,0
4167,1,1,0.23988122808279294,0,0.25881347,0
4168,0,1,0.10110167554548592,0,0.07086099,0
4169,1,1,0.1092637113675917,0,0.08420612,0
4170,0,1,0.24579351173523495,0,0.2339384,0
4171,0,0,0.0823772507297028,0,0.08486765,0
4172,0,1,0.15207433939055784,0,0.1786164,0
4173,0,1,0.2484369763937924,0,0.20998192,0
4174,0,1,0.08261884098054816,0,0.07197528,0
4175,1,1,0.12450108818813553,0,0.1232014,0
4176,0,1,0.09505447856773724,0,0.072065175,0
4177,0,1,0.17250479275351055,0,0.17756882,0
4178,0,0,0.1062017272441753,0,0.07955184,0
4179,0,0,0.11475345104687848,0,0.12531312,0
4180,0,1,0.10875812617500596,0,0.112586,0
4181,0,1,0.13078665956506047,0,0.13525428,0
4182,0,0,0.07097888869422672,0,0.050595377,0
4183,0,1,0.16901601624876572,0,0.17192464,0
4184,0,1,0.14162860021381266,0,0.1576269,0
4185,0,1,0.09424328367092777,0,0.10077664,0
4186,0,0,0.1351041880096352,0,0.14799313,0
4187,0,0,0.2110098296752845,0,0.20307393,0
4188,1,1,0.14176850391090576,0,0.13987805,0
4189,1,1,0.23824057098499946,0,0.31230956,0
4190,0,1,0.10563703536868366,0,0.08552082,0
4191,0,0,0.36712760099642605,0,0.069202945,0
4192,0,1,0.0707767485735943,0,0.046426397,0
4193,1,1,0.2627444080803857,0,0.2579238,0
4194,0,1,0.13411051137791885,0,0.14177658,0
4195,0,1,0.12861710622816386,0,0.13395968,0
4196,0,1,0.1438176902237814,0,0.13335808,0
4197,0,0,0.09478423180174801,0,0.07414044,0
4198,0,0,0.24084077148391123,0,0.2864723,0
4199,1,1,0.12556549582631057,0,0.16403897,0
4200,0,1,0.09681320653829169,0,0.0934254,0
4201,0,1,0.15458644846786165,0,0.19148913,0
4202,0,1,0.10900522916577203,0,0.12281891,0
4203,0,0,0.07450236005781989,0,0.08002364,0
4204,0,1,0.16543512123485174,0,0.17512716,0
4205,1,1,0.07639007627842268,0,0.06783355,0
4206,0,1,0.11557878096212015,0,0.110919274,0
4207,0,1,0.07285051384890741,0,0.054674495,0
4208,0,1,0.23602086295358216,0,0.20848997,0
4209,0,0,0.17033096205804207,0,0.22466858,0
4210,1,0,0.20367392590528238,0,0.20163107,0
4211,0,0,0.11663586957202182,0,0.13798332,0
4212,0,0,0.10854185246922532,0,0.10523494,0
4213,0,0,0.13392998512794302,0,0.09959477,0
4214,1,1,0.17945720241834442,0,0.1142624,0
4215,0,1,0.1340821260111074,0,0.1492192,0
4216,0,0,0.32229074487795695,0,0.26957023,0
4217,0,0,0.07550086268290244,0,0.08476276,0
4218,0,1,0.07135068055149207,0,0.09146713,0
4219,0,1,0.20483256069732445,0,0.20830324,0
4220,0,0,0.22691709899760532,0,0.21567105,0
4221,0,1,0.1763890295812225,0,0.18235797,0
4222,1,1,0.24221242697079462,0,0.21279153,0
4223,0,0,0.2267962340791335,0,0.26230934,0
4224,0,1,0.20624097373246025,0,0.21849748,0
4225,0,0,0.09657376362257784,0,0.11622093,0
4226,0,1,0.12686409004245208,0,0.10799171,0
4227,0,0,0.10924171384307725,0,0.111948855,0
4228,0,1,0.09862607501183458,0,0.09337022,0
4229,0,0,0.14909849529168973,0,0.14200239,0
4230,0,1,0.1078901821886262,0,0.13035338,0
4231,0,0,0.11802909864303576,0,0.13384657,0
4232,0,0,0.1362034234842713,0,0.13573767,0
4233,1,1,0.10789029078758752,0,0.13035338,0
4234,0,1,0.08933185564164772,0,0.101923466,0
4235,0,1,0.08353504150914524,0,0.07086212,0
4236,1,1,0.1568433977481945,0,0.12914433,0
4237,0,0,0.14849184144962485,0,0.113840826,0
4238,1,0,0.14984601045454454,0,0.16709137,0
4239,0,1,0.07624547263165767,0,0.0932534,0
4240,0,1,0.16629939327364734,0,0.13846305,0
4241,0,1,0.12280653364759213,0,0.12786269,0
4242,0,0,0.09852442830830602,0,0.10210003,0
4243,0,1,0.0759518060147135,0,0.06600636,0
4244,0,0,0.15370703646876147,0,0.15137927,0
4245,0,1,0.21551776586046106,0,0.2779519,0
4246,0,1,0.18028992821520426,0,0.16590929,0
4247,0,1,0.21433344562736442,0,0.17031106,0
4248,1,0,0.14256929788429634,0,0.15254976,0
4249,0,0,0.07404761308124679,0,0.044103727,0
4250,0,0,0.13654231214864687,0,0.12818377,0
4251,0,0,0.14720026024460756,0,0.099046595,0
4252,1,0,0.15019476524788677,0,0.15201528,0
4253,1,1,0.11427332861157295,0,0.113921635,0
4254,0,1,0.12766468045260482,0,0.079891324,0
4255,0,1,0.10380105729752083,0,0.11830915,0
4256,0,1,0.0987581711823006,0,0.08867326,0
4257,0,1,0.16851669368733635,0,0.17722972,0
4258,0,0,0.09155036181386561,0,0.086084925,0
4259,0,0,0.11759747344860985,0,0.15980059,0
4260,0,0,0.15530174048126807,0,0.16885038,0
4261,0,1,0.1881648179091751,0,0.1172659,0
4262,0,1,0.05351881717044764,0,0.09267771,0
4263,0,0,0.16776687718984148,0,0.14927019,0
4264,0,1,0.06720237748425487,0,0.059505563,0
4265,0,1,0.08104180259632653,0,0.09680565,0
4266,0,0,0.1062017272441753,0,0.07955184,0
4267,0,0,0.1844769605613587,0,0.18814766,0
4268,0,0,0.10196950408608345,0,0.086158216,0
4269,1,1,0.1186599355572688,0,0.16050473,0
4270,1,1,0.1648435547507972,0,0.15043545,0
4271,0,1,0.17789809294062853,0,0.19408542,0
4272,1,0,0.1037929230366759,0,0.08863694,0
4273,0,1,0.16942658893739523,0,0.18458657,0
4274,0,0,0.1757260367509623,0,0.16082309,0
4275,0,0,0.08139062302568183,0,0.066623814,0
4276,0,0,0.10457893166422069,0,0.093247585,0
4277,0,0,0.12906673000671678,0,0.14083855,0
4278,0,1,0.14441005543849847,0,0.15700102,0
4279,0,1,0.10710512205776301,0,0.13199823,0
4280,1,0,0.21240909648010042,0,0.17328566,0
4281,0,0,0.22688621590397523,0,0.2285874,0
4282,0,1,0.18020520314776678,0,0.15443635,0
4283,0,0,0.13327333684982234,0,0.13553956,0
4284,1,0,0.1147969508446201,0,0.12343714,0
4285,0,1,0.18441305916174058,0,0.16130012,0
4286,0,1,0.24993997719810998,0,0.21196587,0
4287,0,1,0.0810856556311991,0,0.054009926,0
4288,0,1,0.1523966657275499,0,0.15690899,0
4289,0,0,0.08884169991219239,0,0.092537686,0
4290,1,0,0.1421726158857329,0,0.13148119,0
4291,0,0,0.11555268889627597,0,0.10124329,0
4292,1,1,0.18351481214813342,0,0.17994073,0
4293,0,1,0.07519236499342216,0,0.04966125,0
4294,0,0,0.17611402577878846,0,0.16500597,0
4295,0,1,0.2471735318934058,0,0.21576144,0
4296,0,0,0.062128090463294844,0,0.049380437,0
4297,1,1,0.1143725782315809,0,0.102973,0
4298,1,1,0.1379096480328093,0,0.110949166,0
4299,0,0,0.1682887628009318,0,0.16109563,0
4300,0,1,0.11092483961694287,0,0.08542393,0
4301,1,0,0.24957562452325713,0,0.35427684,0
4302,0,1,0.23303318685944094,0,0.18270694,0
4303,0,1,0.1353641239696041,0,0.17100391,0
4304,0,1,0.06202552782687374,0,0.02365049,0
4305,0,0,0.06056212871675131,0,0.03591506,0
4306,0,1,0.13291607684802467,0,0.104431465,0
4307,0,1,0.14310224451674788,0,0.12266876,0
4308,1,1,0.13525446087527412,0,0.16199346,0
4309,0,0,0.22142055756485857,0,0.24314733,0
4310,1,1,0.13895350777565968,0,0.14555912,0
4311,0,0,0.07256775314052968,0,0.06200299,0
4312,0,0,0.07933549050880048,0,0.08253266,0
4313,1,1,0.13910795542303475,0,0.17041022,0
4314,0,1,0.25362510567055085,0,0.2294332,0
4315,1,1,0.11336822075152257,0,0.106505066,0
4316,0,1,0.3409845162980094,0,0.33951265,0
4317,0,0,0.09422385648830461,0,0.07638803,0
4318,1,1,0.19506914272678208,0,0.17229153,0
4319,1,0,0.1696458523313888,0,0.17340988,0
4320,0,0,0.09963485125106587,0,0.08149743,0
4321,0,0,0.15714787202954328,0,0.12759879,0
4322,0,0,0.21666921349499124,0,0.21971695,0
4323,0,1,0.1061070739272318,0,0.105196334,0
4324,0,1,0.09569844826965938,0,0.12714066,0
4325,0,1,0.0914943908313996,0,0.07538782,0
4326,1,1,0.37907001518715894,0,0.38075665,0
4327,0,0,0.1383092974457622,0,0.15104061,0
4328,0,0,0.17526096936731828,0,0.19756746,0
4329,0,1,0.08495751055644533,0,0.12868157,0
4330,0,1,0.20428032202461927,0,0.26058182,0
4331,0,1,0.06884995797528923,0,0.058747165,0
4332,0,1,0.13797294286870562,0,0.14736524,0
4333,1,1,0.15986113694387435,0,0.12921442,0
4334,1,1,0.1330470778084765,0,0.12564689,0
4335,0,1,0.14625725627424185,0,0.20383088,0
4336,0,1,0.15924591404697483,0,0.1375672,0
4337,0,0,0.12573717127279405,0,0.1378837,0
4338,0,1,0.17677104029118465,0,0.16439335,0
4339,0,1,0.11157762848143146,0,0.109447844,0
4340,1,1,0.20868952181426317,0,0.21358493,0
4341,0,1,0.14405922686016223,0,0.20887993,0
4342,0,1,0.1911750084496974,0,0.23151173,0
4343,1,1,0.1719816843775613,0,0.15463738,0
4344,1,0,0.20296461722729703,0,0.22128718,0
4345,1,0,0.1021820393820678,0,0.12287633,0
4346,0,1,0.08106606933174822,0,0.056459848,0
4347,0,1,0.15703560231181243,0,0.15092698,0
4348,0,0,0.14380428251684152,0,0.16386792,0
4349,0,1,0.08197938760364339,0,0.0812748,0
4350,0,0,0.10914842498494742,0,0.107809566,0
4351,0,1,0.13548580274445,0,0.0935323,0
4352,0,1,0.24990863955591303,0,0.23607846,0
4353,0,0,0.33196246582955286,0,0.3548373,0
4354,0,1,0.147052102290806,0,0.1399397,0
4355,1,1,0.2865960696721182,0,0.2922792,0
4356,0,1,0.06241688630056278,0,0.041261066,0
4357,0,1,0.22007047223128337,0,0.19695887,0
4358,0,0,0.07897080608345187,0,0.062478058,0
4359,0,0,0.29980143954166066,0,0.22640486,0
4360,0,1,0.11108672450754749,0,0.14533278,0
4361,0,1,0.1516456882645947,0,0.15258399,0
4362,0,1,0.1428268436443528,0,0.14391889,0
4363,0,1,0.18838792728600312,0,0.15992337,0
4364,0,0,0.18508541561289926,0,0.182491,0
4365,0,1,0.14801946261391472,0,0.13678652,0
4366,0,1,0.20861687246782973,0,0.21292327,0
4367,0,0,0.09494696083651562,0,0.08073149,0
4368,0,0,0.08732266052990285,0,0.09762543,0
4369,0,0,0.10183365240645642,0,0.08060508,0
4370,0,0,0.19865141596895178,0,0.20438133,0
4371,0,0,0.284521543654459,0,0.30693042,0
4372,0,0,0.13842595248976197,0,0.14848262,0
4373,0,0,0.10512463186146095,0,0.11641843,0
4374,0,0,0.19330815917994756,0,0.17597228,0
4375,0,1,0.12450108818813553,0,0.1232014,0
4376,0,1,0.07666730376632815,0,0.071110636,0
4377,0,1,0.12633275795125956,0,0.10375362,0
4378,0,0,0.1267373853478061,0,0.10995952,0
4379,0,0,0.10690774148478299,0,0.09633962,0
4380,0,1,0.17085894270199625,0,0.19677077,0
4381,0,0,0.15007721713607167,0,0.124367535,0
4382,0,1,0.1366032823505877,0,0.13803071,0
4383,0,0,0.1657012333609144,0,0.17109966,0
4384,0,1,0.05773169901895229,0,0.032678396,0
4385,0,1,0.1411365852830059,0,0.15734977,0
4386,0,1,0.1165346716840402,0,0.13003919,0
4387,0,1,0.06336763382575225,0,0.0388762,0
4388,0,1,0.08844995801317194,0,0.08678137,0
4389,0,1,0.16060562477593077,0,0.18319045,0
4390,0,1,0.12632307841895082,0,0.108111575,0
4391,0,1,0.13347141504959814,0,0.1816525,0
4392,0,0,0.14915626374024812,0,0.15211368,0
4393,0,1,0.08648826884923942,0,0.07636687,0
4394,0,1,0.1786356928212782,0,0.17304295,0
4395,0,0,0.15396666765249314,0,0.19043104,0
4396,1,0,0.06546583265881305,0,0.041509297,0
4397,0,1,0.06786367257177377,0,0.07196444,0
4398,0,1,0.16848333378639813,0,0.17202796,0
4399,1,1,0.16677423872311986,0,0.12867013,0
4400,0,1,0.14057991030604522,0,0.14063805,0
4401,0,0,0.10023663394300156,0,0.09499133,0
4402,0,1,0.20953365158047046,0,0.22300816,0
4403,0,1,0.07274611902476269,0,0.04289458,0
4404,0,0,0.08224778833734761,0,0.07168088,0
4405,0,0,0.11322074566534004,0,0.09004571,0
4406,0,0,0.11598995479276047,0,0.13984913,0
4407,0,1,0.1578463192729841,0,0.16238531,0
4408,0,1,0.14587983102870405,0,0.17581171,0
4409,0,1,0.10856988950832656,0,0.14613852,0
4410,0,0,0.11466954826167004,0,0.15826069,0
4411,0,1,0.10960453646430453,0,0.11618051,0
4412,0,0,0.2786387544035325,0,0.3095148,0
4413,0,0,0.13821220887945668,0,0.14821108,0
4414,0,0,0.09878699675459628,0,0.103271894,0
4415,0,1,0.09459924117837636,0,0.09151413,0
4416,0,1,0.08111249922991069,0,0.08466238,0
4417,0,0,0.11759430300496182,0,0.11102268,0
4418,0,0,0.05344249703878021,0,0.058524847,0
4419,0,1,0.0721573891439732,0,0.06301942,0
4420,0,0,0.1211263221161257,0,0.13832416,0
4421,0,0,0.1956998822484368,0,0.25255936,0
4422,0,1,0.15286614159471887,0,0.15726279,0
4423,0,0,0.20274487872366093,0,0.16671908,0
4424,0,1,0.10040345602237401,0,0.114957795,0
4425,1,1,0.1894605905325096,0,0.16319409,0
4426,0,1,0.23335478809774932,0,0.21197188,0
4427,0,0,0.1225321317651346,0,0.12463488,0
4428,1,0,0.15116254753124933,0,0.15151875,0
4429,0,1,0.08713266810377591,0,0.087371826,0
4430,1,1,0.17226345964885093,0,0.15192623,0
4431,0,0,0.0593503496123845,0,0.053837694,0
4432,0,0,0.12602328338825175,0,0.12994508,0
4433,0,0,0.17818797997508445,0,0.1857417,0
4434,0,1,0.18956625762877044,0,0.20812525,0
4435,0,1,0.09761457907593013,0,0.1138169,0
4436,0,0,0.17760682157266666,0,0.15398209,0
4437,0,0,0.10923603219859154,0,0.111948855,0
4438,0,1,0.22808353776589543,0,0.15704545,0
4439,0,1,0.1748758436727725,0,0.11883269,0
4440,0,1,0.07445294526814288,0,0.07094519,0
4441,0,0,0.27434989692177314,0,0.27079767,0
4442,0,1,0.06521804144231834,0,0.06796635,0
4443,0,1,0.13823855173179006,0,0.14619078,0
4444,0,1,0.12453153029702693,0,0.13277179,0
4445,0,0,0.10914842498494742,0,0.107809566,0
4446,0,0,0.1431284047911523,0,0.15745728,0
4447,0,0,0.12326283774676865,0,0.13659474,0
4448,0,0,0.09060886544570249,0,0.08321581,0
4449,0,0,0.08977717547528402,0,0.14918143,0
4450,0,0,0.1842448313592985,0,0.18297179,0
4451,0,1,0.10914842498494742,0,0.107809566,0
4452,0,1,0.07790800904449154,0,0.06431289,0
4453,0,0,0.06378937085887353,0,0.045212515,0
4454,1,1,0.08347936781989242,0,0.074489884,0
4455,0,1,0.13539631613862196,0,0.15059821,0
4456,0,1,0.18499511620372264,0,0.14971319,0
4457,0,0,0.12689912997834069,0,0.16574979,0
4458,0,1,0.11235836575776811,0,0.13760054,0
4459,0,1,0.24335103057400312,0,0.25585666,0
4460,0,1,0.19496112463080978,0,0.20007394,0
4461,0,0,0.09692838824850931,0,0.10380879,0
4462,0,1,0.12671159763423515,0,0.09812238,0
4463,0,1,0.08277027744321402,0,0.09120842,0
4464,1,1,0.15204955080513458,0,0.11234647,0
4465,0,1,0.15307199256264722,0,0.13999248,0
4466,0,1,0.1230529935876759,0,0.1381577,0
4467,0,0,0.11906138549354504,0,0.108898304,0
4468,0,0,0.1683918483084426,0,0.14935161,0
4469,0,1,0.13286553968669193,0,0.1094622,0
4470,0,0,0.14310322878670212,0,0.13468085,0
4471,0,1,0.12039618912704332,0,0.081610374,0
4472,1,1,0.22080730913877575,0,0.09070105,0
4473,0,1,0.1614730411068965,0,0.15867217,0
4474,0,1,0.05925252194298991,0,0.03757327,0
4475,0,1,0.11697065469027862,0,0.1528088,0
4476,0,1,0.203881313429276,0,0.24065694,0
4477,0,1,0.1609845378545218,0,0.15138106,0
4478,0,1,0.09869881109674015,0,0.08565633,0
4479,0,0,0.22774702055893853,0,0.29610768,0
4480,0,1,0.08224490011790193,0,0.06911562,0
4481,0,0,0.09660761191617288,0,0.12448467,0
4482,0,1,0.11396934461975239,0,0.10914956,0
4483,0,1,0.07094164131670022,0,0.04786113,0
4484,0,0,0.07433035984408762,0,0.053473108,0
4485,0,1,0.12201443635993411,0,0.13949959,0
4486,1,1,0.17263761241374725,0,0.31279957,0
4487,0,0,0.10401447287507157,0,0.071826324,0
4488,0,0,0.13967596431473187,0,0.14389892,0
4489,0,0,0.21514484692190178,0,0.19924444,0
4490,0,1,0.09216901979542891,0,0.07247986,0
4491,0,1,0.11862359692009371,0,0.18409637,0
4492,1,1,0.27774718895951056,0,0.1961752,0
4493,0,1,0.27540748539622345,0,0.25988656,0
4494,0,1,0.20754124414377886,0,0.2453522,0
4495,0,1,0.10120372308647292,0,0.087229505,0
4496,0,1,0.18571411132359256,0,0.27327725,0
4497,0,1,0.10430498414516731,0,0.10894562,0
4498,0,1,0.25644061582290956,0,0.25701442,0
4499,0,1,0.14939711952655688,0,0.20266704,0
4500,0,0,0.19246879681194767,0,0.22112219,0
4501,0,1,0.12450108818813553,0,0.1232014,0
4502,1,1,0.15674143939620264,0,0.1297872,0
4503,0,0,0.08466855834066224,0,0.06791773,0
4504,0,1,0.2106480632080633,0,0.21553501,0
4505,0,0,0.12373573851849891,0,0.13228638,0
4506,0,0,0.21204671043333456,0,0.22430436,0
4507,1,1,0.2697458340082185,0,0.2117663,0
4508,1,0,0.16927917208267163,0,0.18950665,0
4509,1,0,0.12784543998343584,0,0.11807219,0
4510,1,1,0.13532750376143762,0,0.16473897,0
4511,0,1,0.1678492446343799,0,0.15285757,0
4512,0,0,0.185785301052069,0,0.22860307,0
4513,0,0,0.12463855881747622,0,0.09836498,0
4514,0,1,0.1470313282890147,0,0.17103842,0
4515,0,1,0.21189465097093357,0,0.31288838,0
4516,0,1,0.062388021193392325,0,0.03531304,0
4517,0,1,0.12109212408607091,0,0.1350858,0
4518,0,1,0.16194623065977143,0,0.14710729,0
4519,1,1,0.1816002115601177,0,0.19024889,0
4520,0,1,0.18751870501206977,0,0.2231949,0
4521,0,0,0.13294826407811214,0,0.12582567,0
4522,0,1,0.13251794999642036,0,0.121748105,0
4523,1,1,0.17155208720182127,0,0.16728073,0
4524,0,1,0.0563002241058236,0,0.041790795,0
4525,0,1,0.2469516834571041,0,0.1734485,0
4526,0,1,0.20953365158047046,0,0.22300816,0
4527,0,0,0.1095664158187429,0,0.11838348,0
4528,0,1,0.07403421131509758,0,0.05297224,0
4529,0,1,0.0938130238247563,0,0.09949622,0
4530,0,1,0.14535084402774476,0,0.16385208,0
4531,0,1,0.11477480049596489,0,0.12566316,0
4532,1,1,0.10919442667633827,0,0.12817132,0
4533,0,1,0.1470313282890147,0,0.17103842,0
4534,0,1,0.13199143048887288,0,0.14131296,0
4535,0,1,0.16090818551714403,0,0.22176118,0
4536,1,1,0.26615628660800233,0,0.29122335,0
4537,1,1,0.17395101412698513,0,0.17500131,0
4538,0,1,0.05928927809531359,0,0.04391856,0
4539,0,1,0.06517994406795224,0,0.050013278,0
4540,0,1,0.1899789066236972,0,0.20870727,0
4541,0,1,0.0805730201600125,0,0.07232915,0
4542,0,1,0.08726303195818245,0,0.1091928,0
4543,0,1,0.07700214208997276,0,0.0642841,0
4544,0,1,0.1624024139607115,0,0.17050083,0
4545,0,0,0.0671055612627226,0,0.06261604,0
4546,0,1,0.09571550430751487,0,0.10642823,0
4547,0,1,0.17360184406360543,0,0.18541938,0
4548,0,1,0.12260443844060032,0,0.17636181,0
4549,0,0,0.0762441812760104,0,0.0932534,0
4550,0,1,0.05626515025987517,0,0.022916175,0
4551,0,0,0.06063315015933549,0,0.038086727,0
4552,1,1,0.14850391328400891,0,0.1284333,0
4553,0,0,0.2926595112923997,0,0.39563563,0
4554,0,1,0.19071740639889245,0,0.20706567,0
4555,0,1,0.08921638331505002,0,0.12679872,0
4556,0,1,0.09904182742435409,0,0.08224837,0
4557,0,0,0.11392967232860916,0,0.10592078,0
4558,0,1,0.10977230199114096,0,0.10065084,0
4559,0,0,0.11206585311399658,0,0.091162264,0
4560,0,1,0.11863890411358413,0,0.08460731,0
4561,0,1,0.10972337830332184,0,0.09863905,0
4562,0,1,0.20589236655354998,0,0.18036146,0
4563,0,1,0.17132235787126993,0,0.17720321,0
4564,0,1,0.09055837172219867,0,0.07978509,0
4565,0,1,0.17230086819428556,0,0.14410117,0
4566,1,1,0.10254158297427962,0,0.11643737,0
4567,0,1,0.06718782646177245,0,0.043723155,0
4568,0,0,0.10676180303581712,0,0.12227507,0
4569,1,1,0.0990078230138462,0,0.07648079,0
4570,0,0,0.11046029566616411,0,0.100996174,0
4571,0,1,0.18540894681802833,0,0.17059816,0
4572,0,1,0.13425986038170099,0,0.16436838,0
4573,1,0,0.26293883255964845,0,0.25204292,0
4574,1,1,0.08100292660200001,0,0.087269865,0
4575,0,1,0.12638594346054363,0,0.13999885,0
4576,1,1,0.13697178204413493,0,0.1289286,0
4577,0,0,0.36145650406919383,0,0.28211957,0
4578,0,1,0.13100326944033286,0,0.10737867,0
4579,0,0,0.1668455843173158,0,0.17354387,0
4580,0,1,0.11992548818100739,0,0.12725602,0
4581,0,1,0.05915166340785094,0,0.036320657,0
4582,0,1,0.11474005837209829,0,0.1190287,0
4583,0,1,0.18153549407432032,0,0.18071422,0
4584,0,0,0.0823037562266336,0,0.06361164,0
4585,0,0,0.08447627930923225,0,0.09066686,0
4586,0,0,0.11477949555530652,0,0.10856404,0
4587,0,1,0.1720516702691268,0,0.18605,0
4588,0,1,0.07144237319003251,0,0.060113892,0
4589,0,1,0.05346076453306036,0,0.04360722,0
4590,0,1,0.12273927356209548,0,0.13441764,0
4591,1,1,0.23246555513525677,0,0.20872758,0
4592,1,0,0.1690696869320594,0,0.121499225,0
4593,0,1,0.1464756988564782,0,0.12641884,0
4594,0,1,0.10563846769329095,0,0.13859503,0
4595,0,1,0.09897988416682628,0,0.08540287,0
4596,0,1,0.26928587998514647,0,0.19571394,0
4597,0,0,0.18694497626979542,0,0.22203852,0
4598,1,1,0.17153101496231707,0,0.111890726,0
4599,0,1,0.09699144263440967,0,0.10984634,0
4600,1,1,0.13597810257678372,0,0.1495043,0
4601,0,0,0.25734995717806136,0,0.24600393,0
4602,1,1,0.11953298299891149,0,0.119532,0
4603,0,1,0.07073072997994827,0,0.06376896,0
4604,0,1,0.21388745208215598,0,0.15687405,0
4605,0,1,0.1715105989474983,0,0.14625494,0
4606,0,1,0.16722936786926146,0,0.23776695,0
4607,0,1,0.3045415607558299,0,0.2763207,0
4608,0,0,0.109179666372787,0,0.12666903,0
4609,0,0,0.1295995597694627,0,0.13361931,0
4610,0,1,0.10319830520637814,0,0.068806365,0
4611,0,0,0.08738846141187667,0,0.077055976,0
4612,0,0,0.18707552130366892,0,0.19904004,0
4613,0,1,0.13988067444707938,0,0.10178205,0
4614,1,0,0.2432307082935474,0,0.23802091,0
4615,0,1,0.06246758304464622,0,0.039634936,0
4616,0,1,0.06690806860001541,0,0.06863015,0
4617,0,1,0.1112102864532671,0,0.123812206,0
4618,0,1,0.17000991636485513,0,0.17999572,0
4619,0,0,0.13039441863067364,0,0.12327866,0
4620,0,1,0.1083913676400349,0,0.09791397,0
4621,0,1,0.07896787226070087,0,0.062478058,0
4622,1,1,0.08022407474292866,0,0.07441858,0
4623,0,1,0.09327884835096173,0,0.08871351,0
4624,0,0,0.10294316134852546,0,0.11912359,0
4625,0,1,0.1657155216813737,0,0.15626913,0
4626,0,1,0.08440030435936043,0,0.072528146,0
4627,1,0,0.11964200826766393,0,0.11807169,0
4628,0,1,0.20165211886549805,0,0.18225354,0
4629,0,1,0.10368271948512191,0,0.10722148,0
4630,0,0,0.12408929869908834,0,0.11902353,0
4631,0,0,0.19547449943430545,0,0.23728023,0
4632,0,0,0.19553563526096626,0,0.20697565,0
4633,0,0,0.2679420497634781,0,0.20256944,0
4634,0,1,0.21291215563242688,0,0.18039286,0
4635,1,1,0.2530266386861317,0,0.2141818,0
4636,0,1,0.1361359752491786,0,0.17397943,0
4637,0,0,0.057512766353819036,0,0.044708163,0
4638,0,1,0.18490294375993557,0,0.18001929,0
4639,0,1,0.22202112475579028,0,0.21763702,0
4640,0,0,0.19147723501090483,0,0.23151173,0
4641,0,1,0.06710481960534154,0,0.06261604,0
4642,0,1,0.05626515025987517,0,0.022916175,0
4643,0,1,0.18745125236824903,0,0.16462176,0
4644,0,0,0.09067124494463445,0,0.08043638,0
4645,0,0,0.06545062708172268,0,0.06097339,0
4646,0,1,0.14802809725910923,0,0.14584574,0
4647,0,1,0.13232818550301498,0,0.14397621,0
4648,0,1,0.210257008784858,0,0.17302454,0
4649,0,0,0.236613947189448,0,0.2740381,0
4650,0,1,0.09628701399760237,0,0.099727005,0
4651,0,1,0.0953347000645705,0,0.0927175,0
4652,0,1,0.11512111585517533,0,0.123356625,0
4653,0,1,0.12705805163792894,0,0.1113009,0
4654,0,1,0.1275146719910709,0,0.14887637,0
4655,0,0,0.059152401230907384,0,0.036320657,0
4656,0,1,0.1441572592826207,0,0.08554782,0
4657,0,1,0.1543395023915046,0,0.13847473,0
4658,0,1,0.13265701727115808,0,0.12992308,0
4659,0,0,0.15706718278386275,0,0.18343942,0
4660,0,1,0.20120800753968046,0,0.19382502,0
4661,0,0,0.2656925134360961,0,0.22261028,0
4662,1,1,0.2039764713724099,0,0.16346012,0
4663,1,1,0.15289629733087307,0,0.1707624,0
4664,1,0,0.18624277183415136,0,0.18629642,0
4665,0,1,0.06211389245309955,0,0.023925321,0
4666,1,1,0.2515365419974292,0,0.29961595,0
4667,0,1,0.06058191954144054,0,0.04279483,0
4668,1,1,0.20077848224637018,0,0.18412505,0
4669,0,0,0.06886909304896087,0,0.049221914,0
4670,0,0,0.09518288601230124,0,0.100405544,0
4671,0,1,0.16843451339902674,0,0.13827312,0
4672,0,1,0.12937312045680077,0,0.13601877,0
4673,0,0,0.3774961072779765,0,0.279381,0
4674,0,0,0.11391295831992415,0,0.10592078,0
4675,0,1,0.21896090043703956,0,0.19800748,0
4676,0,1,0.13270999345685522,0,0.14686884,0
4677,0,0,0.12007666516342978,0,0.13275032,0
4678,0,0,0.14683816551298945,0,0.13890956,0
4679,1,1,0.06955140753587774,0,0.04971764,0
4680,0,1,0.13446189000813777,0,0.1561136,0
4681,0,1,0.08587323266116584,0,0.06448837,0
4682,0,1,0.10871626321801034,0,0.10365741,0
4683,0,1,0.1228841870549882,0,0.14305083,0
4684,0,1,0.1393881570504091,0,0.12403426,0
4685,1,1,0.14759057649143187,0,0.113816455,0
4686,0,0,0.11184297617485774,0,0.10228347,0
4687,0,1,0.293279314069648,0,0.3032957,0
4688,0,0,0.16553618268965498,0,0.13321488,0
4689,0,1,0.08323916062192108,0,0.07928172,0
4690,0,1,0.3042568349367586,0,0.41503763,0
4691,0,1,0.13036806313745028,0,0.13621129,0
4692,0,1,0.11666383354113957,0,0.088865034,0
4693,0,1,0.28236327533800537,0,0.33406106,0
4694,0,1,0.2323775563055586,0,0.26801002,0
4695,0,1,0.12363966706901398,0,0.16827281,0
4696,0,1,0.10918760736994203,0,0.10126105,0
4697,0,1,0.09224592145141591,0,0.09343849,0
4698,0,1,0.12002120793253743,0,0.13120505,0
4699,0,0,0.16134643957226882,0,0.13357176,0
4700,0,1,0.16897583655015536,0,0.16875312,0
4701,0,0,0.2571805478757355,0,0.27315858,0
4702,0,1,0.1922179392727924,0,0.23229687,0
4703,1,0,0.14591995196453525,0,0.16288257,0
4704,0,1,0.10927478836533432,0,0.101792626,0
4705,1,1,0.12778155374181038,0,0.12897258,0
4706,1,1,0.09467986910047699,0,0.10327611,0
4707,0,1,0.2086751364618488,0,0.2112779,0
4708,0,1,0.17955235064104189,0,0.16440134,0
4709,0,0,0.1198314892599552,0,0.14390978,0
4710,0,1,0.18746749018671277,0,0.21301849,0
4711,0,1,0.12156971130436807,0,0.09786671,0
4712,1,1,0.16064720867521218,0,0.17875876,0
4713,0,1,0.11510119734516736,0,0.10266928,0
4714,1,1,0.13153881189735753,0,0.16525955,0
4715,0,1,0.11670636529397287,0,0.11958128,0
4716,0,1,0.10883280817237612,0,0.09023383,0
4717,0,1,0.1328310746018781,0,0.13828912,0
4718,0,1,0.1050793438521086,0,0.10182825,0
4719,0,1,0.12238119869098953,0,0.13868587,0
4720,0,1,0.08476195060855124,0,0.084524445,0
4721,0,1,0.18674031398133278,0,0.18155791,0
4722,0,1,0.06340524628977491,0,0.03430957,0
4723,0,1,0.11382294327007014,0,0.08370741,0
4724,0,1,0.17702600044963787,0,0.15050167,0
4725,0,1,0.1459396394755856,0,0.1698476,0
4726,1,1,0.16326740907211063,0,0.16124529,0
4727,0,1,0.22767955636063175,0,0.2397576,0
4728,0,1,0.1620123768499181,0,0.19739105,0
4729,0,0,0.20130386058575056,0,0.19887155,0
4730,0,0,0.05934677499118714,0,0.0530198,0
4731,0,1,0.10440126462721268,0,0.10332475,0
4732,0,1,0.10890817206895452,0,0.08923267,0
4733,0,0,0.16900898643471376,0,0.14019462,0
4734,0,0,0.1656452981683618,0,0.17001615,0
4735,1,0,0.08920004231180084,0,0.11548089,0
4736,0,1,0.18793982643087762,0,0.17383963,0
4737,0,0,0.13664055651223248,0,0.10342713,0
4738,0,0,0.08767674679818621,0,0.06935331,0
4739,0,0,0.1311289986799201,0,0.13440628,0
4740,0,0,0.0593207036810813,0,0.03746682,0
4741,0,0,0.16273933368365381,0,0.15098335,0
4742,0,1,0.14016225911968977,0,0.18044971,0
4743,0,1,0.12007463256059402,0,0.12476284,0
4744,0,0,0.18861927894248784,0,0.1688369,0
4745,0,1,0.0801804597815982,0,0.070029534,0
4746,0,1,0.1470752352769717,0,0.16819227,0
4747,0,1,0.10273438134011323,0,0.12374612,0
4748,0,1,0.12897499808452506,0,0.16186774,0
4749,0,1,0.13303275137127213,0,0.16190824,0
4750,0,1,0.2556754413118314,0,0.18212129,0
4751,0,1,0.1664752241356456,0,0.16543864,0
4752,1,0,0.11673329690866974,0,0.10453699,0
4753,0,1,0.2276142389970262,0,0.24879317,0
4754,0,1,0.10680170563018218,0,0.11406265,0
4755,0,0,0.08023134324140829,0,0.07100321,0
4756,0,0,0.30259439980560704,0,0.28359506,0
4757,0,0,0.0901674000042897,0,0.0918042,0
4758,0,1,0.16861902055564962,0,0.14956139,0
4759,0,1,0.15901659193874074,0,0.16019107,0
4760,0,0,0.18091067740109432,0,0.1698092,0
4761,0,1,0.10560867647668531,0,0.15904365,0
4762,1,1,0.2272786716995046,0,0.22211635,0
4763,0,0,0.1770945860446751,0,0.1634437,0
4764,1,1,0.24219415132632952,0,0.21279153,0
4765,0,1,0.155107090542054,0,0.15469272,0
4766,0,0,0.24827994735012407,0,0.24574457,0
4767,0,1,0.1308180229028818,0,0.12871823,0
4768,0,0,0.1428357693033512,0,0.14241555,0
4769,0,1,0.21640477378155418,0,0.20364645,0
4770,0,1,0.0743387708538893,0,0.06442502,0
4771,0,0,0.0887379937574132,0,0.08071121,0
4772,0,0,0.08872073295942251,0,0.07832151,0
4773,0,0,0.09877798168095886,0,0.09778694,0
4774,0,0,0.1551723091715542,0,0.16659321,0
4775,0,1,0.33602480053541484,0,0.2798358,0
4776,0,1,0.14568764313581406,0,0.13957176,0
4777,0,1,0.07498971506058519,0,0.042599063,0
4778,1,1,0.3377718268288742,0,0.27603498,0
4779,1,0,0.09771224604304501,0,0.12083999,0
4780,0,1,0.16015609681716084,0,0.150277,0
4781,0,1,0.1964014443106349,0,0.18102118,0
4782,0,1,0.14643413835249783,0,0.163669,0
4783,0,0,0.14448780959605412,0,0.13824551,0
4784,0,1,0.12879030403373348,0,0.11336893,0
4785,0,1,0.08662375365746168,0,0.086913384,0
4786,1,1,0.18504191359025382,0,0.1816609,0
4787,0,1,0.12111274999625068,0,0.15091962,0
4788,0,1,0.12288491673178258,0,0.14305083,0
4789,0,1,0.11523018166542612,0,0.102730975,0
4790,0,0,0.11675959127613,0,0.10789706,0
4791,1,0,0.13995858036992487,0,0.15362489,0
4792,0,0,0.0936352826897956,0,0.09633527,0
4793,0,1,0.14471287406630742,0,0.13943481,0
4794,0,0,0.06967285966541342,0,0.11973676,0
4795,0,1,0.22443044143381613,0,0.22797568,0
4796,0,1,0.2044461231067129,0,0.33567235,0
4797,0,1,0.07624015238356718,0,0.06785266,0
4798,0,1,0.13178209488567777,0,0.14791146,0
4799,0,1,0.09675537157486927,0,0.11638086,0
4800,0,0,0.10483954093683186,0,0.09075151,0
4801,1,1,0.11402324758366233,0,0.14772989,0
4802,0,0,0.16909612800903132,0,0.19986358,0
4803,0,0,0.12525244044663186,0,0.10148167,0
4804,0,0,0.1618595582307985,0,0.1588663,0
4805,0,1,0.17784309382462565,0,0.15390912,0
4806,1,1,0.17548763739375983,0,0.19601905,0
4807,1,1,0.07251881204639773,0,0.04899193,0
4808,0,1,0.10631672896019852,0,0.085978344,0
4809,0,1,0.1402068825557508,0,0.13678645,0
4810,0,0,0.1750201905179929,0,0.1599217,0
4811,0,1,0.2809458335433007,0,0.25096077,0
4812,0,0,0.1631590400599042,0,0.18527773,0
4813,0,1,0.18427674254971738,0,0.18557659,0
4814,0,1,0.4416555875201361,0,0.37836707,0
4815,0,0,0.22706952185393237,0,0.23281129,0
4816,0,0,0.14665269007024082,0,0.14450072,0
4817,0,0,0.09666319769448843,0,0.076882236,0
4818,0,0,0.14745992536882735,0,0.27423024,0
4819,1,1,0.2270544721505542,0,0.23281129,0
4820,0,1,0.12192023435179905,0,0.1719316,0
4821,1,1,0.11460264194205468,0,0.13230667,0
4822,0,0,0.08262636585858844,0,0.086386666,0
4823,0,0,0.26112733378531877,0,0.21587418,0
4824,0,1,0.27191913077924834,0,0.28635508,0
4825,1,0,0.31236506479243087,0,0.19783889,0
4826,1,1,0.15483329339567284,0,0.16177519,0
4827,0,1,0.10691054245873464,0,0.099941134,0
4828,0,1,0.0990903915411134,0,0.113759264,0
4829,1,1,0.1279223811497081,0,0.13846545,0
4830,0,1,0.19217541157969195,0,0.1860583,0
4831,0,1,0.106620938699054,0,0.12038962,0
4832,0,1,0.06783796448644963,0,0.0756042,0
4833,0,1,0.13762286765209614,0,0.11626168,0
4834,0,1,0.18527667134787873,0,0.1745987,0
4835,0,1,0.07740043704566535,0,0.04445178,0
4836,1,1,0.13816887213149573,0,0.13478613,0
4837,0,0,0.13508793915586836,0,0.14090861,0
4838,0,1,0.1578507064162726,0,0.16576694,0
4839,0,1,0.08851198956992193,0,0.087228574,0
4840,0,1,0.07823739855521372,0,0.07240622,0
4841,0,1,0.1846975555018652,0,0.22719938,0
4842,0,1,0.16797271693829766,0,0.17575905,0
4843,0,0,0.11869581364809334,0,0.11102677,0
4844,0,0,0.1407528429620672,0,0.15972319,0
4845,0,0,0.1884326040883467,0,0.18423136,0
4846,0,1,0.15347383966788303,0,0.13003871,0
4847,0,0,0.10003294026473342,0,0.09065781,0
4848,0,0,0.10007122490695022,0,0.111203566,0
4849,0,0,0.19261714146442754,0,0.2387434,0
4850,0,1,0.11012326728913387,0,0.12138615,0
4851,1,0,0.08919243423862587,0,0.098837,0
4852,0,1,0.1187171465638977,0,0.13945806,0
4853,0,0,0.11292328225697248,0,0.100287266,0
4854,0,0,0.10599870024529527,0,0.14347787,0
4855,0,0,0.1104027642325197,0,0.19445272,0
4856,1,1,0.14914849578075534,0,0.15211368,0
4857,0,1,0.14759057649143187,0,0.113816455,0
4858,0,1,0.169324257269002,0,0.364557,0
4859,0,0,0.17000991636485513,0,0.17999572,0
4860,1,1,0.12182808454763014,0,0.11936422,0
4861,0,0,0.059085623957345436,0,0.03861897,0
4862,0,1,0.13399635255178804,0,0.13831083,0
4863,0,0,0.11706970558406134,0,0.12730801,0
4864,0,0,0.21393896345993496,0,0.2796845,0
4865,1,1,0.16777955912233813,0,0.20142758,0
4866,1,1,0.1650491125791199,0,0.18077633,0
4867,0,1,0.15984618097582634,0,0.16578838,0
4868,0,1,0.13025502523970317,0,0.110905476,0
4869,0,1,0.2148384075744509,0,0.2370766,0
4870,0,0,0.10445655854068407,0,0.10890164,0
4871,0,1,0.12913999244631988,0,0.1498183,0
4872,0,0,0.14614339603628648,0,0.16218689,0
4873,0,1,0.12977178195965272,0,0.12849467,0
4874,0,1,0.15931716207752955,0,0.12872672,0
4875,0,0,0.09157854105319675,0,0.088556334,0
4876,0,1,0.15047691198654192,0,0.10847825,0
4877,1,1,0.22838821005938714,0,0.36573762,0
4878,0,0,0.10785364409429267,0,0.14229928,0
4879,0,1,0.07929672399114368,0,0.08251693,0
4880,0,1,0.14281509595728217,0,0.13872483,0
4881,0,0,0.15039711682185597,0,0.14661436,0
4882,0,1,0.1737976964318018,0,0.2313676,0
4883,0,1,0.06404881027747916,0,0.040256713,0
4884,1,1,0.22781052846251146,0,0.2236362,0
4885,0,0,0.0762234428668686,0,0.06926279,0
4886,0,0,0.12695690915435084,0,0.100053415,0
4887,0,1,0.07964691325253234,0,0.11157345,0
4888,0,0,0.13540457158094896,0,0.1489054,0
4889,0,0,0.1353849653464678,0,0.15178184,0
4890,0,0,0.10808743914106574,0,0.12759176,0
4891,0,1,0.19259333802690642,0,0.1658443,0
4892,0,1,0.15763091313200658,0,0.12575038,0
4893,0,1,0.1707659972160717,0,0.23087351,0
4894,0,1,0.11189107265791674,0,0.110772885,0
4895,0,1,0.10477216165253747,0,0.10126933,0
4896,0,1,0.19939636382267167,0,0.16871025,0
4897,0,0,0.20065292672446372,0,0.16113792,0
4898,0,1,0.13061000902942319,0,0.12588635,0
4899,1,0,0.1597023141363524,0,0.14046852,0
4900,0,0,0.09375438558369154,0,0.09737151,0
4901,0,0,0.10742173421883189,0,0.10311832,0
4902,0,0,0.14098167664959074,0,0.13429084,0
4903,0,1,0.19367866214025037,0,0.20801571,0
4904,0,0,0.10110167554548592,0,0.07086099,0
4905,0,1,0.10518068866931574,0,0.12995367,0
4906,0,1,0.07063988121558426,0,0.05494239,0
4907,0,1,0.12773177587334036,0,0.120860025,0
4908,0,0,0.12172591359249067,0,0.11462227,0
4909,1,0,0.09636438312954927,0,0.13037163,0
4910,0,1,0.09521183220565013,0,0.11543663,0
4911,0,1,0.205480012473101,0,0.20744906,0
4912,1,1,0.1801266243237076,0,0.17430115,0
4913,0,1,0.16865020090231736,0,0.18682069,0
4914,0,1,0.1860349445576245,0,0.19937924,0
4915,1,1,0.1432249920546446,0,0.12422323,0
4916,1,1,0.10409441598914178,0,0.0910608,0
4917,0,1,0.10810853709709918,0,0.096781,0
4918,0,0,0.15513132637172547,0,0.17981946,0
4919,0,1,0.15225490275650827,0,0.1543354,0
4920,0,0,0.2172099787762246,0,0.19118653,0
4921,0,1,0.124572160468505,0,0.15507749,0
4922,0,0,0.1663814467940703,0,0.348961,0
4923,0,0,0.22251704229761962,0,0.2575944,0
4924,0,0,0.08050943432571159,0,0.06371442,0
4925,0,1,0.12084381168765929,0,0.11886787,0
4926,1,0,0.10632172340364536,0,0.12932205,0
4927,0,1,0.14422503663499145,0,0.114982106,0
4928,0,0,0.20168036593035624,0,0.18225354,0
4929,0,1,0.09565783956840977,0,0.12716742,0
4930,0,1,0.07549578307773425,0,0.08815846,0
4931,0,0,0.07515806289228043,0,0.10014106,0
4932,0,0,0.2161219652919809,0,0.19532926,0
4933,0,0,0.0749817127478253,0,0.062429894,0
4934,1,1,0.19092294079878833,0,0.18757054,0
4935,1,1,0.07467271227343136,0,0.057590265,0
4936,0,1,0.10364468442369223,0,0.15753086,0
4937,0,1,0.10177764608444531,0,0.09016582,0
4938,1,0,0.19272029422416243,0,0.24392565,0
4939,0,1,0.14857425469691823,0,0.13888454,0
4940,0,0,0.1455632649604929,0,0.139331,0
4941,0,1,0.12860627833136273,0,0.15058407,0
4942,0,1,0.1556555435223199,0,0.1431584,0
4943,0,1,0.09064378204286111,0,0.07681623,0
4944,0,1,0.09216901979542891,0,0.07247986,0
4945,0,1,0.08692964290511303,0,0.12246255,0
4946,0,0,0.17254225553355346,0,0.15413456,0
4947,0,1,0.0789716226391747,0,0.10765695,0
4948,0,0,0.20972026539136499,0,0.17466389,0
4949,0,1,0.18092313368849544,0,0.1817934,0
4950,1,1,0.186542383549893,0,0.16967872,0
4951,0,1,0.16549230059371037,0,0.16830152,0
4952,0,0,0.08019956364143445,0,0.07586963,0
4953,0,1,0.09333041207969223,0,0.105985604,0
4954,1,1,0.27643790957532555,0,0.24983667,0
4955,0,0,0.09587271898703752,0,0.11783387,0
4956,0,1,0.1270578971978477,0,0.12723553,0
4957,1,1,0.17016590107802987,0,0.23301816,0
4958,0,1,0.15456235984842276,0,0.17149562,0
4959,0,1,0.15203264546531362,0,0.1336849,0
4960,0,0,0.1589736024422405,0,0.15636285,0
4961,0,1,0.10813201712189999,0,0.12909245,0
4962,0,0,0.0870825357139887,0,0.07823799,0
4963,0,1,0.08057700693868702,0,0.057778608,0
4964,0,0,0.11317496216725347,0,0.13253742,0
4965,0,0,0.12452212023624072,0,0.1361964,0
4966,0,1,0.15778094041285642,0,0.15281002,0
4967,0,1,0.060798411417396336,0,0.05588212,0
4968,0,1,0.10873312837858458,0,0.09230595,0
4969,0,0,0.1130171118263294,0,0.09205674,0
4970,0,1,0.08735542043837786,0,0.08876738,0
4971,0,1,0.0908409269947068,0,0.06469038,0
4972,0,1,0.392031825648746,0,0.38603136,0
4973,0,1,0.16417396250846833,0,0.15228775,0
4974,1,0,0.3341275940063538,0,0.2511321,0
4975,0,1,0.12618047169018284,0,0.14476444,0
4976,0,1,0.09991128467078433,0,0.074703865,0
4977,0,1,0.21329418132545028,0,0.19176665,0
4978,0,1,0.16142871002698136,0,0.15142149,0
4979,0,1,0.0899177363927115,0,0.07299466,0
4980,0,1,0.15405122401855365,0,0.1680988,0
4981,0,1,0.11381258708698166,0,0.09531342,0
4982,0,1,0.2016563875248523,0,0.18225354,0
4983,1,1,0.2236614985520324,0,0.16651297,0
4984,0,1,0.11222533952858225,0,0.103770286,0
4985,0,0,0.14365896307242212,0,0.14086664,0
4986,0,1,0.3338124977778354,0,0.25659457,0
4987,0,0,0.17546894537482857,0,0.17696558,0
4988,0,0,0.1873517391005503,0,0.16312656,0
4989,0,1,0.10616428840620787,0,0.09355237,0
4990,0,1,0.06722145295890461,0,0.064245306,0
4991,0,1,0.07412608373983,0,0.053571407,0
4992,0,1,0.08274021577205391,0,0.124954894,0
4993,0,1,0.12228601011129987,0,0.12838896,0
4994,1,0,0.1522226913985582,0,0.1554205,0
4995,0,0,0.14602166589038723,0,0.15159236,0
4996,0,0,0.2460946527261752,0,0.20989622,0
4997,0,1,0.0698852907696741,0,0.05377199,0
4998,0,1,0.15909280525452757,0,0.14576693,0
4999,1,1,0.08613295755428128,0,0.071640596,0
5000,0,1,0.09696620534693547,0,0.07825346,0
5001,1,1,0.20910407317503626,0,0.19085439,0
5002,0,0,0.09763147626374677,0,0.10871774,0
5003,0,0,0.21403710844962173,0,0.19217141,0
5004,1,1,0.11440529706317237,0,0.12233623,0
5005,0,1,0.11280476374306214,0,0.09761342,0
5006,0,1,0.1170845899823169,0,0.10047241,0
5007,0,1,0.1178534124279911,0,0.11823849,0
5008,0,0,0.1348253710646368,0,0.1391095,0
5009,1,1,0.1311622086463034,0,0.12660448,0
5010,0,0,0.0688635582020383,0,0.046224445,0
5011,1,0,0.15856643410289356,0,0.21063669,0
5012,0,1,0.1092870665007039,0,0.11773108,0
5013,0,1,0.09014433139643029,0,0.0918042,0
5014,1,1,0.1679869547119118,0,0.17936952,0
5015,0,0,0.11830741112826021,0,0.09907434,0
5016,0,0,0.14442641299265935,0,0.23636359,0
5017,0,0,0.12767881729777394,0,0.087154716,0
5018,0,1,0.07850708208084471,0,0.071867615,0
5019,0,1,0.12004721635453683,0,0.104211554,0
5020,0,1,0.12458409639575617,0,0.11455872,0
5021,1,1,0.11200197466904811,0,0.117124245,0
5022,0,1,0.08445382926588821,0,0.08141373,0
5023,0,0,0.14092917939297536,0,0.13567528,0
5024,0,1,0.12123057661878346,0,0.14140193,0
5025,0,1,0.12322391542121007,0,0.11778778,0
5026,0,1,0.12245069899427971,0,0.11460269,0
5027,0,1,0.17107981221961624,0,0.2053851,0
5028,0,1,0.12742348383553623,0,0.12211453,0
5029,0,1,0.24202481292136074,0,0.27481875,0
5030,0,0,0.19852463986293606,0,0.2182615,0
5031,0,0,0.14591995196453525,0,0.16288257,0
5032,0,1,0.08272570236812841,0,0.12580341,0
5033,0,0,0.16906580348224795,0,0.121499225,0
5034,0,1,0.09185248510935175,0,0.10425466,0
5035,0,1,0.26525956968291997,0,0.20319311,0
5036,0,0,0.2057080418340661,0,0.21925619,0
5037,0,1,0.14711554302049085,0,0.14329575,0
5038,0,1,0.11483770400317883,0,0.118363045,0
5039,0,1,0.22092181617485962,0,0.09070105,0
5040,0,0,0.146506994200123,0,0.13187504,0
5041,0,1,0.08446993115020598,0,0.07935361,0
5042,0,1,0.12913062757185023,0,0.17573573,0
5043,1,1,0.19026934984030167,0,0.21135023,0
5044,1,0,0.1580907378418098,0,0.11470994,0
5045,0,1,0.07656247785787873,0,0.067663565,0
5046,0,1,0.2901461214569585,0,0.2858862,0
5047,0,1,0.1501498677394669,0,0.15044363,0
5048,1,1,0.1601436383754528,0,0.17637785,0
5049,0,0,0.08108372202774794,0,0.054009926,0
5050,0,0,0.12051665790884333,0,0.15445809,0
5051,0,0,0.06542787663633066,0,0.05338795,0
5052,0,1,0.15581656637178046,0,0.18970114,0
5053,0,1,0.09380379199545326,0,0.10436161,0
5054,0,1,0.12158979325783298,0,0.09820383,0
5055,0,0,0.20037326511583559,0,0.22142705,0
5056,1,0,0.16719615692057885,0,0.14026035,0
5057,1,1,0.12638322714859496,0,0.12100288,0
5058,0,1,0.23038717726289987,0,0.19620328,0
5059,1,1,0.1204772555553608,0,0.106284186,0
5060,0,0,0.060794626368347905,0,0.033612903,0
5061,0,0,0.06546995383712877,0,0.06612708,0
5062,0,0,0.18737474274679494,0,0.16688904,0
5063,0,1,0.1488255355701678,0,0.22399382,0
5064,0,1,0.1722877221954973,0,0.15180662,0
5065,0,1,0.08451064541737965,0,0.08386677,0
5066,0,1,0.17722730223572564,0,0.19121607,0
5067,0,1,0.06056212871675131,0,0.03591506,0
5068,1,1,0.20284196674183094,0,0.17697804,0
5069,0,0,0.09005784989155484,0,0.10679351,0
5070,0,1,0.17175390967888426,0,0.1737512,0
5071,0,1,0.09686702380570357,0,0.087548696,0
5072,0,1,0.08772883637137097,0,0.103893325,0
5073,0,1,0.09093952092048249,0,0.06557063,0
5074,0,0,0.1390616749717141,0,0.14109346,0
5075,0,1,0.1522931064158682,0,0.15255865,0
5076,0,1,0.07907414837037675,0,0.048147522,0
5077,0,1,0.17464071661059946,0,0.16929924,0
5078,0,1,0.1356424093690421,0,0.15058291,0
5079,0,1,0.12934624391921956,0,0.17849433,0
5080,0,0,0.11436774967938682,0,0.10432731,0
5081,0,1,0.2298973428843693,0,0.28438455,0
5082,0,1,0.08068389116135788,0,0.10479316,0
5083,0,0,0.1767639800646412,0,0.16439335,0
5084,1,0,0.09383019479531977,0,0.06592389,0
5085,0,0,0.12109212408607091,0,0.1350858,0
5086,1,1,0.07062640760637111,0,0.07483936,0
5087,0,1,0.06382264316835898,0,0.036395945,0
5088,0,0,0.1531621248446625,0,0.12534995,0
5089,1,1,0.09707846202620216,0,0.0800221,0
5090,0,1,0.09192366306960416,0,0.09887848,0
5091,1,1,0.1665449145776852,0,0.17407022,0
5092,0,0,0.13530181939965558,0,0.15621385,0
5093,0,1,0.08593975035173036,0,0.08888138,0
5094,0,0,0.22839037137110768,0,0.2575564,0
5095,1,1,0.1835543961060861,0,0.18567947,0
5096,1,1,0.12041866008850917,0,0.12600984,0
5097,0,0,0.0652686349732384,0,0.063940644,0
5098,0,1,0.13936770785566552,0,0.14254309,0
5099,0,1,0.17234091340106547,0,0.2308028,0
5100,0,0,0.11470871007078154,0,0.09718815,0
5101,0,1,0.059254833318019784,0,0.042343788,0
5102,1,1,0.08870237158131408,0,0.0821754,0
5103,0,1,0.07166540331090036,0,0.13106677,0
5104,0,1,0.11665116013033076,0,0.105092496,0
5105,0,1,0.14306351779990187,0,0.1900491,0
5106,0,1,0.16915853370394537,0,0.16881692,0
5107,1,1,0.21482384805800098,0,0.24104963,0
5108,0,0,0.15106199251005462,0,0.16593292,0
5109,0,0,0.1229374222164338,0,0.104566716,0
5110,0,1,0.05630633903678859,0,0.04669831,0
5111,0,0,0.12037147305610238,0,0.14133298,0
5112,0,1,0.08201124954116729,0,0.0713695,0
5113,0,0,0.15588278356855337,0,0.14482518,0
5114,0,1,0.20851206394570704,0,0.22213659,0
5115,0,1,0.07705137408735686,0,0.08151406,0
5116,0,1,0.11331687399618023,0,0.09426558,0
5117,0,1,0.1304543300265781,0,0.13048576,0
5118,1,1,0.25876961802360043,0,0.23320848,0
5119,0,1,0.15483126322598526,0,0.16177519,0
5120,1,0,0.17020969971366012,0,0.18448223,0
5121,1,1,0.14122276948991822,0,0.1487663,0
5122,1,1,0.32730440184176035,0,0.35528252,0
5123,0,1,0.06383496441351506,0,0.038167033,0
5124,0,1,0.1207118055750314,0,0.095970124,0
5125,0,1,0.1080945249406825,0,0.100956045,0
5126,0,0,0.07410025545807931,0,0.04729783,0
5127,0,1,0.06376223205493271,0,0.04064027,0
5128,0,0,0.2221361305460343,0,0.24297525,0
5129,0,1,0.08841272756000071,0,0.074212484,0
5130,0,1,0.06570521366906919,0,0.052724034,0
5131,1,1,0.09520723236851393,0,0.089146696,0
5132,0,1,0.1856417846090375,0,0.16650166,0
5133,0,0,0.1277133603045669,0,0.1303291,0
5134,0,1,0.10195620533848557,0,0.108413786,0
5135,1,1,0.22692799776763917,0,0.21370694,0
5136,0,1,0.15491908712810074,0,0.15674628,0
5137,0,1,0.17642900175378068,0,0.14693885,0
5138,0,1,0.09136927465082602,0,0.14338756,0
5139,0,1,0.0887730629728915,0,0.1042029,0
5140,0,1,0.1384670069726837,0,0.12333034,0
5141,1,0,0.09747152341125576,0,0.06972078,0
5142,0,0,0.22726525393858812,0,0.28115728,0
5143,0,1,0.20162734083459152,0,0.22681157,0
5144,0,1,0.10853090815450263,0,0.10523494,0
5145,1,1,0.11081611292627287,0,0.10286368,0
5146,0,1,0.10126398401212999,0,0.11362343,0
5147,0,1,0.1475690203263803,0,0.12945902,0
5148,0,0,0.13613992287339044,0,0.17984346,0
5149,0,0,0.16135476051938505,0,0.14909981,0
5150,0,1,0.18834496617568872,0,0.19723922,0
5151,0,0,0.1664034908153151,0,0.17949273,0
5152,1,1,0.1744090280061711,0,0.14484799,0
5153,1,1,0.15902803824495645,0,0.18107715,0
5154,0,1,0.1263872515421644,0,0.121333934,0
5155,0,0,0.25966649537432807,0,0.28628013,0
5156,0,1,0.10172245264538493,0,0.08542587,0
5157,0,0,0.24058521339586522,0,0.260132,0
5158,0,1,0.15022483028180234,0,0.14375736,0
5159,0,1,0.12450405530733816,0,0.11089075,0
5160,0,1,0.11460264194205468,0,0.13230667,0
5161,0,1,0.14994920978896806,0,0.13636747,0
5162,0,1,0.1370205053260112,0,0.15871632,0
5163,0,1,0.07825355622830076,0,0.065654196,0
5164,0,1,0.15704860245423719,0,0.13238178,0
5165,0,1,0.1729224012853745,0,0.14003026,0
5166,0,1,0.2810060520302053,0,0.27545062,0
5167,0,1,0.13327333684982234,0,0.13553956,0
5168,0,1,0.21775894688483508,0,0.22958912,0
5169,0,1,0.1179363961473592,0,0.15296446,0
5170,0,1,0.18810284428128388,0,0.15610886,0
5171,0,1,0.10110167554548592,0,0.07086099,0
5172,0,0,0.1143171034383628,0,0.113369174,0
5173,0,1,0.13597889646389655,0,0.19127057,0
5174,0,1,0.17861166719388163,0,0.2916311,0
5175,0,1,0.0989205726634051,0,0.098085634,0
5176,0,0,0.09556701911445431,0,0.10256692,0
5177,0,1,0.11682101329383775,0,0.122577146,0
5178,0,1,0.28932517829384247,0,0.21826151,0
5179,1,1,0.2468856624859595,0,0.2573097,0
5180,0,1,0.10471655008044277,0,0.093247585,0
5181,0,0,0.13198590567812601,0,0.118089505,0
5182,0,1,0.18428809365060408,0,0.16154,0
5183,1,1,0.23875766581332708,0,0.23681335,0
5184,0,1,0.09872566352023489,0,0.08103736,0
5185,0,1,0.07329683617752793,0,0.101587184,0
5186,0,1,0.13866133036881878,0,0.16661972,0
5187,0,0,0.28879476847679303,0,0.1926951,0
5188,0,1,0.10808270758876547,0,0.11897447,0
5189,0,1,0.1853724005505182,0,0.20240389,0
5190,0,1,0.24306174368906774,0,0.24443918,0
5191,0,0,0.12777049557778836,0,0.16216357,0
5192,0,0,0.11106805125186756,0,0.11058281,0
5193,0,1,0.10172139589000685,0,0.08542587,0
5194,0,1,0.14875658536538408,0,0.17405002,0
5195,1,1,0.16621748307170706,0,0.17287402,0
5196,0,0,0.146422657343537,0,0.15122172,0
5197,0,0,0.11184012381124411,0,0.11523112,0
5198,0,0,0.20113740327042443,0,0.22253516,0
5199,0,0,0.3307551313875324,0,0.24847293,0
5200,0,0,0.10259265460538378,0,0.11744908,0
5201,0,1,0.06693771948306913,0,0.038333856,0
5202,0,0,0.1127953917011873,0,0.09761342,0
5203,0,1,0.09322086731112515,0,0.09567821,0
5204,0,0,0.11505417436138608,0,0.098605834,0
5205,0,0,0.1689129867654953,0,0.13692303,0
5206,0,0,0.11396982884983603,0,0.10914956,0
5207,0,1,0.2118882622767424,0,0.22272572,0
5208,1,1,0.18924702832954626,0,0.20624025,0
5209,0,0,0.23975049465341483,0,0.20712711,0
5210,1,0,0.20579348176952925,0,0.2471858,0
5211,0,1,0.12336093714576706,0,0.13659057,0
5212,0,1,0.12253503201277063,0,0.10306562,0
5213,0,1,0.09229329055375195,0,0.10701249,0
5214,1,1,0.23770813628806595,0,0.22825459,0
5215,0,0,0.07825386852585213,0,0.06708868,0
5216,1,1,0.1386367164631279,0,0.13294046,0
5217,1,1,0.3233341452913666,0,0.24229893,0
5218,0,1,0.0900763438876824,0,0.10336239,0
5219,0,1,0.24739570713640746,0,0.19116938,0
5220,0,0,0.22675037660928105,0,0.25871655,0
5221,0,0,0.103602239199708,0,0.15232322,0
5222,0,1,0.09106576386145414,0,0.11406879,0
5223,1,1,0.3066845142371715,0,0.26257297,0
5224,1,1,0.18856197033229707,0,0.20919836,0
5225,0,1,0.1063662673137702,0,0.10824797,0
5226,0,1,0.09252885061511074,0,0.10452266,0
5227,1,1,0.30711195948965536,0,0.27914104,0
5228,0,1,0.0919696161200006,0,0.09765982,0
5229,0,1,0.13117532433998397,0,0.13001963,0
5230,0,0,0.20059857436501455,0,0.18440555,0
5231,1,1,0.20444369296634632,0,0.24507226,0
5232,0,1,0.10537006941555165,0,0.07780826,0
5233,1,1,0.249634639437457,0,0.290046,0
5234,0,0,0.2217909487274552,0,0.22589064,0
5235,0,1,0.14076677008531005,0,0.16779973,0
5236,1,1,0.23668712014120455,0,0.2740381,0
5237,0,1,0.246699243814945,0,0.2188764,0
5238,0,1,0.12357401703885636,0,0.13550626,0
5239,0,1,0.18911082186098757,0,0.23780714,0
5240,0,1,0.12076296802287385,0,0.087612025,0
5241,0,1,0.12074915421802282,0,0.09956935,0
5242,0,1,0.14128278412451187,0,0.13110057,0
5243,0,1,0.09758682862076257,0,0.10816071,0
5244,1,1,0.0919008261161339,0,0.06822789,0
5245,1,1,0.2646218736141253,0,0.25988656,0
5246,0,1,0.15974176175366078,0,0.14046852,0
5247,0,0,0.2011076974518646,0,0.24521257,0
5248,0,1,0.1142979178062394,0,0.123492844,0
5249,0,1,0.15868929400335,0,0.20929667,0
5250,0,1,0.3170112190649666,0,0.25635463,0
5251,0,0,0.07542625555656705,0,0.05475976,0
5252,0,1,0.11501290158255324,0,0.1032087,0
5253,0,1,0.06379059471720755,0,0.047567096,0
5254,0,0,0.168819339804465,0,0.2531481,0
5255,0,1,0.13040080353425296,0,0.13182338,0
5256,0,0,0.07787709205298425,0,0.07068964,0
5257,0,1,0.12455047527580014,0,0.14350939,0
5258,0,1,0.062388021193392325,0,0.03531304,0
5259,0,1,0.1891585371680921,0,0.15705809,0
5260,0,1,0.16444627816685797,0,0.17273653,0
5261,0,1,0.16137130970322325,0,0.14740424,0
5262,0,1,0.29221137415036935,0,0.23944618,0
5263,0,1,0.2825138960601323,0,0.3369132,0
5264,0,1,0.07402783030608387,0,0.06231094,0
5265,1,1,0.1810100154438035,0,0.15201089,0
5266,0,1,0.14574119843137714,0,0.1502829,0
5267,0,1,0.2373907733969233,0,0.2203669,0
5268,0,0,0.24954873180289996,0,0.21558192,0
5269,0,1,0.13322464421801072,0,0.14562662,0
5270,1,1,0.19696271229971923,0,0.17552611,0
5271,0,0,0.08587323266116584,0,0.06448837,0
5272,0,1,0.14759057649143187,0,0.113816455,0
5273,0,0,0.16074074261050605,0,0.18198124,0
5274,1,0,0.17572641967659977,0,0.19248176,0
5275,1,1,0.13348419191675664,0,0.1535347,0
5276,0,1,0.08232287355264938,0,0.07426681,0
5277,0,1,0.16049721741364154,0,0.16451573,0
5278,0,1,0.1269173590466704,0,0.10376902,0
5279,0,1,0.08110476273392248,0,0.08427505,0
5280,0,1,0.13343003483635557,0,0.12475497,0
5281,0,1,0.06573742887433329,0,0.050564624,0
5282,0,0,0.08282573773551456,0,0.07985156,0
5283,0,0,0.14570425756083663,0,0.14443699,0
5284,0,1,0.12715907778634383,0,0.096469626,0
5285,0,0,0.16164704091232004,0,0.14419413,0
5286,0,1,0.11016697747303661,0,0.08062836,0
5287,0,0,0.07517259536668477,0,0.046864517,0
5288,0,0,0.10516890181009983,0,0.12995367,0
5289,0,0,0.12369239159239552,0,0.10834958,0
5290,0,1,0.10403579921943257,0,0.08813573,0
5291,0,0,0.08058382427596977,0,0.07232915,0
5292,1,0,0.14136239995706262,0,0.13070561,0
5293,0,1,0.13598734903930929,0,0.14554033,0
5294,0,1,0.10666172713230189,0,0.10885099,0
5295,0,1,0.06918625818575673,0,0.05499011,0
5296,0,0,0.10246764752069773,0,0.08764224,0
5297,0,0,0.1036828982734341,0,0.12815312,0
5298,0,1,0.12587483122715315,0,0.08521597,0
5299,0,1,0.13052854845626313,0,0.14239416,0
5300,0,1,0.10507332266667052,0,0.11295447,0
5301,0,1,0.31661168856250566,0,0.2664576,0
5302,0,1,0.12973032048550687,0,0.1307972,0
5303,0,1,0.07701962567194014,0,0.07703042,0
5304,0,1,0.15578744228907423,0,0.18238695,0
5305,0,1,0.1178534124279911,0,0.11823849,0
5306,0,1,0.16299040380802804,0,0.20312184,0
5307,0,1,0.06376223205493271,0,0.04064027,0
5308,0,0,0.1059022875089606,0,0.08326788,0
5309,1,1,0.14607190240765677,0,0.13994767,0
5310,0,0,0.06349148509388006,0,0.052687798,0
5311,0,1,0.11716256674091124,0,0.09749059,0
5312,0,1,0.1326887942853123,0,0.1355434,0
5313,0,1,0.10814850337018994,0,0.13003667,0
5314,1,0,0.20601391807696987,0,0.18949305,0
5315,0,1,0.30463375119006864,0,0.28503004,0
5316,1,1,0.2233263396133789,0,0.28822243,0
5317,0,1,0.17474364181709248,0,0.19963722,0
5318,0,0,0.11192192524007712,0,0.09136682,0
5319,0,0,0.10144306081503061,0,0.11840417,0
5320,0,0,0.07508507947459908,0,0.09550569,0
5321,0,0,0.12802645934872964,0,0.13735305,0
5322,0,1,0.05925813542890404,0,0.034679696,0
5323,0,1,0.11012909634858403,0,0.12936115,0
5324,1,1,0.14284832497815605,0,0.14391889,0
5325,0,1,0.08288824333992217,0,0.10756947,0
5326,0,0,0.1701682021506899,0,0.22163336,0
5327,0,1,0.16705302258973617,0,0.1642943,0
5328,0,1,0.12284956755556133,0,0.12581863,0
5329,0,0,0.23114350837509054,0,0.20054361,0
5330,0,0,0.22191619475247493,0,0.2491235,0
5331,0,1,0.20178657482910617,0,0.29719943,0
5332,0,1,0.05344184066034784,0,0.058524847,0
5333,0,1,0.08231418708783064,0,0.09847944,0
5334,1,1,0.139853958699758,0,0.120999545,0
5335,0,0,0.11600297595883427,0,0.122692585,0
5336,0,0,0.31712707534888174,0,0.34620878,0
5337,0,1,0.09103553249805288,0,0.12760465,0
5338,0,1,0.2697798999303721,0,0.22332843,0
5339,0,1,0.18086850654369444,0,0.19519529,0
5340,0,1,0.12705805163792894,0,0.1113009,0
5341,0,1,0.15024381827083128,0,0.1611302,0
5342,0,1,0.2697733190579137,0,0.22261427,0
5343,0,1,0.29244805675778124,0,0.22413355,0
5344,0,1,0.10515889451363244,0,0.12012334,0
5345,0,1,0.09900407836819317,0,0.099365205,0
5346,1,1,0.10110167554548592,0,0.07086099,0
5347,0,0,0.06856707654150053,0,0.06114028,0
5348,0,0,0.10973901989568674,0,0.1073862,0
5349,1,1,0.13384938227734183,0,0.11721954,0
5350,0,1,0.2008940154575898,0,0.2925659,0
5351,0,1,0.0936539568548055,0,0.09633527,0
5352,0,0,0.07738772783458144,0,0.053288817,0
5353,0,1,0.3267646784971661,0,0.3188702,0
5354,0,1,0.12453823456859867,0,0.12681377,0
5355,0,1,0.15767070742593173,0,0.14769752,0
5356,0,0,0.192918468909507,0,0.2692206,0
5357,0,0,0.24294452754643978,0,0.20485982,0
5358,0,0,0.15987276765825068,0,0.15635546,0
5359,0,1,0.19889822998328371,0,0.20599437,0
5360,0,0,0.0963494154862333,0,0.083749756,0
5361,0,1,0.11051888354652233,0,0.14297903,0
5362,0,1,0.12573456994838114,0,0.12565185,0
5363,0,0,0.13376994870942535,0,0.12422491,0
5364,0,1,0.11290200334116367,0,0.104000606,0
5365,0,1,0.1379978932173689,0,0.13576275,0
5366,0,1,0.09570307791141386,0,0.10269041,0
5367,0,1,0.06521310618356325,0,0.05376766,0
5368,0,1,0.08068696684621032,0,0.14125444,0
5369,0,0,0.3995306511879259,0,0.3680131,0
5370,1,0,0.19636467390731366,0,0.18283631,0
5371,0,1,0.07244632935156461,0,0.05259779,0
5372,0,1,0.15209830344829217,0,0.13095291,0
5373,1,1,0.10409219391317914,0,0.1107462,0
5374,0,1,0.19964233909206086,0,0.18253289,0
5375,0,1,0.20090584234276387,0,0.16683139,0
5376,0,1,0.10145689977630945,0,0.09636475,0
5377,0,0,0.06711934777601401,0,0.051068515,0
5378,1,0,0.18009504198825793,0,0.18377912,0
5379,0,1,0.10876872495914593,0,0.116852224,0
5380,1,0,0.123338793229182,0,0.12230118,0
5381,1,1,0.1286298592749956,0,0.15974155,0
5382,0,1,0.119976679638294,0,0.13550009,0
5383,0,0,0.07711958232121247,0,0.1300945,0
5384,1,0,0.1602299435254674,0,0.150277,0
5385,0,1,0.10557345885665495,0,0.17387724,0
5386,0,1,0.2732443870365076,0,0.2803226,0
5387,0,0,0.15069308884823962,0,0.12831801,0
5388,0,1,0.18334074996557714,0,0.19750932,0
5389,0,1,0.1996862468354592,0,0.1580761,0
5390,0,1,0.10881111026589299,0,0.13434175,0
5391,1,1,0.15101325819514305,0,0.13609762,0
5392,1,0,0.1569003446537765,0,0.16827752,0
5393,0,0,0.12201856224839742,0,0.122256055,0
5394,0,1,0.20180297290610716,0,0.073040135,0
5395,0,1,0.19924653577792698,0,0.21725893,0
5396,0,1,0.1092523592619689,0,0.09151818,0
5397,0,1,0.15010026528102674,0,0.15738347,0
5398,0,0,0.09799159969104283,0,0.109855175,0
5399,0,0,0.0687137550721442,0,0.04852957,0
5400,0,1,0.14205154966632566,0,0.14184552,0
5401,1,1,0.25923731962054836,0,0.2908926,0
5402,0,1,0.17767704294112352,0,0.16209237,0
5403,0,1,0.28885550137080723,0,0.31742972,0
5404,0,0,0.07592223467781954,0,0.08038019,0
5405,1,1,0.20089094394353482,0,0.19330664,0
5406,0,0,0.09138021152199981,0,0.102926254,0
5407,0,0,0.30554874448646646,0,0.2679592,0
5408,0,1,0.16246161943330248,0,0.15866506,0
5409,0,0,0.17794220036867703,0,0.18228915,0
5410,1,1,0.12618651965366237,0,0.14731751,0
5411,0,0,0.11053008445623361,0,0.11816531,0
5412,1,1,0.09931680075923251,0,0.07125254,0
5413,0,0,0.20835427844919147,0,0.2800987,0
5414,0,1,0.08703588109575144,0,0.07576361,0
5415,0,0,0.23285903179133524,0,0.20710379,0
5416,0,1,0.07548777054019133,0,0.08577415,0
5417,1,1,0.14831014529627545,0,0.11408629,0
5418,0,1,0.20136982677942242,0,0.1668694,0
5419,0,0,0.0608062560292,0,0.053341452,0
5420,0,0,0.1797062330365109,0,0.16852248,0
5421,0,0,0.17000991636485513,0,0.17999572,0
5422,0,0,0.1302645803650797,0,0.12554346,0
5423,0,1,0.05463560521445374,0,0.052007522,0
5424,0,1,0.133854156252335,0,0.13930768,0
5425,0,1,0.10184374050164827,0,0.078729704,0
5426,0,1,0.10350944202530872,0,0.098902896,0
5427,0,1,0.07745568692144258,0,0.06787383,0
5428,0,0,0.06219592361658326,0,0.06809366,0
5429,0,0,0.1461648664467987,0,0.15140176,0
5430,0,1,0.13720372195973976,0,0.18962932,0
5431,1,1,0.10506934407686727,0,0.111785814,0
5432,0,1,0.1461462097327953,0,0.14801162,0
5433,0,0,0.20009966314791003,0,0.22905356,0
5434,0,1,0.09939777592578979,0,0.09713664,0
5435,0,0,0.15709146429480245,0,0.12789267,0
5436,0,1,0.27164856468058235,0,0.2759557,0
5437,1,1,0.20119864324175576,0,0.30169415,0
5438,0,1,0.062128090463294844,0,0.049380437,0
5439,0,1,0.1062017272441753,0,0.07955184,0
5440,0,0,0.17280046423162113,0,0.13469712,0
5441,0,0,0.09153500914505534,0,0.06914714,0
5442,0,1,0.2176150890287467,0,0.13254014,0
5443,0,0,0.06684110992346191,0,0.05881962,0
5444,0,1,0.14138325535786575,0,0.13529015,0
5445,0,1,0.14584830763242748,0,0.15782584,0
5446,0,1,0.27102498212687703,0,0.27247852,0
5447,0,1,0.14964105640877567,0,0.14615974,0
5448,0,0,0.1531043289460363,0,0.13615046,0
5449,0,1,0.13594748366618586,0,0.1495043,0
5450,0,1,0.12092772064343145,0,0.09651113,0
5451,1,1,0.19699033070500296,0,0.17763303,0
5452,1,1,0.1534008379280763,0,0.15389484,0
5453,0,1,0.09670319663039276,0,0.08027331,0
5454,0,0,0.10665176079770618,0,0.0992001,0
5455,0,0,0.21268397354029558,0,0.17900369,0
5456,0,1,0.09656697469922816,0,0.091090426,0
5457,1,1,0.16200661285364718,0,0.18698579,0
5458,0,1,0.07658200425942711,0,0.06566328,0
5459,0,1,0.13013383235366707,0,0.14485413,0
5460,0,1,0.11279265008374179,0,0.13998726,0
5461,0,1,0.062276281358059855,0,0.03639738,0
5462,0,1,0.08033996339225655,0,0.08474317,0
5463,0,1,0.14184812303162964,0,0.13916604,0
5464,0,1,0.10277093937538041,0,0.08707605,0
5465,0,1,0.0624221853669389,0,0.044010606,0
5466,1,1,0.15001566598996793,0,0.13687964,0
5467,0,1,0.2580773806001597,0,0.24181035,0
5468,0,0,0.10881111026589299,0,0.13434175,0
5469,0,1,0.14361840532926828,0,0.14640068,0
5470,0,1,0.15016164543734697,0,0.1696766,0
5471,0,1,0.07520249321925063,0,0.06981149,0
5472,0,0,0.11946861895869292,0,0.09988944,0
5473,1,0,0.16927493254356918,0,0.1716639,0
5474,0,0,0.1747264011170218,0,0.15779093,0
5475,0,0,0.18352803869386505,0,0.21729596,0
5476,0,0,0.1346748186778711,0,0.13801819,0
5477,0,0,0.12584278852243178,0,0.15891144,0
5478,1,1,0.09407701496338738,0,0.10969448,0
5479,0,1,0.1700744491637037,0,0.17676611,0
5480,1,1,0.08613715245059944,0,0.07166592,0
5481,0,1,0.09430269974883682,0,0.10109506,0
5482,0,0,0.06748531209230625,0,0.0506623,0
5483,0,1,0.05462861234707403,0,0.047155127,0
5484,0,1,0.13980613096005637,0,0.13884515,0
5485,0,1,0.1343451291551248,0,0.14398976,0
5486,0,1,0.12035701829307338,0,0.12668777,0
5487,0,1,0.1280304615007424,0,0.16215037,0
5488,1,0,0.27319448045313105,0,0.2504995,0
5489,0,1,0.19207723604748256,0,0.16728704,0
5490,1,0,0.2530347686973914,0,0.28953555,0
5491,0,1,0.07034814980931425,0,0.055507526,0
5492,0,0,0.18444421634726316,0,0.19201523,0
5493,0,1,0.12121334093469188,0,0.117788516,0
5494,1,1,0.18076509708710145,0,0.17903185,0
5495,0,1,0.17508184621523182,0,0.16974357,0
5496,0,1,0.07359667412089282,0,0.048547275,0
5497,0,1,0.18844613833234752,0,0.16081893,0
5498,0,0,0.13843608493733453,0,0.1571539,0
5499,0,0,0.11185043525195441,0,0.11801875,0
5500,0,0,0.15879307042031054,0,0.27265844,0
5501,0,1,0.06056212871675131,0,0.03591506,0
5502,0,1,0.13022320252773642,0,0.102017045,0
5503,0,1,0.12711390798985495,0,0.13533667,0
5504,0,1,0.06377413822571308,0,0.043420754,0
5505,0,1,0.13302358410228302,0,0.1278392,0
5506,0,0,0.08224778833734761,0,0.07168088,0
5507,0,1,0.20060121959310667,0,0.21672039,0
5508,0,0,0.061726092417833354,0,0.047501814,0
5509,0,1,0.1039434513541093,0,0.10846081,0
5510,0,1,0.062293480995705336,0,0.03639738,0
5511,0,1,0.06525975567158994,0,0.07494696,0
5512,0,0,0.12714339357972862,0,0.120432675,0
5513,0,1,0.0820205726988685,0,0.081541605,0
5514,0,1,0.14186911868497412,0,0.16313493,0
5515,0,0,0.14138424838666933,0,0.13529015,0
5516,0,0,0.09375438558369154,0,0.09737151,0
5517,0,0,0.19262541469305292,0,0.18602505,0
5518,1,1,0.20510637781620247,0,0.2203619,0
5519,0,0,0.08958059026731162,0,0.12557276,0
5520,1,1,0.2141625902383819,0,0.20613833,0
5521,0,0,0.08205232964495512,0,0.079956576,0
5522,1,1,0.20304849407343958,0,0.18400383,0
5523,0,1,0.18357160161309413,0,0.19768152,0
5524,0,0,0.13610748223383948,0,0.13468972,0
5525,0,1,0.16094857516520703,0,0.12915531,0
5526,0,1,0.1748256232486023,0,0.11883269,0
5527,0,0,0.07937777851982115,0,0.062322777,0
5528,0,1,0.15582806882465247,0,0.17956649,0
5529,0,1,0.1383645069606204,0,0.15797454,0
5530,0,0,0.10664716520079268,0,0.076362975,0
5531,0,1,0.2905962520371374,0,0.28193384,0
5532,0,1,0.09429132894983494,0,0.10109506,0
5533,0,1,0.08532343962849973,0,0.09565854,0
5534,0,1,0.12566141508306833,0,0.13901821,0
5535,0,1,0.1483561590652179,0,0.16486645,0
5536,0,1,0.1570481722485827,0,0.18371789,0
5537,0,1,0.16138739877174882,0,0.14909981,0
5538,0,1,0.10290272643084625,0,0.107628785,0
5539,1,1,0.22464294564857776,0,0.27274665,0
5540,0,1,0.16530662192610993,0,0.3801907,0
5541,0,1,0.10627948136481916,0,0.08805478,0
5542,0,1,0.11663212319265014,0,0.13341561,0
5543,0,1,0.0884328435438576,0,0.065735504,0
5544,0,0,0.2420760972997905,0,0.27730888,0
5545,0,0,0.14685046338339175,0,0.10271074,0
5546,0,0,0.08342870785014167,0,0.09612829,0
5547,0,1,0.0918760173105124,0,0.06592235,0
5548,0,1,0.2770668676208134,0,0.2647601,0
5549,0,0,0.13991969181926234,0,0.18050043,0
5550,0,1,0.1464756988564782,0,0.12641884,0
5551,0,1,0.1583475842055731,0,0.17921951,0
5552,0,0,0.20077968080378372,0,0.14960948,0
5553,1,1,0.1701263709266131,0,0.17051522,0
5554,0,1,0.12677185480214365,0,0.13995628,0
5555,1,0,0.13853883143554516,0,0.13583615,0
5556,0,0,0.17332436944576715,0,0.1644721,0
5557,0,1,0.1682887628009318,0,0.16109563,0
5558,1,1,0.16628402936599285,0,0.17786315,0
5559,0,1,0.14669804471648643,0,0.13795373,0
5560,0,1,0.07411111323822385,0,0.04729783,0
5561,0,0,0.18313443234633867,0,0.17192565,0
5562,0,0,0.12275227349251884,0,0.13441764,0
5563,0,1,0.16490835009143007,0,0.18911394,0
5564,0,1,0.11193300715526618,0,0.09656316,0
5565,0,1,0.1668683061455469,0,0.18795115,0
5566,0,1,0.2171840655387324,0,0.28512928,0
5567,0,1,0.09220473636415244,0,0.102792546,0
5568,0,1,0.11511454861583499,0,0.104294464,0
5569,0,1,0.13387860039539093,0,0.12986259,0
5570,0,1,0.2148642453435429,0,0.21381916,0
5571,0,0,0.0656778595944223,0,0.046597835,0
5572,0,0,0.18846677245166402,0,0.3780804,0
5573,1,1,0.14683325367086866,0,0.12139614,0
5574,1,1,0.22987885126457386,0,0.19837807,0
5575,0,1,0.1204066501052876,0,0.12600984,0
5576,0,1,0.06719194571333253,0,0.043723155,0
5577,0,1,0.10149434225585413,0,0.110129185,0
5578,0,1,0.15895262580343367,0,0.16956986,0
5579,0,1,0.10587156043390922,0,0.12475408,0
5580,0,1,0.1604081323482112,0,0.1549004,0
5581,0,1,0.1464413661729627,0,0.163669,0
5582,0,1,0.22235775117148443,0,0.20884249,0
5583,0,1,0.08050961773188192,0,0.06391659,0
5584,0,0,0.09914637910038245,0,0.10562902,0
5585,0,1,0.07034814980931425,0,0.055507526,0
5586,0,0,0.07910658890345765,0,0.08301531,0
5587,0,1,0.10586054293447264,0,0.10967543,0
5588,0,1,0.09622017408577842,0,0.10335048,0
5589,1,1,0.23670356561755626,0,0.20820376,0
5590,0,1,0.1451048852331565,0,0.16220401,0
5591,0,1,0.24608710942731632,0,0.2465323,0
5592,1,1,0.15225822324903235,0,0.18678837,0
5593,0,0,0.20475705468250005,0,0.22987506,0
5594,0,0,0.16632634544281966,0,0.17833544,0
5595,0,1,0.10276577868616003,0,0.09083208,0
5596,0,1,0.22399440497153308,0,0.20195076,0
5597,0,0,0.10362474373373438,0,0.1275624,0
5598,0,0,0.24170847308631038,0,0.19330917,0
5599,0,1,0.1363773244751378,0,0.15030728,0
5600,0,1,0.1351916509887301,0,0.13971542,0
5601,0,0,0.08493582581299222,0,0.09427065,0
5602,0,1,0.13535105677114045,0,0.14262883,0
5603,0,1,0.07763633061186,0,0.05233938,0
5604,0,1,0.08902174101260109,0,0.07210021,0
5605,0,0,0.32209353104469607,0,0.36420193,0
5606,0,1,0.15229269854304558,0,0.14996657,0
5607,0,1,0.19633204786976227,0,0.17794025,0
5608,0,1,0.12279437952500213,0,0.12786269,0
5609,1,1,0.18902940539309854,0,0.18706158,0
5610,0,0,0.14415083112658314,0,0.10529173,0
5611,0,1,0.08066525103365381,0,0.07700493,0
5612,1,0,0.19962611545963224,0,0.18129376,0
5613,0,0,0.0966071190463533,0,0.10947104,0
5614,0,1,0.18397349689234024,0,0.18786596,0
5615,0,1,0.19584528706670268,0,0.19406544,0
5616,1,1,0.2275738252292741,0,0.24879317,0
5617,0,1,0.1620811678673927,0,0.185129,0
5618,0,0,0.21486126517226992,0,0.22510198,0
5619,0,1,0.16781307934262493,0,0.12672314,0
5620,0,1,0.06894774683129885,0,0.065062165,0
5621,0,1,0.2113129257303904,0,0.28159684,0
5622,0,0,0.07712753490036463,0,0.08944307,0
5623,0,1,0.35123907916227076,0,0.4663346,0
5624,0,1,0.09223843417179185,0,0.10866465,0
5625,0,1,0.13049450039041102,0,0.15650454,0
5626,0,1,0.14990865032814144,0,0.1764375,0
5627,1,1,0.13682534568449647,0,0.14749558,0
5628,0,0,0.1601436383754528,0,0.17637785,0
5629,0,1,0.11678824751662868,0,0.122577146,0
5630,0,0,0.10372312277166575,0,0.0809451,0
5631,0,1,0.07700214208997276,0,0.0642841,0
5632,0,1,0.24538696793856538,0,0.2622872,0
5633,0,1,0.11118683071319152,0,0.09416994,0
5634,1,1,0.1001078109666469,0,0.11203379,0
5635,0,1,0.12720851446037817,0,0.11977398,0
5636,0,1,0.09375438558369154,0,0.09737151,0
5637,0,0,0.10320059316354283,0,0.15438485,0
5638,0,0,0.10811318804591655,0,0.096781,0
5639,0,1,0.15681963753904724,0,0.14197493,0
5640,0,0,0.09106335902855556,0,0.11406879,0
5641,0,1,0.10435938931930681,0,0.10135789,0
5642,0,0,0.0792695234618467,0,0.061560906,0
5643,1,1,0.1406088183835215,0,0.13454969,0
5644,0,1,0.18377641012665488,0,0.17991799,0
5645,0,1,0.1917555040992038,0,0.20963751,0
5646,0,0,0.06724932136032079,0,0.04875699,0
5647,1,1,0.12424272219525982,0,0.12890436,0
5648,0,1,0.06684110992346191,0,0.05881962,0
5649,1,0,0.12013929662281553,0,0.14505194,0
5650,0,0,0.18958844639862307,0,0.25124887,0
5651,1,0,0.17686411641332953,0,0.17082644,0
5652,0,1,0.09144382821634289,0,0.103173815,0
5653,1,1,0.15864622629957503,0,0.20546688,0
5654,0,1,0.11848924028647517,0,0.14204927,0
5655,1,1,0.19688206008945514,0,0.20181581,0
5656,0,1,0.1041501475338189,0,0.09622189,0
5657,0,0,0.09624912523290438,0,0.09951176,0
5658,0,1,0.15704062925446977,0,0.17621164,0
5659,0,0,0.14601999437967855,0,0.16252296,0
5660,0,1,0.12461858689242811,0,0.09966543,0
5661,0,0,0.23372961731477998,0,0.26485536,0
5662,0,1,0.09028224381843042,0,0.060711183,0
5663,0,0,0.09323361987808892,0,0.091417044,0
5664,0,1,0.11739132597073404,0,0.11668134,0
5665,0,0,0.1083913676400349,0,0.09791397,0
5666,0,1,0.1453857829208563,0,0.1537183,0
5667,0,1,0.2044547499241338,0,0.24507226,0
5668,0,1,0.07041621472194214,0,0.04739132,0
5669,0,1,0.25006553694035366,0,0.28367674,0
5670,0,1,0.1509300410192294,0,0.16200688,0
5671,0,1,0.1418139842267584,0,0.15304106,0
5672,1,1,0.15594015316018733,0,0.15048985,0
5673,0,1,0.19045907594263042,0,0.2203274,0
5674,0,0,0.13251794999642036,0,0.121748105,0
5675,0,1,0.05904718379613842,0,0.027888699,0
5676,0,1,0.06337749545553956,0,0.037232343,0
5677,0,0,0.1537071337321939,0,0.14520365,0
5678,1,1,0.09424000701010533,0,0.08710858,0
5679,0,0,0.14770994322200945,0,0.16004097,0
5680,0,0,0.1306822562834971,0,0.14460748,0
5681,0,0,0.09559085042233013,0,0.11359097,0
5682,1,1,0.14758651427576963,0,0.13971452,0
5683,0,0,0.10110167554548592,0,0.07086099,0
5684,0,0,0.057512766353819036,0,0.044708163,0
5685,0,1,0.1527061747617493,0,0.16284004,0
5686,0,0,0.09001418678204337,0,0.2753055,0
5687,0,1,0.15109240294022946,0,0.13196415,0
5688,0,0,0.0785048782195398,0,0.071867615,0
5689,0,1,0.1416430513680525,0,0.13717496,0
5690,0,1,0.16573495146627326,0,0.17635696,0
5691,0,0,0.10363234753381557,0,0.11209032,0
5692,0,1,0.2624607025957229,0,0.26605392,0
5693,0,1,0.1327598899751361,0,0.13137273,0
5694,0,0,0.0722869495048574,0,0.042808253,0
5695,1,1,0.1308256256080437,0,0.14606889,0
5696,0,1,0.10739909214966663,0,0.0815946,0
5697,0,0,0.12513656452038965,0,0.14240444,0
5698,0,0,0.13339814646641127,0,0.10311534,0
5699,0,1,0.1495288156033671,0,0.12372191,0
5700,0,1,0.07579936150027713,0,0.09458797,0
5701,0,1,0.26218286606103847,0,0.23009193,0
5702,0,1,0.2882783107988819,0,0.28328618,0
5703,0,0,0.08613715245059944,0,0.07166592,0
5704,0,1,0.11817150679543185,0,0.1573638,0
5705,0,1,0.08467089747417131,0,0.070539676,0
5706,0,1,0.12194761019615999,0,0.14863579,0
5707,1,1,0.16420326553250786,0,0.14826283,0
5708,0,0,0.2627700177229324,0,0.18367964,0
5709,0,1,0.23932319386052495,0,0.25805655,0
5710,0,0,0.12907931160365899,0,0.1409268,0
5711,0,1,0.2192791130098819,0,0.26620728,0
5712,0,0,0.16198373157551643,0,0.1665847,0
5713,0,1,0.19331049049492238,0,0.17597228,0
5714,0,1,0.16016177380087065,0,0.19513497,0
5715,0,1,0.23797258069698726,0,0.20714955,0
5716,0,0,0.09148477801461895,0,0.074228704,0
5717,1,1,0.17238394957611136,0,0.1539832,0
5718,1,1,0.1952820917541972,0,0.1742078,0
5719,0,1,0.11152881688479835,0,0.111567646,0
5720,0,1,0.15325665443300776,0,0.17589636,0
5721,0,1,0.1364958332074727,0,0.1486771,0
5722,0,1,0.1307445296090508,0,0.10537117,0
5723,0,1,0.11381258708698166,0,0.09531342,0
5724,0,1,0.34455312659408854,0,0.21449213,0
5725,0,0,0.11967071147217738,0,0.1411083,0
5726,0,1,0.06894660606521852,0,0.065062165,0
5727,0,0,0.11338577247767408,0,0.2057221,0
5728,0,1,0.19263253931265079,0,0.20522311,0
5729,0,1,0.08313441396274347,0,0.06408244,0
5730,0,1,0.10396765061544594,0,0.10466559,0
5731,0,1,0.08600861824494145,0,0.069627985,0
5732,0,0,0.08927840284332898,0,0.0695044,0
5733,0,0,0.09043472097387309,0,0.07154025,0
5734,0,1,0.1640552450614799,0,0.1274895,0
5735,0,1,0.0830436574542869,0,0.07153454,0
5736,0,1,0.06884243551423039,0,0.054369193,0
5737,1,1,0.2936957520551657,0,0.20315433,0
5738,0,1,0.07793575475402446,0,0.07298787,0
5739,0,0,0.09951787974235446,0,0.08302993,0
5740,0,1,0.13074802396893426,0,0.104004875,0
5741,0,0,0.07357202863769875,0,0.046730015,0
5742,0,1,0.16238380811338476,0,0.15216947,0
5743,1,1,0.23992957300809323,0,0.23445195,0
5744,0,1,0.15588484109103243,0,0.15454832,0
5745,0,1,0.15139291092516852,0,0.13945651,0
5746,0,1,0.0857078234916956,0,0.09227685,0
5747,0,0,0.11343953872550673,0,0.11985435,0
5748,1,0,0.19518990085597976,0,0.17522174,0
5749,0,1,0.12872768165037826,0,0.15393445,0
5750,0,1,0.08904098112815681,0,0.09706684,0
5751,0,0,0.0692454467120582,0,0.06286271,0
5752,0,1,0.0801804597815982,0,0.070029534,0
5753,0,1,0.16572302252694887,0,0.14491427,0
5754,0,1,0.13204485968111057,0,0.1293748,0
5755,0,1,0.09804426960353606,0,0.118039005,0
5756,0,0,0.09947806653031004,0,0.09150812,0
5757,0,1,0.14866484747103675,0,0.14471956,0
5758,0,1,0.21052781540380405,0,0.22976324,0
5759,0,1,0.09936407120956257,0,0.09893379,0
5760,0,1,0.11460264194205468,0,0.13230667,0
5761,0,1,0.11924447156834625,0,0.099557236,0
5762,1,1,0.23596108226254717,0,0.20234512,0
5763,0,1,0.11628320810695003,0,0.14129236,0
5764,0,1,0.15305283864333122,0,0.10420177,0
5765,0,1,0.059348034746564526,0,0.0530198,0
5766,0,1,0.22119728879282569,0,0.17772762,0
5767,0,1,0.17752231517681874,0,0.16247828,0
5768,0,1,0.08520365679217541,0,0.07280926,0
5769,1,1,0.12298469407979563,0,0.120515004,0
5770,0,1,0.11630867618884079,0,0.16819301,0
5771,0,0,0.10651166010126871,0,0.10757224,0
5772,0,1,0.092512239551647,0,0.07183993,0
5773,0,1,0.22692765173854323,0,0.21247612,0
5774,0,1,0.16097846456576614,0,0.23900808,0
5775,0,0,0.13255737859384134,0,0.117918305,0
5776,0,0,0.1366678686954301,0,0.11780345,0
5777,0,1,0.06066220980057654,0,0.06575395,0
5778,0,1,0.07040118648526827,0,0.055035073,0
5779,0,0,0.1767587999404471,0,0.17536502,0
5780,0,1,0.08552452183196191,0,0.08593841,0
5781,0,1,0.08377665910709943,0,0.085103534,0
5782,0,0,0.14726113974060825,0,0.16069204,0
5783,0,1,0.14869130347207185,0,0.16639565,0
5784,0,1,0.10560745087872492,0,0.15904365,0
5785,0,0,0.12574508178229732,0,0.13240144,0
5786,0,1,0.12877112507871086,0,0.1413476,0
5787,0,1,0.11422945935039044,0,0.11476516,0
5788,0,1,0.1953892948333203,0,0.07320131,0
5789,0,1,0.09877331120665796,0,0.09429087,0
5790,0,1,0.1416069568401199,0,0.18515863,0
5791,0,1,0.14745679595888378,0,0.18005563,0
5792,0,1,0.14789126983692527,0,0.13634153,0
5793,0,1,0.16332429010311272,0,0.22669183,0
5794,0,0,0.18962148474018725,0,0.21982437,0
5795,0,0,0.1480134636360421,0,0.1640765,0
5796,0,1,0.15724564115607062,0,0.1650656,0
5797,0,0,0.08552844312373734,0,0.081528895,0
5798,0,0,0.16008322582561346,0,0.15915543,0
5799,1,0,0.20976687946924838,0,0.21243772,0
5800,0,1,0.08517797287797227,0,0.08096741,0
5801,1,1,0.0970472501989569,0,0.09400407,0
5802,0,1,0.09264981030858993,0,0.08512481,0
5803,0,1,0.3320148960767086,0,0.2264756,0
5804,0,1,0.1064143601142944,0,0.13525681,0
5805,0,0,0.17333540346100296,0,0.18176568,0
5806,0,0,0.16721251980285054,0,0.19156823,0
5807,0,1,0.17176097205778834,0,0.1737512,0
5808,0,0,0.13153404179816283,0,0.10306427,0
5809,0,0,0.07787859104502541,0,0.071463235,0
5810,0,1,0.07355536140727105,0,0.06234003,0
5811,1,1,0.09357585882791544,0,0.08051151,0
5812,0,1,0.11982225567447477,0,0.12005195,0
5813,0,1,0.16261586479103335,0,0.15098639,0
5814,0,1,0.19433670854229557,0,0.18673538,0
5815,0,1,0.12441706735017481,0,0.13223447,0
5816,0,1,0.1262467466151411,0,0.13592897,0
5817,0,1,0.19870919558683114,0,0.2170783,0
5818,1,1,0.339271625707201,0,0.31202343,0
5819,1,1,0.07628923562747385,0,0.054466825,0
5820,0,1,0.1418665775067916,0,0.16313493,0
5821,0,1,0.10110167554548592,0,0.07086099,0
5822,0,0,0.13896671180770057,0,0.1325888,0
5823,0,1,0.13248530225831695,0,0.14394723,0
5824,1,1,0.28025993017103,0,0.24951208,0
5825,0,1,0.24597497711414865,0,0.2471216,0
5826,0,0,0.1256757415154436,0,0.17861134,0
5827,0,0,0.2701393732784086,0,0.24099836,0
5828,0,0,0.1142891178471856,0,0.09920922,0
5829,0,0,0.16284456835555575,0,0.14631565,0
5830,0,0,0.15027891240299915,0,0.15382598,0
5831,0,1,0.23993889312019268,0,0.20718895,0
5832,0,1,0.21583683132434753,0,0.19380383,0
5833,0,0,0.11436773598228298,0,0.11322717,0
5834,0,0,0.08224778833734761,0,0.07168088,0
5835,0,0,0.10098861777554863,0,0.11141309,0
5836,0,1,0.10989780549140327,0,0.114030756,0
5837,0,1,0.14100401941128873,0,0.14260598,0
5838,0,1,0.173525140547166,0,0.19480237,0
5839,0,1,0.07709138252830736,0,0.055305693,0
5840,0,1,0.0989205726634051,0,0.098085634,0
5841,0,1,0.21882173761934479,0,0.17879182,0
5842,0,1,0.16020090995132924,0,0.20017926,0
5843,0,1,0.1918513075039288,0,0.27480626,0
5844,0,1,0.14014437504435645,0,0.15362489,0
5845,0,1,0.1289746720171664,0,0.13127296,0
5846,0,1,0.23670356561755626,0,0.20820376,0
5847,0,1,0.06924671931630315,0,0.06286271,0
5848,0,0,0.10761239552469509,0,0.11576894,0
5849,0,1,0.16766651213053305,0,0.17290013,0
5850,0,0,0.05603511636598293,0,0.04078402,0
5851,0,1,0.16088565608240926,0,0.12150255,0
5852,1,0,0.18902653095222183,0,0.18376313,0
5853,1,1,0.10012502506326948,0,0.09674043,0
5854,0,1,0.2733917874854846,0,0.26832965,0
5855,0,1,0.30668316508068516,0,0.26543707,0
5856,0,1,0.05907598035995707,0,0.031354185,0
5857,0,1,0.18902653095222183,0,0.18376313,0
5858,0,1,0.17615242004323642,0,0.18683057,0
5859,0,1,0.05928125503344338,0,0.04299604,0
5860,1,1,0.06924270159661584,0,0.06398855,0
5861,0,0,0.1682887628009318,0,0.16109563,0
5862,0,1,0.0861808687903339,0,0.08480611,0
5863,0,1,0.16908301011057456,0,0.12241304,0
5864,0,1,0.17703751849696905,0,0.18931054,0
5865,1,1,0.24770272801425883,0,0.2555171,0
5866,0,0,0.11096192700198172,0,0.09862057,0
5867,1,1,0.17339132633610466,0,0.091377415,0
5868,0,1,0.2925339833979719,0,0.39563563,0
5869,0,0,0.13839161413638593,0,0.1792485,0
5870,0,1,0.19072189072204665,0,0.21717738,0
5871,0,1,0.18565303582404596,0,0.220141,0
5872,0,0,0.06356869189903591,0,0.06616671,0
5873,0,1,0.08467780591174193,0,0.063956514,0
5874,1,1,0.19365016277591895,0,0.20801571,0
5875,0,1,0.1559083826535465,0,0.23901309,0
5876,0,1,0.11670648427437592,0,0.11327889,0
5877,0,1,0.11669773206630785,0,0.11359472,0
5878,0,1,0.0548346170806999,0,0.047612354,0
5879,0,1,0.13846751102357507,0,0.17844869,0
5880,0,0,0.1613361242164867,0,0.13309404,0
5881,0,0,0.2089781090619167,0,0.16848944,0
5882,0,1,0.1480048332681193,0,0.14910209,0
5883,0,1,0.2579638235641862,0,0.3020138,0
5884,1,1,0.11336010514231147,0,0.093684435,0
5885,1,1,0.18394025966817484,0,0.22581762,0
5886,0,1,0.12686340302777036,0,0.13460325,0
5887,0,1,0.1114951051854089,0,0.09721186,0
5888,0,1,0.06885858442634728,0,0.04950494,0
5889,0,1,0.1309630114132872,0,0.15904535,0
5890,0,0,0.0805880877724229,0,0.077362545,0
5891,0,0,0.14755890797348123,0,0.12563859,0
5892,0,1,0.07322413877433712,0,0.090216145,0
5893,0,0,0.1039395276741485,0,0.075933106,0
5894,0,0,0.1140354158593509,0,0.11093714,0
5895,0,1,0.18012011754564264,0,0.18890277,0
5896,0,1,0.09686702380570357,0,0.087548696,0
5897,0,1,0.08224778833734761,0,0.07168088,0
5898,0,1,0.1823013894671408,0,0.16757573,0
5899,0,1,0.2289900233894808,0,0.22913831,0
5900,0,1,0.10181166423080697,0,0.11498631,0
5901,0,0,0.12146827248260239,0,0.17077328,0
5902,0,1,0.28249663250602264,0,0.24181356,0
5903,0,1,0.07467232246476323,0,0.057590265,0
5904,0,0,0.14001980880779122,0,0.13381204,0
5905,0,1,0.14257852080212893,0,0.1783805,0
5906,0,1,0.08822415904837386,0,0.08074993,0
5907,0,1,0.15882506652144276,0,0.15965272,0
5908,0,1,0.23126538823317405,0,0.2363904,0
5909,0,1,0.1099564185743144,0,0.12434743,0
5910,0,1,0.09474071144765442,0,0.090858795,0
5911,0,0,0.08740538439339746,0,0.07307869,0
5912,0,0,0.19192569411122826,0,0.19924477,0
5913,0,0,0.15307199256264722,0,0.13999248,0
5914,0,1,0.10690774148478299,0,0.09633962,0
5915,0,0,0.07626915766595667,0,0.072836325,0
5916,0,0,0.10015691042663905,0,0.088980906,0
5917,0,0,0.14304560556052448,0,0.16935244,0
5918,1,0,0.1224227384155763,0,0.13131237,0
5919,0,1,0.1545871345238194,0,0.16498189,0
5920,1,1,0.08402220837626194,0,0.070764646,0
5921,0,1,0.17244061917466041,0,0.1523006,0
5922,0,1,0.09028224381843042,0,0.060711183,0
5923,0,0,0.2426471768954365,0,0.26706854,0
5924,0,1,0.148024384344406,0,0.16466066,0
5925,0,0,0.1499197581591919,0,0.18395121,0
5926,0,1,0.08519289853422846,0,0.08881063,0
5927,0,1,0.10368772701093856,0,0.0855593,0
5928,0,1,0.12288068012086525,0,0.09851775,0
5929,0,0,0.14193995099913964,0,0.16994165,0
5930,0,1,0.09833937724924556,0,0.13968438,0
5931,0,0,0.10808270758876547,0,0.11897447,0
5932,1,1,0.12942801202570176,0,0.14306676,0
5933,0,0,0.15289629733087307,0,0.1707624,0
5934,0,0,0.14163184896828543,0,0.12271029,0
5935,0,1,0.07234529050535986,0,0.038288765,0
5936,0,1,0.20502562841066008,0,0.18223464,0
5937,0,1,0.07405382158209178,0,0.046970446,0
5938,0,1,0.06197984366248521,0,0.06272997,0
5939,0,1,0.07702049491831243,0,0.08169623,0
5940,0,1,0.07352274829549658,0,0.053464085,0
5941,0,0,0.09899047547120479,0,0.09022475,0
5942,0,1,0.17799316120668274,0,0.17111148,0
5943,0,0,0.21877229346953034,0,0.24505746,0
5944,0,0,0.17475528186031467,0,0.16829279,0
5945,0,0,0.11034497459251806,0,0.12350896,0
5946,1,1,0.15514103267796542,0,0.18932135,0
5947,1,1,0.2823514359398282,0,0.27814382,0
5948,0,1,0.10657333706760144,0,0.09983731,0
5949,1,1,0.09153057598904829,0,0.075268105,0
5950,0,1,0.15017614411171093,0,0.16677861,0
5951,0,1,0.23227078695445516,0,0.20872758,0
5952,0,1,0.08000969009084721,0,0.07896678,0
5953,0,0,0.09097058665708437,0,0.08756893,0
5954,0,1,0.16014443508517964,0,0.17637785,0
5955,1,1,0.1374567242641589,0,0.15876597,0
5956,0,0,0.13669568007355246,0,0.1675656,0
5957,0,1,0.13811003582674988,0,0.15771587,0
5958,1,1,0.12001611682121802,0,0.12864444,0
5959,0,1,0.10858978961265395,0,0.09564866,0
5960,0,0,0.15253466629806342,0,0.23371455,0
5961,0,1,0.17299420356488884,0,0.16992319,0
5962,0,1,0.2787383251340286,0,0.26979336,0
5963,0,0,0.1170845899823169,0,0.10047241,0
5964,0,1,0.13697178204413493,0,0.1289286,0
5965,0,0,0.1074977610165292,0,0.08942247,0
5966,0,1,0.14078395594515652,0,0.15977466,0
5967,0,0,0.11932560500443096,0,0.12528893,0
5968,0,1,0.1241806749989817,0,0.10436145,0
5969,0,1,0.1917776038967903,0,0.28945535,0
5970,0,1,0.08648826884923942,0,0.07636687,0
5971,0,1,0.08873368740428657,0,0.07748056,0
5972,0,1,0.10130094034667053,0,0.1417411,0
5973,0,0,0.08613715245059944,0,0.07166592,0
5974,0,0,0.15057311846972782,0,0.1444219,0
5975,0,1,0.10096794102904232,0,0.12032574,0
5976,0,0,0.24615887223342559,0,0.20610125,0
5977,0,1,0.13116907702796335,0,0.13833144,0
5978,0,1,0.10118507123745811,0,0.08947536,0
5979,0,0,0.10635107524689276,0,0.15475065,0
5980,0,1,0.12300322380166376,0,0.11759067,0
5981,0,1,0.1553260243681074,0,0.15172338,0
5982,1,1,0.14435414358424228,0,0.15930751,0
5983,0,1,0.12731671202298925,0,0.14585604,0
5984,0,1,0.09155036181386561,0,0.086084925,0
5985,1,1,0.15047691198654192,0,0.10847825,0
5986,0,1,0.06533589883671687,0,0.032378845,0
5987,0,1,0.0739228112020623,0,0.040256508,0
5988,0,1,0.16837860218636974,0,0.20549853,0
5989,0,0,0.12004289581523925,0,0.104211554,0
5990,0,1,0.14595619978372204,0,0.1821038,0
5991,0,1,0.12328846936238855,0,0.09510731,0
5992,0,1,0.07433035984408762,0,0.053473108,0
5993,0,1,0.34076225546403294,0,0.31675777,0
5994,0,0,0.16392294951830672,0,0.15887965,0
5995,0,1,0.14390252112998964,0,0.14127178,0
5996,0,1,0.08101998603367842,0,0.07635701,0
5997,0,1,0.16846919108936337,0,0.19254853,0
5998,0,1,0.13797710300206306,0,0.17118284,0
5999,1,1,0.15507512255014375,0,0.18451545,0
6000,0,1,0.11146550090619119,0,0.100254856,0
6001,0,1,0.08437734962374334,0,0.07462093,0
6002,0,1,0.22699310730838484,0,0.22211635,0
6003,0,1,0.0989205726634051,0,0.098085634,0
6004,0,1,0.09559403127636082,0,0.0930949,0
6005,0,1,0.07902574234869193,0,0.09693213,0
6006,0,0,0.1397502021351831,0,0.13884515,0
6007,0,1,0.17237457782218055,0,0.15646882,0
6008,0,0,0.18422255992531972,0,0.20528893,0
6009,1,1,0.10049633521497571,0,0.13018766,0
6010,0,1,0.14253859150600953,0,0.17296353,0
6011,0,1,0.14176359619731624,0,0.13308106,0
6012,1,0,0.11383798513734947,0,0.136465,0
6013,0,0,0.10877320943207729,0,0.116852224,0
6014,0,1,0.09331232559827314,0,0.09337943,0
6015,0,1,0.05925252194298991,0,0.03757327,0
6016,0,1,0.1953160487053967,0,0.18504249,0
6017,0,0,0.07281481788201251,0,0.050775923,0
6018,0,0,0.12129532690746951,0,0.11661285,0
6019,0,1,0.10580696880947742,0,0.11265796,0
6020,1,0,0.1130171118263294,0,0.09205674,0
6021,1,1,0.09545530295245026,0,0.09390448,0
6022,0,1,0.17071727193340883,0,0.19442959,0
6023,0,1,0.14604542722335784,0,0.102622,0
6024,0,0,0.18506174536327621,0,0.14179035,0
6025,0,1,0.15349574105858108,0,0.15492071,0
6026,0,0,0.12441287650958012,0,0.12708426,0
6027,0,1,0.3001446935836808,0,0.26984927,0
6028,0,1,0.17611402577878846,0,0.16500597,0
6029,0,1,0.2933959649152245,0,0.2979107,0
6030,0,0,0.19888083674116797,0,0.21332592,0
6031,0,0,0.12765378028666788,0,0.119066186,0
6032,0,1,0.07318949875108016,0,0.0714246,0
6033,0,1,0.17415920366936602,0,0.18285756,0
6034,1,1,0.17011217260098366,0,0.16740738,0
6035,0,0,0.1199559831934561,0,0.115038835,0
6036,0,1,0.23090798432963167,0,0.2651101,0
6037,0,0,0.22682158864720034,0,0.24847984,0
6038,0,0,0.117985001724815,0,0.1273264,0
6039,0,0,0.07217608767332064,0,0.06083986,0
6040,0,0,0.12375578727402041,0,0.10368271,0
6041,0,0,0.12044106953754548,0,0.13277133,0
6042,0,1,0.13337079006721198,0,0.12044482,0
6043,0,0,0.06718201040691835,0,0.051136564,0
6044,0,1,0.07526352023477564,0,0.05320095,0
6045,1,1,0.10873330256889126,0,0.09964729,0
6046,0,1,0.15238096237859866,0,0.15690899,0
6047,0,1,0.1446246020393223,0,0.15301163,0
6048,0,1,0.2611628022975818,0,0.28389296,0
6049,0,1,0.07031653865376426,0,0.043815702,0
6050,0,1,0.3432098732482214,0,0.4085437,0
6051,0,0,0.12459672561475786,0,0.11418981,0
6052,0,1,0.12683083476139825,0,0.09141988,0
6053,0,0,0.13399567774772828,0,0.15534353,0
6054,0,1,0.14963696457247794,0,0.14615974,0
6055,0,1,0.1668555020176192,0,0.15852699,0
6056,0,0,0.06381223418926725,0,0.045201223,0
6057,1,1,0.12240161747605073,0,0.12750521,0
6058,0,1,0.05775194181139434,0,0.032316733,0
6059,1,1,0.09155036181386561,0,0.086084925,0
6060,0,1,0.14521181635902303,0,0.14443325,0
6061,1,1,0.12415894228393172,0,0.11893879,0
6062,0,0,0.1138454406800005,0,0.1470869,0
6063,0,1,0.1859632210856481,0,0.2921201,0
6064,1,1,0.15635847676576306,0,0.23199865,0
6065,0,1,0.11994300133584328,0,0.10461483,0
6066,0,0,0.21409461755342024,0,0.1717077,0
6067,0,1,0.11479452957813994,0,0.121428795,0
6068,0,1,0.1283825851639131,0,0.13693829,0
6069,1,0,0.21903329100576915,0,0.21497837,0
6070,0,0,0.19222752768643828,0,0.22283447,0
6071,0,0,0.14665445510502684,0,0.17037411,0
6072,1,0,0.08865595404039456,0,0.09003455,0
6073,0,0,0.1017581783283536,0,0.10074988,0
6074,0,0,0.08956776455810038,0,0.07516946,0
6075,0,1,0.17641204419955567,0,0.13780688,0
6076,0,0,0.10506934407686727,0,0.111785814,0
6077,0,1,0.1362014054642498,0,0.16933872,0
6078,0,0,0.12452456501143097,0,0.10179372,0
6079,1,0,0.20877967121021285,0,0.21640238,0
6080,0,0,0.11580966435313092,0,0.14254208,0
6081,1,1,0.2995957132829501,0,0.2221539,0
6082,0,1,0.08104388234265912,0,0.09680565,0
6083,0,1,0.17239148790056194,0,0.18066575,0
6084,0,0,0.13943293010508137,0,0.1509251,0
6085,1,0,0.14461141219959198,0,0.15317099,0
6086,0,1,0.15192101334830616,0,0.14885196,0
6087,0,0,0.08191234338262106,0,0.07147097,0
6088,0,1,0.12846088986399537,0,0.08870983,0
6089,0,1,0.1410043810496388,0,0.1313118,0
6090,0,1,0.256581075762264,0,0.33230063,0
6091,0,0,0.09103538429921994,0,0.08308531,0
6092,0,1,0.10843670044178115,0,0.123524584,0
6093,0,1,0.19169618638040054,0,0.1822968,0
6094,0,1,0.16553618268965498,0,0.13321488,0
6095,0,1,0.10008761094323196,0,0.11203379,0
6096,0,0,0.11399522092831837,0,0.14868788,0
6097,0,1,0.14432777583615355,0,0.14161362,0
6098,0,0,0.20029368821200502,0,0.19844648,0
6099,0,0,0.11445101764798679,0,0.11486003,0
6100,0,1,0.06894863410588861,0,0.065062165,0
6101,0,0,0.22477265198319307,0,0.30750537,0
6102,1,1,0.06401224486175086,0,0.04991707,0
6103,0,1,0.21059444328853702,0,0.19160841,0
6104,0,1,0.14304560556052448,0,0.16935244,0
6105,0,0,0.08273708147192921,0,0.083235234,0
6106,0,1,0.056101011563560545,0,0.039835457,0
6107,0,1,0.12904082704866882,0,0.14922187,0
6108,0,1,0.11667592671687965,0,0.11517816,0
6109,1,0,0.1594961884758849,0,0.1421753,0
6110,0,1,0.18698270875401332,0,0.24013533,0
6111,0,1,0.16942829945298057,0,0.1663138,0
6112,0,1,0.23535382201553362,0,0.23596777,0
6113,0,0,0.1020297552566946,0,0.12483718,0
6114,0,1,0.1427221370780284,0,0.118931554,0
6115,1,1,0.21482384805800098,0,0.24104963,0
6116,0,0,0.08066525103365381,0,0.07700493,0
6117,0,1,0.13959889150674715,0,0.15663992,0
6118,0,1,0.19348414928838983,0,0.21936576,0
6119,0,0,0.11864374135492164,0,0.09341704,0
6120,0,1,0.09933825043215384,0,0.103200294,0
6121,0,1,0.14965035311639246,0,0.13767369,0
6122,0,1,0.15235572758850635,0,0.1823499,0
6123,0,1,0.10082880256045382,0,0.10985652,0
6124,0,1,0.0998688063082763,0,0.11054933,0
6125,0,0,0.16779807139150876,0,0.13981414,0
6126,1,1,0.11271313862776736,0,0.13139454,0
6127,1,0,0.08471222454679755,0,0.08117838,0
6128,0,1,0.08318662565564469,0,0.06787856,0
6129,0,0,0.09518288601230124,0,0.100405544,0
6130,0,0,0.15059302184594658,0,0.14349978,0
6131,0,1,0.22837857553550475,0,0.19386846,0
6132,0,0,0.08534641083759421,0,0.08137007,0
6133,0,1,0.09857497214758626,0,0.109192386,0
6134,0,1,0.1658793531328954,0,0.17066985,0
6135,0,1,0.13527573602889334,0,0.15328075,0
6136,0,1,0.14529650459749155,0,0.17613247,0
6137,1,1,0.15883282804142324,0,0.15257855,0
6138,0,1,0.16317926095053928,0,0.20442525,0
6139,0,1,0.11312664447573664,0,0.11089438,0
6140,0,0,0.10673829860690234,0,0.11046899,0
6141,0,0,0.07699745801512704,0,0.119647466,0
6142,0,1,0.1317730262066191,0,0.14791146,0
6143,0,1,0.14658047018725417,0,0.12452864,0
6144,0,1,0.07068575255089089,0,0.036527198,0
6145,0,1,0.0789574672172717,0,0.06482967,0
6146,0,1,0.2532148813615662,0,0.28136575,0
6147,1,0,0.1952593971728469,0,0.1952667,0
6148,1,1,0.12844704167185,0,0.1643938,0
6149,1,1,0.09359189012599783,0,0.095824555,0
6150,0,1,0.10378861997825117,0,0.103157155,0
6151,0,1,0.074302889139206,0,0.06598356,0
6152,0,1,0.12008608341931627,0,0.14282477,0
6153,0,0,0.15118549760125832,0,0.22908098,0
6154,0,1,0.1347374445173107,0,0.1092769,0
6155,0,0,0.17402983024991134,0,0.18945022,0
6156,0,1,0.1808446451611177,0,0.22142766,0
6157,0,1,0.1607433617142926,0,0.1372297,0
6158,0,1,0.07137357949906933,0,0.057167187,0
6159,0,1,0.2005849811804179,0,0.2038561,0
6160,0,0,0.15285872651213633,0,0.24586926,0
6161,0,0,0.24635360486656568,0,0.29407075,0
6162,0,1,0.1402815811280267,0,0.1376996,0
6163,1,0,0.12036030333491823,0,0.12704517,0
6164,0,1,0.11434113012778688,0,0.116251916,0
6165,0,0,0.12287072456856787,0,0.13447098,0
6166,0,1,0.1288210215129375,0,0.13691723,0
6167,0,1,0.15573813441041054,0,0.19129732,0
6168,0,1,0.1682887628009318,0,0.16109563,0
6169,0,0,0.15583179240024553,0,0.17373225,0
6170,0,1,0.13672226029792064,0,0.1318442,0
6171,0,0,0.09287497252445465,0,0.14448094,0
6172,0,1,0.13402014631402256,0,0.15122065,0
6173,0,1,0.10395408293341886,0,0.1178074,0
6174,0,1,0.0839039576486646,0,0.08058752,0
6175,0,1,0.07744534111017737,0,0.04262868,0
6176,0,0,0.06711934777601401,0,0.051068515,0
6177,0,1,0.06376223205493271,0,0.04064027,0
6178,0,0,0.12035270756224661,0,0.18539943,0
6179,0,1,0.09189867821566151,0,0.07901268,0
6180,0,1,0.1324076521405999,0,0.08317527,0
6181,0,1,0.11034497459251806,0,0.12350896,0
6182,1,1,0.09092571699128453,0,0.09082213,0
6183,0,1,0.13343003483635557,0,0.12475497,0
6184,0,0,0.12678986958494878,0,0.108042665,0
6185,0,0,0.2796840226084831,0,0.2578983,0
6186,0,1,0.0592905367071319,0,0.04391856,0
6187,0,1,0.07365577653494597,0,0.052272003,0
6188,0,0,0.1459664320903168,0,0.11648812,0
6189,0,1,0.10896214267654501,0,0.11266766,0
6190,1,1,0.1721860082104718,0,0.21389535,0
6191,0,1,0.18075599781660262,0,0.21432967,0
6192,0,1,0.10113436492343474,0,0.081017405,0
6193,0,1,0.0916368371969465,0,0.07918219,0
6194,0,0,0.14425215473330083,0,0.1724704,0
6195,0,1,0.10764756113482514,0,0.11576894,0
6196,0,0,0.11570065350945193,0,0.18048586,0
6197,0,1,0.20282816099811715,0,0.21648946,0
6198,0,1,0.13714347466493504,0,0.18215047,0
6199,0,0,0.1095782498647137,0,0.10366317,0
6200,0,1,0.13657205483568544,0,0.10345988,0
6201,0,1,0.13524246787382557,0,0.15118667,0
6202,0,0,0.13629026333466615,0,0.12973826,0
6203,0,1,0.13265175959219105,0,0.12992308,0
6204,0,1,0.05781976300138596,0,0.03269754,0
6205,1,0,0.09875473169702001,0,0.08867326,0
6206,0,1,0.10794720344639859,0,0.087792315,0
6207,0,0,0.15715370692970682,0,0.20600168,0
6208,0,1,0.1464756988564782,0,0.12641884,0
6209,0,1,0.090905302507866,0,0.119681604,0
6210,0,1,0.13012150121624724,0,0.15802221,0
6211,0,1,0.0989205726634051,0,0.098085634,0
6212,0,1,0.10577732246129108,0,0.1106946,0
6213,0,1,0.13734092291598995,0,0.18058021,0
6214,0,1,0.15446522290943873,0,0.14257444,0
6215,1,1,0.16581042564093873,0,0.13601997,0
6216,0,1,0.11715100310776147,0,0.11185295,0
6217,0,0,0.11997649559447157,0,0.11482385,0
6218,0,0,0.26405115463523415,0,0.24919581,0
6219,0,0,0.19728027641614915,0,0.15363283,0
6220,0,1,0.18834496617568872,0,0.19723922,0
6221,0,0,0.1283874145914532,0,0.13693829,0
6222,0,1,0.15109252924788993,0,0.15419205,0
6223,1,0,0.15917444670245975,0,0.18398401,0
6224,0,0,0.165262490006051,0,0.13576235,0
6225,0,1,0.12245529180199444,0,0.14258352,0
6226,0,0,0.20512803483599057,0,0.19834337,0
6227,0,1,0.07252533500148566,0,0.047196914,0
6228,0,1,0.07518344682225758,0,0.07167105,0
6229,0,1,0.18794346965938633,0,0.15143792,0
6230,0,1,0.16920748443628622,0,0.16173826,0
6231,0,1,0.13714503098808217,0,0.13576606,0
6232,0,0,0.15347383966788303,0,0.13003871,0
6233,0,1,0.263510882683199,0,0.29627356,0
6234,0,1,0.14768915173880645,0,0.1265863,0
6235,0,1,0.33522801465256524,0,0.23524456,0
6236,0,0,0.12394644804279169,0,0.11829601,0
6237,0,0,0.1849999220350216,0,0.14971319,0
6238,0,1,0.11569749002436121,0,0.09198271,0
6239,0,1,0.07319349785026513,0,0.08800534,0
6240,0,1,0.16167464406486134,0,0.16960159,0
6241,0,1,0.08284841142278244,0,0.10148698,0
6242,0,0,0.07318949875108016,0,0.0714246,0
6243,0,1,0.15155483046481735,0,0.16324338,0
6244,0,1,0.13922710692087656,0,0.07948151,0
6245,0,0,0.1621617273770363,0,0.18326071,0
6246,0,1,0.14184893803907023,0,0.16720909,0
6247,0,1,0.12633275795125956,0,0.10375362,0
6248,0,0,0.0976265310814661,0,0.10871774,0
6249,0,0,0.21409969597534934,0,0.18775435,0
6250,0,1,0.18489035840629012,0,0.18541284,0
6251,0,1,0.11348723510016853,0,0.109525226,0
6252,0,0,0.10365658232525729,0,0.13885504,0
6253,0,1,0.20028307071213017,0,0.20308693,0
6254,0,0,0.11226410017657938,0,0.109354876,0
6255,0,0,0.0861169791605603,0,0.10082088,0
6256,0,1,0.17599166034870908,0,0.25754157,0
6257,0,1,0.12633275795125956,0,0.10375362,0
6258,0,1,0.10002424887549291,0,0.093595564,0
6259,0,0,0.24875215810171322,0,0.21399142,0
6260,0,1,0.1723295926681558,0,0.16796133,0
6261,0,1,0.18382489709811894,0,0.23628747,0
6262,0,1,0.12929958661577123,0,0.18765725,0
6263,0,1,0.24765700258930945,0,0.29378265,0
6264,0,1,0.1695124459474316,0,0.17797592,0
6265,0,0,0.177384427301882,0,0.1910351,0
6266,0,1,0.09097665165352271,0,0.08756893,0
6267,0,1,0.10441111740476977,0,0.12894662,0
6268,0,0,0.06386595430079381,0,0.053994384,0
6269,0,0,0.16319351307579175,0,0.20442525,0
6270,0,0,0.12036375721449519,0,0.16765064,0
6271,0,1,0.1688809542910319,0,0.15339603,0
6272,0,1,0.12705805163792894,0,0.1113009,0
6273,0,0,0.1295142214523192,0,0.140205,0
6274,0,1,0.17104751913932778,0,0.19686483,0
6275,1,1,0.32851341262634587,0,0.2902552,0
6276,0,1,0.242070387943365,0,0.20188989,0
6277,0,0,0.27936485526249244,0,0.23201625,0
6278,1,1,0.15071041830756685,0,0.12831801,0
6279,0,0,0.1004185764177333,0,0.10271208,0
6280,0,0,0.13937756266060117,0,0.100233525,0
6281,0,1,0.09375438558369154,0,0.09737151,0
6282,0,1,0.1263288827875514,0,0.17839067,0
6283,0,1,0.07658685166305094,0,0.06617882,0
6284,0,1,0.1590447435073032,0,0.14722395,0
6285,1,0,0.14289692031200063,0,0.15203558,0
6286,0,0,0.16500798524087643,0,0.18006253,0
6287,0,1,0.10808270758876547,0,0.11897447,0
6288,0,0,0.18423398260211635,0,0.208858,0
6289,1,1,0.22790465285497105,0,0.18725392,0
6290,0,1,0.13151909251219807,0,0.15679936,0
6291,1,0,0.07666876143994637,0,0.07311994,0
6292,0,0,0.07536555321857213,0,0.06767946,0
6293,0,0,0.09447936194849045,0,0.07104991,0
6294,0,1,0.12240161747605073,0,0.12750521,0
6295,0,1,0.10690935742340972,0,0.09633962,0
6296,0,1,0.13529311721180845,0,0.15904395,0
6297,1,1,0.13971324309703828,0,0.13884515,0
6298,0,0,0.06912838708527272,0,0.0435886,0
6299,0,1,0.1062850543740895,0,0.08937443,0
6300,0,1,0.12280503085893651,0,0.13397974,0
6301,0,0,0.13404030790272956,0,0.15581155,0
6302,0,0,0.31686679158481285,0,0.21689041,0
6303,0,1,0.13866889502632382,0,0.16267893,0
6304,0,1,0.0656778595944223,0,0.046597835,0
6305,1,0,0.27160305742484125,0,0.23926435,0
6306,0,0,0.15061171280643595,0,0.1417388,0
6307,1,0,0.08350855098004989,0,0.09899593,0
6308,0,0,0.14075386397951578,0,0.16723254,0
6309,0,1,0.15926393750610587,0,0.1685698,0
6310,0,0,0.06873901218728783,0,0.049875516,0
6311,0,1,0.2057080418340661,0,0.21925619,0
6312,0,0,0.10399652416139094,0,0.14112638,0
6313,0,1,0.18093299887345307,0,0.17963517,0
6314,0,0,0.11882688809540745,0,0.11222343,0
6315,0,0,0.2158012659341985,0,0.21145885,0
6316,0,1,0.0993608451969211,0,0.0968097,0
6317,0,1,0.09905760580320239,0,0.08908523,0
6318,0,1,0.09180609548412516,0,0.10138293,0
6319,0,1,0.10567794673820702,0,0.086468644,0
6320,0,1,0.1800999152637058,0,0.18377912,0
6321,0,1,0.08776424056859915,0,0.05893582,0
6322,0,1,0.08113647716424732,0,0.087738715,0
6323,0,1,0.12240161747605073,0,0.12750521,0
6324,0,1,0.19870506361075166,0,0.2170783,0
6325,0,1,0.2467573991219785,0,0.2740381,0
6326,0,0,0.15721266785917534,0,0.114627734,0
6327,0,1,0.16410252255408062,0,0.18379131,0
6328,1,1,0.15763956541515511,0,0.1395462,0
6329,0,1,0.1607433617142926,0,0.1372297,0
6330,0,1,0.14857579678705346,0,0.16479409,0
6331,1,1,0.14551427132340825,0,0.1290428,0
6332,1,1,0.2128833998244955,0,0.19613652,0
6333,0,0,0.2906937382640973,0,0.27475104,0
6334,0,1,0.13120837634898383,0,0.14080577,0
6335,0,1,0.0740304986664751,0,0.06231094,0
6336,0,0,0.1459223776281912,0,0.16288257,0
6337,0,1,0.1072948763623788,0,0.10554991,0
6338,0,1,0.19845494729203667,0,0.1904227,0
6339,0,0,0.23976691088199711,0,0.29606083,0
6340,1,1,0.12588758792966773,0,0.11741902,0
6341,0,1,0.13251866338166138,0,0.121748105,0
6342,0,0,0.11664767224531761,0,0.13315932,0
6343,1,1,0.19401102200151693,0,0.18206972,0
6344,0,1,0.13208624664588478,0,0.13717839,0
6345,0,1,0.20447678975647923,0,0.18327242,0
6346,0,1,0.1814478013947118,0,0.16986528,0
6347,1,0,0.20785116586117963,0,0.20622623,0
6348,0,1,0.072279936297165,0,0.06003392,0
6349,0,1,0.22723921122982121,0,0.18839425,0
6350,1,1,0.20593790741000698,0,0.21554644,0
6351,0,1,0.13965814899368337,0,0.120991446,0
6352,1,1,0.11167880563778892,0,0.1258574,0
6353,0,1,0.16111086955299145,0,0.15449025,0
6354,1,1,0.21054550636437458,0,0.27682197,0
6355,0,1,0.19603346259147347,0,0.24570411,0
6356,1,1,0.09946147042419935,0,0.15744437,0
6357,0,1,0.06056212871675131,0,0.03591506,0
6358,0,1,0.15438927351595177,0,0.2004971,0
6359,0,1,0.07403003459744174,0,0.06231094,0
6360,0,0,0.1088509210556744,0,0.12440032,0
6361,0,1,0.18676190524011355,0,0.21421635,0
6362,0,1,0.10958063880722112,0,0.08427769,0
6363,1,1,0.09629180247624455,0,0.11709341,0
6364,0,0,0.11547894567115792,0,0.10366412,0
6365,0,0,0.18142498293081816,0,0.24029125,0
6366,0,1,0.08451383174367104,0,0.08386677,0
6367,1,1,0.16256436253705855,0,0.16414374,0
6368,0,1,0.1430633448929078,0,0.1900491,0
6369,0,1,0.178762870662452,0,0.19864427,0
6370,0,1,0.1325549530409293,0,0.15016724,0
6371,0,1,0.20551418446771083,0,0.2074246,0
6372,0,1,0.1549010296684969,0,0.14864825,0
6373,0,0,0.07710025357666701,0,0.07518861,0
6374,0,0,0.16610789133597928,0,0.14381589,0
6375,0,1,0.1654693023656409,0,0.19662927,0
6376,0,1,0.07247929877433693,0,0.053326465,0
6377,0,0,0.20072785870075888,0,0.16250142,0
6378,0,1,0.11780368494073985,0,0.10644561,0
6379,0,0,0.36405246456269846,0,0.3337094,0
6380,0,1,0.09794373983967147,0,0.10361012,0
6381,0,0,0.1419633482352929,0,0.16644543,0
6382,1,0,0.097607324025148,0,0.1138169,0
6383,0,1,0.127328957619304,0,0.093268976,0
6384,0,1,0.07279926070495511,0,0.055573434,0
6385,0,1,0.11663398317150339,0,0.13341561,0
6386,0,1,0.07940559019176015,0,0.09058445,0
6387,0,0,0.15210077714771536,0,0.13095291,0
6388,0,1,0.22638496422812387,0,0.20324574,0
6389,0,0,0.23154639112570335,0,0.19175027,0
6390,0,0,0.08466855834066224,0,0.06791773,0
6391,0,1,0.211752014431935,0,0.2456948,0
6392,0,1,0.1277406895655787,0,0.18517132,0
6393,0,1,0.13970378338203226,0,0.15633324,0
6394,1,0,0.17137477246005087,0,0.17375086,0
6395,0,1,0.12721854251078674,0,0.13015838,0
6396,0,1,0.37733895678445123,0,0.31648713,0
6397,0,1,0.16571405856255153,0,0.17467809,0
6398,0,1,0.12414279204109636,0,0.10226035,0
6399,1,1,0.14661029922073893,0,0.11072101,0
6400,0,1,0.09901681095150833,0,0.08557198,0
6401,0,0,0.27251624508115013,0,0.26931188,0
6402,0,1,0.1334928830621147,0,0.1550992,0
6403,0,1,0.0770405626360492,0,0.0792848,0
6404,0,0,0.13276190354156284,0,0.13137273,0
6405,0,1,0.1178534124279911,0,0.11823849,0
6406,1,1,0.2821820605635359,0,0.2880487,0
6407,0,1,0.10177764608444531,0,0.09016582,0
6408,0,0,0.05464136039415994,0,0.043099754,0
6409,0,1,0.10690774148478299,0,0.09633962,0
6410,1,0,0.12288068012086525,0,0.09851775,0
6411,0,1,0.07549031005600332,0,0.08577415,0
6412,0,1,0.07786239466443698,0,0.07064229,0
6413,1,1,0.2189560765053855,0,0.19800748,0
6414,0,1,0.19530201919185614,0,0.170884,0
6415,0,0,0.1097744834897122,0,0.087573096,0
6416,1,0,0.24258048522024278,0,0.24497682,0
6417,0,1,0.0853284006224866,0,0.0792451,0
6418,0,1,0.07063988121558426,0,0.05494239,0
6419,1,1,0.17824335029568456,0,0.18307325,0
6420,0,1,0.06957625565057332,0,0.08707291,0
6421,1,1,0.1521031970612287,0,0.16240746,0
6422,1,1,0.12498390688651907,0,0.12665163,0
6423,0,1,0.1807534011412312,0,0.16661951,0
6424,1,1,0.25712128203781387,0,0.26467115,0
6425,0,1,0.11541056104666174,0,0.16050026,0
6426,0,1,0.1354247051074791,0,0.16910997,0
6427,0,1,0.16825116753401978,0,0.16420138,0
6428,0,1,0.08028158551906701,0,0.07400782,0
6429,0,0,0.08379884628574275,0,0.057977606,0
6430,1,0,0.15347383966788303,0,0.13003871,0
6431,0,1,0.17545481978364194,0,0.17620434,0
6432,0,1,0.13914731435770847,0,0.15990649,0
6433,0,0,0.15227486293991827,0,0.15837598,0
6434,0,0,0.09413335340539211,0,0.08958151,0
6435,0,0,0.08905708492800929,0,0.07664164,0
6436,0,1,0.08240156901382696,0,0.08751785,0
6437,0,1,0.11604208567381538,0,0.09524201,0
6438,0,1,0.27564152052627733,0,0.18327826,0
6439,0,0,0.17617257554133003,0,0.15891731,0
6440,0,1,0.17914385349388495,0,0.16115245,0
6441,0,0,0.17961008277411228,0,0.17791241,0
6442,0,1,0.23234829677991095,0,0.2196052,0
6443,0,1,0.17058744503822157,0,0.17071694,0
6444,0,1,0.32847869275023855,0,0.2902552,0
6445,1,1,0.13633061012718864,0,0.14582399,0
6446,0,1,0.054674110221229706,0,0.061838154,0
6447,0,1,0.0895340954143419,0,0.104205914,0
6448,0,0,0.09416587610729511,0,0.10506944,0
6449,0,1,0.11971487729348387,0,0.104130715,0
6450,0,1,0.1353257544124389,0,0.16473897,0
6451,0,1,0.18305178238643283,0,0.18589818,0
6452,0,1,0.09885556200983686,0,0.1676958,0
6453,0,0,0.18704866892619573,0,0.19904004,0
6454,0,0,0.07356409606690564,0,0.04278822,0
6455,0,1,0.1890872310893263,0,0.19475861,0
6456,0,1,0.12679491497441697,0,0.111594394,0
6457,0,0,0.15597015088780636,0,0.20081596,0
6458,0,1,0.2499617646692173,0,0.2119403,0
6459,0,0,0.08516079370758504,0,0.10861172,0
6460,0,1,0.05634745117504709,0,0.06420188,0
6461,0,0,0.18519076409422147,0,0.17828193,0
6462,0,0,0.2044109834895845,0,0.24507226,0
6463,1,1,0.10879372994028658,0,0.10940969,0
6464,0,1,0.15565597544309212,0,0.1819884,0
6465,0,1,0.12450108818813553,0,0.1232014,0
6466,0,1,0.20192677366160647,0,0.21819845,0
6467,0,1,0.062431695024846516,0,0.042477902,0
6468,0,1,0.18029064524389246,0,0.16055466,0
6469,0,0,0.10506934407686727,0,0.111785814,0
6470,0,1,0.1480112963991632,0,0.14774418,0
6471,0,0,0.14085543077791982,0,0.12505981,0
6472,0,0,0.227723703900396,0,0.22303818,0
6473,0,0,0.11354003339618385,0,0.08836545,0
6474,0,1,0.09893850097952787,0,0.11058859,0
6475,0,1,0.0833921944682968,0,0.083728,0
6476,0,0,0.16339740627026372,0,0.19373155,0
6477,0,1,0.11495991477098931,0,0.09790368,0
6478,0,1,0.1547181191315192,0,0.15286253,0
6479,0,0,0.1319216730867812,0,0.16553977,0
6480,0,0,0.10401447287507157,0,0.071826324,0
6481,0,1,0.17139265097002554,0,0.18497671,0
6482,0,0,0.08651800330418352,0,0.0858209,0
6483,0,1,0.11639224366008806,0,0.12340511,0
6484,0,1,0.15020178598010864,0,0.14737093,0
6485,0,1,0.11000202304325407,0,0.10010115,0
6486,0,1,0.21910707869601273,0,0.24662425,0
6487,0,1,0.1147736927970579,0,0.12984984,0
6488,1,1,0.08426884422283232,0,0.07882858,0
6489,0,0,0.1088860308936158,0,0.11919762,0
6490,0,1,0.13363005415117624,0,0.19877301,0
6491,0,1,0.12274513553365793,0,0.13441764,0
6492,0,0,0.12573456994838114,0,0.12565185,0
6493,1,0,0.09055837172219867,0,0.07978509,0
6494,0,1,0.20534060204792384,0,0.20131783,0
6495,0,0,0.21443319080857753,0,0.23834392,0
6496,0,1,0.32700601199153556,0,0.24429609,0
6497,1,1,0.17789809294062853,0,0.19408542,0
6498,0,1,0.12692047714444188,0,0.14528719,0
6499,0,1,0.1592668835568734,0,0.1685698,0
6500,0,0,0.08935907536425602,0,0.09596404,0
6501,0,0,0.08699605985271198,0,0.124353506,0
6502,0,0,0.1192530593323151,0,0.14600018,0
6503,0,1,0.19586652123586681,0,0.1968797,0
6504,0,1,0.14996002523499047,0,0.21043968,0
6505,0,1,0.13298837592873505,0,0.106146686,0
6506,0,0,0.06966929442433763,0,0.12086238,0
6507,0,0,0.234456211850651,0,0.2661926,0
6508,0,0,0.16916295068917117,0,0.13193573,0
6509,0,0,0.09885923078239876,0,0.1676958,0
6510,0,0,0.14591995196453525,0,0.16288257,0
6511,0,1,0.2328004348214127,0,0.20710379,0
6512,0,1,0.1332137335154892,0,0.13520126,0
6513,0,0,0.06890435934041728,0,0.048310086,0
6514,0,1,0.10506934407686727,0,0.111785814,0
6515,0,1,0.1225596914656879,0,0.12500785,0
6516,0,1,0.2571124998253587,0,0.25164047,0
6517,0,0,0.2187732576667717,0,0.24505746,0
6518,0,1,0.1607433617142926,0,0.1372297,0
6519,0,0,0.2535341284505684,0,0.25525475,0
6520,1,1,0.21744176570247375,0,0.21637735,0
6521,0,1,0.06711934777601401,0,0.051068515,0
6522,0,1,0.08955478427463469,0,0.08672211,0
6523,0,1,0.13273107246959948,0,0.1670078,0
6524,0,1,0.1264908447548554,0,0.14497808,0
6525,0,1,0.11700006854992162,0,0.12584813,0
6526,1,1,0.08648826884923942,0,0.07636687,0
6527,0,0,0.11443116929465523,0,0.122692116,0
6528,0,0,0.13302375112362302,0,0.13164793,0
6529,0,0,0.09905158940940027,0,0.088554144,0
6530,1,1,0.19032215751358614,0,0.19889018,0
6531,0,1,0.19405517826820584,0,0.20708698,0
6532,0,1,0.12050107944999146,0,0.12088728,0
6533,0,0,0.08264289591635457,0,0.07583412,0
6534,1,1,0.19885027870158303,0,0.1763956,0
6535,0,1,0.19865988356558428,0,0.17404053,0
6536,0,1,0.09387625376411014,0,0.10091708,0
6537,0,0,0.1397439837970841,0,0.13705903,0
6538,0,1,0.2593851972909933,0,0.19025408,0
6539,0,1,0.11387342719305793,0,0.17228709,0
6540,0,1,0.09094801755256667,0,0.110153526,0
6541,0,0,0.09500998748915228,0,0.07120984,0
6542,0,0,0.06709579671650655,0,0.06101172,0
6543,0,1,0.2697970875655209,0,0.23056237,0
6544,0,0,0.07346698902200915,0,0.059172433,0
6545,0,0,0.20159150211094226,0,0.18662389,0
6546,0,0,0.06716666199164881,0,0.05276916,0
6547,0,1,0.27472419016379507,0,0.25118482,0
6548,0,1,0.22505169822636978,0,0.21603051,0
6549,0,1,0.1317606665463347,0,0.15295635,0
6550,0,1,0.21949365931600565,0,0.18820484,0
6551,0,1,0.16119757425572145,0,0.21025112,0
6552,0,1,0.07956809991958563,0,0.06915254,0
6553,0,1,0.26879614056161516,0,0.21435711,0
6554,0,0,0.14533416552958764,0,0.15043756,0
6555,0,1,0.10292311710164136,0,0.1079303,0
6556,0,0,0.11150307671041859,0,0.12712963,0
6557,0,0,0.09375438558369154,0,0.09737151,0
6558,0,1,0.1746589731317687,0,0.17115064,0
6559,0,0,0.10401447287507157,0,0.071826324,0
6560,0,0,0.10620037105640817,0,0.17833552,0
6561,0,1,0.11150660288178069,0,0.09583024,0
6562,0,1,0.14125785090384999,0,0.16778469,0
6563,1,1,0.0989205726634051,0,0.098085634,0
6564,0,1,0.14611161203382167,0,0.1426336,0
6565,0,0,0.07402460132162844,0,0.05370114,0
6566,0,0,0.14304560556052448,0,0.16935244,0
6567,0,1,0.21120332795684288,0,0.19041431,0
6568,0,1,0.1895573306771692,0,0.16499992,0
6569,0,0,0.1123525143309397,0,0.13024727,0
6570,0,1,0.07318949875108016,0,0.0714246,0
6571,0,0,0.26633342849539404,0,0.37476206,0
6572,0,1,0.15223677954573653,0,0.17876476,0
6573,0,1,0.11776953357413766,0,0.10969953,0
6574,0,1,0.21160110354162223,0,0.18964085,0
6575,1,1,0.17789809294062853,0,0.19408542,0
6576,0,0,0.12585756516594904,0,0.10670422,0
6577,1,1,0.15469016436769073,0,0.13188632,0
6578,0,0,0.11857048618439248,0,0.12567966,0
6579,0,0,0.12859525816870113,0,0.13301465,0
6580,0,1,0.12246820301141641,0,0.11346997,0
6581,0,1,0.21314010911754405,0,0.1462467,0
6582,1,1,0.18031840194984639,0,0.14541288,0
6583,0,1,0.10963771934335349,0,0.10307155,0
6584,1,1,0.11851128249160543,0,0.11641231,0
6585,0,1,0.07919517264315418,0,0.051909707,0
6586,1,1,0.31123001396334576,0,0.34165365,0
6587,1,0,0.09622017408577842,0,0.10335048,0
6588,0,1,0.18305178238643283,0,0.18589818,0
6589,0,1,0.1341237223860449,0,0.14221495,0
6590,0,0,0.11245309393046823,0,0.12135316,0
6591,1,1,0.21480707706565105,0,0.2072608,0
6592,0,0,0.15441542089679297,0,0.14855236,0
6593,1,1,0.18198984746217892,0,0.20479845,0
6594,0,1,0.1394468927330312,0,0.15386683,0
6595,0,1,0.13118947063034464,0,0.11881313,0
6596,0,0,0.1405176011308688,0,0.14211044,0
6597,0,1,0.09667155729111233,0,0.14846443,0
6598,0,1,0.13262158706926863,0,0.16364576,0
6599,0,1,0.1536134933768419,0,0.12912856,0
6600,0,0,0.06989405554150427,0,0.056919128,0
6601,0,0,0.1620325071576986,0,0.17962961,0
6602,1,1,0.23233680274581434,0,0.30382723,0
6603,0,1,0.14048108069019727,0,0.15621087,0
6604,0,0,0.1721298470379696,0,0.17679895,0
6605,0,0,0.192788720282814,0,0.19320977,0
6606,0,1,0.16167036018615258,0,0.15201625,0
6607,0,0,0.13920961213919844,0,0.16015834,0
6608,0,0,0.15747890543255003,0,0.15091988,0
6609,0,1,0.10956303093732933,0,0.11838348,0
6610,0,1,0.1886860218831007,0,0.2101909,0
6611,0,1,0.13789628490672148,0,0.14348243,0
6612,0,0,0.1445678495149332,0,0.13095045,0
6613,0,1,0.08902174101260109,0,0.07210021,0
6614,1,1,0.19283260319192896,0,0.1838256,0
6615,0,1,0.11842652867897877,0,0.14920177,0
6616,0,1,0.2317713469909456,0,0.19585723,0
6617,0,0,0.2245081811424636,0,0.2826117,0
6618,1,1,0.20227579748974617,0,0.16176733,0
6619,1,1,0.089586512914078,0,0.06758898,0
6620,0,1,0.09906883391835666,0,0.08908523,0
6621,0,0,0.1993522386164005,0,0.21794425,0
6622,0,0,0.10307757679763904,0,0.08804848,0
6623,0,0,0.11124180889003056,0,0.09694148,0
6624,0,0,0.15220598186697712,0,0.14175813,0
6625,1,0,0.14713490389520825,0,0.15271753,0
6626,0,1,0.1142506331298281,0,0.12557825,0
6627,0,0,0.1616955939340596,0,0.15058966,0
6628,0,1,0.13277228597220342,0,0.11678666,0
6629,0,0,0.11645698075602211,0,0.1705139,0
6630,0,0,0.13263559829446542,0,0.14597781,0
6631,0,1,0.07821273138961884,0,0.067002416,0
6632,1,1,0.17692855546458994,0,0.17624158,0
6633,0,0,0.14198183467117195,0,0.16915493,0
6634,0,0,0.1318948963618846,0,0.13887107,0
6635,0,0,0.1039606609579706,0,0.10466559,0
6636,0,0,0.09422059678791193,0,0.09664234,0
6637,0,1,0.15150120458707636,0,0.07529433,0
6638,0,1,0.11402589098968431,0,0.10593352,0
6639,0,1,0.20228184481625766,0,0.20995253,0
6640,0,1,0.1274513935379823,0,0.1712566,0
6641,0,0,0.14317141804681763,0,0.13678017,0
6642,0,1,0.18977115748756343,0,0.17379884,0
6643,0,1,0.23968196657574073,0,0.1812192,0
6644,0,0,0.1667536916369494,0,0.17664309,0
6645,0,1,0.14519800511162995,0,0.14092614,0
6646,0,1,0.0710371296997529,0,0.060149632,0
6647,0,1,0.13654907216626877,0,0.10345988,0
6648,0,1,0.15231297537539026,0,0.16574769,0
6649,0,1,0.2085160258864974,0,0.18799976,0
6650,0,0,0.10360027451543184,0,0.1497919,0
6651,0,1,0.23161626713327058,0,0.17917718,0
6652,0,1,0.20287978478971194,0,0.2763126,0
6653,0,1,0.08483168190987807,0,0.09518318,0
6654,0,1,0.11643288771852897,0,0.11153642,0
6655,1,1,0.22378874508698343,0,0.18157664,0
6656,0,1,0.1599751139919691,0,0.16960116,0
6657,1,1,0.10102004509934355,0,0.096905604,0
6658,0,1,0.10510220546453526,0,0.0923352,0
6659,0,1,0.13224664824123558,0,0.14878175,0
6660,0,1,0.16999518125008145,0,0.1535576,0
6661,0,1,0.14311771542900686,0,0.16463876,0
6662,0,1,0.14729574374467694,0,0.16457984,0
6663,1,0,0.17280967790313487,0,0.16352932,0
6664,0,1,0.11175405491427239,0,0.085934535,0
6665,0,1,0.12842263393907757,0,0.15921132,0
6666,0,1,0.09375438558369154,0,0.09737151,0
6667,0,1,0.1451048852331565,0,0.16220401,0
6668,0,1,0.14987843513421123,0,0.13283269,0
6669,0,1,0.08683496215144776,0,0.07573299,0
6670,0,1,0.06570150813007182,0,0.052724034,0
6671,0,1,0.19284677399834504,0,0.19650029,0
6672,0,0,0.1702397410819597,0,0.17536701,0
6673,0,1,0.159408081363939,0,0.16227062,0
6674,0,0,0.12133927486266617,0,0.14282258,0
6675,0,1,0.08582501809266742,0,0.088681735,0
6676,0,0,0.15013521868785434,0,0.15044363,0
6677,0,0,0.07531548336183705,0,0.07233651,0
6678,1,1,0.33529144393346366,0,0.19130212,0
6679,0,0,0.15702733875441224,0,0.18343942,0
6680,0,1,0.07787709205298425,0,0.07068964,0
6681,0,0,0.057566090183060824,0,0.05714343,0
6682,0,1,0.08382738877716966,0,0.072987,0
6683,0,1,0.13901923049464116,0,0.1294493,0
6684,0,1,0.16241334974127083,0,0.17110318,0
6685,0,1,0.07066171731454791,0,0.060030304,0
6686,0,0,0.13443180834418195,0,0.13188152,0
6687,0,1,0.09873105988549513,0,0.08103736,0
6688,0,1,0.24926095712330276,0,0.19340119,0
6689,0,1,0.26106851514448726,0,0.33393043,0
6690,0,0,0.1574247956198573,0,0.15234904,0
6691,0,0,0.1644997404794345,0,0.13124469,0
6692,0,0,0.10924360285050382,0,0.092143275,0
6693,0,0,0.09147108718042776,0,0.074228704,0
6694,0,1,0.06986730600125275,0,0.059847005,0
6695,0,1,0.1505939725609472,0,0.14870931,0
6696,0,1,0.15039230438512233,0,0.1420307,0
6697,0,0,0.07850420482876323,0,0.071867615,0
6698,0,1,0.2601735862170823,0,0.27324623,0
6699,0,0,0.1538908012935519,0,0.15005529,0
6700,0,1,0.1613428822552673,0,0.14817105,0
6701,0,1,0.14097269255071027,0,0.13596039,0
6702,0,1,0.22989193859235113,0,0.19225693,0
6703,0,0,0.1294476448437457,0,0.10703186,0
6704,1,1,0.11929340249178082,0,0.065789215,0
6705,0,0,0.1807534011412312,0,0.16661951,0
6706,0,0,0.12288478450057279,0,0.10173292,0
6707,0,0,0.1624549111210522,0,0.13027285,0
6708,1,0,0.14082406325916944,0,0.1216871,0
6709,0,1,0.07232998170381,0,0.047494132,0
6710,0,0,0.16891076133371632,0,0.15009886,0
6711,0,1,0.08697281886225203,0,0.10093127,0
6712,0,0,0.17786146114795792,0,0.14547701,0
6713,0,1,0.08307195009053613,0,0.06753138,0
6714,0,0,0.09697077486616362,0,0.07825346,0
6715,0,0,0.10914842498494742,0,0.107809566,0
6716,0,1,0.181480297501386,0,0.19333096,0
6717,0,1,0.06885788040166452,0,0.049809128,0
6718,0,1,0.0897034536114459,0,0.07636486,0
6719,0,1,0.09686702380570357,0,0.087548696,0
6720,0,1,0.15269964974084776,0,0.15949808,0
6721,0,0,0.09623283429824106,0,0.093412,0
6722,0,0,0.0725539149129614,0,0.06200299,0
6723,0,1,0.25590221776550887,0,0.35865912,0
6724,1,1,0.21757508618199356,0,0.2587638,0
6725,0,1,0.10931897205916297,0,0.105754554,0
6726,0,0,0.11329712350457735,0,0.16007078,0
6727,0,0,0.19696757542564008,0,0.17822446,0
6728,0,0,0.05926360787799098,0,0.042628426,0
6729,1,1,0.07656999667716803,0,0.069725506,0
6730,0,0,0.19897335857554857,0,0.18352628,0
6731,0,1,0.2117455540526849,0,0.24030185,0
6732,0,0,0.26237042932228183,0,0.22953203,0
6733,0,0,0.10781546174223466,0,0.14233151,0
6734,0,0,0.0561284719670161,0,0.05032275,0
6735,0,1,0.15552216258122362,0,0.18519726,0
6736,0,1,0.16585078302331718,0,0.12201013,0
6737,0,0,0.1985599781474629,0,0.19510813,0
6738,1,1,0.2120039666906792,0,0.23046589,0
6739,0,1,0.12430798528502715,0,0.12373469,0
6740,0,0,0.10475406627242118,0,0.067489065,0
6741,1,1,0.12841259643572991,0,0.12167218,0
6742,0,0,0.12297597313909867,0,0.1446092,0
6743,0,1,0.1019595269222593,0,0.1091093,0
6744,0,1,0.08706273668631044,0,0.068190105,0
6745,0,1,0.1361428421869305,0,0.17984346,0
6746,0,0,0.10144817758605182,0,0.08783825,0
6747,0,0,0.12989463884024138,0,0.1934127,0
6748,0,1,0.210581688549115,0,0.19160841,0
6749,1,1,0.13031588144139541,0,0.14679869,0
6750,0,1,0.2647609970426363,0,0.21522187,0
6751,0,1,0.14467098377668905,0,0.14644666,0
6752,0,1,0.29293010049341345,0,0.2731974,0
6753,0,1,0.14977884842429165,0,0.13570364,0
6754,0,1,0.12301684205790336,0,0.121390864,0
6755,0,1,0.10055150239469694,0,0.13765961,0
6756,0,0,0.10058485038385946,0,0.12045701,0
6757,1,0,0.08601198879367598,0,0.069627985,0
6758,0,0,0.09697648086001887,0,0.080766104,0
6759,0,1,0.1305171179735746,0,0.1944841,0
6760,0,0,0.0689317971216505,0,0.03149191,0
6761,1,1,0.07034814980931425,0,0.055507526,0
6762,0,0,0.0789574672172717,0,0.06482967,0
6763,0,1,0.1992682989552349,0,0.20325236,0
6764,0,0,0.06681235603137697,0,0.043847237,0
6765,0,0,0.17073991583483472,0,0.19493544,0
6766,1,0,0.14175652532640154,0,0.16437292,0
6767,0,1,0.10808270758876547,0,0.11897447,0
6768,0,1,0.14586597641701227,0,0.1461834,0
6769,0,1,0.11523140423668676,0,0.109029576,0
6770,0,1,0.10614076241856722,0,0.107391626,0
6771,0,0,0.3032008199847191,0,0.25650746,0
6772,0,0,0.12929849917745398,0,0.09782396,0
6773,1,1,0.1639035115664103,0,0.16283071,0
6774,0,1,0.14603431089528784,0,0.10451841,0
6775,0,1,0.14006283063621494,0,0.16799106,0
6776,0,1,0.1765289658752997,0,0.14333193,0
6777,0,0,0.1170845899823169,0,0.10047241,0
6778,0,1,0.14960735770896436,0,0.11759373,0
6779,1,1,0.080977193987856,0,0.11447034,0
6780,0,1,0.0991706939187716,0,0.107166626,0
6781,0,0,0.08062788579854571,0,0.07660039,0
6782,1,1,0.3490918558182507,0,0.294354,0
6783,0,0,0.10741142348055475,0,0.0815946,0
6784,0,0,0.2057080418340661,0,0.21925619,0
6785,0,1,0.12108074879703579,0,0.11749646,0
6786,0,1,0.1487036254129915,0,0.14707828,0
6787,0,0,0.16028561955751364,0,0.18496263,0
6788,0,0,0.10137134727338139,0,0.097062096,0
6789,1,1,0.14471578436984875,0,0.14089438,0
6790,0,1,0.32511787139977794,0,0.413935,0
6791,0,1,0.08960802612217636,0,0.060778882,0
6792,0,0,0.15487234067645514,0,0.14193934,0
6793,0,1,0.2969529205677277,0,0.241423,0
6794,0,1,0.11662511944078478,0,0.12582463,0
6795,0,1,0.1461509072490291,0,0.14060576,0
6796,0,1,0.20329524055898257,0,0.17083465,0
6797,0,1,0.14360896611642515,0,0.116950884,0
6798,0,1,0.18751741584943712,0,0.20171164,0
6799,0,1,0.10881111026589299,0,0.13434175,0
6800,0,1,0.2259267711589097,0,0.23516642,0
6801,0,1,0.16989726317827084,0,0.13783105,0
6802,0,1,0.14593897147036858,0,0.1698476,0
6803,0,0,0.33019450607430073,0,0.32255927,0
6804,0,1,0.3603487999583246,0,0.2478733,0
6805,0,0,0.0716683496804578,0,0.090310484,0
6806,0,1,0.19856322332729906,0,0.19275254,0
6807,0,0,0.3374864432649152,0,0.32590204,0
6808,0,1,0.13088885443500797,0,0.15509118,0
6809,0,1,0.206459914561605,0,0.19638254,0
6810,1,1,0.09801227062165827,0,0.11067658,0
6811,0,1,0.14512490841797857,0,0.1271294,0
6812,0,1,0.1000175868499134,0,0.106753394,0
6813,0,1,0.13108385915041984,0,0.15790267,0
6814,1,1,0.189172209307008,0,0.24157202,0
6815,0,0,0.14731765117875917,0,0.14107601,0
6816,0,1,0.06355898721547613,0,0.06683202,0
6817,0,0,0.0688788071585037,0,0.0559831,0
6818,0,0,0.3059583383912079,0,0.25612828,0
6819,0,1,0.14638628509046656,0,0.31948182,0
6820,0,0,0.09092317054095433,0,0.076782174,0
6821,0,0,0.10632814671261819,0,0.08882464,0
6822,1,1,0.1383092974457622,0,0.15104061,0
6823,0,0,0.12792561718742537,0,0.15162979,0
6824,1,1,0.23884116196278637,0,0.24417807,0
6825,0,1,0.1170797014135225,0,0.1508941,0
6826,0,1,0.1556930510887221,0,0.16185576,0
6827,0,1,0.14030995075313324,0,0.12108324,0
6828,1,1,0.16324344193528686,0,0.15764026,0
6829,0,0,0.07607007814969137,0,0.07253392,0
6830,0,1,0.12104624461464258,0,0.12903568,0
6831,0,1,0.25190378150562065,0,0.26186886,0
6832,0,1,0.13751028735293394,0,0.101744086,0
6833,0,1,0.11292633034584718,0,0.13371782,0
6834,0,0,0.13232724627771625,0,0.14397621,0
6835,0,1,0.10914042595707,0,0.10778299,0
6836,0,0,0.1471624709342843,0,0.15841489,0
6837,0,1,0.1892851605685592,0,0.19905795,0
6838,0,1,0.18639959707983883,0,0.2279688,0
6839,0,0,0.06718147391717995,0,0.05138967,0
6840,0,0,0.08101456764772141,0,0.07635701,0
6841,0,0,0.12108988760441143,0,0.113141336,0
6842,0,1,0.21846114178943402,0,0.15292238,0
6843,0,1,0.2079947232753003,0,0.21644486,0
6844,0,0,0.18840391992763436,0,0.23150271,0
6845,0,0,0.08772770761805739,0,0.103893325,0
6846,0,1,0.09769946409375158,0,0.106553875,0
6847,0,1,0.1459102627276337,0,0.14288469,0
6848,0,1,0.1644665109501579,0,0.19119628,0
6849,0,1,0.17576445081220968,0,0.18343782,0
6850,0,1,0.16766651213053305,0,0.17290013,0
6851,1,1,0.17108987858738434,0,0.16345935,0
6852,1,1,0.20436415102439418,0,0.22208573,0
6853,0,1,0.07043229858809566,0,0.052082572,0
6854,0,1,0.09192526892094559,0,0.0633956,0
6855,0,0,0.11681685165618476,0,0.122577146,0
6856,0,1,0.13064880220039957,0,0.13995998,0
6857,0,1,0.15347383966788303,0,0.13003871,0
6858,0,1,0.14418354624202967,0,0.13624282,0
6859,1,1,0.3615199131571145,0,0.27934155,0
6860,0,1,0.0801804597815982,0,0.070029534,0
6861,0,1,0.15770437589313188,0,0.144072,0
6862,0,1,0.1578684103415231,0,0.1473513,0
6863,1,0,0.2312877604647096,0,0.24025562,0
6864,0,1,0.07466283120103637,0,0.054043613,0
6865,0,0,0.1420023433315295,0,0.16571182,0
6866,0,0,0.15507172570279595,0,0.17045557,0
6867,0,0,0.21201933588119543,0,0.23077498,0
6868,0,0,0.11411175024749864,0,0.118170924,0
6869,0,1,0.1607433617142926,0,0.1372297,0
6870,0,0,0.1097681948629071,0,0.10065084,0
6871,0,1,0.08150790986970106,0,0.06971886,0
6872,0,0,0.18522518812172836,0,0.20431806,0
6873,0,1,0.13122367419228645,0,0.12991774,0
6874,0,1,0.1466436057411772,0,0.11613498,0
6875,0,0,0.06892585803719571,0,0.051972,0
6876,0,1,0.0868927760737885,0,0.07977316,0
6877,0,0,0.13937996857380788,0,0.12403426,0
6878,0,1,0.07624519449182271,0,0.0932534,0
6879,1,1,0.09960792744316108,0,0.09211837,0
6880,0,1,0.19919634399387695,0,0.18567656,0
6881,0,1,0.132035776131713,0,0.11825198,0
6882,0,1,0.16520423260807446,0,0.15332161,0
6883,1,0,0.07568915199297323,0,0.13991243,0
6884,0,1,0.07536555321857213,0,0.06767946,0
6885,0,1,0.07537176479044783,0,0.061976943,0
6886,0,0,0.16500560367713324,0,0.16877736,0
6887,0,1,0.10158366292200628,0,0.07321841,0
6888,0,0,0.13032527038617817,0,0.12050671,0
6889,0,1,0.19270418891830537,0,0.24392565,0
6890,0,1,0.1573377620708337,0,0.14721534,0
6891,0,0,0.11451597852850634,0,0.124415934,0
6892,1,1,0.12284199921267883,0,0.12546417,0
6893,1,0,0.14533896891443063,0,0.11227822,0
6894,0,1,0.08739174588359815,0,0.069783956,0
6895,0,1,0.1574606651282719,0,0.1859738,0
6896,0,1,0.20584279248188148,0,0.23295067,0
6897,0,0,0.07274608097047278,0,0.04289458,0
6898,0,1,0.27423677916654376,0,0.28585395,0
6899,0,0,0.1043237372957404,0,0.10050627,0
6900,0,1,0.2626666616716633,0,0.2490234,0
6901,0,1,0.21880654944553665,0,0.1980257,0
6902,0,0,0.2421073418889757,0,0.21154362,0
6903,0,1,0.13687684497939953,0,0.13865726,0
6904,0,1,0.1714244078535988,0,0.13656063,0
6905,0,1,0.1774076019851787,0,0.12976035,0
6906,1,1,0.12005045001120028,0,0.08736025,0
6907,1,0,0.28083380046387824,0,0.31387547,0
6908,1,1,0.1325438456599039,0,0.12453051,0
6909,1,0,0.14822513082463207,0,0.14823823,0
6910,0,0,0.11967566720414871,0,0.11442869,0
6911,0,1,0.11709026251969187,0,0.096218094,0
6912,0,1,0.28703520220454365,0,0.19850524,0
6913,0,1,0.10679352568756859,0,0.11406265,0
6914,0,0,0.24619982323594336,0,0.28357196,0
6915,0,1,0.07232695347477686,0,0.047494132,0
6916,0,1,0.13472859862389638,0,0.1716196,0
6917,0,0,0.13244330667111806,0,0.14693855,0
6918,0,0,0.07656921883687495,0,0.065679096,0
6919,0,0,0.19192569411122826,0,0.19924477,0
6920,0,0,0.3927102905962857,0,0.1687383,0
6921,0,1,0.08283555230601854,0,0.075478524,0
6922,0,1,0.1714301922851061,0,0.19342673,0
6923,0,1,0.10110167554548592,0,0.07086099,0
6924,0,1,0.07357063253585124,0,0.044911943,0
6925,0,1,0.10006052530514464,0,0.07124064,0
6926,0,1,0.09055837172219867,0,0.07978509,0
6927,0,1,0.18451602052595598,0,0.15889683,0
6928,0,1,0.12857201561407422,0,0.14495012,0
6929,1,0,0.2097852092551714,0,0.19241557,0
6930,0,1,0.07944737357148253,0,0.06219126,0
6931,0,0,0.08959543171938104,0,0.09003893,0
6932,0,0,0.14060383765524326,0,0.1380497,0
6933,0,1,0.15666759611220918,0,0.14104035,0
6934,0,0,0.05344323904095017,0,0.06340456,0
6935,0,0,0.20846139550347392,0,0.20262562,0
6936,1,1,0.1585614807649285,0,0.15587963,0
6937,0,1,0.13109854263663054,0,0.15306889,0
6938,0,1,0.09696273884151878,0,0.09042949,0
6939,0,1,0.09494623365955919,0,0.08073149,0
6940,0,1,0.2841739309112249,0,0.27593088,0
6941,0,1,0.11196175079338469,0,0.12345298,0
6942,0,0,0.09070125108543972,0,0.091407284,0
6943,0,0,0.14054277847635466,0,0.13831063,0
6944,0,1,0.19521751495900821,0,0.16209166,0
6945,0,1,0.11717524897262445,0,0.1230581,0
6946,0,1,0.12573456994838114,0,0.12565185,0
6947,0,0,0.17378009574526176,0,0.17026398,0
6948,1,0,0.1381653129083232,0,0.15739995,0
6949,0,0,0.13060693394652112,0,0.1524486,0
6950,0,0,0.05930595673371746,0,0.038123235,0
6951,0,0,0.0928871850583685,0,0.11037347,0
6952,1,1,0.12478810871175207,0,0.13709396,0
6953,0,0,0.34582579698348953,0,0.273946,0
6954,0,1,0.17220197076202687,0,0.16011856,0
6955,1,1,0.09635777598044522,0,0.13037163,0
6956,0,1,0.0966061348454096,0,0.12448467,0
6957,0,1,0.17690682027832683,0,0.12630098,0
6958,0,1,0.1586187336877676,0,0.20175003,0
6959,0,1,0.08113014011554662,0,0.092452936,0
6960,0,0,0.18422255992531972,0,0.20528893,0
6961,0,1,0.2072394501168199,0,0.2093144,0
6962,0,0,0.16468311914885422,0,0.116696484,0
6963,0,0,0.10916470020508721,0,0.106052086,0
6964,0,1,0.24690221983268634,0,0.27416503,0
6965,0,1,0.11193292303701108,0,0.09656316,0
6966,0,0,0.13117383476437708,0,0.13833144,0
6967,0,0,0.08919243423862587,0,0.098837,0
6968,0,1,0.08700573913334815,0,0.08130672,0
6969,0,1,0.1253916009165179,0,0.16310658,0
6970,0,1,0.09185192040310186,0,0.10425466,0
6971,1,1,0.239040163992579,0,0.20324324,0
6972,0,0,0.31117205951565335,0,0.23736577,0
6973,0,0,0.16672741485535084,0,0.18705231,0
6974,1,1,0.09500898312848573,0,0.11570941,0
6975,0,1,0.15776592330546962,0,0.13782552,0
6976,1,0,0.2938909419538288,0,0.22413355,0
6977,0,0,0.17920134633007387,0,0.1663371,0
6978,0,1,0.11699732927594174,0,0.12584813,0
6979,1,1,0.15289629733087307,0,0.1707624,0
6980,0,1,0.14315112602891614,0,0.11713897,0
6981,0,0,0.08780512535169802,0,0.09119999,0
6982,0,0,0.2203657546777155,0,0.26769394,0
6983,0,0,0.19106795128128667,0,0.0628913,0
6984,1,1,0.20529669491948385,0,0.23642424,0
6985,0,1,0.12891085695339813,0,0.14673093,0
6986,0,1,0.0962846331564442,0,0.10156669,0
6987,0,1,0.15203607432582072,0,0.14863677,0
6988,0,1,0.11556240048060286,0,0.15288973,0
6989,0,1,0.16447136403062135,0,0.10407942,0
6990,0,1,0.08308751156211869,0,0.07265999,0
6991,0,0,0.19269332167395117,0,0.17957056,0
6992,0,1,0.1714825105653228,0,0.13525596,0
6993,0,1,0.12473937994538331,0,0.12087007,0
6994,0,1,0.10883997125862377,0,0.13869713,0
6995,0,1,0.1872079391800411,0,0.21225324,0
6996,0,1,0.13169878211487968,0,0.19443113,0
6997,0,0,0.19277634165285049,0,0.20839067,0
6998,0,1,0.10792800067699791,0,0.13324761,0
6999,0,1,0.08111145537848674,0,0.096832454,0
7000,0,0,0.13335945681216396,0,0.13520126,0
7001,0,0,0.17112309823228208,0,0.14683075,0
7002,0,1,0.08437356216822639,0,0.07331961,0
7003,0,1,0.23978619254470376,0,0.23152584,0
7004,0,1,0.13507948764622776,0,0.13060953,0
7005,0,0,0.16553618268965498,0,0.13321488,0
7006,0,1,0.19962264518855896,0,0.18129376,0
7007,0,0,0.2840779128179086,0,0.2919516,0
7008,0,0,0.11470196353322079,0,0.08235794,0
7009,0,1,0.11987227284487056,0,0.122764945,0
7010,0,1,0.14986378534787348,0,0.17879632,0
7011,1,1,0.21815506899923923,0,0.18563263,0
7012,0,0,0.09107442640308817,0,0.1145244,0
7013,0,1,0.15588663075289969,0,0.19832876,0
7014,0,1,0.0605989383876307,0,0.04464026,0
7015,0,0,0.28402169162019814,0,0.21866684,0
7016,0,0,0.18090457846312966,0,0.15104248,0
7017,0,0,0.11759442348585081,0,0.12386123,0
7018,0,1,0.053257831813454344,0,0.045359723,0
7019,0,1,0.1521266802184281,0,0.14889471,0
7020,1,1,0.09538536273946359,0,0.085453905,0
7021,0,1,0.13165869244706327,0,0.11486667,0
7022,1,1,0.17575247318789416,0,0.16186231,0
7023,0,1,0.06806149801310285,0,0.040583003,0
7024,0,1,0.20157928959732846,0,0.18257497,0
7025,0,1,0.1417998531066004,0,0.15272132,0
7026,0,1,0.08439476348624067,0,0.07271404,0
7027,0,1,0.08108510917378813,0,0.054009926,0
7028,0,1,0.14207336122347788,0,0.16141593,0
7029,1,1,0.1354056613310526,0,0.1489054,0
7030,0,1,0.0968597836622009,0,0.104608655,0
7031,0,0,0.08999550411292682,0,0.1152692,0
7032,0,0,0.1770755775707525,0,0.1718103,0
7033,0,0,0.07823292778939873,0,0.063319296,0
7034,0,1,0.09656579348492766,0,0.091090426,0
7035,0,1,0.12825183918444913,0,0.12902258,0
7036,0,1,0.11001581245878521,0,0.07024414,0
7037,0,0,0.15047691198654192,0,0.10847825,0
7038,1,1,0.0918242240866581,0,0.10400809,0
7039,0,1,0.17996399134384292,0,0.12365362,0
7040,0,0,0.316981599115662,0,0.25635463,0
7041,0,1,0.18043352162845266,0,0.20341852,0
7042,0,1,0.17062827223899807,0,0.2090741,0
7043,0,1,0.1345086408077377,0,0.13350447,0
7044,0,1,0.05925252194298991,0,0.03757327,0
7045,0,0,0.05465023468918213,0,0.044681173,0
7046,0,1,0.11764781468158675,0,0.12110813,0
7047,0,1,0.16455227829761995,0,0.14587341,0
7048,0,1,0.09660859613055539,0,0.10181079,0
7049,0,1,0.22089441343768731,0,0.30968264,0
7050,0,1,0.13154923168761976,0,0.09302936,0
7051,0,0,0.19637820360399016,0,0.22291811,0
7052,0,1,0.13937216743489558,0,0.115470886,0
7053,0,1,0.11680826686605837,0,0.122577146,0
7054,1,1,0.1824813566388461,0,0.18350117,0
7055,0,1,0.11950306315803558,0,0.15773597,0
7056,0,0,0.10110167554548592,0,0.07086099,0
7057,0,1,0.18852981873474828,0,0.1792549,0
7058,0,1,0.12405028890607987,0,0.14420308,0
7059,1,0,0.13408372157979045,0,0.14972264,0
7060,0,1,0.20028971748519456,0,0.172278,0
7061,0,1,0.14095462332209518,0,0.12465839,0
7062,0,1,0.08654290801345087,0,0.08397362,0
7063,0,1,0.1023588723458591,0,0.08361004,0
7064,0,1,0.16695014357971705,0,0.17251647,0
7065,1,1,0.18523101936308017,0,0.16662589,0
7066,0,0,0.09004134688945768,0,0.112945445,0
7067,1,1,0.057827646530834526,0,0.04346116,0
7068,1,1,0.15206059091175403,0,0.1180933,0
7069,0,1,0.13895780159201418,0,0.121782325,0
7070,0,1,0.18418285711943408,0,0.17996936,0
7071,1,1,0.2005849811804179,0,0.2038561,0
7072,0,1,0.11532703188745674,0,0.12547664,0
7073,0,1,0.061933203773925534,0,0.054646205,0
7074,0,1,0.1005718430995813,0,0.12751085,0
7075,0,0,0.1407569135850119,0,0.10534434,0
7076,0,1,0.09293991466200764,0,0.12054758,0
7077,1,1,0.17681156883442742,0,0.16957244,0
7078,0,1,0.0770117255295476,0,0.052622244,0
7079,0,1,0.21202441813884873,0,0.23113559,0
7080,0,1,0.20990085058437483,0,0.26640368,0
7081,0,0,0.14699051622294573,0,0.10359915,0
7082,0,1,0.12465259289302909,0,0.22861506,0
7083,1,1,0.09126972601312233,0,0.121084556,0
7084,0,1,0.1624857243896777,0,0.15755378,0
7085,0,1,0.07274608097047278,0,0.04289458,0
7086,0,1,0.11749555676979866,0,0.10732769,0
7087,0,1,0.16247701095973668,0,0.15755378,0
7088,1,1,0.21421823319545577,0,0.20422912,0
7089,1,1,0.11699590137858658,0,0.12584813,0
7090,0,1,0.1601436383754528,0,0.17637785,0
7091,0,0,0.15887399527776994,0,0.17639977,0
7092,0,1,0.12109212408607091,0,0.1350858,0
7093,0,0,0.18568316546742852,0,0.18916407,0
7094,0,1,0.06884243551423039,0,0.054369193,0
7095,0,1,0.10974542926804155,0,0.11250086,0
7096,0,1,0.06988710598413589,0,0.062029783,0
7097,1,0,0.16583897171713868,0,0.19669035,0
7098,1,0,0.1271955976877043,0,0.15318775,0
7099,0,1,0.15474894226303612,0,0.15762989,0
7100,1,1,0.1253753412067028,0,0.11996058,0
7101,1,1,0.22313265465661727,0,0.19594736,0
7102,0,0,0.10258644795338198,0,0.122281775,0
7103,1,1,0.1776585388573034,0,0.17078094,0
7104,0,1,0.11170077477631483,0,0.11034718,0
7105,1,1,0.16512263337365238,0,0.19648172,0
7106,1,1,0.17403618831003886,0,0.18181422,0
7107,0,1,0.10400759948490672,0,0.11921662,0
7108,0,1,0.06872884266046611,0,0.03732536,0
7109,0,0,0.11425500063441599,0,0.12557825,0
7110,1,1,0.12755924743626232,0,0.13006788,0
7111,0,1,0.09569721920742327,0,0.09732845,0
7112,0,1,0.14277222224322111,0,0.13244788,0
7113,0,0,0.12897557723149544,0,0.14536831,0
7114,0,0,0.13931883485147792,0,0.100233525,0
7115,1,0,0.16099758161945468,0,0.15093575,0
7116,0,1,0.12705805163792894,0,0.1113009,0
7117,0,1,0.11680276706791028,0,0.122577146,0
7118,0,0,0.10625874788503724,0,0.1335764,0
7119,1,1,0.14857547868361368,0,0.11804776,0
7120,1,1,0.1312423031218693,0,0.13364756,0
7121,0,0,0.10003969886700906,0,0.077058464,0
7122,0,1,0.14567982154429598,0,0.14478521,0
7123,0,1,0.08740243243723868,0,0.06880008,0
7124,0,1,0.09935564537520182,0,0.0968097,0
7125,0,1,0.17916008797556152,0,0.38611048,0
7126,0,0,0.1569219359510713,0,0.15817043,0
7127,1,1,0.19282589902371136,0,0.20860617,0
7128,1,1,0.1590072837271507,0,0.15122567,0
7129,0,1,0.10588226842989142,0,0.12174112,0
7130,0,1,0.09130508233736334,0,0.088993564,0
7131,0,0,0.13447104941489618,0,0.1597503,0
7132,0,1,0.158092380649428,0,0.13485016,0
7133,0,1,0.10187314941432178,0,0.08724733,0
7134,0,0,0.1960282637442667,0,0.147104,0
7135,1,1,0.12847205574356965,0,0.14299907,0
7136,0,0,0.10825065305236418,0,0.1332653,0
7137,1,1,0.17424747525601847,0,0.19741608,0
7138,0,1,0.11331090792409436,0,0.14824301,0
7139,0,1,0.13682926644381221,0,0.1619539,0
7140,0,0,0.12453443653162756,0,0.11717041,0
7141,0,1,0.2057080418340661,0,0.21925619,0
7142,1,1,0.27326001552007106,0,0.2803226,0
7143,1,0,0.15029497788088725,0,0.14757167,0
7144,0,0,0.10457614305504731,0,0.12860289,0
7145,0,1,0.1257675769115518,0,0.1682555,0
7146,0,1,0.17435138613317075,0,0.14111567,0
7147,1,1,0.12666765916850412,0,0.13175115,0
7148,0,1,0.06893395016658053,0,0.066515654,0
7149,0,0,0.1098118849374299,0,0.12789273,0
7150,0,1,0.1326577988028623,0,0.15654045,0
7151,0,1,0.08819072506381388,0,0.07815636,0
7152,0,1,0.18420332972375028,0,0.16191797,0
7153,0,1,0.13755452085561923,0,0.16653213,0
7154,0,1,0.30184084413207696,0,0.23793155,0
7155,0,1,0.11519133869743176,0,0.16158576,0
7156,1,1,0.10626694303532241,0,0.091335885,0
7157,0,0,0.3510194775959719,0,0.45768854,0
7158,0,1,0.0709228664113068,0,0.054189466,0
7159,0,1,0.24582051802575522,0,0.27745882,0
7160,0,1,0.11114503621269867,0,0.14209428,0
7161,0,0,0.06724291034414306,0,0.061293192,0
7162,1,1,0.26123225886563767,0,0.27622136,0
7163,1,1,0.20121908114249915,0,0.20950143,0
7164,0,1,0.05927159724579769,0,0.042101648,0
7165,0,1,0.16237388289408117,0,0.1500311,0
7166,0,1,0.12636763153370256,0,0.12858729,0
7167,0,1,0.24237450265945715,0,0.22306934,0
7168,0,1,0.1343686188318432,0,0.16397384,0
7169,1,1,0.16119895542817203,0,0.1794138,0
7170,0,0,0.07331264458753813,0,0.11074673,0
7171,0,1,0.1614363012034619,0,0.14034411,0
7172,1,1,0.18446592722366909,0,0.18814766,0
7173,0,1,0.07406827125586883,0,0.05343975,0
7174,0,0,0.09860818778219475,0,0.09331583,0
7175,0,0,0.211805599469205,0,0.23614067,0
7176,1,0,0.17223700404239756,0,0.14948009,0
7177,1,0,0.10809848013767358,0,0.10766304,0
7178,0,0,0.18076960853813098,0,0.18877104,0
7179,0,1,0.09416020021760418,0,0.10729025,0
7180,0,1,0.10128848628370453,0,0.14561924,0
7181,0,1,0.08023592278192833,0,0.07100321,0
7182,0,1,0.0996735450687015,0,0.0989201,0
7183,0,1,0.1916968856971509,0,0.1822968,0
7184,0,0,0.13747950358574174,0,0.14579214,0
7185,0,1,0.20824307823910962,0,0.2115925,0
7186,0,1,0.2522193732362797,0,0.25729993,0
7187,0,0,0.10881111026589299,0,0.13434175,0
7188,0,1,0.1811322460676618,0,0.195449,0
7189,0,1,0.24146362959638398,0,0.16584831,0
7190,1,1,0.09939040293915814,0,0.09713664,0
7191,0,0,0.3381173595475489,0,0.2885053,0
7192,0,0,0.07408698037533873,0,0.048117876,0
7193,0,1,0.10036253445965537,0,0.06104454,0
7194,0,0,0.13353178088220632,0,0.1550992,0
7195,1,1,0.20451596120392881,0,0.22247536,0
7196,0,1,0.09193929872885556,0,0.10603104,0
7197,1,1,0.14150374855190398,0,0.11262472,0
7198,0,1,0.19502793990317893,0,0.15799521,0
7199,0,1,0.12900240878618982,0,0.12468248,0
7200,0,1,0.1218025561607699,0,0.11271959,0
7201,0,1,0.1405328111773369,0,0.15287612,0
7202,0,1,0.13847649581241545,0,0.1510304,0
7203,1,1,0.10366581267046368,0,0.11244725,0
7204,0,1,0.07575231820889439,0,0.04778434,0
7205,0,1,0.18755591060582485,0,0.25180653,0
7206,0,0,0.12034255178014129,0,0.12854972,0
7207,0,1,0.18165614473507535,0,0.17328368,0
7208,0,0,0.09190629240446245,0,0.085704066,0
7209,0,1,0.28196903550656216,0,0.23213817,0
7210,0,0,0.15487367983406067,0,0.13699383,0
7211,0,0,0.16470728257042538,0,0.15595636,0
7212,0,0,0.13982019666714285,0,0.16348317,0
7213,0,1,0.13702774311305727,0,0.13789478,0
7214,0,0,0.0839665788475949,0,0.06707163,0
7215,0,0,0.18902653095222183,0,0.18376313,0
7216,0,1,0.12709312988760224,0,0.1304241,0
7217,0,1,0.05930112577023215,0,0.038123235,0
7218,0,1,0.16215537162275478,0,0.188277,0
7219,0,1,0.10269983020001473,0,0.11599944,0
7220,1,0,0.1806139721274023,0,0.19941966,0
7221,1,1,0.10973433516690632,0,0.114302106,0
7222,0,1,0.07072319095538325,0,0.04984607,0
7223,0,0,0.07034814980931425,0,0.055507526,0
7224,0,1,0.1765496453303324,0,0.13494864,0
7225,0,1,0.16775780025512085,0,0.17175789,0
7226,1,1,0.2608777586534104,0,0.2232558,0
7227,1,1,0.1265304092212995,0,0.09601098,0
7228,0,1,0.13942003145580406,0,0.09659709,0
7229,0,1,0.09096051023677632,0,0.08758952,0
7230,0,1,0.11548101233445335,0,0.11361126,0
7231,1,1,0.09888631698692742,0,0.093135625,0
7232,0,1,0.1545282506977269,0,0.14261757,0
7233,0,0,0.14162246207625143,0,0.1576269,0
7234,0,1,0.10226948819905556,0,0.09208372,0
7235,0,0,0.2113716184739207,0,0.21137401,0
7236,0,0,0.11751714974378935,0,0.1294758,0
7237,0,0,0.13392239009000997,0,0.11344255,0
7238,0,1,0.10433726572343045,0,0.06897118,0
7239,0,1,0.11547344055373973,0,0.102992356,0
7240,1,0,0.10373736274606332,0,0.092977166,0
7241,0,1,0.1735150225439718,0,0.18762214,0
7242,0,1,0.08073684913201847,0,0.065233536,0
7243,0,1,0.08527632690369805,0,0.0875247,0
7244,0,0,0.08955478427463469,0,0.08672211,0
7245,0,1,0.18796959535876,0,0.20197017,0
7246,0,1,0.14279866869962432,0,0.13368233,0
7247,0,1,0.09398635005336342,0,0.10491467,0
7248,0,1,0.24671760778518853,0,0.2740381,0
7249,0,1,0.26490611270193637,0,0.22601733,0
7250,0,1,0.21407537464664286,0,0.22752605,0
7251,0,1,0.12240943519141605,0,0.13327233,0
7252,0,0,0.22227648548397855,0,0.18018706,0
7253,0,1,0.07893889932490798,0,0.12471639,0
7254,0,1,0.18906030440320556,0,0.22412482,0
7255,0,1,0.2273323407728902,0,0.21757156,0
7256,1,1,0.13616387607262256,0,0.21154846,0
7257,0,1,0.2182818936614381,0,0.18419492,0
7258,0,1,0.12240873824585796,0,0.13327233,0
7259,0,1,0.09852442830830602,0,0.10210003,0
7260,0,1,0.1613428822552673,0,0.14817105,0
7261,0,0,0.11742291585626304,0,0.09551473,0
7262,0,1,0.1424907921851368,0,0.20738593,0
7263,0,0,0.15289629733087307,0,0.1707624,0
7264,0,1,0.1427008441026813,0,0.14389358,0
7265,0,1,0.31456037834666,0,0.22987339,0
7266,0,0,0.17276522396530758,0,0.15161143,0
7267,0,1,0.25508733309045345,0,0.23505892,0
7268,1,1,0.20074792289127577,0,0.22806457,0
7269,0,1,0.07933954942919894,0,0.07443816,0
7270,0,0,0.09992492522904008,0,0.10417398,0
7271,1,1,0.09634922904227176,0,0.1256414,0
7272,0,1,0.13215519755872432,0,0.109350815,0
7273,0,0,0.18520129393898685,0,0.19386575,0
7274,0,1,0.30376274974515116,0,0.21720582,0
7275,0,1,0.18842728732373892,0,0.16081893,0
7276,0,1,0.06912838708527272,0,0.0435886,0
7277,0,1,0.0903277082471579,0,0.093824476,0
7278,0,1,0.1936598080098835,0,0.15871301,0
7279,0,1,0.17017097886235805,0,0.18410005,0
7280,0,0,0.06874051091389356,0,0.049875516,0
7281,0,1,0.13260362906370907,0,0.14078219,0
7282,0,1,0.12039618912704332,0,0.081610374,0
7283,0,1,0.1279584255726186,0,0.15776165,0
7284,0,1,0.11152713008070471,0,0.09831279,0
7285,0,1,0.17034056517445395,0,0.18199457,0
7286,0,1,0.20057744817320328,0,0.22711924,0
7287,0,1,0.16551590922670756,0,0.16830152,0
7288,0,1,0.09319890449031498,0,0.0974288,0
7289,0,1,0.140114071560803,0,0.11257221,0
7290,0,1,0.159692590227721,0,0.13909394,0
7291,0,1,0.10110167554548592,0,0.07086099,0
7292,0,1,0.2288892188071437,0,0.26887473,0
7293,0,0,0.1266710292408621,0,0.13175115,0
7294,0,0,0.12334175110578831,0,0.14560574,0
7295,0,1,0.09837039268533097,0,0.104671344,0
7296,0,1,0.1320314127858612,0,0.16324994,0
7297,0,1,0.12288068012086525,0,0.09851775,0
7298,1,1,0.08696197926575573,0,0.09151815,0
7299,0,0,0.19261714146442754,0,0.2387434,0
7300,0,1,0.2282112166865815,0,0.20534793,0
7301,0,1,0.08732126673771817,0,0.09762543,0
7302,1,0,0.224801308672065,0,0.29222703,0
7303,0,0,0.14651499169310397,0,0.1373851,0
7304,0,1,0.3251491153256643,0,0.36668035,0
7305,0,0,0.1662710818191064,0,0.20868862,0
7306,0,1,0.1807795653265528,0,0.20114072,0
7307,0,0,0.06548095175607524,0,0.04437731,0
7308,0,1,0.1849513578088898,0,0.14405978,0
7309,0,1,0.11240695975994576,0,0.12902945,0
7310,0,1,0.06376223205493271,0,0.04064027,0
7311,0,1,0.14781398708515642,0,0.16346832,0
7312,0,1,0.07969207090080055,0,0.053292543,0
7313,0,1,0.13211748662611317,0,0.14153628,0
7314,0,1,0.15711777291063295,0,0.1396924,0
7315,1,1,0.19261023027210514,0,0.15868229,0
7316,0,0,0.11394698653615624,0,0.11340673,0
7317,0,1,0.24764412631414714,0,0.29378265,0
7318,0,0,0.10433726572343045,0,0.06897118,0
7319,0,1,0.07831431796563866,0,0.07724888,0
7320,1,0,0.1353014809924346,0,0.13728578,0
7321,0,0,0.22661533635483266,0,0.22915362,0
7322,0,1,0.08485215971766909,0,0.09740601,0
7323,0,1,0.12414901827518394,0,0.10226035,0
7324,1,1,0.15578181644510367,0,0.17982982,0
7325,0,0,0.16354720115129986,0,0.15750071,0
7326,1,1,0.2005849811804179,0,0.2038561,0
7327,0,1,0.2141830990467388,0,0.20613833,0
7328,0,0,0.16895445007146645,0,0.152772,0
7329,0,1,0.167865004877506,0,0.14688358,0
7330,0,1,0.12896222585252148,0,0.123651095,0
7331,0,0,0.16461467425843285,0,0.13493632,0
7332,0,0,0.056276939131326024,0,0.044047073,0
7333,1,0,0.09182058881280769,0,0.099064045,0
7334,0,1,0.11435843593228658,0,0.10432731,0
7335,0,0,0.1365883786251543,0,0.12929165,0
7336,0,0,0.1843019302219565,0,0.18821052,0
7337,0,0,0.0716487593608079,0,0.06846914,0
7338,0,1,0.14581685253656912,0,0.14715768,0
7339,0,1,0.07023819114720073,0,0.03799109,0
7340,0,1,0.08567418020290936,0,0.07873925,0
7341,0,0,0.13557485610629888,0,0.1427926,0
7342,0,1,0.20595751897118098,0,0.27236685,0
7343,0,1,0.13014711608495763,0,0.15862326,0
7344,1,1,0.2301157529263094,0,0.2324588,0
7345,0,1,0.13960108351360115,0,0.16839847,0
7346,1,1,0.23623946078409142,0,0.312537,0
7347,0,1,0.1035601806667011,0,0.10687938,0
7348,0,0,0.07285557779536418,0,0.08461449,0
7349,0,1,0.13158270620029158,0,0.15067822,0
7350,0,0,0.17488609702105148,0,0.18376167,0
7351,0,1,0.2097436883649226,0,0.17257243,0
7352,0,1,0.15423842492113418,0,0.15393321,0
7353,0,0,0.26488852950209457,0,0.16106609,0
7354,0,0,0.07401983295166947,0,0.06112115,0
7355,0,1,0.1338904738769311,0,0.14502235,0
7356,0,1,0.26345494548575926,0,0.29960862,0
7357,1,1,0.20463378762878484,0,0.20769446,0
7358,0,0,0.2229976773860601,0,0.28532824,0
7359,0,0,0.1890837452926774,0,0.2067561,0
7360,1,1,0.248140635112264,0,0.19836003,0
7361,0,1,0.22889611143696262,0,0.30412,0
7362,0,1,0.11434992844199524,0,0.116251916,0
7363,0,0,0.09657876345106597,0,0.0670504,0
7364,0,1,0.16329812351390682,0,0.16124529,0
7365,0,0,0.11156121608398967,0,0.10305682,0
7366,0,0,0.06216605536444669,0,0.027948128,0
7367,0,1,0.18026863567326942,0,0.16055466,0
7368,0,1,0.14304560556052448,0,0.16935244,0
7369,0,1,0.16080806511620754,0,0.14447585,0
7370,0,0,0.12266333403883276,0,0.10767652,0
7371,0,1,0.1750703989608981,0,0.22007298,0
7372,0,0,0.07434782920186866,0,0.055792913,0
7373,0,1,0.186257272321797,0,0.16161613,0
7374,0,1,0.10047708531815525,0,0.12664413,0
7375,0,1,0.23016618753207718,0,0.19838962,0
7376,0,0,0.09908026459807552,0,0.08587734,0
7377,0,1,0.13156459265458056,0,0.15067822,0
7378,0,0,0.1776727522527206,0,0.15495719,0
7379,0,0,0.20209836299082437,0,0.16285042,0
7380,0,0,0.10507260844689098,0,0.09305328,0
7381,0,1,0.18874676172875246,0,0.17841871,0
7382,0,0,0.08697275266950269,0,0.093922414,0
7383,0,1,0.21135760679923501,0,0.21137401,0
7384,0,1,0.10433726572343045,0,0.06897118,0
7385,0,0,0.15117857910588192,0,0.20583606,0
7386,0,1,0.09651241116152241,0,0.08908691,0
7387,0,0,0.09811763052522154,0,0.113987744,0
7388,0,1,0.1027366761268085,0,0.11811905,0
7389,0,1,0.20421375396666355,0,0.26832506,0
7390,1,1,0.27700590832499394,0,0.2846017,0
7391,1,1,0.2821074408698767,0,0.2689513,0
7392,0,0,0.14990865032814144,0,0.1764375,0
7393,0,1,0.09216901979542891,0,0.07247986,0
7394,1,0,0.1883882723161966,0,0.15992337,0
7395,0,1,0.15149101765482068,0,0.14896175,0
7396,0,1,0.07075072542637012,0,0.061662443,0
7397,1,1,0.2608951296847428,0,0.25446776,0
7398,0,0,0.08055216798351751,0,0.0762215,0
7399,0,1,0.20095524722966193,0,0.19446927,0
7400,1,1,0.13307561023189537,0,0.13044192,0
7401,0,0,0.0709135178487259,0,0.06867387,0
7402,1,1,0.08287591459398798,0,0.100719035,0
7403,0,1,0.1603141456724184,0,0.16436653,0
7404,0,1,0.11108351878780498,0,0.16492754,0
7405,0,0,0.10924360285050382,0,0.092143275,0
7406,0,0,0.12301389215627596,0,0.12651952,0
7407,0,0,0.08732126673771817,0,0.09762543,0
7408,0,0,0.10406766581906056,0,0.08898469,0
7409,0,1,0.11803643972878768,0,0.14965223,0
7410,0,1,0.10293874645869892,0,0.11022502,0
7411,0,0,0.10513474243263995,0,0.12012334,0
7412,0,0,0.15925681884345022,0,0.17987172,0
7413,0,0,0.08352603941535568,0,0.09292587,0
7414,0,1,0.06066741214748887,0,0.057808995,0
7415,0,1,0.22783146907751456,0,0.23560233,0
7416,0,0,0.30389876212842243,0,0.21473603,0
7417,0,0,0.09810050860243326,0,0.11591595,0
7418,0,0,0.12653282190962994,0,0.10342065,0
7419,0,1,0.05626515025987517,0,0.022916175,0
7420,1,1,0.08759447451201346,0,0.08748257,0
7421,1,0,0.09907019345312,0,0.08612419,0
7422,1,1,0.1951030716266298,0,0.17264266,0
7423,0,1,0.20534746028896178,0,0.17825593,0
7424,0,0,0.15364520662711803,0,0.14179295,0
7425,0,1,0.19426853069520814,0,0.21414225,0
7426,0,0,0.06894887313608722,0,0.055346377,0
7427,0,1,0.16620014069265485,0,0.2782639,0
7428,0,1,0.2564282990662079,0,0.25701442,0
7429,1,1,0.15612840820977153,0,0.12656766,0
7430,0,1,0.17378390102500538,0,0.16278164,0
7431,0,0,0.08099994492128071,0,0.087269865,0
7432,0,0,0.1087963273025316,0,0.16620441,0
7433,1,1,0.26623191435389704,0,0.37476206,0
7434,0,0,0.25827111728174856,0,0.26832741,0
7435,0,1,0.20770939192368118,0,0.16703704,0
7436,0,0,0.13426549233079163,0,0.15067557,0
7437,0,0,0.10919033885286486,0,0.12666903,0
7438,0,0,0.20060453851072557,0,0.22314197,0
7439,0,1,0.06889983160495808,0,0.05042143,0
7440,0,1,0.12723345355014057,0,0.12133636,0
7441,0,1,0.14032651079789468,0,0.120538905,0
7442,0,0,0.15291376146318258,0,0.18905942,0
7443,0,1,0.16449259946224604,0,0.11899572,0
7444,0,1,0.10395029944363791,0,0.1178074,0
7445,1,1,0.11239305780662957,0,0.13932945,0
7446,0,1,0.19184649678688245,0,0.27480626,0
7447,0,1,0.19262871798581038,0,0.19546035,0
7448,0,1,0.17393545038950825,0,0.15626438,0
7449,0,0,0.11478782246951742,0,0.121428795,0
7450,1,1,0.1426440850091805,0,0.122588396,0
7451,1,1,0.07705957888091214,0,0.08380189,0
7452,0,0,0.34044137788311546,0,0.24657561,0
7453,0,1,0.2500978357749585,0,0.27033213,0
7454,0,0,0.07249255490028715,0,0.053326465,0
7455,0,1,0.12431004256570122,0,0.12373469,0
7456,0,1,0.17950941098210815,0,0.18263859,0
7457,0,0,0.26140105104574984,0,0.30169007,0
7458,0,1,0.0967627426641947,0,0.08573803,0
7459,0,1,0.10778953751221249,0,0.089916684,0
7460,0,0,0.22168881524590192,0,0.23685285,0
7461,0,1,0.15720247696406336,0,0.14920814,0
7462,1,1,0.22532410899792588,0,0.23272073,0
7463,0,1,0.06870352107677923,0,0.050385226,0
7464,0,1,0.2479010920188616,0,0.24225046,0
7465,1,1,0.11364896018577142,0,0.1223191,0
7466,0,1,0.1772436497246106,0,0.1521411,0
7467,0,1,0.08889304341258696,0,0.08951869,0
7468,0,0,0.09204702411346845,0,0.098686196,0
7469,0,0,0.13851117229337961,0,0.16280505,0
7470,0,0,0.0919015323372411,0,0.06822789,0
7471,0,1,0.18658203498261725,0,0.22114788,0
7472,0,1,0.14939484910832415,0,0.19341895,0
7473,1,0,0.15493316766555337,0,0.13699383,0
7474,1,0,0.18563100901809715,0,0.18295841,0
7475,0,1,0.07782572444318261,0,0.07674777,0
7476,0,0,0.10137134727338139,0,0.097062096,0
7477,0,1,0.08470725995780413,0,0.07629211,0
7478,1,1,0.08313067292476445,0,0.06408244,0
7479,1,1,0.26308241273320015,0,0.25204292,0
7480,0,1,0.09375438558369154,0,0.09737151,0
7481,1,1,0.21819901774645933,0,0.16188627,0
7482,0,1,0.11538438111306407,0,0.110326864,0
7483,0,1,0.15767886137620055,0,0.15092176,0
7484,1,1,0.13358842937689475,0,0.13908538,0
7485,1,1,0.1311791499603837,0,0.13001963,0
7486,0,1,0.13851569878213466,0,0.12907799,0
7487,1,1,0.1355610716632148,0,0.1457998,0
7488,1,1,0.16473956762547165,0,0.1746412,0
7489,0,1,0.11855118478276244,0,0.16610853,0
7490,0,1,0.07233810171984609,0,0.047494132,0
7491,1,1,0.14933534140770918,0,0.16454981,0
7492,0,0,0.17792688085824193,0,0.15584202,0
7493,1,1,0.3266697172213934,0,0.35922533,0
7494,0,1,0.2809637541955984,0,0.23944618,0
7495,0,1,0.11036832031145193,0,0.15124926,0
7496,0,0,0.1565440506296203,0,0.15764871,0
7497,0,1,0.17143145948801722,0,0.13656063,0
7498,0,1,0.12277736549135598,0,0.12786269,0
7499,0,1,0.1262049335528788,0,0.13678569,0
7500,0,1,0.12842224091728915,0,0.1521439,0
7501,0,1,0.09650328137332137,0,0.13337892,0
7502,0,1,0.12720851446037817,0,0.11977398,0
7503,0,0,0.1043457065894513,0,0.10135789,0
7504,0,0,0.29510128540386155,0,0.28773597,0
7505,0,0,0.24712944440543944,0,0.20826083,0
7506,0,0,0.1572724447012147,0,0.17095019,0
7507,0,0,0.21127288564551128,0,0.17992513,0
7508,0,1,0.11971068598840424,0,0.104130715,0
7509,0,1,0.11157335042995446,0,0.10305682,0
7510,1,1,0.12123650321509508,0,0.09262794,0
7511,0,1,0.09984375327149561,0,0.0905247,0
7512,0,0,0.06082633094716381,0,0.026498297,0
7513,0,0,0.12882170390691153,0,0.11336893,0
7514,0,1,0.17092588702049752,0,0.17569314,0
7515,0,1,0.1837420755059049,0,0.133653,0
7516,0,0,0.17762377731848483,0,0.17808099,0
7517,0,1,0.09865232358590413,0,0.1083931,0
7518,0,1,0.18528406864784117,0,0.1951179,0
7519,0,1,0.06056212871675131,0,0.03591506,0
7520,0,0,0.080996039490895,0,0.075317085,0
7521,0,1,0.20773034204593085,0,0.24677724,0
7522,0,1,0.07091407538515103,0,0.06867387,0
7523,0,1,0.12311227064469862,0,0.13618706,0
7524,0,1,0.28442445333613986,0,0.28501233,0
7525,1,0,0.2145340587819112,0,0.1898001,0
7526,0,1,0.19939933613879687,0,0.28412744,0
7527,0,0,0.260948981639215,0,0.2926298,0
7528,0,1,0.12805653523387553,0,0.12148267,0
7529,0,1,0.16698757562549124,0,0.17263287,0
7530,0,1,0.148230971496703,0,0.14823823,0
7531,0,0,0.12039618912704332,0,0.081610374,0
7532,1,0,0.08520828621554542,0,0.121844105,0
7533,0,1,0.11444825825915796,0,0.12522474,0
7534,0,1,0.119249804177762,0,0.113559864,0
7535,0,1,0.08917828727597182,0,0.12264557,0
7536,1,1,0.13517875679260274,0,0.1416811,0
7537,1,1,0.138481477053653,0,0.12274728,0
7538,0,1,0.14123172527810984,0,0.17065032,0
7539,0,0,0.11873671442580401,0,0.10574338,0
7540,0,1,0.14200913330004822,0,0.14572604,0
7541,1,1,0.0669318288875819,0,0.08294785,0
7542,0,0,0.11444489061205226,0,0.10898086,0
7543,0,1,0.1603427637577473,0,0.14993285,0
7544,0,1,0.16918356699119164,0,0.13193573,0
7545,0,1,0.11789737873318053,0,0.14963067,0
7546,0,1,0.13677237186462057,0,0.16617809,0
7547,0,0,0.13035930658267159,0,0.14643925,0
7548,0,0,0.2027650918051013,0,0.23822932,0
7549,0,1,0.1204234052229389,0,0.10636445,0
7550,0,0,0.091817178158366,0,0.099064045,0
7551,0,1,0.17736463098297767,0,0.23883581,0
7552,0,1,0.06795891214257575,0,0.08294804,0
7553,0,1,0.18535240013407966,0,0.21322393,0
7554,0,0,0.11756041280434722,0,0.10494441,0
7555,0,1,0.2397742523516775,0,0.22010231,0
7556,0,0,0.19502574151441884,0,0.23187657,0
7557,0,1,0.13552389163927359,0,0.15058291,0
7558,0,1,0.12592625771206395,0,0.12695795,0
7559,1,0,0.10637852100557815,0,0.11565162,0
7560,0,0,0.08624794488274883,0,0.08553805,0
7561,1,1,0.09302674639032196,0,0.112950064,0
7562,0,1,0.15649357374119366,0,0.16401486,0
7563,0,1,0.15568758498448787,0,0.17207074,0
7564,0,1,0.08664050128917646,0,0.08534759,0
7565,0,1,0.15983414898726525,0,0.22880305,0
7566,0,0,0.08919243423862587,0,0.098837,0
7567,0,0,0.07998481949072278,0,0.08222918,0
7568,0,0,0.13512574582913608,0,0.14799313,0
7569,0,1,0.11182115067854483,0,0.10613692,0
7570,0,0,0.09935511530988697,0,0.0968097,0
7571,1,0,0.17271971448327372,0,0.17458458,0
7572,1,1,0.08051229512179922,0,0.06618563,0
7573,0,1,0.22546904698405495,0,0.23606515,0
7574,0,0,0.1289218001638096,0,0.113596044,0
7575,0,1,0.08613715245059944,0,0.07166592,0
7576,0,1,0.0967998522493793,0,0.08552276,0
7577,1,0,0.12927713650764255,0,0.13435017,0
7578,0,1,0.20170946819974492,0,0.17672734,0
7579,0,1,0.11158902755364285,0,0.11002154,0
7580,0,1,0.2667726381768889,0,0.18697594,0
7581,0,0,0.0635611698093911,0,0.069976635,0
7582,0,1,0.11043611109945002,0,0.1358031,0
7583,0,0,0.19335216946327893,0,0.16706464,0
7584,0,1,0.0703578722793659,0,0.055612262,0
7585,0,0,0.05925252194298991,0,0.03757327,0
7586,1,1,0.14663263119183137,0,0.15433143,0
7587,0,1,0.19709245271359851,0,0.33948502,0
7588,0,1,0.11720567271457277,0,0.11946431,0
7589,0,1,0.17411121424639703,0,0.18256515,0
7590,0,1,0.17659455367212593,0,0.1750811,0
7591,0,1,0.16345089512021596,0,0.16075134,0
7592,0,1,0.10392108411377907,0,0.09696673,0
7593,0,1,0.11392290556223826,0,0.09188069,0
7594,0,1,0.15178365921394818,0,0.104584955,0
7595,0,0,0.22046625582169663,0,0.22872198,0
7596,0,1,0.187541635668956,0,0.19861929,0
7597,0,1,0.1470313282890147,0,0.17103842,0
7598,0,0,0.05751813334794174,0,0.039720677,0
7599,0,0,0.21922539225993323,0,0.1846335,0
7600,0,0,0.18868617111268657,0,0.18823,0
7601,0,1,0.20085808925769835,0,0.18439989,0
7602,0,1,0.12255656709218796,0,0.12500785,0
7603,1,1,0.14816304527175336,0,0.1535874,0
7604,1,1,0.21561744392222712,0,0.20710184,0
7605,0,1,0.12453638909692666,0,0.13793965,0
7606,0,0,0.11146363393055421,0,0.10995164,0
7607,0,1,0.17341403183472923,0,0.1196627,0
7608,0,0,0.07034814980931425,0,0.055507526,0
7609,0,1,0.12447901758023273,0,0.13467276,0
7610,0,1,0.1050750998130755,0,0.11789098,0
7611,0,1,0.08752096812008517,0,0.09320194,0
7612,1,0,0.08750470106205835,0,0.082473926,0
7613,0,0,0.09050981598652902,0,0.10190119,0
7614,0,1,0.11105078051423316,0,0.10926905,0
7615,0,1,0.0710800664813512,0,0.06400633,0
7616,0,0,0.1064833910301649,0,0.101738125,0
7617,0,1,0.08835745377158503,0,0.077622026,0
7618,0,1,0.11117673916229251,0,0.15190181,0
7619,0,0,0.13997109693518417,0,0.15034936,0
7620,0,1,0.16677220046998228,0,0.12867013,0
7621,0,1,0.1851778250448725,0,0.1825783,0
7622,1,1,0.17841308888576468,0,0.22177063,0
7623,0,0,0.22502406394749022,0,0.21828316,0
7624,0,1,0.060868176289836755,0,0.03836346,0
7625,0,1,0.1682887628009318,0,0.16109563,0
7626,0,1,0.1253659693031352,0,0.10947851,0
7627,0,1,0.22483734211782563,0,0.29222703,0
7628,0,1,0.12548159806481377,0,0.10514979,0
7629,0,1,0.11187312894023671,0,0.112328805,0
7630,1,1,0.08474991591698797,0,0.084524445,0
7631,0,1,0.18731337578739238,0,0.1904227,0
7632,0,1,0.08166021149738005,0,0.051107775,0
7633,0,1,0.0989205726634051,0,0.098085634,0
7634,0,1,0.106599004064904,0,0.0977376,0
7635,0,1,0.1456580572925598,0,0.12855513,0
7636,1,1,0.12460070965727749,0,0.11371346,0
7637,0,1,0.0736402332284647,0,0.06602726,0
7638,0,1,0.21040655577334647,0,0.23036058,0
7639,0,1,0.08439565715166455,0,0.07271404,0
7640,1,0,0.135253611482677,0,0.12790014,0
7641,0,0,0.16034958146550535,0,0.1560276,0
7642,0,0,0.15179390185593375,0,0.1511846,0
7643,0,0,0.19460117896902582,0,0.16041943,0
7644,1,1,0.18379077463406654,0,0.14545864,0
7645,0,1,0.15576306247315672,0,0.15200433,0
7646,0,0,0.13474938231808084,0,0.1407007,0
7647,1,1,0.2148245141640226,0,0.24104963,0
7648,0,1,0.15347383966788303,0,0.13003871,0
7649,0,1,0.16677543666990982,0,0.15352243,0
7650,0,1,0.11671907565925979,0,0.10717613,0
7651,0,1,0.1516339543432713,0,0.1596098,0
7652,1,1,0.2082749261470258,0,0.21299148,0
7653,0,1,0.09709904676223673,0,0.0919567,0
7654,0,1,0.13334249309100754,0,0.17102548,0
7655,0,1,0.060921827962129506,0,0.035121027,0
7656,0,1,0.11751266882865835,0,0.084559985,0
7657,0,0,0.16105294250882563,0,0.1722261,0
7658,0,1,0.1781865563762476,0,0.18290095,0
7659,0,1,0.14301034388210213,0,0.16337082,0
7660,0,1,0.2057080418340661,0,0.21925619,0
7661,0,1,0.26473475111605776,0,0.18738392,0
7662,0,0,0.10958782800625813,0,0.11618051,0
7663,0,1,0.07433035984408762,0,0.053473108,0
7664,0,1,0.28774826746340476,0,0.25891513,0
7665,0,0,0.1123195731083505,0,0.121403374,0
7666,0,1,0.14809650618770723,0,0.1440051,0
7667,0,1,0.12243583072989983,0,0.14126107,0
7668,0,1,0.20426798373245253,0,0.1881229,0
7669,0,1,0.205135493615847,0,0.20904075,0
7670,0,0,0.09230862817575333,0,0.10731771,0
7671,0,1,0.1441738702777617,0,0.1276793,0
7672,0,0,0.16418309747859397,0,0.15228775,0
7673,0,0,0.2007966552858811,0,0.19943058,0
7674,0,1,0.08923442343424477,0,0.099678226,0
7675,1,0,0.1662319478433647,0,0.17287402,0
7676,0,1,0.2541838284297587,0,0.22631063,0
7677,1,1,0.06884243551423039,0,0.054369193,0
7678,0,0,0.3117701593362098,0,0.31328836,0
7679,1,1,0.08936348255614729,0,0.09596404,0
7680,0,0,0.08973977166374576,0,0.116995014,0
7681,1,0,0.10660424967991754,0,0.117894426,0
7682,0,1,0.22048718840577197,0,0.2234087,0
7683,0,0,0.1921951455791887,0,0.16886301,0
7684,0,1,0.11973000866255896,0,0.1149676,0
7685,0,0,0.1600164284270413,0,0.17899095,0
7686,1,1,0.17455112586613833,0,0.18484543,0
7687,0,1,0.0637851368547067,0,0.042884625,0
7688,0,1,0.2270513186929857,0,0.22211635,0
7689,0,1,0.08972287262872003,0,0.078419186,0
7690,0,1,0.06684110992346191,0,0.05881962,0
7691,0,1,0.17253057687655407,0,0.15413456,0
7692,0,1,0.1774565103270889,0,0.17821164,0
7693,0,1,0.11182115067854483,0,0.10613692,0
7694,0,1,0.21342692846729133,0,0.18816635,0
7695,0,1,0.13170579328500828,0,0.18234417,0
7696,0,1,0.29337099525917404,0,0.29258657,0
7697,0,1,0.12490901538638265,0,0.120036714,0
7698,0,1,0.10350944202530872,0,0.098902896,0
7699,0,0,0.080996039490895,0,0.075317085,0
7700,0,1,0.12289557806164765,0,0.09755163,0
7701,1,0,0.16569822118076313,0,0.11771547,0
7702,0,1,0.1391738696264156,0,0.16907565,0
7703,0,1,0.08442648733784322,0,0.07641418,0
7704,0,1,0.1630674910221423,0,0.15272309,0
7705,1,1,0.2929212930357098,0,0.25284263,0
7706,0,1,0.20912208841178886,0,0.19014509,0
7707,0,1,0.15405122401855365,0,0.1680988,0
7708,1,1,0.059277684311504764,0,0.0430494,0
7709,0,1,0.21407260101972367,0,0.18347183,0
7710,0,1,0.07898176263811456,0,0.09744029,0
7711,0,1,0.08100290560389854,0,0.087269865,0
7712,0,0,0.2789876311470659,0,0.28066182,0
7713,0,0,0.1638683702301396,0,0.16526914,0
7714,0,0,0.07789903411896573,0,0.05693638,0
7715,0,1,0.1507001794983223,0,0.14504343,0
7716,0,1,0.10252320581495841,0,0.1171879,0
7717,0,1,0.10957033899261369,0,0.093973815,0
7718,0,1,0.17549131068217422,0,0.18922517,0
7719,0,0,0.13631815578741002,0,0.14582399,0
7720,0,1,0.1721298470379696,0,0.17679895,0
7721,0,1,0.10975302873900487,0,0.13538343,0
7722,0,1,0.0964782227205564,0,0.10020635,0
7723,0,0,0.26845188010802457,0,0.24524511,0
7724,0,1,0.10914842498494742,0,0.107809566,0
7725,0,1,0.06376223205493271,0,0.04064027,0
7726,1,1,0.14567132633833166,0,0.1437315,0
7727,1,1,0.06684110992346191,0,0.05881962,0
7728,0,1,0.08870543158062724,0,0.07832151,0
7729,0,1,0.15624045501491327,0,0.16791084,0
7730,0,1,0.1374592437731907,0,0.16187929,0
7731,0,0,0.11998591241618763,0,0.11794624,0
7732,0,1,0.15359543761894953,0,0.14025557,0
7733,0,1,0.15047150633232248,0,0.13873209,0
7734,0,1,0.11650701370054002,0,0.12378635,0
7735,1,1,0.18372800379386434,0,0.19397166,0
7736,0,1,0.1241968337443514,0,0.11955601,0
7737,0,1,0.07675240621629406,0,0.07386095,0
7738,0,1,0.17742624994929942,0,0.17717804,0
7739,0,1,0.10788948808508093,0,0.11468163,0
7740,0,1,0.10584149769879378,0,0.11956618,0
7741,0,0,0.13988056078167443,0,0.12411199,0
7742,0,1,0.12160513299656094,0,0.100148946,0
7743,1,1,0.10980550332206968,0,0.13192268,0
7744,0,0,0.1369375942144543,0,0.20070565,0
7745,0,0,0.054608017426144684,0,0.036615916,0
7746,0,1,0.18217134362607465,0,0.19483995,0
7747,0,0,0.13735728945974038,0,0.13073076,0
7748,1,1,0.1723661983083907,0,0.19236395,0
7749,0,1,0.0623997208696735,0,0.04271789,0
7750,0,1,0.05636039639206568,0,0.070805974,0
7751,1,1,0.13844907186597846,0,0.14174606,0
7752,0,1,0.12034547814637502,0,0.12854972,0
7753,0,0,0.10963709393156468,0,0.10164549,0
7754,1,1,0.23574797082718627,0,0.23118702,0
7755,0,0,0.05761455933187728,0,0.07312577,0
7756,0,1,0.2190494331613452,0,0.21054661,0
7757,0,1,0.1357563132743625,0,0.13868062,0
7758,0,1,0.0972951607229992,0,0.09706559,0
7759,0,1,0.14275237054882933,0,0.17876175,0
7760,0,1,0.19650555145217827,0,0.17325167,0
7761,0,1,0.1142506331298281,0,0.12557825,0
7762,0,1,0.11562848729808715,0,0.14640388,0
7763,0,0,0.13588010128315772,0,0.21249148,0
7764,1,1,0.21719432174004247,0,0.22915362,0
7765,1,1,0.22038269157368393,0,0.19904384,0
7766,0,0,0.11231113996198736,0,0.12929517,0
7767,0,1,0.07070800304034935,0,0.05243145,0
7768,0,1,0.15346689861541554,0,0.15274768,0
7769,1,1,0.11932468985696527,0,0.14936112,0
7770,0,1,0.25235452981641615,0,0.07606252,0
7771,0,1,0.08155735936351183,0,0.09546566,0
7772,1,1,0.09102857706106304,0,0.12760465,0
7773,1,1,0.1351844347170003,0,0.16715305,0
7774,1,0,0.3357142270522277,0,0.31715763,0
7775,0,1,0.14327820188592952,0,0.13535723,0
7776,0,1,0.14355376722212312,0,0.14838177,0
7777,0,0,0.09392204494057436,0,0.097920544,0
7778,0,0,0.1631401914834397,0,0.18894501,0
7779,0,1,0.1284103549347555,0,0.12167218,0
7780,0,0,0.09101776325762183,0,0.092585355,0
7781,0,0,0.08779552382691141,0,0.09204446,0
7782,0,0,0.17019890338132623,0,0.17827627,0
7783,0,1,0.15387917237405283,0,0.17691165,0
7784,1,1,0.1738186307136018,0,0.20046179,0
7785,0,1,0.3176750437235871,0,0.27730367,0
7786,0,0,0.20350662337577244,0,0.18762721,0
7787,0,1,0.07536555321857213,0,0.06767946,0
7788,0,1,0.16477917911951892,0,0.1583425,0
7789,0,1,0.17470488537545767,0,0.1760129,0
7790,0,1,0.15353900959222405,0,0.14408958,0
7791,0,1,0.1501995537180056,0,0.14737093,0
7792,0,0,0.13957348316488657,0,0.1507831,0
7793,0,0,0.09570800394378957,0,0.11504209,0
7794,0,0,0.1425322825810036,0,0.15818362,0
7795,0,1,0.16096563367944294,0,0.17278306,0
7796,0,0,0.14948190408654444,0,0.14236341,0
7797,0,0,0.07709015831681257,0,0.055305693,0
7798,0,1,0.19260294421738308,0,0.1658443,0
7799,0,1,0.1921806323143873,0,0.213629,0
7800,1,1,0.21104457290542802,0,0.19225529,0
7801,0,0,0.09573244420498149,0,0.088847406,0
7802,0,1,0.20649770578633447,0,0.24776538,0
7803,0,0,0.09064787426118136,0,0.08736103,0
7804,0,0,0.20149123059719773,0,0.17643547,0
7805,1,0,0.21514656162709214,0,0.19924444,0
7806,0,0,0.17703853952051232,0,0.15253624,0
7807,1,1,0.13601437597443636,0,0.14990547,0
7808,0,1,0.1138325889154688,0,0.17296985,0
7809,0,1,0.28085558044673986,0,0.2756718,0
7810,0,1,0.08535990974942495,0,0.08137007,0
7811,0,0,0.1814910300134143,0,0.17519411,0
7812,0,1,0.1619717554342609,0,0.14522463,0
7813,0,0,0.13048082624889412,0,0.1458729,0
7814,0,1,0.07536555321857213,0,0.06767946,0
7815,0,1,0.07624199595062806,0,0.055640858,0
7816,1,1,0.14600355189341555,0,0.18600327,0
7817,1,1,0.16711347595313988,0,0.18267986,0
7818,0,1,0.3188209139855238,0,0.28071347,0
7819,0,1,0.12705805163792894,0,0.1113009,0
7820,0,1,0.07412476011752049,0,0.063526005,0
7821,0,1,0.14622503224622055,0,0.12451593,0
7822,0,0,0.14852821464360666,0,0.16019925,0
7823,0,1,0.1188938549613076,0,0.1274537,0
7824,0,0,0.09413335340539211,0,0.08958151,0
7825,0,1,0.10809241562522767,0,0.116445124,0
7826,0,1,0.13018927402064898,0,0.11017003,0
7827,0,0,0.1142506331298281,0,0.12557825,0
7828,0,1,0.1473570351519827,0,0.14545582,0
7829,0,1,0.25973571693542546,0,0.26387766,0
7830,1,0,0.1718668952162313,0,0.1571063,0
7831,1,0,0.3021809049086135,0,0.2815334,0
7832,0,1,0.3769619689072663,0,0.34148017,0
7833,0,0,0.21198295725136548,0,0.2326813,0
7834,0,0,0.19192569411122826,0,0.19924477,0
7835,0,0,0.16906295833399848,0,0.12241304,0
7836,0,0,0.22443766628890938,0,0.29900712,0
7837,0,1,0.1164118506900985,0,0.11606541,0
7838,0,1,0.09092571699128453,0,0.09082213,0
7839,0,1,0.11857115274872217,0,0.12587005,0
7840,0,1,0.16586332787567132,0,0.148848,0
7841,0,0,0.12178858690227069,0,0.12984964,0
7842,0,1,0.19192569411122826,0,0.19924477,0
7843,0,0,0.161324302960145,0,0.13419838,0
7844,1,0,0.12200823279155885,0,0.1591884,0
7845,1,0,0.1274024033392324,0,0.17560484,0
7846,0,0,0.07244632935156461,0,0.05259779,0
7847,0,1,0.1783508807926652,0,0.14392671,0
7848,0,1,0.28463243820345935,0,0.3005014,0
7849,1,1,0.13201835379328844,0,0.084120296,0
7850,0,1,0.1213375783880053,0,0.119859956,0
7851,0,1,0.11487066584118791,0,0.0890532,0
7852,0,0,0.09033116179078987,0,0.093824476,0
7853,0,0,0.10979324644574351,0,0.12789273,0
7854,0,1,0.294846317241593,0,0.18443832,0
7855,0,1,0.09794660585860512,0,0.10656296,0
7856,0,1,0.20354119145223132,0,0.18762721,0
7857,0,1,0.15047691198654192,0,0.10847825,0
7858,1,0,0.2098390831899418,0,0.19256243,0
7859,0,1,0.2795713482395992,0,0.2578983,0
7860,0,0,0.1463426750113875,0,0.13996431,0
7861,0,0,0.11415165195839917,0,0.10924067,0
7862,0,1,0.09531545845265252,0,0.0927175,0
7863,0,1,0.08067864751576213,0,0.06948208,0
7864,0,0,0.22692765173854323,0,0.21247612,0
7865,0,1,0.1078480530427439,0,0.15549155,0
7866,0,1,0.07517375238586961,0,0.046864517,0
7867,0,0,0.06404301058037583,0,0.040256713,0
7868,0,0,0.1518431191861111,0,0.14718379,0
7869,0,0,0.33004492278685205,0,0.32255927,0
7870,1,0,0.1515069914515463,0,0.2568115,0
7871,0,0,0.06578740879836877,0,0.05945642,0
7872,1,1,0.16320986319169664,0,0.19363864,0
7873,0,0,0.12944309799462547,0,0.14155857,0
7874,0,1,0.17661854947724046,0,0.1750811,0
7875,0,1,0.12492243859866643,0,0.23899543,0
7876,0,1,0.12162363436160198,0,0.10638102,0
7877,0,1,0.08939775975330895,0,0.10427076,0
7878,1,1,0.12573456994838114,0,0.12565185,0
7879,0,1,0.15899577939016463,0,0.15122567,0
7880,1,0,0.1164092307464635,0,0.12023975,0
7881,1,1,0.20364624852214747,0,0.18296579,0
7882,0,1,0.1613816265394503,0,0.12153011,0
7883,0,1,0.09222407523896,0,0.11314216,0
7884,1,1,0.2007369551310749,0,0.17131697,0
7885,0,0,0.1170845899823169,0,0.10047241,0
7886,0,1,0.21028900115757257,0,0.20476897,0
7887,0,1,0.17262532433331232,0,0.19283892,0
7888,0,0,0.06856779714201247,0,0.06114028,0
7889,0,0,0.3466000770869062,0,0.29982102,0
7890,0,1,0.1667536916369494,0,0.17664309,0
7891,0,1,0.05206382682168162,0,0.038586415,0
7892,0,0,0.135627361581073,0,0.11586959,0
7893,0,1,0.06058408678750476,0,0.04279483,0
7894,0,0,0.22108685808804493,0,0.25565025,0
7895,0,1,0.17000991636485513,0,0.17999572,0
7896,0,1,0.19133373560573544,0,0.23151173,0
7897,0,1,0.1521774054197073,0,0.15386124,0
7898,0,1,0.08408729380149846,0,0.09562874,0
7899,0,1,0.08475722407205301,0,0.084524445,0
7900,0,0,0.06385732023617144,0,0.053994384,0
7901,0,1,0.0717590640085885,0,0.050083626,0
7902,0,1,0.0990680477578985,0,0.0825284,0
7903,0,1,0.13202303420382167,0,0.17643766,0
7904,0,0,0.26080397852562387,0,0.23135045,0
7905,0,1,0.20291994781433173,0,0.21219027,0
7906,0,1,0.05931949168925485,0,0.03746682,0
7907,0,0,0.1204228972998656,0,0.10636445,0
7908,0,0,0.16307790717831466,0,0.1974269,0
7909,0,1,0.1166732230999966,0,0.11517816,0
7910,0,1,0.28140439321388216,0,0.2865913,0
7911,0,0,0.26425725382884263,0,0.21058334,0
7912,1,1,0.16804976213906236,0,0.169883,0
7913,0,1,0.13251794999642036,0,0.121748105,0
7914,0,0,0.10144568345298406,0,0.11840417,0
7915,0,0,0.07828473921613657,0,0.071983345,0
7916,0,1,0.06059469931339836,0,0.04464026,0
7917,0,0,0.10883999861820261,0,0.13869713,0
7918,0,0,0.16094694043600524,0,0.14209136,0
7919,0,1,0.07822315134776113,0,0.06690334,0
7920,0,1,0.16183439811017455,0,0.16989073,0
7921,0,1,0.11398253340899367,0,0.12577984,0
7922,0,1,0.06376405068529817,0,0.04445072,0
7923,0,1,0.22694856490081125,0,0.2285874,0
7924,0,1,0.0656778595944223,0,0.046597835,0
7925,0,0,0.1774076019851787,0,0.12976035,0
7926,0,1,0.17611402577878846,0,0.16500597,0
7927,0,0,0.21832338210930288,0,0.20780477,0
7928,0,0,0.160847579130968,0,0.15447795,0
7929,0,1,0.18474899965852903,0,0.19835918,0
7930,0,0,0.1273334937709368,0,0.11957131,0
7931,0,1,0.12288068012086525,0,0.09851775,0
7932,0,1,0.13546413673947255,0,0.16165769,0
7933,0,1,0.21018264964695055,0,0.16927911,0
7934,0,1,0.09619730318478073,0,0.094104245,0
7935,0,0,0.240701034498578,0,0.29533634,0
7936,0,1,0.11900105382378187,0,0.09437734,0
7937,0,1,0.10080822575663631,0,0.1488091,0
7938,0,1,0.15266826615737342,0,0.1544486,0
7939,1,1,0.07253186230035727,0,0.047196914,0
7940,1,1,0.248447859478233,0,0.22411413,0
7941,0,0,0.10061061272513923,0,0.097924754,0
7942,1,0,0.1389522593835227,0,0.13119838,0
7943,0,0,0.09906271836343782,0,0.12252202,0
7944,0,1,0.1095584903867706,0,0.12770808,0
7945,0,1,0.13523702473695837,0,0.16692893,0
7946,0,1,0.2022171562199354,0,0.18394183,0
7947,1,1,0.12742188706284616,0,0.12967427,0
7948,0,1,0.15515833988193184,0,0.15171556,0
7949,0,0,0.07437785327292608,0,0.057467796,0
7950,0,0,0.1560981961845364,0,0.132829,0
7951,0,1,0.1557516962003333,0,0.15935217,0
7952,1,0,0.128397105478687,0,0.1849591,0
7953,0,1,0.10401520894554954,0,0.071826324,0
7954,0,1,0.15037498903952873,0,0.110209815,0
7955,1,1,0.13151704205218748,0,0.113025114,0
7956,0,0,0.1768099083108891,0,0.16852407,0
7957,0,1,0.18872707936793484,0,0.14196602,0
7958,0,1,0.10782387332204924,0,0.13865906,0
7959,0,1,0.21789640572140176,0,0.24720147,0
7960,0,1,0.07539679348720456,0,0.077404305,0
7961,0,0,0.14964338951460407,0,0.13767369,0
7962,1,0,0.08277747316269568,0,0.09120842,0
7963,0,0,0.06813044957521482,0,0.08213352,0
7964,0,1,0.28907271419110236,0,0.26920915,0
7965,0,1,0.13622247380178426,0,0.13045219,0
7966,0,1,0.08138337362672214,0,0.07003501,0
7967,0,1,0.08976816316759892,0,0.14714035,0
7968,0,1,0.15994111070073608,0,0.22880305,0
7969,0,0,0.3113208739713445,0,0.3081914,0
7970,0,0,0.19661326470364981,0,0.1599212,0
7971,0,1,0.0881163092615938,0,0.08371764,0
7972,0,1,0.15408127564451465,0,0.12642248,0
7973,0,0,0.09686702380570357,0,0.087548696,0
7974,0,0,0.11706822360782745,0,0.10914896,0
7975,0,1,0.15262411913950694,0,0.14076966,0
7976,1,1,0.11518915373263987,0,0.16158576,0
7977,1,1,0.26347760670401943,0,0.216533,0
7978,0,1,0.09686393903743322,0,0.094275236,0
7979,0,0,0.17468215172918408,0,0.18280856,0
7980,0,1,0.18377423019445627,0,0.16633502,0
7981,0,1,0.18784732966825232,0,0.17137006,0
7982,0,1,0.09028224381843042,0,0.060711183,0
7983,0,1,0.09372307511105689,0,0.09955713,0
7984,0,1,0.15855472984948724,0,0.21063669,0
7985,0,1,0.11984605695715132,0,0.13832974,0
7986,0,1,0.09901902094118578,0,0.073260084,0
7987,0,0,0.1456580572925598,0,0.12855513,0
7988,1,0,0.1328863620537755,0,0.12515874,0
7989,0,0,0.10873460453112584,0,0.102476716,0
7990,0,1,0.15551225889824968,0,0.14120658,0
7991,0,1,0.09499350349873437,0,0.088512585,0
7992,0,1,0.19574930453053732,0,0.19127962,0
7993,0,0,0.05343049793039117,0,0.04254204,0
7994,0,1,0.1804829714235432,0,0.1862513,0
7995,0,0,0.2699769573486471,0,0.34007835,0
7996,0,0,0.17556613649221686,0,0.16647574,0
7997,0,1,0.09658545415210633,0,0.11622093,0
7998,0,1,0.2935514789224493,0,0.26895633,0
7999,0,1,0.07466731358983998,0,0.054043613,0
8000,0,1,0.16410254360708768,0,0.17088728,0
8001,0,0,0.05604283072809926,0,0.05105423,0
8002,0,1,0.08106594325366752,0,0.056459848,0
8003,0,0,0.11226410017657938,0,0.109354876,0
8004,0,1,0.1529899212574748,0,0.15660451,0
8005,0,0,0.16636839629201672,0,0.17312855,0
8006,0,0,0.06060706405536389,0,0.04225637,0
8007,0,0,0.23121638582998988,0,0.22171485,0
8008,0,1,0.2868920310854713,0,0.26250103,0
8009,0,1,0.13484715459405078,0,0.14514583,0
8010,0,0,0.14426338540167474,0,0.14604692,0
8011,0,0,0.14407165360091417,0,0.14718251,0
8012,0,0,0.1844801009123594,0,0.17648801,0
8013,0,1,0.15014605960758162,0,0.16080852,0
8014,1,0,0.15710315029624394,0,0.18343942,0
8015,0,1,0.11501134014690453,0,0.15229079,0
8016,0,1,0.06915977754746455,0,0.05486606,0
8017,0,0,0.13799785538791395,0,0.14803101,0
8018,0,0,0.1159140009736454,0,0.0949836,0
8019,0,0,0.06383245278972856,0,0.038167033,0
8020,0,1,0.13182179675737535,0,0.14201029,0
8021,0,0,0.0624272537142385,0,0.044010606,0
8022,0,1,0.29818162260029635,0,0.2821227,0
8023,0,1,0.10410561725226444,0,0.1028788,0
8024,0,1,0.12578716766077397,0,0.1284729,0
8025,0,0,0.23994877430711908,0,0.22180328,0
8026,0,1,0.18344795909184333,0,0.16440608,0
8027,0,1,0.07862738032506662,0,0.08192995,0
8028,0,1,0.18238691553264375,0,0.17157163,0
8029,0,0,0.22872094476744473,0,0.22758359,0
8030,0,1,0.09423227837571244,0,0.09634596,0
8031,0,1,0.14343700552267666,0,0.08957152,0
8032,0,1,0.08959782461693462,0,0.09156903,0
8033,0,1,0.11662511944078478,0,0.12582463,0
8034,0,1,0.18081698407189484,0,0.2058089,0
8035,0,0,0.08074144720118968,0,0.08821083,0
8036,0,0,0.22641347000470363,0,0.20324574,0
8037,0,1,0.12877329143546065,0,0.1438598,0
8038,0,1,0.07928185641524228,0,0.065823324,0
8039,0,1,0.36391144045727647,0,0.31835353,0
8040,0,1,0.05205107636807129,0,0.08684287,0
8041,0,1,0.08238550288652326,0,0.08757127,0
8042,0,1,0.07575467543570667,0,0.08684741,0
8043,0,1,0.17038900566436008,0,0.18199457,0
8044,0,1,0.14277242710775406,0,0.13394585,0
8045,1,1,0.23971348222293853,0,0.21834949,0
8046,0,1,0.12454967560010705,0,0.14350939,0
8047,0,1,0.13343003483635557,0,0.12475497,0
8048,0,0,0.11482908722859379,0,0.11891575,0
8049,0,0,0.22604197269562065,0,0.2505506,0
8050,0,0,0.09292505351194323,0,0.10776518,0
8051,1,0,0.16242912413450983,0,0.18197422,0
8052,0,0,0.14381209828183938,0,0.13335808,0
8053,1,1,0.26889478056438887,0,0.19629376,0
8054,1,1,0.1837473795526671,0,0.2538892,0
8055,0,1,0.18407701452274763,0,0.22206047,0
8056,1,1,0.1456907051587477,0,0.15107973,0
8057,1,0,0.2502957154685546,0,0.2446407,0
8058,0,1,0.2807251151101145,0,0.2537544,0
8059,0,1,0.15047691198654192,0,0.10847825,0
8060,0,0,0.12705397429517226,0,0.11249346,0
8061,0,1,0.1929888089728561,0,0.15851411,0
8062,0,1,0.13929796026669058,0,0.15613373,0
8063,0,1,0.060808028043822196,0,0.053341452,0
8064,0,1,0.062388021193392325,0,0.03531304,0
8065,0,1,0.11001581245878521,0,0.07024414,0
8066,0,1,0.1658130007075774,0,0.13601997,0
8067,0,0,0.0826076175243154,0,0.07276119,0
8068,0,0,0.19400339137201372,0,0.16598539,0
8069,0,1,0.09155036181386561,0,0.086084925,0
8070,0,1,0.1987462238717114,0,0.20258075,0
8071,0,0,0.07286503304160719,0,0.06299111,0
8072,0,1,0.17461177245545598,0,0.17014515,0
8073,1,1,0.1189777603482601,0,0.08877193,0
8074,0,0,0.23990374536829365,0,0.28382117,0
8075,0,0,0.15289629733087307,0,0.1707624,0
8076,0,1,0.09455213518070267,0,0.109819345,0
8077,0,1,0.13608337158165815,0,0.14008984,0
8078,0,0,0.10595396448884745,0,0.1607631,0
8079,0,1,0.10350944202530872,0,0.098902896,0
8080,0,1,0.12130148372290613,0,0.12916791,0
8081,0,1,0.08706822977953248,0,0.072116785,0
8082,0,0,0.159692590227721,0,0.13909394,0
8083,0,1,0.10806969848546631,0,0.11539097,0
8084,0,1,0.11439815251801254,0,0.12489828,0
8085,0,0,0.11711008821220273,0,0.10668248,0
8086,0,1,0.25288042790166865,0,0.24497488,0
8087,0,0,0.26183082720220563,0,0.16501305,0
8088,0,1,0.10706187345404003,0,0.10552687,0
8089,0,1,0.1547307554250432,0,0.14578252,0
8090,0,1,0.09662599976365495,0,0.08075949,0
8091,0,0,0.09331131848906117,0,0.09869097,0
8092,0,0,0.18860879401905792,0,0.16881134,0
8093,0,1,0.0652698912442439,0,0.063940644,0
8094,0,1,0.13170949575670798,0,0.15326497,0
8095,0,1,0.07700214208997276,0,0.0642841,0
8096,1,1,0.15412594235298163,0,0.11692436,0
8097,0,1,0.164438710554374,0,0.1913131,0
8098,0,0,0.2249386805047523,0,0.2651453,0
8099,0,0,0.11395715400601826,0,0.12619236,0
8100,0,1,0.1322409911932882,0,0.16263536,0
8101,0,1,0.2938187662496286,0,0.31938365,0
8102,0,0,0.1610309998785409,0,0.15093575,0
8103,0,1,0.2318905834279748,0,0.19718178,0
8104,0,1,0.09071804912165106,0,0.086390816,0
8105,0,1,0.1000175868499134,0,0.106753394,0
8106,0,1,0.13399150822959113,0,0.14271745,0
8107,0,1,0.08276960381813327,0,0.13197681,0
8108,0,1,0.07536555321857213,0,0.06767946,0
8109,0,1,0.12748461691322546,0,0.27582273,0
8110,0,1,0.1061700434711808,0,0.093826346,0
8111,0,0,0.07861532452859656,0,0.087013036,0
8112,1,1,0.180924513117121,0,0.1817934,0
8113,0,0,0.13760485317041712,0,0.12327518,0
8114,0,1,0.2574361163935862,0,0.2436158,0
8115,0,0,0.07402460132162844,0,0.05370114,0
8116,0,0,0.07163294434688844,0,0.053337213,0
8117,0,1,0.10780659858989744,0,0.07395463,0
8118,0,0,0.10940318137736116,0,0.13174215,0
8119,0,1,0.17789809294062853,0,0.19408542,0
8120,0,1,0.08702870891754202,0,0.07860285,0
8121,0,1,0.12288068012086525,0,0.09851775,0
8122,0,1,0.3405532408143661,0,0.27452153,0
8123,0,0,0.07513707532298257,0,0.05223076,0
8124,0,1,0.08622154394519359,0,0.071655296,0
8125,1,1,0.07700214208997276,0,0.0642841,0
8126,0,0,0.3414716691185022,0,0.2951539,0
8127,0,1,0.16091897939109123,0,0.1496593,0
8128,0,0,0.1451735866593142,0,0.14130375,0
8129,0,1,0.23729573755251632,0,0.19712865,0
8130,0,1,0.1599299089145715,0,0.1413571,0
8131,0,1,0.15325221597836577,0,0.17155074,0
8132,0,1,0.10252177833289472,0,0.1171879,0
8133,0,1,0.07076202020406784,0,0.0451691,0
8134,0,1,0.16976825465272594,0,0.15454946,0
8135,0,1,0.14948599242807734,0,0.14236341,0
8136,0,0,0.1212727260700067,0,0.15446159,0
8137,1,1,0.08919243423862587,0,0.098837,0
8138,0,1,0.11184634420049641,0,0.11801875,0
8139,0,1,0.07994512005393435,0,0.073193654,0
8140,0,1,0.26184500219539314,0,0.16501305,0
8141,0,1,0.10109544858380604,0,0.07428201,0
8142,0,0,0.18334399355635206,0,0.2093723,0
8143,0,1,0.16652465601010216,0,0.15880953,0
8144,1,1,0.07513519356773493,0,0.05223076,0
8145,0,0,0.19144409993903522,0,0.1671016,0
8146,1,0,0.15405090055762258,0,0.13062227,0
8147,0,0,0.1607959336510214,0,0.1550737,0
8148,0,1,0.12153840962367393,0,0.12612091,0
8149,1,1,0.12326445338877329,0,0.13659474,0
8150,0,1,0.23563582969990532,0,0.2870019,0
8151,0,1,0.12129935559202179,0,0.11661285,0
8152,0,1,0.1717265050132212,0,0.1350024,0
8153,0,1,0.12710636537518843,0,0.14301673,0
8154,0,0,0.17276522396530758,0,0.15161143,0
8155,1,0,0.0990078230138462,0,0.07648079,0
8156,0,1,0.11035544224465291,0,0.11263967,0
8157,0,1,0.09784179718696416,0,0.12486987,0
8158,0,0,0.19028925810969136,0,0.21915092,0
8159,1,0,0.10628280370473628,0,0.09346123,0
8160,1,1,0.06924566487124845,0,0.06286271,0
8161,0,0,0.20810641241793243,0,0.24003938,0
8162,1,1,0.1218466453099723,0,0.11820135,0
8163,0,0,0.09186196793462695,0,0.08836601,0
8164,0,0,0.10871626321801034,0,0.10365741,0
8165,0,1,0.20967861371305882,0,0.18700798,0
8166,0,1,0.23750891817548098,0,0.2128915,0
8167,0,1,0.15124788896917665,0,0.1548007,0
8168,0,0,0.20123408361256898,0,0.19712996,0
8169,0,1,0.16837042909189107,0,0.15966031,0
8170,1,1,0.14222883109594572,0,0.18482922,0
8171,0,1,0.16978139159630914,0,0.16860889,0
8172,0,1,0.11851382524964277,0,0.104746476,0
8173,0,0,0.1281558448746383,0,0.18809183,0
8174,0,1,0.10418683010568976,0,0.05560081,0
8175,0,1,0.21178210101913672,0,0.14158277,0
8176,0,1,0.13935593426568377,0,0.13356262,0
8177,1,1,0.08521187226851475,0,0.08682898,0
8178,0,1,0.10841830397758895,0,0.1720099,0
8179,0,1,0.09534458291373898,0,0.112747274,0
8180,1,1,0.29569834535634004,0,0.22933424,0
8181,0,1,0.17587628443280537,0,0.23404795,0
8182,0,1,0.15502794834237368,0,0.16113004,0
8183,0,0,0.17467910177519658,0,0.18280856,0
8184,0,1,0.1807534011412312,0,0.16661951,0
8185,0,0,0.19140553177206027,0,0.1874499,0
8186,0,1,0.13211440821662848,0,0.14220889,0
8187,0,1,0.1535371032886479,0,0.14408958,0
8188,0,1,0.18993112537177004,0,0.1735383,0
8189,0,1,0.09577511205531822,0,0.09981285,0
8190,0,1,0.1062111619133431,0,0.121688224,0
8191,0,0,0.09865219869547058,0,0.12666504,0
8192,0,0,0.09518288601230124,0,0.100405544,0
8193,0,0,0.16196409166328257,0,0.15844136,0
8194,0,1,0.14325146680723375,0,0.1506209,0
8195,0,1,0.13251794999642036,0,0.121748105,0
8196,1,1,0.07700214208997276,0,0.0642841,0
8197,0,1,0.059161240079669324,0,0.036320657,0
8198,0,1,0.0762234428668686,0,0.06926279,0
8199,0,0,0.1493544921057507,0,0.13953848,0
8200,0,1,0.15508169682534417,0,0.15469272,0
8201,1,1,0.16871778065302273,0,0.1728554,0
8202,0,1,0.17611402577878846,0,0.16500597,0
8203,0,0,0.1849855601453704,0,0.17453304,0
8204,0,0,0.09292288990638262,0,0.10776518,0
8205,0,1,0.09909612849913546,0,0.08716747,0
8206,1,1,0.17579490636538525,0,0.1974984,0
8207,0,0,0.0896658852501754,0,0.072518736,0
8208,0,1,0.11775647074971494,0,0.13621993,0
8209,1,1,0.11009252692703209,0,0.1701042,0
8210,0,1,0.1873165533323211,0,0.1904227,0
8211,0,1,0.19191338049345374,0,0.1799917,0
8212,0,1,0.0782791554306617,0,0.068454616,0
8213,0,1,0.13895780159201418,0,0.121782325,0
8214,0,1,0.14046701936195663,0,0.15466626,0
8215,1,0,0.14845640901216825,0,0.12847282,0
8216,0,1,0.20061099025458745,0,0.20939587,0
8217,0,0,0.18508225095167133,0,0.17965135,0
8218,1,1,0.2555645972064917,0,0.29348698,0
8219,0,0,0.061680871647341554,0,0.060941726,0
8220,0,0,0.08519958177636851,0,0.0884603,0
8221,0,1,0.09168931569163326,0,0.15185238,0
8222,0,1,0.06409219670269233,0,0.045106575,0
8223,1,1,0.17015666523232745,0,0.13207737,0
8224,0,1,0.18027455470779638,0,0.16055466,0
8225,0,0,0.18423201343854842,0,0.18323538,0
8226,0,1,0.08701268551385115,0,0.077398434,0
8227,0,1,0.1200549698368311,0,0.11985989,0
8228,0,0,0.32831308359409006,0,0.33027127,0
8229,0,1,0.12044696678609318,0,0.1491013,0
8230,0,1,0.18513284174799738,0,0.18301064,0
8231,0,0,0.15418508501499492,0,0.0959698,0
8232,0,1,0.1689678469830675,0,0.16654365,0
8233,0,0,0.19205985857871632,0,0.15863916,0
8234,1,1,0.10509424648749617,0,0.09025202,0
8235,0,0,0.28248022371019177,0,0.24181356,0
8236,0,1,0.056159682801567155,0,0.04892557,0
8237,0,0,0.11961137646635767,0,0.10831015,0
8238,0,0,0.1432611604711441,0,0.14625953,0
8239,0,1,0.15262411913950694,0,0.14076966,0
8240,1,1,0.18133390528458246,0,0.17895123,0
8241,0,1,0.0963298174566709,0,0.095027566,0
8242,0,1,0.1327286950879176,0,0.16012047,0
8243,0,1,0.14532246349809205,0,0.15043756,0
8244,0,0,0.11936041340767851,0,0.10132018,0
8245,0,1,0.17789809294062853,0,0.19408542,0
8246,0,1,0.08156507180730582,0,0.06756387,0
8247,0,0,0.07318949875108016,0,0.0714246,0
8248,0,0,0.07787709205298425,0,0.07068964,0
8249,0,1,0.07930337609997669,0,0.08153922,0
8250,0,0,0.19349022375026342,0,0.21936576,0
8251,1,1,0.1649607314996888,0,0.18006253,0
8252,1,1,0.17987087318542577,0,0.16914912,0
8253,0,1,0.27302853265547317,0,0.27655298,0
8254,0,0,0.2726884622373304,0,0.2890467,0
8255,1,1,0.1557361427622649,0,0.1605689,0
8256,1,1,0.3118516259323082,0,0.2219484,0
8257,1,1,0.17060468689734418,0,0.17071694,0
8258,0,1,0.07991574617342759,0,0.06704343,0
8259,0,1,0.14415033224680146,0,0.16707157,0
8260,0,1,0.14990865032814144,0,0.1764375,0
8261,0,0,0.1170974019127492,0,0.11144484,0
8262,0,1,0.10743942737822246,0,0.099164166,0
8263,0,1,0.11384174131175513,0,0.136465,0
8264,0,1,0.11124706944550745,0,0.14436157,0
8265,0,1,0.11397509852841936,0,0.10914956,0
8266,0,1,0.16095789252082618,0,0.23447064,0
8267,0,1,0.1616164509381605,0,0.17174625,0
8268,0,0,0.1178534124279911,0,0.11823849,0
8269,0,0,0.13483815337722585,0,0.1490046,0
8270,0,1,0.13705346266667187,0,0.14667593,0
8271,0,1,0.14772551442904328,0,0.10730254,0
8272,0,1,0.1607433617142926,0,0.1372297,0
8273,0,1,0.062388021193392325,0,0.03531304,0
8274,0,1,0.10655596583240343,0,0.120569855,0
8275,0,1,0.2309337835570818,0,0.25742605,0
8276,0,1,0.1095615449207986,0,0.12770808,0
8277,0,0,0.33272438246465,0,0.2937028,0
8278,0,0,0.2050777669493822,0,0.2141511,0
8279,1,0,0.1067060611646304,0,0.113004915,0
8280,0,1,0.07700214208997276,0,0.0642841,0
8281,0,0,0.0873457779424931,0,0.09800967,0
8282,0,1,0.1303678331530786,0,0.12744293,0
8283,0,0,0.13901176885004976,0,0.14297651,0
8284,0,0,0.08466855834066224,0,0.06791773,0
8285,0,0,0.17161315153766382,0,0.16788642,0
8286,0,1,0.2896462003418158,0,0.3813303,0
8287,0,1,0.0786521715375291,0,0.08063281,0
8288,1,0,0.11323272822985575,0,0.13199314,0
8289,0,0,0.1353240710946182,0,0.16473897,0
8290,0,1,0.18834496617568872,0,0.19723922,0
8291,0,1,0.088728715249977,0,0.07832151,0
8292,0,1,0.20043139246175032,0,0.28033784,0
8293,0,0,0.07356487687426795,0,0.046730015,0
8294,0,0,0.19275437648892346,0,0.19072324,0
8295,0,0,0.11463349994029555,0,0.13674133,0
8296,0,0,0.1646511302605987,0,0.15329298,0
8297,0,1,0.06887303642648102,0,0.0559831,0
8298,0,0,0.08806840080543932,0,0.06983628,0
8299,1,1,0.060583765709437146,0,0.04279483,0
8300,0,0,0.09519400761811578,0,0.080338545,0
8301,0,1,0.21115054971614536,0,0.25802705,0
8302,0,1,0.062388021193392325,0,0.03531304,0
8303,0,0,0.12171945486926422,0,0.11813,0
8304,0,0,0.08683218867458864,0,0.07573299,0
8305,0,1,0.11949754268358652,0,0.14647712,0
8306,0,1,0.15970027004110554,0,0.14046852,0
8307,0,1,0.23009212010878358,0,0.1972476,0
8308,0,1,0.16392010980202518,0,0.15552706,0
8309,0,0,0.15418996790899914,0,0.20678401,0
8310,0,1,0.27358211998124954,0,0.2993392,0
8311,0,0,0.13842595248976197,0,0.14848262,0
8312,0,1,0.13050871165918426,0,0.1556654,0
8313,1,1,0.18928530553205147,0,0.15834035,0
8314,0,1,0.0970210189297369,0,0.10837442,0
8315,0,1,0.13405997695715388,0,0.13724364,0
8316,0,1,0.10258115048839515,0,0.11523834,0
8317,0,1,0.1654374579553628,0,0.17512716,0
8318,0,0,0.07257341061990967,0,0.06200299,0
8319,0,1,0.15507172570279595,0,0.17045557,0
8320,0,0,0.2143800467941637,0,0.2185412,0
8321,0,1,0.09700930317909812,0,0.096767455,0
8322,0,1,0.08277708766329644,0,0.09120842,0
8323,0,1,0.12273426222292348,0,0.13441764,0
8324,0,1,0.14593239702796815,0,0.18296267,0
8325,0,0,0.2368769023793325,0,0.2573097,0
8326,0,1,0.13213685575135634,0,0.13884124,0
8327,0,1,0.12876465225686903,0,0.12666142,0
8328,0,0,0.1058939388293992,0,0.12946941,0
8329,0,1,0.10164216344947516,0,0.09273035,0
8330,0,0,0.22710587668432414,0,0.22211635,0
8331,0,1,0.10978330477685674,0,0.10529892,0
8332,0,1,0.33178902639161906,0,0.3548373,0
8333,0,1,0.12774795000033498,0,0.12577467,0
8334,0,1,0.15294935243206173,0,0.13787802,0
8335,1,0,0.15100394242553947,0,0.1621816,0
8336,0,1,0.21065067405707916,0,0.1871482,0
8337,0,0,0.18499377466666636,0,0.17911763,0
8338,0,0,0.10649708455163202,0,0.10500198,0
8339,0,1,0.10625097730591503,0,0.08713067,0
8340,0,1,0.11074343457467183,0,0.09279795,0
8341,0,1,0.1639320346001234,0,0.15887965,0
8342,0,1,0.2984802472355572,0,0.2580767,0
8343,0,0,0.17524343317062158,0,0.1773559,0
8344,0,0,0.2710808451944602,0,0.32575306,0
8345,0,1,0.09489412851417033,0,0.06864229,0
8346,0,1,0.14732376996498617,0,0.14362432,0
8347,0,1,0.07524583979589818,0,0.06602726,0
8348,0,0,0.21427972804259773,0,0.21378708,0
8349,0,1,0.07938948761241726,0,0.0839894,0
8350,0,1,0.1028284615418249,0,0.11290817,0
8351,0,1,0.13951055492047332,0,0.12784126,0
8352,0,0,0.10453647289446438,0,0.11790865,0
8353,0,1,0.10373599373441188,0,0.16048692,0
8354,0,1,0.10150933996435704,0,0.08311598,0
8355,0,0,0.11715016724991222,0,0.09749059,0
8356,0,0,0.12242473855229627,0,0.13301629,0
8357,0,1,0.2137946323788199,0,0.16543652,0
8358,0,0,0.07034814980931425,0,0.055507526,0
8359,0,0,0.12715851425328947,0,0.096469626,0
8360,0,0,0.19028686422936109,0,0.20406897,0
8361,1,0,0.14179136268332596,0,0.14867537,0
8362,1,0,0.1886134216426438,0,0.16564485,0
8363,0,1,0.10359307566126745,0,0.091304675,0
8364,0,1,0.06955140753587774,0,0.04971764,0
8365,0,1,0.22694439311814454,0,0.24847984,0
8366,0,1,0.12296440237625257,0,0.10595147,0
8367,0,1,0.12638863839894682,0,0.16368766,0
8368,0,1,0.08701879401438462,0,0.090084106,0
8369,0,1,0.15780485661821386,0,0.15281002,0
8370,0,0,0.06716818193036797,0,0.05276916,0
8371,0,0,0.12368525304100308,0,0.1174292,0
8372,0,0,0.16635698636152835,0,0.14954823,0
8373,0,1,0.1435922457841171,0,0.104270674,0
8374,0,1,0.13977752618400094,0,0.16304846,0
8375,0,1,0.07077806573197927,0,0.046426397,0
8376,1,0,0.10635685667926184,0,0.10824797,0
8377,0,1,0.15695757779776243,0,0.15983658,0
8378,0,1,0.22499115712068285,0,0.24273373,0
8379,0,1,0.2007236215979854,0,0.24175432,0
8380,0,0,0.21580575314522343,0,0.21145885,0
8381,0,1,0.16310686022582557,0,0.1907657,0
8382,0,0,0.09386005884827031,0,0.06291085,0
8383,0,1,0.23075222992084984,0,0.20040828,0
8384,1,1,0.1112368624359116,0,0.14436157,0
8385,0,0,0.1767584798090498,0,0.14754872,0
8386,0,1,0.10041703649810485,0,0.0996219,0
8387,1,1,0.08232808069167989,0,0.08613826,0
8388,0,0,0.21452754692833473,0,0.1898001,0
8389,0,0,0.15543740675431053,0,0.18176636,0
8390,0,1,0.07275523355554336,0,0.041293267,0
8391,0,0,0.12680701609275957,0,0.121464714,0
8392,0,1,0.1447979074163352,0,0.17243043,0
8393,0,0,0.13690515297104067,0,0.14060497,0
8394,0,0,0.19146857959979333,0,0.14366907,0
8395,0,1,0.10621276150581621,0,0.095580816,0
8396,0,1,0.11007484370940072,0,0.12936115,0
8397,0,0,0.2110098296752845,0,0.20307393,0
8398,0,1,0.10914842498494742,0,0.107809566,0
8399,0,0,0.20466995831496299,0,0.1646998,0
8400,0,1,0.1853126716287556,0,0.1842474,0
8401,0,0,0.10106782562791845,0,0.15997927,0
8402,0,1,0.12956867495767063,0,0.16400419,0
8403,0,1,0.18096934765643832,0,0.13167396,0
8404,0,1,0.15215287012790277,0,0.15518269,0
8405,0,1,0.12586885611404214,0,0.13902053,0
8406,0,0,0.08974507141109395,0,0.12335776,0
8407,0,1,0.19414293998554233,0,0.21881022,0
8408,0,1,0.10719165423385689,0,0.08724059,0
8409,0,0,0.20749207255807578,0,0.23713395,0
8410,0,1,0.12606137791065766,0,0.14429975,0
8411,0,0,0.14644006161765563,0,0.163669,0
8412,0,1,0.15359921475953703,0,0.14025557,0
8413,0,1,0.12306850770185482,0,0.12179599,0
8414,0,1,0.13062785278860392,0,0.14330831,0
8415,0,0,0.1500321687075471,0,0.10843774,0
8416,0,1,0.09489412851417033,0,0.06864229,0
8417,1,0,0.15826081542157358,0,0.16859356,0
8418,0,1,0.2115960389066614,0,0.24741426,0
8419,0,1,0.09127527082989058,0,0.09812304,0
8420,0,0,0.12827057330801467,0,0.15326278,0
8421,0,0,0.16074400862256183,0,0.1372297,0
8422,0,0,0.08684632529679974,0,0.07882232,0
8423,0,0,0.12469827554628152,0,0.1310469,0
8424,0,1,0.0923937589569173,0,0.040990837,0
8425,0,1,0.12793380441043586,0,0.17896089,0
8426,0,1,0.13327333684982234,0,0.13553956,0
8427,0,1,0.1895573306771692,0,0.16499992,0
8428,0,0,0.21485368156299672,0,0.23379803,0
8429,0,0,0.165160530394215,0,0.15996815,0
8430,0,0,0.13657222114761958,0,0.10345988,0
8431,0,0,0.10923553815480201,0,0.10579822,0
8432,0,0,0.16264870306418697,0,0.20488465,0
8433,0,1,0.08993802242978338,0,0.090124816,0
8434,0,1,0.21748999549828382,0,0.20502807,0
8435,0,0,0.1318948963618846,0,0.13887107,0
8436,0,0,0.3289495616386328,0,0.2504835,0
8437,0,1,0.08150496828145719,0,0.06310531,0
8438,0,1,0.13114295129924966,0,0.11002934,0
8439,0,1,0.13977655229000416,0,0.1281295,0
8440,1,1,0.1629900723306943,0,0.14997281,0
8441,0,1,0.2475946750814687,0,0.2853305,0
8442,0,1,0.2102521491097102,0,0.21703699,0
8443,0,1,0.12783179057328445,0,0.11419634,0
8444,0,1,0.13058525162989332,0,0.1582542,0
8445,0,1,0.2719598437245893,0,0.28048164,0
8446,0,1,0.17237637840825235,0,0.16783427,0
8447,0,1,0.08466855834066224,0,0.06791773,0
8448,0,1,0.27504356980846356,0,0.23163307,0
8449,0,1,0.1667536916369494,0,0.17664309,0
8450,0,1,0.09375438558369154,0,0.09737151,0
8451,1,0,0.36844021822785145,0,0.40103707,0
8452,0,1,0.10169632013740455,0,0.08792103,0
8453,0,1,0.08146573910983462,0,0.071980946,0
8454,0,1,0.20843400615237748,0,0.17122549,0
8455,0,1,0.18070198743682683,0,0.19604903,0
8456,0,0,0.1329196266008167,0,0.1415479,0
8457,0,1,0.10568274185260337,0,0.12691408,0
8458,0,1,0.1884833487601786,0,0.18127045,0
8459,0,1,0.15052213521140112,0,0.14222167,0
8460,0,0,0.2380627222880825,0,0.23147477,0
8461,0,0,0.09099207237915306,0,0.085304625,0
8462,0,0,0.1546735244423934,0,0.14370959,0
8463,0,1,0.15748851957588245,0,0.16960871,0
8464,0,0,0.3182667110289112,0,0.34058693,0
8465,0,1,0.07928185641524228,0,0.065823324,0
8466,0,1,0.21203850993271667,0,0.22430436,0
8467,0,0,0.1494412385054125,0,0.14346813,0
8468,0,1,0.22528787251878032,0,0.20010422,0
8469,0,0,0.22291611543681655,0,0.3145449,0
8470,0,1,0.1293065019413559,0,0.09782396,0
8471,1,1,0.24176384846103727,0,0.19289821,0
8472,1,1,0.17454919323628623,0,0.16342533,0
8473,0,1,0.17157477883016536,0,0.16788642,0
8474,0,1,0.2456719557169095,0,0.24553636,0
8475,0,1,0.18090986626718047,0,0.19036666,0
8476,0,1,0.1679282386363206,0,0.14161924,0
8477,0,0,0.16723878549928897,0,0.23497981,0
8478,0,1,0.1310141642870872,0,0.2573294,0
8479,1,1,0.2049025380552943,0,0.23715246,0
8480,0,0,0.19098642905549518,0,0.15900879,0
8481,0,1,0.2544133301883901,0,0.2546284,0
8482,0,0,0.15277220934031982,0,0.16817886,0
8483,0,1,0.1468882874933404,0,0.14659691,0
8484,0,1,0.10565801544930814,0,0.11723701,0
8485,0,1,0.28424436223754784,0,0.2594623,0
8486,1,1,0.2615031228080931,0,0.30721813,0
8487,1,1,0.0862904409935308,0,0.07705858,0
8488,1,1,0.1487110063707643,0,0.11544686,0
8489,0,1,0.1175534519103284,0,0.117907904,0
8490,0,1,0.102528085341134,0,0.11066722,0
8491,0,1,0.07707294096735368,0,0.052002035,0
8492,0,0,0.07653753299287598,0,0.054785937,0
8493,0,0,0.18871655283224303,0,0.20737776,0
8494,0,0,0.16576206545816818,0,0.15813419,0
8495,0,1,0.13667275391216413,0,0.13914739,0
8496,0,0,0.0656778595944223,0,0.046597835,0
8497,0,0,0.22514376734601724,0,0.22899786,0
8498,0,1,0.12516421310160575,0,0.1219854,0
8499,0,0,0.11965294212024213,0,0.13013512,0
8500,1,0,0.16953668913804593,0,0.13348804,0
8501,0,1,0.121576377652981,0,0.13023522,0
8502,0,0,0.10156579156572992,0,0.17276351,0
8503,0,1,0.11711456955342935,0,0.106976725,0
8504,0,1,0.19569220132221515,0,0.25255936,0
8505,0,1,0.1461352762321997,0,0.15104608,0
8506,1,1,0.07739769765628346,0,0.04445178,0
8507,0,1,0.14124665211210283,0,0.17479816,0
8508,0,0,0.2297480886942656,0,0.24236885,0
8509,0,1,0.11291567076662208,0,0.11577244,0
8510,0,1,0.15015365438364364,0,0.14353451,0
8511,0,1,0.19376747017796725,0,0.22817528,0
8512,0,1,0.30648918004634623,0,0.34592986,0
8513,0,1,0.25885892001706706,0,0.20175527,0
8514,0,1,0.08496351914928553,0,0.12868157,0
8515,0,1,0.1164124599920941,0,0.11606541,0
8516,0,1,0.06684374907125984,0,0.06781671,0
8517,0,0,0.12925500718917862,0,0.1339859,0
8518,0,1,0.1774076019851787,0,0.12976035,0
8519,0,1,0.14007563233291206,0,0.18399914,0
8520,0,1,0.06478235126060418,0,0.038687274,0
8521,0,0,0.06379947309601011,0,0.044733748,0
8522,1,0,0.20805179723652809,0,0.24003938,0
8523,0,0,0.16004515077848447,0,0.19421567,0
8524,0,0,0.08036626900496333,0,0.08124635,0
8525,1,1,0.11195067321288373,0,0.111913785,0
8526,1,0,0.2878009940946511,0,0.25891513,0
8527,0,0,0.11428415532305415,0,0.12800388,0
8528,0,1,0.09556701911445431,0,0.10256692,0
8529,0,1,0.08700193004091328,0,0.10190879,0
8530,0,1,0.1326690828734307,0,0.1405217,0
8531,1,1,0.10320790311327872,0,0.15438485,0
8532,0,0,0.23519281417612514,0,0.1831438,0
8533,0,0,0.1689894627857076,0,0.16838609,0
8534,0,1,0.10618990243866926,0,0.14818339,0
8535,0,1,0.10589652943799313,0,0.12946941,0
8536,0,0,0.12720851446037817,0,0.11977398,0
8537,0,1,0.07681091235845654,0,0.059912972,0
8538,0,1,0.14746930563736507,0,0.14065646,0
8539,0,1,0.19434049338189555,0,0.2663615,0
8540,0,1,0.10626589823336396,0,0.091335885,0
8541,0,0,0.08742232382189469,0,0.07308862,0
8542,0,1,0.1874241007390481,0,0.1604604,0
8543,0,0,0.2815357340251085,0,0.33406106,0
8544,0,1,0.3897289557408683,0,0.34575582,0
8545,0,0,0.10850497747345107,0,0.1252819,0
8546,0,1,0.0709602906419122,0,0.04786113,0
8547,0,1,0.12455222842638386,0,0.15431356,0
8548,0,1,0.06811463798294116,0,0.06341453,0
8549,0,1,0.17002774008379742,0,0.15489337,0
8550,0,0,0.14328529314265445,0,0.14961661,0
8551,0,0,0.10466228249423776,0,0.10584549,0
8552,0,1,0.09677171684097648,0,0.08573803,0
8553,0,1,0.08613715245059944,0,0.07166592,0
8554,0,1,0.11795981827916005,0,0.15172698,0
8555,0,1,0.06569846072957945,0,0.052724034,0
8556,1,1,0.0831101386341313,0,0.09372022,0
8557,0,1,0.12490816242044248,0,0.17329854,0
8558,1,1,0.20334074831331678,0,0.17112464,0
8559,1,0,0.31387254117884683,0,0.2505448,0
8560,0,1,0.18536847819901406,0,0.19622655,0
8561,0,1,0.09179715872736541,0,0.09555621,0
8562,1,1,0.10847906863575414,0,0.11136809,0
8563,0,1,0.28980724472150704,0,0.3258889,0
8564,0,1,0.17924569477786217,0,0.2591524,0
8565,0,1,0.1497827505752258,0,0.17343019,0
8566,0,0,0.06056212871675131,0,0.03591506,0
8567,0,0,0.18834496617568872,0,0.19723922,0
8568,1,1,0.17474960794500027,0,0.25328338,0
8569,0,1,0.08610332740282947,0,0.07269644,0
8570,0,0,0.16350092591856064,0,0.15596156,0
8571,0,1,0.08224778833734761,0,0.07168088,0
8572,0,0,0.1040866343947552,0,0.116824985,0
8573,0,1,0.10270263758343233,0,0.1280907,0
8574,0,1,0.16682976131352642,0,0.19861618,0
8575,0,0,0.0575864162304629,0,0.05354135,0
8576,0,1,0.1435922457841171,0,0.104270674,0
8577,0,0,0.22221748871936792,0,0.2314493,0
8578,0,1,0.08265724638306199,0,0.101861075,0
8579,0,0,0.09423867140644747,0,0.11151888,0
8580,0,1,0.09402601382041913,0,0.11358573,0
8581,0,1,0.11749869225726753,0,0.13337979,0
8582,0,0,0.11468919431165917,0,0.12542276,0
8583,0,1,0.09151244662512334,0,0.077323794,0
8584,0,1,0.11524015570533709,0,0.08455076,0
8585,0,0,0.08529949901024124,0,0.086135074,0
8586,0,1,0.14591995196453525,0,0.16288257,0
8587,1,1,0.10354913044126748,0,0.091165505,0
8588,0,1,0.1578405623350966,0,0.13697083,0
8589,0,1,0.22987057618197132,0,0.26085165,0
8590,0,0,0.13699305708469275,0,0.15967257,0
8591,0,0,0.18686230517763633,0,0.2154188,0
8592,0,0,0.11919796810538726,0,0.092328504,0
8593,0,0,0.12246871836008433,0,0.11346997,0
8594,0,1,0.11662511944078478,0,0.12582463,0
8595,0,1,0.22168585316177586,0,0.1959015,0
8596,0,0,0.18985548577580025,0,0.19189756,0
8597,0,0,0.11716595651258548,0,0.12686343,0
8598,0,1,0.14483172275654999,0,0.13966036,0
8599,1,0,0.1800310765292933,0,0.21432967,0
8600,0,0,0.15066685970878818,0,0.14693132,0
8601,0,0,0.16642220869625793,0,0.30687872,0
8602,1,0,0.21182119361132543,0,0.18651026,0
8603,0,1,0.3251437304828543,0,0.36668035,0
8604,1,1,0.1721996788374841,0,0.16011856,0
8605,0,1,0.12852837899598984,0,0.14375405,0
8606,1,1,0.26847316909347313,0,0.22912712,0
8607,0,0,0.09098602978735357,0,0.085304625,0
8608,0,1,0.28032721999302807,0,0.280049,0
8609,0,1,0.2736245569261388,0,0.28126368,0
8610,0,1,0.07257815714103762,0,0.059548955,0
8611,0,0,0.13660744100037592,0,0.13678135,0
8612,0,1,0.2377910138721639,0,0.23627102,0
8613,0,1,0.05781235678375762,0,0.03269754,0
8614,0,1,0.13754574907237613,0,0.1257965,0
8615,0,1,0.28052626684071297,0,0.2809969,0
8616,0,0,0.10554679945600551,0,0.1408618,0
8617,0,1,0.17742061002706278,0,0.17717804,0
8618,0,1,0.11965166447878926,0,0.13013512,0
8619,0,1,0.2470843701260488,0,0.17890222,0
8620,0,1,0.1104909355357669,0,0.14526756,0
8621,0,1,0.18968503691439387,0,0.19834909,0
8622,1,1,0.12403772261339739,0,0.09605629,0
8623,0,1,0.06576475402063783,0,0.05614341,0
8624,0,1,0.14460783082753406,0,0.22116318,0
8625,0,0,0.20217690976169775,0,0.21154651,0
8626,0,1,0.11251243692251243,0,0.13350515,0
8627,0,1,0.13739033901053477,0,0.1669277,0
8628,1,1,0.1880124820508113,0,0.16974777,0
8629,0,0,0.1886828756950509,0,0.15246312,0
8630,0,1,0.11580324465696641,0,0.092965625,0
8631,0,1,0.07599554900212281,0,0.058889113,0
8632,1,1,0.08698010909021904,0,0.1053945,0
8633,1,1,0.17699512796298195,0,0.15381002,0
8634,0,1,0.08603859554907593,0,0.1071862,0
8635,0,1,0.11093744198973964,0,0.08542393,0
8636,0,0,0.2846282454452945,0,0.3005014,0
8637,0,1,0.1915639244670879,0,0.13481177,0
8638,0,0,0.07549314495702311,0,0.08577415,0
8639,0,1,0.09794373983967147,0,0.10361012,0
8640,0,0,0.22317986314894653,0,0.23009464,0
8641,0,1,0.1456580572925598,0,0.12855513,0
8642,0,0,0.17160388853706393,0,0.16788642,0
8643,0,1,0.07018157557598194,0,0.05120523,0
8644,0,1,0.11318065278127089,0,0.14174178,0
8645,0,0,0.09353808476180844,0,0.07079333,0
8646,0,1,0.14372424866444175,0,0.12669519,0
8647,0,0,0.20571182115251205,0,0.21925619,0
8648,1,1,0.08740662189793924,0,0.07307869,0
8649,1,1,0.11854243069672463,0,0.13513863,0
8650,0,1,0.25915309745868836,0,0.22644867,0
8651,0,1,0.08311101993129166,0,0.09372022,0
8652,0,0,0.17467727854799878,0,0.18639907,0
8653,0,1,0.05925252194298991,0,0.03757327,0
8654,1,0,0.07469325783743076,0,0.05419539,0
8655,1,1,0.17452255321990018,0,0.19053134,0
8656,1,1,0.20544892686226357,0,0.18485187,0
8657,0,1,0.15763091313200658,0,0.12575038,0
8658,0,0,0.09800710875864933,0,0.11067658,0
8659,0,0,0.06983415265288623,0,0.08403953,0
8660,0,1,0.29454865049937806,0,0.25309446,0
8661,0,1,0.21565012463333003,0,0.19167349,0
8662,0,1,0.11835696171539184,0,0.09982506,0
8663,0,1,0.11533745898786288,0,0.125882,0
8664,0,1,0.0772668049820634,0,0.11186775,0
8665,0,1,0.21746864588943995,0,0.20924187,0
8666,1,1,0.16085795796302937,0,0.17039768,0
8667,0,0,0.10655641236574086,0,0.111363664,0
8668,0,1,0.11510181342757496,0,0.12344391,0
8669,0,1,0.12450108818813553,0,0.1232014,0
8670,0,1,0.1379096480328093,0,0.110949166,0
8671,0,1,0.06884243551423039,0,0.054369193,0
8672,1,0,0.22987057618197132,0,0.26085165,0
8673,0,1,0.11987623095177795,0,0.122764945,0
8674,0,1,0.08544866834948571,0,0.1334172,0
8675,0,1,0.1130171118263294,0,0.09205674,0
8676,0,1,0.13348125555176119,0,0.1535347,0
8677,0,0,0.1762245601085332,0,0.18199669,0
8678,0,1,0.23832168330112832,0,0.26421344,0
8679,0,1,0.2870131185718485,0,0.21608397,0
8680,0,0,0.1304064652220932,0,0.13182338,0
8681,0,1,0.15573545104516986,0,0.15892044,0
8682,0,0,0.10013700661024479,0,0.088980906,0
8683,0,0,0.17890909671168811,0,0.198739,0
8684,0,1,0.46891812815117107,0,0.37269378,0
8685,0,1,0.15307199256264722,0,0.13999248,0
8686,0,1,0.0859813282130208,0,0.08825587,0
8687,0,1,0.1391198054744451,0,0.14653744,0
8688,1,1,0.12017836240321551,0,0.13477749,0
8689,1,1,0.16606294667078092,0,0.18265057,0
8690,0,1,0.14236328972848056,0,0.14258495,0
8691,0,0,0.1852476786665281,0,0.17828193,0
8692,0,1,0.12633275795125956,0,0.10375362,0
8693,1,0,0.17438605786389777,0,0.17028402,0
8694,0,0,0.12616995981108015,0,0.16370727,0
8695,0,0,0.17610749160107428,0,0.1661028,0
8696,0,1,0.0964782227205564,0,0.10020635,0
8697,0,1,0.10960442635183289,0,0.11618051,0
8698,1,1,0.2747480211982648,0,0.25118482,0
8699,0,0,0.1188128559764277,0,0.09264753,0
8700,1,1,0.14639217150336598,0,0.31948182,0
8701,0,1,0.19163257815435322,0,0.2145219,0
8702,0,0,0.2720601065528755,0,0.27243087,0
8703,0,0,0.060579597445770836,0,0.054049406,0
8704,1,1,0.15313424957310323,0,0.15157992,0
8705,1,1,0.13130365536403357,0,0.1346918,0
8706,0,0,0.2251616679332857,0,0.2236957,0
8707,1,1,0.11169836778195794,0,0.11034718,0
8708,0,0,0.07700214208997276,0,0.0642841,0
8709,0,0,0.3354027267107691,0,0.23872018,0
8710,0,1,0.06684110992346191,0,0.05881962,0
8711,0,0,0.22606297411716772,0,0.20386319,0
8712,0,0,0.17747290171169847,0,0.2086605,0
8713,0,0,0.1359573715816997,0,0.17423794,0
8714,1,1,0.09181294440093732,0,0.07563002,0
8715,0,0,0.11526210985481876,0,0.12611994,0
8716,0,1,0.21908543257466562,0,0.20243232,0
8717,1,1,0.23190239063086707,0,0.18967889,0
8718,0,1,0.09499433503329578,0,0.11570941,0
8719,0,0,0.11753929619356024,0,0.15078844,0
8720,0,0,0.273415154253144,0,0.27200556,0
8721,1,1,0.26472195214437466,0,0.25988656,0
8722,0,1,0.11927655544900943,0,0.12528893,0
8723,0,1,0.18537231142349347,0,0.17429441,0
8724,0,0,0.08938846034654088,0,0.09660928,0
8725,0,1,0.15999741587728658,0,0.15834218,0
8726,0,1,0.09863278682783938,0,0.09457034,0
8727,1,1,0.17623795074563334,0,0.1711839,0
8728,0,1,0.09908547677336964,0,0.08716747,0
8729,0,0,0.10569905891264865,0,0.12691408,0
8730,0,1,0.06173751274044165,0,0.040704075,0
8731,0,0,0.10177764608444531,0,0.09016582,0
8732,0,1,0.06884243551423039,0,0.054369193,0
8733,0,1,0.26281408100470677,0,0.27678654,0
8734,0,0,0.18074580265324872,0,0.13098,0
8735,0,0,0.18783211585704787,0,0.17812097,0
8736,0,1,0.1264193898615971,0,0.15169537,0
8737,0,0,0.3367125862793342,0,0.28890276,0
8738,0,1,0.1289856366043196,0,0.13127296,0
8739,0,1,0.08775649476050411,0,0.06832468,0
8740,0,1,0.06884243551423039,0,0.054369193,0
8741,0,0,0.17479237607957457,0,0.20805168,0
8742,0,0,0.1745565602216736,0,0.15446422,0
8743,0,1,0.13206031387842623,0,0.15087374,0
8744,0,0,0.19699486060725874,0,0.18878835,0
8745,0,0,0.14807369589536656,0,0.14490221,0
8746,0,1,0.1511075773919001,0,0.14941363,0
8747,0,1,0.21510760216284952,0,0.19942166,0
8748,1,0,0.14304560556052448,0,0.16935244,0
8749,0,1,0.21039728856980325,0,0.19797663,0
8750,0,0,0.1064833910301649,0,0.101738125,0
8751,0,0,0.10909024074857844,0,0.11076637,0
8752,0,1,0.15656945562934277,0,0.14108312,0
8753,0,1,0.11668228048468698,0,0.10439816,0
8754,0,1,0.1920548250269918,0,0.23766229,0
8755,1,0,0.21726565162512412,0,0.27535072,0
8756,1,1,0.1143193082829602,0,0.116251916,0
8757,0,0,0.20498986966503602,0,0.15870108,0
8758,0,1,0.12031595137300173,0,0.15569198,0
8759,0,1,0.1318948963618846,0,0.13887107,0
8760,0,0,0.20414813993759834,0,0.19293685,0
8761,0,1,0.11754782679869814,0,0.122126654,0
8762,0,1,0.09006214212107018,0,0.07630234,0
8763,0,1,0.13124414423060693,0,0.13809083,0
8764,0,1,0.1418636437300134,0,0.13916604,0
8765,0,0,0.16327453810779868,0,0.16124529,0
8766,0,1,0.06085898606190655,0,0.031248666,0
8767,1,0,0.1624024139607115,0,0.17050083,0
8768,0,1,0.25565028268195716,0,0.20983869,0
8769,1,1,0.12589173670610382,0,0.13663399,0
8770,0,1,0.1373811705702489,0,0.11309284,0
8771,1,1,0.158934171334395,0,0.2627928,0
8772,0,1,0.14311453989684678,0,0.12902437,0
8773,0,1,0.080996039490895,0,0.075317085,0
8774,0,1,0.18857081815457696,0,0.14994945,0
8775,0,1,0.18087026145809532,0,0.18664159,0
8776,0,1,0.16930356837902763,0,0.18826534,0
8777,0,0,0.15490313443723944,0,0.14864825,0
8778,0,0,0.09572868909468085,0,0.14514482,0
8779,0,1,0.15356186288689325,0,0.13434035,0
8780,0,1,0.11230071687217262,0,0.13255057,0
8781,0,1,0.12245192223541089,0,0.15288961,0
8782,0,1,0.1443096666774137,0,0.15998149,0
8783,0,1,0.12332305620475996,0,0.096186444,0
8784,1,1,0.17789809294062853,0,0.19408542,0
8785,0,0,0.10484884855287924,0,0.12782238,0
8786,0,1,0.08274897202824034,0,0.087066196,0
8787,0,0,0.08663626994033734,0,0.08968458,0
8788,0,1,0.2731194968739071,0,0.2300649,0
8789,1,1,0.14676644877092399,0,0.13132338,0
8790,0,0,0.116564320487724,0,0.12014988,0
8791,0,1,0.15212143321651458,0,0.14318155,0
8792,0,1,0.13521413259678913,0,0.13304415,0
8793,0,1,0.24034612026965937,0,0.26400426,0
8794,0,1,0.12545544420194155,0,0.097095996,0
8795,0,0,0.258778579917396,0,0.27308953,0
8796,0,1,0.21050204262036395,0,0.19154209,0
8797,0,0,0.09391978901027484,0,0.10202793,0
8798,0,1,0.10860606407599163,0,0.09920387,0
8799,1,1,0.19570707499889037,0,0.25255936,0
8800,0,1,0.07436246754833634,0,0.06212978,0
8801,0,0,0.07754628421466682,0,0.043160297,0
8802,0,1,0.12705805163792894,0,0.1113009,0
8803,0,0,0.2695384285100231,0,0.17887647,0
8804,0,1,0.130503078206101,0,0.1556654,0
8805,0,1,0.10809562461250219,0,0.116445124,0
8806,0,1,0.06792386021175738,0,0.059055675,0
8807,0,1,0.07206779029013752,0,0.042221088,0
8808,0,1,0.10760811909602083,0,0.12524596,0
8809,0,0,0.20601867050587308,0,0.18949305,0
8810,0,1,0.0925718862810396,0,0.08083467,0
8811,0,1,0.08437086004392357,0,0.07331961,0
8812,0,0,0.10401447287507157,0,0.071826324,0
8813,0,1,0.17000991636485513,0,0.17999572,0
8814,0,1,0.21018238367386294,0,0.22842036,0
8815,0,1,0.12450108818813553,0,0.1232014,0
8816,0,0,0.06992343196789738,0,0.061141558,0
8817,0,0,0.09957622884346397,0,0.12804963,0
8818,0,1,0.10761979428399836,0,0.089501515,0
8819,0,1,0.12029260682071521,0,0.15221588,0
8820,0,1,0.09065133882602211,0,0.08736103,0
8821,0,1,0.12429569389876219,0,0.124957815,0
8822,0,1,0.08154351457009577,0,0.08078779,0
8823,0,1,0.22301275529749834,0,0.2268394,0
8824,0,0,0.07928185641524228,0,0.065823324,0
8825,0,1,0.12169835753262954,0,0.11419305,0
8826,0,1,0.1552293059847068,0,0.16590686,0
8827,0,0,0.15565916369445143,0,0.15901105,0
8828,0,1,0.09417228711242058,0,0.09162823,0
8829,0,0,0.18574890084772264,0,0.21420145,0
8830,0,1,0.12487859698799333,0,0.10967285,0
8831,0,1,0.30895527701868464,0,0.2992758,0
8832,0,0,0.07878801455014371,0,0.123859465,0
8833,0,1,0.30417086635126994,0,0.3248453,0
8834,0,1,0.08066525103365381,0,0.07700493,0
8835,0,0,0.1987813124234237,0,0.19298609,0
8836,0,0,0.17770898561582427,0,0.18498652,0
8837,0,1,0.1835543961060861,0,0.18567947,0
8838,0,1,0.2044898047935215,0,0.23916557,0
8839,1,1,0.17444816228165963,0,0.16573921,0
8840,0,0,0.15507172570279595,0,0.17045557,0
8841,0,1,0.11044234403540404,0,0.12273892,0
8842,0,0,0.4052623481293051,0,0.38335466,0
8843,0,0,0.23012380235564392,0,0.1897428,0
8844,0,0,0.09413335340539211,0,0.08958151,0
8845,0,1,0.09095576042168933,0,0.105199024,0
8846,0,1,0.05617629636832383,0,0.04892557,0
8847,0,1,0.11712279468502375,0,0.10204005,0
8848,0,1,0.07277930934893889,0,0.054002613,0
8849,0,1,0.116283266079906,0,0.14129236,0
8850,0,1,0.17933654736924295,0,0.16578898,0
8851,0,1,0.24772890775995438,0,0.28719977,0
8852,0,1,0.0991528289392633,0,0.10562902,0
8853,0,0,0.07391867888622851,0,0.042747546,0
8854,0,1,0.1392564293631626,0,0.13707617,0
8855,0,1,0.15586922359118502,0,0.18276314,0
8856,0,1,0.1398319479757311,0,0.13884515,0
8857,0,0,0.11825347314474376,0,0.13874282,0
8858,0,1,0.18373336303968918,0,0.19076753,0
8859,0,1,0.14475674255145818,0,0.14810921,0
8860,0,1,0.19260169601058202,0,0.21474491,0
8861,1,1,0.20220229948425594,0,0.21325967,0
8862,0,0,0.07244632935156461,0,0.05259779,0
8863,1,1,0.13832503128159981,0,0.13813017,0
8864,0,1,0.16844216442801957,0,0.15353401,0
8865,0,1,0.11152442867012455,0,0.1643855,0
8866,0,0,0.10871626321801034,0,0.10365741,0
8867,0,0,0.1481813127792047,0,0.1856755,0
8868,0,1,0.136435440936501,0,0.1418392,0
8869,0,0,0.15653224442950003,0,0.15764871,0
8870,0,0,0.18123915663887089,0,0.19042887,0
8871,0,1,0.26927857351051515,0,0.26645043,0
8872,0,1,0.1035931018552312,0,0.091304675,0
8873,1,0,0.2021131666029544,0,0.16965461,0
8874,1,1,0.10433726572343045,0,0.06897118,0
8875,0,0,0.13691923969152317,0,0.13559268,0
8876,0,0,0.0991839244165402,0,0.11007398,0
8877,0,0,0.13166006254928414,0,0.1399002,0
8878,0,1,0.11480266027660968,0,0.16989128,0
8879,0,1,0.20503261677603407,0,0.16902329,0
8880,0,1,0.1769707345197478,0,0.17296459,0
8881,0,0,0.11390598291769986,0,0.11864623,0
8882,0,1,0.09007405042996323,0,0.114111446,0
8883,0,1,0.12111380088790091,0,0.16929793,0
8884,0,0,0.13846107795726087,0,0.16000187,0
8885,0,1,0.05909646104395374,0,0.035911538,0
8886,0,1,0.17870205974496725,0,0.2306591,0
8887,0,0,0.3230379222594161,0,0.18828316,0
8888,0,1,0.06817019741844157,0,0.039268084,0
8889,1,0,0.14900138078542402,0,0.13229676,0
8890,0,0,0.11782165620098006,0,0.1228797,0
8891,0,0,0.18076995729989823,0,0.19372268,0
8892,0,1,0.16880573640062257,0,0.16717552,0
8893,0,1,0.18488918706035737,0,0.18896376,0
8894,0,0,0.25871129787232766,0,0.23320848,0
8895,0,1,0.1710767578684835,0,0.16345935,0
8896,0,1,0.13382214380977706,0,0.11106285,0
8897,0,1,0.08410276293449226,0,0.08631491,0
8898,1,1,0.10539535624612204,0,0.12419694,0
8899,0,1,0.1456580572925598,0,0.12855513,0
8900,0,1,0.14476439054211923,0,0.16115455,0
8901,0,1,0.13625922639911292,0,0.18083954,0
8902,0,1,0.0945338366344273,0,0.088924214,0
8903,0,0,0.19298213145900986,0,0.15851411,0
8904,1,0,0.06809526760025841,0,0.098585874,0
8905,0,1,0.18493761110939858,0,0.16533558,0
8906,0,0,0.18403809634349294,0,0.18381195,0
8907,0,1,0.1320364168549416,0,0.11179311,0
8908,0,1,0.12512707339195145,0,0.1269736,0
8909,0,1,0.0986470068162181,0,0.10414183,0
8910,0,1,0.14551493771586363,0,0.1290428,0
8911,0,1,0.10908840397148918,0,0.11076637,0
8912,0,0,0.12332375699193138,0,0.114102334,0
8913,0,0,0.25475589800317033,0,0.23585437,0
8914,0,1,0.11470317171077432,0,0.11898629,0
8915,0,0,0.11662511944078478,0,0.12582463,0
8916,0,0,0.14135064110453496,0,0.14580172,0
8917,0,1,0.12450108818813553,0,0.1232014,0
8918,0,1,0.15256520414641536,0,0.11444435,0
8919,0,0,0.19639027018747335,0,0.18283631,0
8920,0,0,0.19866238644986442,0,0.21315049,0
8921,0,1,0.18831240082202427,0,0.1835001,0
8922,0,0,0.1651153615100926,0,0.14605841,0
8923,1,0,0.13644632970741208,0,0.15349914,0
8924,0,0,0.06378727615018774,0,0.042884625,0
8925,0,1,0.130348902474332,0,0.12875046,0
8926,0,0,0.0989205726634051,0,0.098085634,0
8927,0,1,0.21143378584670958,0,0.20995273,0
8928,0,1,0.05910477439874534,0,0.038327176,0
8929,0,1,0.0827619385938819,0,0.083235234,0
8930,0,0,0.2101023689787514,0,0.23590682,0
8931,0,0,0.14916492777067722,0,0.1463041,0
8932,0,1,0.06379580030631986,0,0.044733748,0
8933,0,1,0.08516681533942135,0,0.12500899,0
8934,0,1,0.12340080462386849,0,0.13265817,0
8935,0,1,0.09706800380962592,0,0.0729096,0
8936,1,0,0.16837291451572034,0,0.20549853,0
8937,0,0,0.35764030543128833,0,0.104399964,0
8938,0,1,0.09795627070599368,0,0.07631422,0
8939,0,0,0.16554159878354846,0,0.14697438,0
8940,0,0,0.14813038892146843,0,0.14777952,0
8941,0,0,0.20224681451945783,0,0.21224055,0
8942,0,1,0.07361833833144842,0,0.06427493,0
8943,0,1,0.07912052213707425,0,0.06988696,0
8944,0,1,0.10177764608444531,0,0.09016582,0
8945,0,1,0.10039247563011146,0,0.12405049,0
8946,0,1,0.15403763071967003,0,0.13078226,0
8947,0,0,0.07257458773046807,0,0.06200299,0
8948,0,0,0.10397367511739398,0,0.07973132,0
8949,0,0,0.09852442830830602,0,0.10210003,0
8950,0,0,0.1964050949250954,0,0.17034505,0
8951,0,0,0.12478290239494362,0,0.13709396,0
8952,0,1,0.16722223324042607,0,0.14697793,0
8953,1,1,0.1186418239161051,0,0.17754266,0
8954,0,0,0.13542189069834135,0,0.14359514,0
8955,0,0,0.29348034819875296,0,0.2084571,0
8956,0,0,0.1398117494676034,0,0.16348317,0
8957,0,1,0.2612198472547994,0,0.27622136,0
8958,0,1,0.12629727273413363,0,0.108111575,0
8959,0,1,0.24006296376717337,0,0.3504029,0
8960,0,1,0.11426282691401599,0,0.14570266,0
8961,0,1,0.1268903388637994,0,0.121393144,0
8962,0,0,0.15362141522030615,0,0.12241591,0
8963,0,1,0.202180406883149,0,0.20674928,0
8964,0,1,0.11128927013098379,0,0.14714928,0
8965,0,0,0.15507172570279595,0,0.17045557,0
8966,0,1,0.11739132597073404,0,0.11668134,0
8967,0,0,0.1289218001638096,0,0.113596044,0
8968,0,0,0.20241911902734938,0,0.20925777,0
8969,0,1,0.05906324993488607,0,0.033472963,0
8970,0,0,0.14421695976019258,0,0.117350236,0
8971,1,1,0.26645753983124687,0,0.21980546,0
8972,1,1,0.11651965316672615,0,0.108178236,0
8973,0,0,0.1402450146427896,0,0.167864,0
8974,0,1,0.12894884816517937,0,0.1375801,0
8975,0,1,0.09569121436866228,0,0.10470567,0
8976,0,1,0.19274384378768905,0,0.19715714,0
8977,0,1,0.17789809294062853,0,0.19408542,0
8978,0,1,0.2059033432180708,0,0.17821652,0
8979,0,1,0.18605050265352296,0,0.1730589,0
8980,0,0,0.12892980787676034,0,0.1375801,0
8981,0,1,0.3150891997546209,0,0.2470256,0
8982,0,1,0.18023475003518286,0,0.15291375,0
8983,0,0,0.10935043173054639,0,0.09867534,0
8984,0,1,0.13692898611885668,0,0.14060497,0
8985,0,0,0.05776193521305804,0,0.027733441,0
8986,0,0,0.12203410955819831,0,0.12691696,0
8987,0,1,0.08587323266116584,0,0.06448837,0
8988,0,1,0.12459092615612034,0,0.12528636,0
8989,0,1,0.07318949875108016,0,0.0714246,0
8990,0,0,0.09003244934269565,0,0.10053656,0
8991,0,0,0.06544788726053465,0,0.041509297,0
8992,0,1,0.2057080418340661,0,0.21925619,0
8993,0,1,0.09224660643485512,0,0.09343849,0
8994,0,1,0.10954371410104922,0,0.100989036,0
8995,0,1,0.12573456994838114,0,0.12565185,0
8996,0,1,0.09490030664075133,0,0.07398261,0
8997,0,1,0.09188105390541504,0,0.06822789,0
8998,0,0,0.07962665209392628,0,0.090963125,0
8999,0,1,0.13939533075788493,0,0.11890245,0
9000,0,1,0.0942636894122611,0,0.1687688,0
9001,0,1,0.1776213875127857,0,0.17808099,0
9002,0,1,0.07438042935244889,0,0.05647534,0
9003,0,1,0.12127284054825492,0,0.1260754,0
9004,0,1,0.18549962215833973,0,0.19843705,0
9005,0,0,0.05485140250637494,0,0.031817254,0
9006,0,1,0.1425199756761199,0,0.15818362,0
9007,0,0,0.19688206008945514,0,0.20181581,0
9008,0,1,0.09325944086305783,0,0.08165833,0
9009,0,1,0.21978960129235034,0,0.2704704,0
9010,0,1,0.38217600659639844,0,0.30825788,0
9011,0,1,0.11438198307934741,0,0.10161728,0
9012,0,1,0.146725600648001,0,0.16323327,0
9013,0,0,0.0887298784378535,0,0.07832151,0
9014,0,1,0.15204920007276104,0,0.16852497,0
9015,0,1,0.17179825399684337,0,0.16401182,0
9016,0,0,0.13356779710559546,0,0.14062336,0
9017,0,1,0.12425720936944609,0,0.11872711,0
9018,0,1,0.16077414927051842,0,0.15872276,0
9019,0,1,0.10151278686621458,0,0.09909124,0
9020,0,0,0.15057886375853569,0,0.15356727,0
9021,0,1,0.12709256431932756,0,0.13231029,0
9022,0,0,0.10637330161858982,0,0.12984416,0
9023,0,1,0.09865139554993284,0,0.1083931,0
9024,0,0,0.2300905252259034,0,0.21140078,0
9025,0,1,0.0823755403293328,0,0.06939855,0
9026,0,1,0.0855438878278886,0,0.081528895,0
9027,0,1,0.10764823035478152,0,0.11394296,0
9028,1,1,0.2362106904859012,0,0.21347174,0
9029,0,1,0.128561839442566,0,0.137186,0
9030,0,1,0.22656889157219834,0,0.0371062,0
9031,0,1,0.07510585554830163,0,0.051861748,0
9032,0,0,0.11415165195839917,0,0.10924067,0
9033,0,1,0.15569316266340158,0,0.16254635,0
9034,0,0,0.06354121007199677,0,0.064543664,0
9035,1,1,0.20193376385199846,0,0.29159325,0
9036,1,1,0.09454160672035028,0,0.12584756,0
9037,0,0,0.15430547761493085,0,0.15938294,0
9038,0,1,0.15842900041445215,0,0.20302646,0
9039,0,0,0.06056212871675131,0,0.03591506,0
9040,0,1,0.1856862274315328,0,0.2472244,0
9041,0,1,0.09160291449727087,0,0.08281528,0
9042,0,0,0.13108864639182954,0,0.15790267,0
9043,0,1,0.09035014681523336,0,0.08905888,0
9044,0,0,0.17144246113601205,0,0.10477384,0
9045,0,0,0.1856741671449366,0,0.18843213,0
9046,1,1,0.1456580572925598,0,0.12855513,0
9047,1,0,0.17772023875268567,0,0.18498652,0
9048,0,1,0.20816837780911496,0,0.22189802,0
9049,0,1,0.13571124428428358,0,0.124667935,0
9050,0,1,0.1662413309368119,0,0.17287402,0
9051,0,1,0.1063511195013517,0,0.10824797,0
9052,0,1,0.132179663827768,0,0.15357967,0
9053,0,0,0.11108672450754749,0,0.14533278,0
9054,0,1,0.19692249470367224,0,0.18704157,0
9055,0,0,0.08835150097421349,0,0.077622026,0
9056,0,0,0.11872055548571939,0,0.11878766,0
9057,0,1,0.1366571534317931,0,0.15332243,0
9058,1,1,0.06888834160574983,0,0.0559831,0
9059,1,0,0.12097909192371044,0,0.13410352,0
9060,0,1,0.10115953646589367,0,0.10295003,0
9061,0,1,0.059279398862085726,0,0.0467028,0
9062,0,1,0.11891468906938779,0,0.12744974,0
9063,1,1,0.10368180254226858,0,0.0855593,0
9064,0,1,0.16506645060949396,0,0.16373852,0
9065,0,0,0.1454313856788114,0,0.14903107,0
9066,0,1,0.15596612810471805,0,0.14425369,0
9067,0,1,0.06806149801310285,0,0.040583003,0
9068,0,1,0.08521882073568324,0,0.08463812,0
9069,1,1,0.12497813081875656,0,0.15346724,0
9070,0,1,0.07441492720131421,0,0.05407385,0
9071,0,0,0.1880109822453641,0,0.17229584,0
9072,1,1,0.2732805487279536,0,0.2830485,0
9073,1,0,0.29714334529929576,0,0.2516158,0
9074,0,1,0.09854868246029577,0,0.08111383,0
9075,0,1,0.17216622753089375,0,0.13036044,0
9076,0,1,0.29716850100459774,0,0.2516158,0
9077,1,0,0.2048129895169087,0,0.16813312,0
9078,0,1,0.080996039490895,0,0.075317085,0
9079,0,0,0.12882019845286394,0,0.13691723,0
9080,0,0,0.2710856065435695,0,0.22700408,0
9081,0,0,0.13432310888639556,0,0.124392316,0
9082,0,1,0.12573456994838114,0,0.12565185,0
9083,0,1,0.1985487227986838,0,0.19906466,0
9084,1,1,0.13063066973934082,0,0.15014799,0
9085,1,1,0.17813319524894025,0,0.18002935,0
9086,0,1,0.19192569411122826,0,0.19924477,0
9087,0,0,0.13052221174436834,0,0.13554952,0
9088,0,1,0.10114440050148793,0,0.12814423,0
9089,0,0,0.08961203016367629,0,0.060778882,0
9090,0,1,0.10399862691133234,0,0.14112638,0
9091,0,1,0.06518566766721652,0,0.053780966,0
9092,0,1,0.11992548818100739,0,0.12725602,0
9093,0,1,0.11467831129811641,0,0.1381835,0
9094,0,1,0.12246729579001212,0,0.13569254,0
9095,0,1,0.07708988436167129,0,0.09769766,0
9096,0,1,0.16553618268965498,0,0.13321488,0
9097,0,1,0.09421682281056715,0,0.062390104,0
9098,0,1,0.09413943904378455,0,0.10151585,0
9099,0,1,0.0901152544808768,0,0.0897006,0
9100,0,0,0.10009970511323193,0,0.11203379,0
9101,0,1,0.19192569411122826,0,0.19924477,0
9102,0,1,0.19073650247673218,0,0.17771709,0
9103,0,1,0.08392736325424685,0,0.05540098,0
9104,0,1,0.10110167554548592,0,0.07086099,0
9105,0,1,0.11195180056989251,0,0.11610954,0
9106,1,1,0.08105434483506069,0,0.07431386,0
9107,0,1,0.25061240833233805,0,0.20916474,0
9108,0,1,0.17462440424768444,0,0.18346573,0
9109,0,1,0.149303524274156,0,0.17378841,0
9110,0,0,0.22638972155960913,0,0.2431051,0
9111,0,1,0.19079077656764568,0,0.19975972,0
9112,0,0,0.11985914940338639,0,0.10754823,0
9113,0,0,0.2473022601620013,0,0.27255568,0
9114,0,1,0.1495369158732745,0,0.159414,0
9115,0,1,0.12806329737679664,0,0.108647645,0
9116,0,1,0.12257962233452231,0,0.12244387,0
9117,0,1,0.09944766892796648,0,0.09189884,0
9118,0,0,0.13236003246081657,0,0.1360504,0
9119,0,0,0.2866536721581788,0,0.19858406,0
9120,0,1,0.0655297139684604,0,0.05103549,0
9121,0,1,0.10263705236219264,0,0.11008986,0
9122,1,1,0.33796776525136435,0,0.3144959,0
9123,0,1,0.10656495768011942,0,0.09983731,0
9124,0,1,0.17930327067375718,0,0.12622458,0
9125,0,1,0.18431573768056425,0,0.18967596,0
9126,0,1,0.07898820179262916,0,0.08856477,0
9127,1,1,0.14476116305994438,0,0.16332525,0
9128,0,1,0.12492721032410634,0,0.11840097,0
9129,1,0,0.27906752337059554,0,0.24318223,0
9130,0,0,0.1062017272441753,0,0.07955184,0
9131,0,0,0.22142046719572722,0,0.21045542,0
9132,0,0,0.24322821238332565,0,0.21578875,0
9133,0,1,0.1586518242724667,0,0.14639226,0
9134,0,1,0.14939717904985989,0,0.19341895,0
9135,0,1,0.17242145933658565,0,0.155322,0
9136,0,1,0.31479762037874714,0,0.2949464,0
9137,0,1,0.0779702011980624,0,0.07325748,0
9138,1,1,0.17368850076331915,0,0.17472036,0
9139,0,1,0.19192569411122826,0,0.19924477,0
9140,0,1,0.17095253329382099,0,0.16433655,0
9141,0,0,0.18414683049995062,0,0.20631103,0
9142,0,1,0.08472029530117207,0,0.081805065,0
9143,0,1,0.2091123382137869,0,0.19366823,0
9144,0,1,0.1807534011412312,0,0.16661951,0
9145,0,0,0.10447405431904214,0,0.13467927,0
9146,0,1,0.07520767240870291,0,0.09788027,0
9147,0,1,0.10594725786511867,0,0.1607631,0
9148,0,1,0.10435434838801666,0,0.095580816,0
9149,0,0,0.1116936658772823,0,0.14475115,0
9150,1,1,0.11682741606451141,0,0.12547052,0
9151,0,0,0.060588196727368364,0,0.047467984,0
9152,0,1,0.12487859698799333,0,0.10967285,0
9153,0,1,0.13239963101100471,0,0.12350003,0
9154,0,1,0.22617069886442556,0,0.23499443,0
9155,0,1,0.09506962756913373,0,0.074185625,0
9156,0,1,0.20857272760828693,0,0.21007349,0
9157,0,1,0.07542808499219748,0,0.05475976,0
9158,0,1,0.07625721495524959,0,0.072836325,0
9159,0,1,0.18081999205857513,0,0.17871833,0
9160,0,1,0.16318869805653666,0,0.20442525,0
9161,0,0,0.1624893936993976,0,0.17151098,0
9162,0,0,0.20831470964016602,0,0.17986587,0
9163,1,1,0.21164953497538397,0,0.23817015,0
9164,0,0,0.0724570623363839,0,0.041860897,0
9165,0,1,0.24272029050137406,0,0.24497682,0
9166,0,1,0.13260400123538166,0,0.14472784,0
9167,0,0,0.08660546257989195,0,0.09551539,0
9168,0,0,0.10894159898926864,0,0.1326849,0
9169,0,1,0.12961484210380117,0,0.15416199,0
9170,0,0,0.09565524121306135,0,0.094462715,0
9171,0,1,0.09319890449031498,0,0.0974288,0
9172,0,1,0.14436992719954234,0,0.15930751,0
9173,0,1,0.18732398207892353,0,0.1904227,0
9174,0,1,0.1625924355884547,0,0.15882835,0
9175,0,0,0.12979118904082765,0,0.13353999,0
9176,0,0,0.15006268185183694,0,0.124367535,0
9177,0,1,0.10914842498494742,0,0.107809566,0
9178,0,0,0.14653891776161682,0,0.13504972,0
9179,0,1,0.11526986484492438,0,0.13814004,0
9180,0,1,0.08442378367485513,0,0.07641418,0
9181,1,1,0.12487859698799333,0,0.10967285,0
9182,0,1,0.10851114417747763,0,0.1252819,0
9183,1,0,0.08919243423862587,0,0.098837,0
9184,0,1,0.12891541822966715,0,0.13773702,0
9185,0,1,0.16654477443282018,0,0.17610662,0
9186,0,1,0.3119040502992002,0,0.23790942,0
9187,0,1,0.0830436574542869,0,0.07153454,0
9188,0,0,0.1258658208766779,0,0.15941222,0
9189,0,0,0.10670186197299368,0,0.101164564,0
9190,0,1,0.18627020787993373,0,0.2617503,0
9191,0,1,0.2698990037282799,0,0.19703807,0
9192,0,1,0.19265393555986843,0,0.17789683,0
9193,0,1,0.18783569483096324,0,0.19227552,0
9194,0,0,0.3320988555524461,0,0.27220958,0
9195,1,1,0.3354935897722848,0,0.3011414,0
9196,0,1,0.12687779347304906,0,0.11152179,0
9197,0,0,0.09114385703734534,0,0.079344206,0
9198,1,1,0.1767683311083047,0,0.16439335,0
9199,0,1,0.1169825132189177,0,0.138108,0
9200,0,1,0.21365073659533468,0,0.17742425,0
9201,0,1,0.13286433724478283,0,0.1094622,0
9202,0,0,0.1142506331298281,0,0.12557825,0
9203,1,0,0.21571684475504596,0,0.23431437,0
9204,0,1,0.23973395455121513,0,0.27567917,0
9205,0,0,0.16023395256531614,0,0.15935312,0
9206,0,0,0.14469552328228394,0,0.13943481,0
9207,0,1,0.15525146734673728,0,0.15878561,0
9208,1,1,0.13327333684982234,0,0.13553956,0
9209,0,1,0.1655864915901777,0,0.2209917,0
9210,0,1,0.13102854354775628,0,0.17120825,0
9211,1,0,0.1784831259456202,0,0.18252918,0
9212,0,1,0.14045338646492486,0,0.14834228,0
9213,0,1,0.1232004817793804,0,0.12214574,0
9214,0,1,0.1792378896694035,0,0.20779279,0
9215,0,1,0.10155707302498104,0,0.07321841,0
9216,0,0,0.07652879673966306,0,0.07565964,0
9217,0,1,0.21759711565526604,0,0.2175602,0
9218,0,0,0.09965135090249953,0,0.100415,0
9219,0,1,0.146359636180696,0,0.12646826,0
9220,0,1,0.19192569411122826,0,0.19924477,0
9221,0,1,0.11709638122782624,0,0.11144484,0
9222,0,1,0.18494678303260204,0,0.15836276,0
9223,0,0,0.12451160383126314,0,0.12780434,0
9224,0,1,0.08433730794952804,0,0.07639999,0
9225,0,1,0.08562614033117823,0,0.11225921,0
9226,0,0,0.15229852516776315,0,0.14996657,0
9227,0,1,0.1370531624178893,0,0.14667593,0
9228,0,1,0.08787178266819576,0,0.12281384,0
9229,0,0,0.15708891698115066,0,0.12154853,0
9230,0,0,0.10812858956544023,0,0.12909245,0
9231,0,0,0.0919656780348345,0,0.09330968,0
9232,0,0,0.33925638700305505,0,0.31202343,0
9233,0,1,0.11384797338483038,0,0.16469368,0
9234,0,1,0.0736093817018896,0,0.05195642,0
9235,0,1,0.20083386710968584,0,0.16734622,0
9236,0,0,0.15360673259569,0,0.11764289,0
9237,0,1,0.172853552309333,0,0.16720515,0
9238,0,0,0.07162765463429822,0,0.03712862,0
9239,0,1,0.06544332916077523,0,0.051762156,0
9240,0,1,0.16192096500637693,0,0.0910983,0
9241,0,1,0.09686702380570357,0,0.087548696,0
9242,0,1,0.12458326577112755,0,0.1353392,0
9243,0,0,0.11075727897331374,0,0.15631545,0
9244,1,1,0.15207742383044498,0,0.17394792,0
9245,0,0,0.1470541543481132,0,0.1399397,0
9246,0,0,0.1929227444665386,0,0.16276415,0
9247,0,1,0.08991004413234222,0,0.09013518,0
9248,0,0,0.08866133770682509,0,0.07736711,0
9249,0,1,0.13091822037320527,0,0.15065601,0
9250,0,1,0.10785080334032521,0,0.11467319,0
9251,0,1,0.22999573928701394,0,0.24401562,0
9252,0,1,0.09692700537872564,0,0.0954056,0
9253,0,1,0.09042951018381962,0,0.098497026,0
9254,0,0,0.17455539037996673,0,0.16774637,0
9255,1,0,0.11425058116795501,0,0.10297546,0
9256,0,1,0.14477392480872392,0,0.1729755,0
9257,1,1,0.13259250931882907,0,0.14438817,0
9258,0,0,0.07902463786963665,0,0.060168516,0
9259,0,0,0.19671544831616228,0,0.15474416,0
9260,0,1,0.1297570398751401,0,0.1463673,0
9261,0,1,0.1311936388088915,0,0.15778342,0
9262,0,1,0.07274608097047278,0,0.04289458,0
9263,0,1,0.15834768375908378,0,0.14258991,0
9264,0,1,0.10579450631078878,0,0.1106946,0
9265,0,0,0.08775816598325416,0,0.07473658,0
9266,0,0,0.21482384805800098,0,0.24104963,0
9267,1,0,0.12944014254777553,0,0.1386424,0
9268,0,1,0.10417082459230881,0,0.055567533,0
9269,0,1,0.11132010084647147,0,0.19782986,0
9270,0,1,0.10495165540854907,0,0.11773657,0
9271,0,0,0.07034814980931425,0,0.055507526,0
9272,0,0,0.13904972076366998,0,0.14365885,0
9273,0,1,0.09064041243514485,0,0.087485865,0
9274,0,1,0.2021035687099721,0,0.16965461,0
9275,0,1,0.09934358070210254,0,0.097838186,0
9276,0,1,0.17006282068092396,0,0.19812009,0
9277,0,1,0.1222488453992855,0,0.13544787,0
9278,0,0,0.0744161512127634,0,0.05407385,0
9279,0,1,0.07710894489995944,0,0.077371724,0
9280,0,1,0.2825818915612487,0,0.2730678,0
9281,0,0,0.3289331859354988,0,0.26883954,0
9282,0,1,0.11920161080410109,0,0.106794186,0
9283,0,1,0.1519462370288232,0,0.16231804,0
9284,1,1,0.19537437750312997,0,0.15709117,0
9285,0,0,0.1717525052559717,0,0.1737512,0
9286,0,1,0.0920107968602816,0,0.09085207,0
9287,0,0,0.1204950761529632,0,0.19704504,0
9288,0,1,0.12778732854105967,0,0.12970965,0
9289,0,1,0.11619876816579412,0,0.17050841,0
9290,0,1,0.10110167554548592,0,0.07086099,0
9291,0,1,0.09101574110089344,0,0.10888183,0
9292,0,0,0.0859343659079175,0,0.059751496,0
9293,1,1,0.1578188781107902,0,0.15168673,0
9294,0,1,0.10793050615772981,0,0.13035338,0
9295,0,1,0.16628508022496089,0,0.18836322,0
9296,1,1,0.1194901633579454,0,0.18370949,0
9297,0,0,0.07706778447519828,0,0.053018283,0
9298,0,0,0.06540517836177169,0,0.04375414,0
9299,0,1,0.1333060535496065,0,0.14682452,0
9300,0,0,0.16091926853267932,0,0.22023156,0
9301,1,1,0.22037141694729842,0,0.09070105,0
9302,0,1,0.1685385121024293,0,0.17503832,0
9303,0,1,0.24247057669790656,0,0.2611854,0
9304,0,1,0.20900995900345037,0,0.19519801,0
9305,1,1,0.15529214501718855,0,0.19772893,0
9306,0,0,0.1766812952310015,0,0.21476968,0
9307,0,0,0.08922011943553698,0,0.08311455,0
9308,0,1,0.07169834520291066,0,0.08343794,0
9309,0,1,0.15405122401855365,0,0.1680988,0
9310,0,1,0.0741110745269607,0,0.04729783,0
9311,1,1,0.12344771875520108,0,0.11482194,0
9312,0,1,0.17004321249522267,0,0.15026473,0
9313,0,1,0.19055766666386606,0,0.21796799,0
9314,1,1,0.14810554570253906,0,0.1440051,0
9315,0,0,0.10433013438525333,0,0.08515594,0
9316,0,1,0.11335043508639818,0,0.09616803,0
9317,0,1,0.11041358400192301,0,0.1358031,0
9318,1,1,0.13544392067182437,0,0.15135823,0
9319,0,1,0.1851132544543824,0,0.16910228,0
9320,0,1,0.20971545012796092,0,0.17466389,0
9321,0,1,0.1649078253302121,0,0.14210048,0
9322,0,0,0.28248827941220367,0,0.32730687,0
9323,0,1,0.14791441242177003,0,0.14169829,0
9324,0,0,0.1226563236476183,0,0.14005704,0
9325,0,1,0.10131655478196208,0,0.1417411,0
9326,0,1,0.242310101672038,0,0.26801002,0
9327,0,1,0.18857254459608117,0,0.14994945,0
9328,0,0,0.1327598899751361,0,0.13137273,0
9329,0,0,0.0999358749608945,0,0.17136304,0
9330,0,1,0.1574059348566679,0,0.17075287,0
9331,0,0,0.0830436574542869,0,0.07153454,0
9332,1,0,0.18145407547278192,0,0.17611568,0
9333,1,0,0.1953425850002296,0,0.21905944,0
9334,1,1,0.09905010424090228,0,0.10440351,0
9335,0,1,0.19359845261973263,0,0.26014262,0
9336,0,1,0.11399279932580732,0,0.14868788,0
9337,0,1,0.10117596668342484,0,0.108809054,0
9338,0,1,0.14421991126730246,0,0.16770947,0
9339,1,1,0.107008698116061,0,0.09467641,0
9340,0,0,0.18371643949681793,0,0.13534994,0
9341,0,0,0.3320817750028332,0,0.26863664,0
9342,0,1,0.19785879554669975,0,0.15586592,0
9343,0,1,0.15508598431806725,0,0.15469272,0
9344,0,1,0.22990841890756947,0,0.19225693,0
9345,0,1,0.19330815917994756,0,0.17597228,0
9346,0,1,0.16048693618914336,0,0.14976405,0
9347,0,0,0.1578217780397451,0,0.13186568,0
9348,0,1,0.1800793199450365,0,0.17266673,0
9349,0,1,0.10047502029199896,0,0.12628768,0
9350,0,0,0.242909088028629,0,0.27128038,0
9351,0,1,0.1273415807755413,0,0.11957131,0
9352,0,0,0.1383285615152338,0,0.13484228,0
9353,0,0,0.07900010874513726,0,0.05368152,0
9354,0,1,0.10441562790882458,0,0.12894662,0
9355,0,1,0.13964760878439203,0,0.120991446,0
9356,1,1,0.1572067553510617,0,0.13777763,0
9357,0,1,0.0778798672347431,0,0.071463235,0
9358,0,1,0.2526807103625194,0,0.29757008,0
9359,0,1,0.15277754766301313,0,0.19071947,0
9360,0,0,0.28802208075662883,0,0.2516667,0
9361,0,1,0.24722043359997842,0,0.19136022,0
9362,0,1,0.3257768584714251,0,0.3144959,0
9363,0,0,0.0826484775721357,0,0.07583412,0
9364,0,1,0.13037314796537897,0,0.13621129,0
9365,0,1,0.08622018829170552,0,0.071655296,0
9366,0,1,0.13683928462585615,0,0.13613506,0
9367,0,0,0.0964782227205564,0,0.10020635,0
9368,0,0,0.19879346405891188,0,0.20403594,0
9369,0,1,0.1293146716503587,0,0.14154527,0
9370,1,1,0.29263374479025445,0,0.30410194,0
9371,0,0,0.13095952850626816,0,0.14253168,0
9372,0,1,0.16233190482608667,0,0.17137432,0
9373,0,1,0.21078400462605865,0,0.0829858,0
9374,0,1,0.07244632935156461,0,0.05259779,0
9375,0,1,0.14922486536412338,0,0.15704377,0
9376,0,0,0.061891051184077506,0,0.10633913,0
9377,0,1,0.05931181103375071,0,0.03746682,0
9378,0,1,0.15537368184947195,0,0.10569444,0
9379,0,0,0.3131955324206048,0,0.23579478,0
9380,0,1,0.07137822636635735,0,0.13876387,0
9381,0,1,0.18422255992531972,0,0.20528893,0
9382,0,1,0.12100515249466601,0,0.1307346,0
9383,0,0,0.1423416970414096,0,0.14402218,0
9384,0,0,0.1250354331406152,0,0.14780794,0
9385,1,0,0.12109212408607091,0,0.1350858,0
9386,0,0,0.1396327524625745,0,0.15077889,0
9387,1,1,0.09286387182939636,0,0.0962138,0
9388,0,0,0.17249188069545135,0,0.15828924,0
9389,0,0,0.2664525497455114,0,0.20567249,0
9390,0,1,0.21543569589821124,0,0.081163384,0
9391,0,0,0.1143907532649586,0,0.10289346,0
9392,0,1,0.14990865032814144,0,0.1764375,0
9393,0,0,0.14857579678705346,0,0.16479409,0
9394,0,1,0.08658831466997667,0,0.07403479,0
9395,0,1,0.10808270758876547,0,0.11897447,0
9396,0,1,0.06890323733578345,0,0.048310086,0
9397,0,0,0.17428251551524682,0,0.22511621,0
9398,0,1,0.1553829065284845,0,0.18176636,0
9399,0,1,0.22290958688752835,0,0.2521131,0
9400,0,1,0.09425607234023917,0,0.10736727,0
9401,0,1,0.1479626883200315,0,0.15533724,0
9402,0,1,0.16766651213053305,0,0.17290013,0
9403,0,0,0.20472752276422118,0,0.18919322,0
9404,0,1,0.18498623864918978,0,0.17086405,0
9405,0,1,0.10157434417214302,0,0.07321841,0
9406,0,1,0.22059779008413893,0,0.27179304,0
9407,1,1,0.08229915443922087,0,0.06361164,0
9408,0,0,0.10580818406701248,0,0.11020636,0
9409,0,0,0.15596491884758468,0,0.16050999,0
9410,0,1,0.13671584302058248,0,0.13654886,0
9411,0,0,0.13713164838020045,0,0.169607,0
9412,0,1,0.1774076019851787,0,0.12976035,0
9413,0,1,0.214837884180721,0,0.2370766,0
9414,0,0,0.16852870934745673,0,0.16610822,0
9415,0,0,0.16903458791035597,0,0.15556379,0
9416,0,0,0.20379410822991814,0,0.21617177,0
9417,0,0,0.09925886802411564,0,0.113809615,0
9418,1,1,0.11778152463454501,0,0.110630356,0
9419,1,1,0.2141587924676866,0,0.2041843,0
9420,0,1,0.11132003494675814,0,0.1797624,0
9421,0,1,0.26233347311387295,0,0.22821164,0
9422,0,0,0.1825262423235142,0,0.16747108,0
9423,0,0,0.1619813776927007,0,0.16491246,0
9424,0,1,0.1770689617711088,0,0.17264976,0
9425,0,1,0.13137433090167083,0,0.13071872,0
9426,0,1,0.17461293999869107,0,0.23119612,0
9427,0,1,0.16310532006590012,0,0.1907657,0
9428,0,1,0.054705872029213676,0,0.09793168,0
9429,0,1,0.10871626321801034,0,0.10365741,0
9430,0,0,0.08166021149738005,0,0.051107775,0
9431,0,0,0.1735576732934372,0,0.15645811,0
9432,0,0,0.24589161707254614,0,0.25392714,0
9433,0,1,0.13527453664958483,0,0.14286754,0
9434,0,1,0.15881128774306472,0,0.21498126,0
9435,0,1,0.143355299632702,0,0.14227559,0
9436,0,1,0.12487859698799333,0,0.10967285,0
9437,0,1,0.20563040997577683,0,0.19530487,0
9438,1,1,0.08770874652495789,0,0.094299786,0
9439,0,1,0.05488165187981636,0,0.034322083,0
9440,0,0,0.13531111769390605,0,0.14621888,0
9441,1,1,0.11952940296845203,0,0.16699137,0
9442,0,1,0.1377751983490999,0,0.1694019,0
9443,0,1,0.08466855834066224,0,0.06791773,0
9444,0,0,0.11140128988835268,0,0.12487323,0
9445,0,1,0.12752090616114983,0,0.17047806,0
9446,0,1,0.15904481896221775,0,0.14722395,0
9447,0,1,0.11982225567447477,0,0.12005195,0
9448,0,1,0.14422384528231663,0,0.16770947,0
9449,0,0,0.25876903630000364,0,0.2503013,0
9450,0,1,0.14180989164033447,0,0.14345528,0
9451,0,0,0.16292106837586567,0,0.1464999,0
9452,0,1,0.24554610301941268,0,0.20049109,0
9453,0,1,0.06353193510052894,0,0.04848497,0
9454,0,1,0.1302603300183343,0,0.110905476,0
9455,0,1,0.0932994870050096,0,0.09073326,0
9456,0,0,0.16213451899206371,0,0.18258004,0
9457,1,1,0.10608235540709293,0,0.11950768,0
9458,0,1,0.23170423596699785,0,0.2492103,0
9459,0,0,0.2936904395252264,0,0.33951822,0
9460,0,0,0.21200226959599155,0,0.21392582,0
9461,1,0,0.20514523658292413,0,0.19834337,0
9462,0,0,0.24277113470959732,0,0.23793943,0
9463,0,1,0.16308871179056902,0,0.17278868,0
9464,0,1,0.13168852786232704,0,0.11886048,0
9465,0,0,0.13856057340231748,0,0.12934889,0
9466,0,1,0.06888128563539814,0,0.0559831,0
9467,0,0,0.1097820536551021,0,0.12789273,0
9468,0,1,0.12298861889442105,0,0.120515004,0
9469,0,0,0.1693897164083726,0,0.15249981,0
9470,1,0,0.1722185124142701,0,0.20392472,0
9471,1,1,0.20970724662979884,0,0.25515187,0
9472,0,1,0.16598128761010095,0,0.17997338,0
9473,0,1,0.06216521335837973,0,0.056441158,0
9474,0,1,0.10271646753808772,0,0.12374612,0
9475,0,1,0.12584285615781068,0,0.108949676,0
9476,0,0,0.28170190005461493,0,0.303767,0
9477,0,1,0.07042598281906862,0,0.049669888,0
9478,0,0,0.0987432089433505,0,0.09308175,0
9479,0,1,0.10179064002079091,0,0.10200493,0
9480,0,1,0.1415849775318858,0,0.12042623,0
9481,0,1,0.1413534982975188,0,0.13606322,0
9482,1,1,0.13574046089562591,0,0.1442848,0
9483,0,1,0.11327110996264986,0,0.09717126,0
9484,0,1,0.11437946422553331,0,0.102973,0
9485,0,1,0.080996039490895,0,0.075317085,0
9486,0,1,0.08699287845006531,0,0.124353506,0
9487,0,1,0.11081518915478439,0,0.1879883,0
9488,0,0,0.15013517421840855,0,0.16280606,0
9489,0,0,0.12705805163792894,0,0.1113009,0
9490,0,1,0.1041693593267884,0,0.10551198,0
9491,0,1,0.07506826261969447,0,0.059172433,0
9492,0,1,0.15508070350874614,0,0.17210515,0
9493,0,1,0.14661823079686254,0,0.15433143,0
9494,0,0,0.14640601418686486,0,0.14104608,0
9495,1,0,0.20048707282380118,0,0.21039502,0
9496,0,0,0.09931232376420905,0,0.14633761,0
9497,0,0,0.07215468861457307,0,0.052350022,0
9498,0,1,0.08555392824123784,0,0.081528895,0
9499,0,1,0.07928185641524228,0,0.065823324,0
9500,0,1,0.21494997684920636,0,0.19889414,0
9501,1,1,0.13060667771221549,0,0.1524486,0
9502,0,0,0.13995752694079439,0,0.1372718,0
9503,0,1,0.21179514483142545,0,0.2433337,0
9504,0,1,0.14492669801280655,0,0.15650707,0
9505,0,1,0.09324268690132897,0,0.09073494,0
9506,1,1,0.2853522187462359,0,0.25627586,0
9507,0,1,0.15095928277507245,0,0.17514849,0
9508,0,1,0.3411591671755699,0,0.28139836,0
9509,0,1,0.28714151156698003,0,0.23652178,0
9510,0,1,0.12636566967614896,0,0.12858729,0
9511,0,1,0.09628711217774844,0,0.099727005,0
9512,0,0,0.13165621346574463,0,0.15763023,0
9513,0,0,0.09186476824238143,0,0.08980743,0
9514,0,0,0.08273250925144607,0,0.19184797,0
9515,0,1,0.12041007384774122,0,0.13266583,0
9516,0,1,0.08221848154836754,0,0.069484875,0
9517,0,1,0.07063988121558426,0,0.05494239,0
9518,0,1,0.29168806155360133,0,0.30063415,0
9519,0,1,0.09055837172219867,0,0.07978509,0
9520,0,0,0.26471108728342513,0,0.18503167,0
9521,0,1,0.15885600850006393,0,0.16479923,0
9522,0,1,0.0800167705758585,0,0.07393602,0
9523,0,1,0.15016229337596546,0,0.1696766,0
9524,0,0,0.07596800149260341,0,0.06600636,0
9525,0,0,0.2245819046484921,0,0.23934998,0
9526,1,1,0.20248392996141967,0,0.22632751,0
9527,0,0,0.13944047448602984,0,0.10910631,0
9528,0,0,0.11585388898195685,0,0.10005859,0
9529,0,1,0.1496889830785789,0,0.13207625,0
9530,0,0,0.0826149714036844,0,0.07197528,0
9531,1,0,0.12462791065705364,0,0.14256239,0
9532,0,1,0.1667536916369494,0,0.17664309,0
9533,0,1,0.09092571699128453,0,0.09082213,0
9534,0,1,0.18437640633134278,0,0.15532888,0
9535,0,1,0.07063988121558426,0,0.05494239,0
9536,0,0,0.08741640999203458,0,0.07329755,0
9537,0,0,0.11092570199103458,0,0.08542393,0
9538,0,0,0.22732852671861134,0,0.2231917,0
9539,0,1,0.13233676834071592,0,0.14397621,0
9540,0,1,0.11662511944078478,0,0.12582463,0
9541,1,1,0.21766320247521048,0,0.24041797,0
9542,0,0,0.21877803048817127,0,0.24505746,0
9543,0,1,0.18857528725041908,0,0.17249711,0
9544,0,1,0.13664058092963866,0,0.15785547,0
9545,0,0,0.06690748746056345,0,0.06863015,0
9546,0,1,0.1253659693031352,0,0.10947851,0
9547,0,1,0.17891058432675733,0,0.21741721,0
9548,0,1,0.07658008498934588,0,0.07264888,0
9549,0,1,0.13624697891046286,0,0.14804551,0
9550,0,0,0.12633275795125956,0,0.10375362,0
9551,0,1,0.1321624123556607,0,0.14664216,0
9552,1,1,0.10666409182289077,0,0.11837613,0
9553,0,1,0.11160190647420261,0,0.10129269,0
9554,1,0,0.1472448352060102,0,0.16217443,0
9555,0,1,0.10567466413030316,0,0.12691408,0
9556,0,0,0.08517797287797227,0,0.08096741,0
9557,1,1,0.20220556941359305,0,0.21157831,0
9558,1,1,0.1848317753576816,0,0.19388342,0
9559,0,0,0.11554469123711081,0,0.17177117,0
9560,0,1,0.16440553744406186,0,0.18707809,0
9561,0,1,0.07905395467575636,0,0.08828112,0
9562,0,1,0.13846938209273735,0,0.15534735,0
9563,0,1,0.23139129737649486,0,0.2445177,0
9564,0,1,0.0964788128476989,0,0.10020635,0
9565,0,0,0.06888778072208239,0,0.0559831,0
9566,1,0,0.13050338900828898,0,0.11627896,0
9567,0,0,0.32211256294864576,0,0.36420193,0
9568,0,1,0.12036845654588794,0,0.14133298,0
9569,1,1,0.21127946586928167,0,0.1652596,0
9570,0,1,0.138834460733072,0,0.13909766,0
9571,0,1,0.19652546034412394,0,0.17923255,0
9572,0,0,0.1268316300253175,0,0.12530321,0
9573,0,0,0.11732853763692735,0,0.10945167,0
9574,1,1,0.18422255992531972,0,0.20528893,0
9575,0,1,0.08606705878751818,0,0.07970447,0
9576,0,1,0.2058786232738147,0,0.18200707,0
9577,0,0,0.1510062689816844,0,0.15097499,0
9578,0,0,0.24087697806579544,0,0.3216782,0
9579,0,0,0.12401916769455297,0,0.13546923,0
9580,1,1,0.23162472363608705,0,0.23867981,0
9581,0,1,0.1895573306771692,0,0.16499992,0
9582,0,0,0.09834955440725347,0,0.102341235,0
9583,0,0,0.1762151420967146,0,0.18757734,0
9584,0,1,0.16453238601112527,0,0.14587341,0
9585,1,1,0.1736858066062023,0,0.2146446,0
9586,0,1,0.12813483985371488,0,0.1361533,0
9587,0,1,0.1185447114931436,0,0.13039944,0
9588,0,0,0.17618189558440078,0,0.18383521,0
9589,0,0,0.1916623206213084,0,0.21877067,0
9590,0,0,0.12909482561330662,0,0.12721285,0
9591,0,1,0.16953668913804593,0,0.13348804,0
9592,0,0,0.13044555896039628,0,0.11609098,0
9593,0,0,0.17001083182863472,0,0.17999572,0
9594,0,1,0.2590385606913272,0,0.28558606,0
9595,1,1,0.1170845899823169,0,0.10047241,0
9596,0,1,0.10700009992923525,0,0.11141431,0
9597,0,1,0.07998172672938837,0,0.08222918,0
9598,0,1,0.13350949093976255,0,0.14973167,0
9599,0,0,0.1808489910095612,0,0.22142766,0
9600,0,0,0.23289377151426313,0,0.20897062,0
9601,0,0,0.17553000632985338,0,0.14533752,0
9602,1,0,0.1436644462098076,0,0.15486367,0
9603,0,0,0.13792261072042725,0,0.16092752,0
9604,0,0,0.0826549364678192,0,0.1185246,0
9605,0,1,0.12176011912954084,0,0.11389026,0
9606,0,1,0.31551992124185807,0,0.24196458,0
9607,0,1,0.11426708138621733,0,0.09018648,0
9608,0,1,0.2698521490159329,0,0.18687032,0
9609,0,0,0.08587323266116584,0,0.06448837,0
9610,0,1,0.19071740639889245,0,0.20706567,0
9611,1,0,0.14778511694732216,0,0.13194469,0
9612,0,0,0.16180316112547988,0,0.15663639,0
9613,0,1,0.19195047249394678,0,0.21627899,0
9614,0,1,0.09179715872736541,0,0.09555621,0
9615,0,0,0.1062017272441753,0,0.07955184,0
9616,0,1,0.0989090414630621,0,0.10950507,0
9617,0,1,0.08487492053173855,0,0.11784862,0
9618,0,0,0.2084486253021741,0,0.13778493,0
9619,1,1,0.12038553057811327,0,0.17362583,0
9620,0,0,0.2791231143121527,0,0.23442951,0
9621,0,1,0.07043721121480236,0,0.05311069,0
9622,0,0,0.07439921776928246,0,0.07606519,0
9623,0,1,0.11239542159556162,0,0.13164403,0
9624,0,1,0.19014665333678318,0,0.20067921,0
9625,0,1,0.20890526524554434,0,0.1754453,0
9626,0,1,0.282069494235476,0,0.42847508,0
9627,1,0,0.21037403484808898,0,0.22978902,0
9628,1,1,0.1913516404080669,0,0.26238456,0
9629,0,1,0.09870611330816159,0,0.08103736,0
9630,0,0,0.08992608683354593,0,0.090124816,0
9631,0,1,0.09225572423583372,0,0.081626244,0
9632,0,1,0.12878452627094578,0,0.1438598,0
9633,0,0,0.08839160983365955,0,0.06997007,0
9634,0,1,0.2735327098945216,0,0.32886487,0
9635,0,0,0.11624153204789667,0,0.164341,0
9636,0,1,0.1493597096585115,0,0.16347386,0
9637,0,1,0.13202727449420973,0,0.11825198,0
9638,1,1,0.2097858191020928,0,0.2290323,0
9639,1,1,0.16737354970605556,0,0.117587574,0
9640,0,0,0.11719542884440999,0,0.11946431,0
9641,0,0,0.08224778833734761,0,0.07168088,0
9642,0,0,0.11834695078369231,0,0.15197375,0
9643,0,1,0.19784739083344852,0,0.16853924,0
9644,1,0,0.20024087596817344,0,0.2045685,0
9645,0,0,0.0919472634825617,0,0.1128092,0
9646,0,1,0.16999565884995013,0,0.1535576,0
9647,1,1,0.3225965039270437,0,0.37114882,0
9648,1,0,0.07853069551657244,0,0.070461094,0
9649,0,1,0.15521631850949613,0,0.16608661,0
9650,0,1,0.08780117955121775,0,0.11457216,0
9651,0,1,0.17714709865532505,0,0.19539177,0
9652,0,0,0.14152929933743177,0,0.13717496,0
9653,0,1,0.07664534189779644,0,0.06290067,0
9654,0,1,0.0918183071899854,0,0.099064045,0
9655,0,1,0.2523690768641004,0,0.24746497,0
9656,0,0,0.08276290218498056,0,0.083235234,0
9657,0,0,0.07362275691176458,0,0.051142056,0
9658,1,1,0.19661210625951256,0,0.1599212,0
9659,0,1,0.15285317702239481,0,0.19126089,0
9660,0,1,0.1407272167893829,0,0.15686737,0
9661,0,1,0.17912692540242414,0,0.15718247,0
9662,0,1,0.07034814980931425,0,0.055507526,0
9663,0,1,0.11440989835594313,0,0.12233623,0
9664,1,0,0.24023048658215682,0,0.20517501,0
9665,0,0,0.15015859728338715,0,0.13881834,0
9666,0,1,0.21021777241280876,0,0.23782109,0
9667,0,1,0.19400339137201372,0,0.16598539,0
9668,1,0,0.14990865032814144,0,0.1764375,0
9669,0,1,0.172450695535897,0,0.16721891,0
9670,0,1,0.19200101697945912,0,0.19934717,0
9671,0,0,0.19279110605866348,0,0.14594863,0
9672,0,1,0.09420970197002884,0,0.087715626,0
9673,0,0,0.10166822881825768,0,0.099134475,0
9674,0,1,0.14671912577814852,0,0.13822396,0
9675,0,1,0.09652977264719445,0,0.1090811,0
9676,0,0,0.1297999763093242,0,0.12007334,0
9677,0,0,0.18164432005846035,0,0.17328368,0
9678,0,1,0.10658756723033043,0,0.09761957,0
9679,0,1,0.29341173790551717,0,0.31412664,0
9680,1,1,0.18379589475840652,0,0.1540521,0
9681,0,0,0.18034227258689553,0,0.1591627,0
9682,0,0,0.0593605864276861,0,0.053180967,0
9683,0,1,0.11014460906466601,0,0.08861706,0
9684,1,1,0.11451769472157616,0,0.124415934,0
9685,0,0,0.13391684532445194,0,0.14102073,0
9686,0,0,0.279441354384543,0,0.23454267,0
9687,1,1,0.08305092205549813,0,0.05110678,0
9688,0,1,0.12786672487713857,0,0.09252624,0
9689,0,1,0.2123878151044185,0,0.17448492,0
9690,0,0,0.1505459774724147,0,0.14696683,0
9691,1,1,0.11106555471468649,0,0.10802297,0
9692,0,1,0.09833509750516134,0,0.103182994,0
9693,1,1,0.13122547912116206,0,0.123468556,0
9694,0,1,0.1307996150809578,0,0.14461586,0
9695,0,0,0.07062759257274906,0,0.07483936,0
9696,0,1,0.1601436383754528,0,0.17637785,0
9697,0,1,0.11439867263959318,0,0.12252256,0
9698,0,0,0.11451045825933047,0,0.124415934,0
9699,1,1,0.11986866878399714,0,0.10833224,0
9700,0,0,0.14319283178946077,0,0.11068683,0
9701,0,1,0.16547095385735983,0,0.17016926,0
9702,1,1,0.10355903820811575,0,0.11393013,0
9703,0,0,0.16243100172703281,0,0.17597389,0
9704,0,1,0.1404075282408666,0,0.11273437,0
9705,0,1,0.07026741778674629,0,0.04495164,0
9706,0,0,0.17733006119088274,0,0.19871444,0
9707,0,0,0.14990865032814144,0,0.1764375,0
9708,0,0,0.2275868661741762,0,0.24879317,0
9709,0,0,0.1627020349883431,0,0.23591413,0
9710,0,1,0.09883163090186974,0,0.08962757,0
9711,0,1,0.09139475680845607,0,0.11017153,0
9712,0,1,0.08705305166936604,0,0.068190105,0
9713,0,1,0.07348417555128336,0,0.07528298,0
9714,0,1,0.10739173600692785,0,0.08099831,0
9715,0,1,0.2125337960424907,0,0.21185748,0
9716,0,1,0.11525966577943438,0,0.1326517,0
9717,0,1,0.16086107083657786,0,0.16610745,0
9718,1,0,0.219245235645085,0,0.16792506,0
9719,0,1,0.15815535213276616,0,0.13480899,0
9720,0,1,0.29557091311880707,0,0.281072,0
9721,0,1,0.12221001707017884,0,0.12128845,0
9722,0,0,0.14591995196453525,0,0.16288257,0
9723,0,1,0.2172258179268258,0,0.2498321,0
9724,0,1,0.09700903424783834,0,0.11015865,0
9725,0,0,0.13349345813791116,0,0.15631326,0
9726,0,1,0.136293604643456,0,0.116588525,0
9727,0,0,0.08277280444653039,0,0.09120842,0
9728,0,1,0.12152583795821156,0,0.14796986,0
9729,0,1,0.09526458249164409,0,0.1393456,0
9730,0,1,0.13848346328854846,0,0.13267572,0
9731,0,0,0.13134880707445779,0,0.12353067,0
9732,0,1,0.16163176144703087,0,0.22800156,0
9733,0,1,0.06573150433183356,0,0.050564624,0
9734,0,1,0.1170845899823169,0,0.10047241,0
9735,1,1,0.12965928558679976,0,0.2941434,0
9736,1,1,0.2003832118674773,0,0.26706633,0
9737,0,1,0.12952357131120462,0,0.21579479,0
9738,0,1,0.17612702482226056,0,0.15263166,0
9739,0,1,0.15763091313200658,0,0.12575038,0
9740,0,1,0.12621883881421672,0,0.11892909,0
9741,0,1,0.21336412581066017,0,0.20991781,0
9742,0,0,0.092610881145249,0,0.10328738,0
9743,0,1,0.1461672488121499,0,0.123933524,0
9744,0,1,0.12468846991704058,0,0.09207391,0
9745,0,0,0.14898365194912708,0,0.12240832,0
9746,0,0,0.16280160053647053,0,0.20475543,0
9747,0,1,0.14188249710414144,0,0.17305735,0
9748,0,0,0.08003679005640425,0,0.07912509,0
9749,0,1,0.11704722251560958,0,0.13333564,0
9750,0,1,0.24259989548223065,0,0.27225232,0
9751,0,1,0.08562018327517147,0,0.09712324,0
9752,0,1,0.12467900344688924,0,0.13314866,0
9753,1,0,0.1929144876134029,0,0.16676243,0
9754,0,0,0.0679123068325645,0,0.060649626,0
9755,0,1,0.1066464879585721,0,0.11581482,0
9756,0,0,0.13520437260817728,0,0.1120524,0
9757,0,0,0.17616016048714242,0,0.12260648,0
9758,0,0,0.18187343049693092,0,0.15982617,0
9759,1,0,0.2847083737651108,0,0.3005014,0
9760,0,1,0.29492035418948975,0,0.38071892,0
9761,0,0,0.08732126673771817,0,0.09762543,0
9762,0,0,0.09098528323736968,0,0.085304625,0
9763,1,1,0.06957609130836605,0,0.08707291,0
9764,0,0,0.13902329223162951,0,0.16430226,0
9765,0,0,0.20859190541182818,0,0.258497,0
9766,0,1,0.1809176358970494,0,0.15136805,0
9767,0,0,0.29011393697716453,0,0.28043464,0
9768,0,1,0.08942536461158858,0,0.08912166,0
9769,0,1,0.1327598899751361,0,0.13137273,0
9770,0,0,0.10387099489775531,0,0.10336122,0
9771,1,1,0.11704879671639817,0,0.13333564,0
9772,0,0,0.08907484918221112,0,0.08717103,0
9773,0,1,0.13655835131813046,0,0.10345988,0
9774,0,0,0.08848570855890485,0,0.09042335,0
9775,0,1,0.12160862818266942,0,0.100148946,0
9776,0,1,0.16676843539760539,0,0.13369986,0
9777,0,0,0.0709170489811335,0,0.05502884,0
9778,1,1,0.15360445887688917,0,0.12849493,0
9779,0,0,0.07701517423132319,0,0.07837221,0
9780,0,1,0.1622572880170793,0,0.14139079,0
9781,0,0,0.21769288712218693,0,0.21191123,0
9782,0,1,0.08101353127741961,0,0.08189589,0
9783,0,1,0.18369268306801814,0,0.21914981,0
9784,0,1,0.18437661842640932,0,0.15532888,0
9785,0,0,0.1399020446759218,0,0.14062917,0
9786,0,1,0.12340413057473126,0,0.13265817,0
9787,0,0,0.11212581159748998,0,0.1169847,0
9788,0,1,0.17728117989460526,0,0.19439475,0
9789,0,0,0.0577535842406032,0,0.03583755,0
9790,1,0,0.19262258105303443,0,0.21044378,0
9791,0,0,0.10995180852476821,0,0.12434743,0
9792,0,0,0.1574685081343557,0,0.18167858,0
9793,0,1,0.0622339568434065,0,0.10110442,0
9794,0,1,0.1656571239792414,0,0.15157808,0
9795,0,1,0.13902905565012655,0,0.1294493,0
9796,0,0,0.11227000380745199,0,0.12026255,0
9797,0,1,0.11505742673828506,0,0.0999994,0
9798,0,0,0.15047691198654192,0,0.10847825,0
9799,0,0,0.1248854405898501,0,0.13957712,0
9800,0,0,0.1343068510416383,0,0.11817576,0
9801,0,0,0.13939096200201684,0,0.10020169,0
9802,0,0,0.06901660902817044,0,0.057949007,0
9803,0,0,0.12919003896458156,0,0.13912806,0
9804,0,0,0.16881169324087772,0,0.24048088,0
9805,0,1,0.15926393750610587,0,0.1685698,0
9806,0,1,0.15482228379636984,0,0.16337006,0
9807,0,0,0.052131358738888425,0,0.03756266,0
9808,0,1,0.09731931838878148,0,0.0979313,0
9809,0,1,0.1357674990633252,0,0.15615496,0
9810,0,1,0.15204920007276104,0,0.16852497,0
9811,0,0,0.1516403725403927,0,0.11983938,0
9812,0,1,0.14476016489847768,0,0.1522362,0
9813,0,1,0.12589245128155377,0,0.1208358,0
9814,0,0,0.19652581666926772,0,0.17923255,0
9815,0,1,0.08226921799026732,0,0.07061738,0
9816,0,1,0.14038107767115052,0,0.10597155,0
9817,0,1,0.14990865032814144,0,0.1764375,0
9818,0,1,0.07347983536329301,0,0.09246732,0
9819,0,0,0.10330907176213378,0,0.14406405,0
9820,0,1,0.28868151652946134,0,0.30326962,0
9821,0,0,0.1885732783373945,0,0.14994945,0
9822,0,1,0.08066525103365381,0,0.07700493,0
9823,0,0,0.17605959306509347,0,0.18602805,0
9824,0,1,0.07365131764024742,0,0.06602726,0
9825,1,1,0.09622017408577842,0,0.10335048,0
9826,0,1,0.08371966811233526,0,0.086225286,0
9827,0,0,0.27637586343981263,0,0.20491014,0
9828,1,0,0.20790570634861572,0,0.21644486,0
9829,1,1,0.17537687015990655,0,0.2039006,0
9830,0,1,0.08517797287797227,0,0.08096741,0
9831,1,1,0.2757118235395099,0,0.3438395,0
9832,0,0,0.1290635909791692,0,0.14738065,0
9833,0,1,0.13976012783235162,0,0.16304846,0
9834,0,0,0.20499800639621354,0,0.15870108,0
9835,0,0,0.34671871398113996,0,0.29998145,0
9836,0,1,0.1855954281817152,0,0.21249777,0
9837,0,1,0.11980531082283911,0,0.14897712,0
9838,0,1,0.14304560556052448,0,0.16935244,0
9839,0,1,0.16694457293341683,0,0.16663076,0
9840,0,1,0.09822663403142205,0,0.05967336,0
9841,0,0,0.14596864741026544,0,0.19748196,0
9842,0,1,0.0914838871166175,0,0.074228704,0
9843,0,1,0.18567541002660437,0,0.15206525,0
9844,0,1,0.18771811045498876,0,0.1604166,0
9845,0,1,0.05773736141864034,0,0.03093189,0
9846,0,1,0.13061000902942319,0,0.12588635,0
9847,0,1,0.26930507876658866,0,0.24951208,0
9848,0,1,0.12593392734109243,0,0.120705284,0
9849,0,1,0.31348272081536427,0,0.28981447,0
9850,1,0,0.20540725845876862,0,0.18485187,0
9851,0,0,0.27787849786548363,0,0.28345004,0
9852,0,0,0.1516323940307182,0,0.1596098,0
9853,0,1,0.08991535294213866,0,0.0882476,0
9854,0,0,0.1178534124279911,0,0.11823849,0
9855,1,1,0.08883727027765292,0,0.093335375,0
9856,0,1,0.07275820218939978,0,0.056047093,0
9857,0,1,0.07912438602681193,0,0.06755192,0
9858,0,1,0.08191234338262106,0,0.07147097,0
9859,0,1,0.22054291622659988,0,0.2261511,0
9860,1,1,0.14679665517803914,0,0.15899193,0
9861,0,0,0.09255207307126305,0,0.06790826,0
9862,0,0,0.1423226206084833,0,0.14402218,0
9863,0,0,0.09622017408577842,0,0.10335048,0
9864,1,0,0.20461854584507883,0,0.20769446,0
9865,0,1,0.12741071435077975,0,0.13000093,0
9866,0,1,0.10105832285165499,0,0.093472324,0
9867,0,0,0.10940983262747095,0,0.13174215,0
9868,0,1,0.07465131454513461,0,0.054645248,0
9869,0,1,0.09055837172219867,0,0.07978509,0
9870,0,0,0.1353739207994467,0,0.1314676,0
9871,0,0,0.10924360285050382,0,0.092143275,0
9872,0,0,0.10771155850602482,0,0.13004388,0
9873,0,1,0.2224335082281121,0,0.21380927,0
9874,0,1,0.11751720825011927,0,0.1294758,0
9875,0,1,0.24277395130179827,0,0.22956331,0
9876,1,1,0.1481565119786849,0,0.16384107,0
9877,0,1,0.08919243423862587,0,0.098837,0
9878,0,1,0.13017509232821523,0,0.11017003,0
9879,0,0,0.07700214208997276,0,0.0642841,0
9880,0,1,0.06540783376003789,0,0.057798706,0
9881,0,0,0.10857951697820269,0,0.17370896,0
9882,0,1,0.11219052797854277,0,0.12062097,0
9883,0,1,0.0905887479258526,0,0.10564256,0
9884,0,1,0.08587323266116584,0,0.06448837,0
9885,0,0,0.09222036774867043,0,0.11314216,0
9886,0,1,0.21232242355012604,0,0.17419043,0
9887,0,1,0.12289001395512428,0,0.101645954,0
9888,0,0,0.12045355526309301,0,0.10985504,0
9889,0,0,0.06858406656554734,0,0.059021622,0
9890,1,1,0.1844088590722338,0,0.16130012,0
9891,0,1,0.080996039490895,0,0.075317085,0
9892,0,1,0.07872084781997064,0,0.08617284,0
9893,0,1,0.07990643405619687,0,0.06958048,0
9894,0,1,0.17233361600640593,0,0.16796133,0
9895,0,1,0.06637663460093308,0,0.065984406,0
9896,0,0,0.13010528260745943,0,0.14027245,0
9897,0,1,0.10923898536296812,0,0.11657012,0
9898,1,1,0.10914842498494742,0,0.107809566,0
9899,1,0,0.08919243423862587,0,0.098837,0
9900,1,0,0.151621071816732,0,0.11595409,0
9901,0,1,0.12036535050454593,0,0.12704517,0
9902,0,0,0.30494957587975213,0,0.2829724,0
9903,0,0,0.176264298206516,0,0.13393898,0
9904,1,1,0.13061000902942319,0,0.12588635,0
9905,0,1,0.11242272087536752,0,0.12011351,0
9906,0,0,0.1431375033805516,0,0.15745728,0
9907,0,1,0.1668636584065996,0,0.16355377,0
9908,0,0,0.18305178238643283,0,0.18589818,0
9909,0,1,0.35137441726429636,0,0.3092987,0
9910,0,0,0.28222776529865223,0,0.2527876,0
9911,0,1,0.10690774148478299,0,0.09633962,0
9912,0,1,0.12412478961099677,0,0.11315835,0
9913,0,1,0.07710037400457363,0,0.07518861,0
9914,0,1,0.11016540066510835,0,0.17593412,0
9915,0,1,0.09332378144302668,0,0.10125782,0
9916,0,1,0.21482384805800098,0,0.24104963,0
9917,1,1,0.20651833467303138,0,0.20441544,0
9918,0,0,0.18902653095222183,0,0.18376313,0
9919,0,1,0.10417651933041645,0,0.10551198,0
9920,0,0,0.14599343979676896,0,0.15831463,0
9921,0,1,0.08996693234172957,0,0.08124192,0
9922,0,1,0.15926393750610587,0,0.1685698,0
9923,1,1,0.16094222710079417,0,0.17453647,0
9924,0,1,0.09761616928830134,0,0.1138169,0
9925,0,1,0.07279293969185982,0,0.057550255,0
9926,1,1,0.15226668200340004,0,0.1355868,0
9927,0,1,0.1374782998643393,0,0.13914225,0
9928,0,0,0.17367918971141064,0,0.17472036,0
9929,0,1,0.18586460848026284,0,0.27327725,0
9930,0,1,0.158344949214534,0,0.15219814,0
9931,0,0,0.1379096480328093,0,0.110949166,0
9932,0,0,0.10364057494035073,0,0.106095016,0
9933,0,1,0.09092907453022088,0,0.07998996,0
9934,0,1,0.23894854440411062,0,0.20045066,0
9935,0,1,0.14309233346736955,0,0.14186025,0
9936,0,0,0.13293439882491115,0,0.11304644,0
9937,0,1,0.0942135617577943,0,0.09281078,0
9938,0,1,0.35027161858636935,0,0.08147007,0
9939,0,1,0.11460264194205468,0,0.13230667,0
9940,0,1,0.14472793464164513,0,0.18801062,0
9941,0,1,0.1838439011800926,0,0.21059427,0
9942,0,1,0.1315828673623295,0,0.15067822,0
9943,0,1,0.08866133770682509,0,0.07736711,0
9944,0,1,0.17503056121323035,0,0.21594469,0
9945,0,0,0.06056508170804731,0,0.04100004,0
9946,0,1,0.13597067927702366,0,0.1495043,0
9947,0,1,0.15290623487936936,0,0.17808673,0
9948,0,0,0.20351005255313076,0,0.18762721,0
9949,1,1,0.16515514444268242,0,0.16638713,0
9950,0,0,0.12043487880143264,0,0.101452835,0
9951,0,0,0.15013359779862465,0,0.1432581,0
9952,0,1,0.24819197374114127,0,0.21826264,0
9953,0,1,0.08777225818553155,0,0.080663,0
9954,0,1,0.08384430951657407,0,0.08506881,0
9955,0,1,0.17826231528420308,0,0.18307325,0
9956,0,1,0.11460264194205468,0,0.13230667,0
9957,0,1,0.1314464625424934,0,0.15215492,0
9958,0,0,0.1475951544029428,0,0.11462297,0
9959,1,1,0.1481280529496013,0,0.16597159,0
9960,0,0,0.06718322397491786,0,0.048201375,0
9961,0,1,0.13842595248976197,0,0.14848262,0
9962,0,0,0.16911899532135205,0,0.21355829,0
9963,0,1,0.07169629883235319,0,0.07859363,0
9964,0,1,0.13847545330762542,0,0.12333034,0
9965,0,0,0.11183959144963505,0,0.11523112,0
9966,0,1,0.20521239803087277,0,0.20290118,0
9967,0,1,0.1130171118263294,0,0.09205674,0
9968,0,1,0.06059869752370681,0,0.04464026,0
9969,0,0,0.07281719838125349,0,0.053208128,0
9970,0,1,0.10650800395850588,0,0.08946985,0
9971,0,1,0.2202954193153539,0,0.22039998,0
9972,0,1,0.09413335340539211,0,0.08958151,0
9973,0,1,0.17593604076410793,0,0.2007429,0
9974,0,1,0.1464756988564782,0,0.12641884,0
9975,1,0,0.3036513827654553,0,0.29025212,0
9976,1,0,0.17592205476466083,0,0.2007429,0
9977,0,1,0.14054250123384382,0,0.12625396,0
9978,0,0,0.15717040237098076,0,0.12630126,0
9979,0,1,0.1480134636360421,0,0.1640765,0
9980,0,1,0.06349696361175043,0,0.059986025,0
9981,1,1,0.1477183052216639,0,0.103658654,0
9982,0,1,0.09105745225439033,0,0.11168011,0
9983,0,1,0.15213290186014583,0,0.14995882,0
9984,0,0,0.21855254704537994,0,0.19408077,0
9985,0,1,0.1056472625816253,0,0.13084054,0
9986,0,1,0.08954552416504896,0,0.10075509,0
9987,0,1,0.15313394198843497,0,0.15693767,0
9988,0,0,0.09001449488839881,0,0.06960167,0
9989,0,1,0.16505894777514343,0,0.14796229,0
9990,1,1,0.1572035413032511,0,0.13777763,0
9991,0,1,0.15859810506661892,0,0.20175003,0
9992,0,1,0.10011889075687744,0,0.11947436,0
9993,0,1,0.20589112132906834,0,0.18036146,0
9994,0,0,0.19343427642742902,0,0.17182319,0
9995,0,0,0.062403071083588724,0,0.039795596,0
9996,0,1,0.09071669959147145,0,0.086390816,0
9997,0,1,0.130948148216879,0,0.15904535,0
9998,0,0,0.11578871200595658,0,0.16356163,0
9999,0,1,0.07707268012552754,0,0.052002035,0
10000,0,1,0.18366743853710113,0,0.22579297,0
10001,0,1,0.2984065409517041,0,0.2526537,0
10002,1,1,0.29294717672776105,0,0.33951822,0
10003,0,1,0.25637876702850254,0,0.23373826,0
10004,0,0,0.05604618835434251,0,0.06807443,0
10005,0,1,0.1927784486109694,0,0.20839067,0
10006,0,0,0.08060283987138527,0,0.07074178,0
10007,1,1,0.20442130513451376,0,0.24507226,0
10008,1,1,0.10914842498494742,0,0.107809566,0
10009,0,0,0.21819901774645933,0,0.16188627,0
10010,0,0,0.10401447287507157,0,0.071826324,0
10011,0,0,0.122273793727867,0,0.14143206,0
10012,1,1,0.07523084544620827,0,0.06602726,0
10013,0,1,0.19958339371683897,0,0.17495476,0
10014,0,0,0.06353072054283472,0,0.07247098,0
10015,1,1,0.13857737506648113,0,0.12771608,0
10016,0,1,0.1500590769780696,0,0.11205182,0
10017,0,1,0.1552395187395586,0,0.155033,0
10018,0,1,0.18738883086588962,0,0.17240898,0
10019,0,0,0.0807306238078631,0,0.08642961,0
10020,0,1,0.20589559686375475,0,0.20762414,0
10021,0,0,0.17225103178150925,0,0.14393519,0
10022,0,1,0.2322974626799701,0,0.30382723,0
10023,0,0,0.260133297788664,0,0.2632024,0
10024,0,1,0.14137477623145506,0,0.20141855,0
10025,0,0,0.2528863434759667,0,0.24497488,0
10026,0,1,0.2252145380644015,0,0.3145689,0
10027,0,1,0.10569012691342454,0,0.12691408,0
10028,1,0,0.13519917625953579,0,0.15481076,0
10029,0,1,0.0716905167187817,0,0.078200944,0
10030,0,1,0.16895631155616342,0,0.152772,0
10031,1,1,0.22453649567039763,0,0.24962021,0
10032,0,1,0.18927308400096252,0,0.19624864,0
10033,1,1,0.19404082746840332,0,0.1709245,0
10034,0,1,0.1624885265859478,0,0.1879672,0
10035,0,0,0.05757920644714785,0,0.05307709,0
10036,0,0,0.19966910929679257,0,0.18583551,0
10037,0,1,0.1861940781576791,0,0.23419666,0
10038,0,0,0.1547736661508955,0,0.15754494,0
10039,0,1,0.10482101179107095,0,0.09075151,0
10040,0,1,0.07932263507935314,0,0.09188531,0
10041,0,1,0.1225876622107819,0,0.12244387,0
10042,0,1,0.18437182512399436,0,0.16899154,0
10043,0,1,0.06725942516871525,0,0.04875699,0
10044,0,0,0.12924522513887482,0,0.1162365,0
10045,0,0,0.14652533631585454,0,0.12737755,0
10046,0,1,0.25278997964069777,0,0.23551606,0
10047,0,0,0.08562829107535784,0,0.052221496,0
10048,0,1,0.09384242723266582,0,0.0636369,0
10049,0,0,0.13064111326318503,0,0.14643206,0
10050,0,0,0.18490672548340573,0,0.20215045,0
10051,0,1,0.16553618268965498,0,0.13321488,0
10052,0,0,0.19296280280465153,0,0.15851411,0
10053,0,1,0.09388369226846999,0,0.09789338,0
10054,0,1,0.08963319560051058,0,0.08516943,0
10055,0,1,0.18105741951808857,0,0.16666287,0
10056,0,1,0.1067143696543395,0,0.113004915,0
10057,0,1,0.08497944159135301,0,0.12100309,0
10058,0,0,0.0780175852795212,0,0.07522042,0
10059,0,1,0.16240633055178433,0,0.15216947,0
10060,0,1,0.14591995196453525,0,0.16288257,0
10061,0,1,0.09694121224310084,0,0.08272804,0
10062,1,1,0.0656778595944223,0,0.046597835,0
10063,0,0,0.07244632935156461,0,0.05259779,0
10064,0,1,0.16239943539450277,0,0.14675796,0
10065,0,1,0.15807904950421275,0,0.18115583,0
10066,0,1,0.3390856224882587,0,0.33460164,0
10067,1,1,0.14718894798917634,0,0.1491326,0
10068,0,0,0.14309551552094193,0,0.14186025,0
10069,0,1,0.17462250224935522,0,0.16413051,0
10070,0,1,0.14383034566299213,0,0.16048056,0
10071,0,1,0.08697255107705831,0,0.093922414,0
10072,0,1,0.14700604337916182,0,0.14138015,0
10073,0,1,0.06889950587975531,0,0.05042143,0
10074,0,0,0.10107036737653129,0,0.08453943,0
10075,1,1,0.14876114966940893,0,0.15786077,0
10076,1,1,0.0899712048838196,0,0.08148308,0
10077,0,1,0.15549214848416065,0,0.1973838,0
10078,0,0,0.1592404556650209,0,0.20704962,0
10079,0,1,0.22809993375888996,0,0.19208115,0
10080,1,1,0.13898196097231108,0,0.13016123,0
10081,1,0,0.16971722839387354,0,0.16797644,0
10082,0,1,0.15903841688880635,0,0.12987015,0
10083,0,0,0.18034623374925962,0,0.1591627,0
10084,0,1,0.1318058491029414,0,0.13523333,0
10085,0,0,0.25444072627967435,0,0.24570547,0
10086,0,0,0.12456502399089052,0,0.15507749,0
10087,0,1,0.16905150668698407,0,0.15825018,0
10088,0,0,0.1203712042555143,0,0.14133298,0
10089,0,0,0.14754308417823986,0,0.12563859,0
10090,0,1,0.1255633972919384,0,0.11599768,0
10091,0,1,0.14098310745690396,0,0.15324995,0
10092,0,0,0.20545021615038167,0,0.18485187,0
10093,1,1,0.17000991636485513,0,0.17999572,0
10094,0,0,0.15289629733087307,0,0.1707624,0
10095,0,1,0.14177798852916712,0,0.15272132,0
10096,0,1,0.21856417436802467,0,0.12820871,0
10097,0,0,0.17014692128491538,0,0.17237714,0
10098,0,1,0.08715999956263884,0,0.08039162,0
10099,0,0,0.09761818193395726,0,0.1138169,0
10100,1,0,0.10935755371726254,0,0.10441905,0
10101,0,1,0.06547651579397182,0,0.03837338,0
10102,1,1,0.24183038667360887,0,0.20188989,0
10103,0,1,0.08732126673771817,0,0.09762543,0
10104,0,1,0.19464388334136665,0,0.22798194,0
10105,0,1,0.09918362198762225,0,0.11007398,0
10106,0,1,0.15839266367789262,0,0.2072224,0
10107,0,1,0.10295987290836742,0,0.10710728,0
10108,0,1,0.06856631991851346,0,0.06114028,0
10109,0,1,0.22886026847534072,0,0.2368994,0
10110,0,1,0.15944255552273037,0,0.15512763,0
10111,1,1,0.06868098238800455,0,0.051012114,0
10112,0,1,0.08954428234574752,0,0.10075509,0
10113,0,1,0.1651287910409339,0,0.16339622,0
10114,0,1,0.11025325271802963,0,0.26857477,0
10115,1,1,0.12986649245484982,0,0.14149489,0
10116,0,1,0.20953365158047046,0,0.22300816,0
10117,0,0,0.13124486759058182,0,0.17275655,0
10118,0,1,0.11178498135371298,0,0.116514035,0
10119,0,1,0.11895507130536191,0,0.12928104,0
10120,0,1,0.08412705816477645,0,0.08563558,0
10121,0,1,0.14304560556052448,0,0.16935244,0
10122,0,1,0.1092576897110736,0,0.096596204,0
10123,1,1,0.20399499993875603,0,0.20472041,0
10124,0,1,0.15643427015763553,0,0.17249827,0
10125,0,0,0.16598707691695835,0,0.1546128,0
10126,0,0,0.2639878937596794,0,0.16106609,0
10127,0,0,0.26117126498552046,0,0.29992375,0
10128,0,1,0.14595932918893184,0,0.1821038,0
10129,0,0,0.15017671720687542,0,0.15713517,0
10130,0,1,0.18480895393721367,0,0.20048557,0
10131,0,1,0.15549628367788282,0,0.14960745,0
10132,1,0,0.18436944971783076,0,0.187039,0
10133,0,1,0.22204519448015234,0,0.24297525,0
10134,0,1,0.2014240709086576,0,0.22393364,0
10135,0,1,0.09221581031669852,0,0.11314216,0
10136,0,0,0.10698328266359386,0,0.1260417,0
10137,0,1,0.15230554588271492,0,0.16574769,0
10138,0,0,0.1410512387882241,0,0.16295944,0
10139,0,1,0.09909452134956552,0,0.10949588,0
10140,0,1,0.1119116765468551,0,0.109624945,0
10141,0,1,0.1124677240295725,0,0.109662384,0
10142,0,1,0.1699640714900511,0,0.15670924,0
10143,1,1,0.08749521932110696,0,0.082473926,0
10144,0,1,0.21296442448344613,0,0.17774427,0
10145,0,0,0.08275864104824307,0,0.083235234,0
10146,0,1,0.16681041235233443,0,0.14211689,0
10147,0,1,0.2057080418340661,0,0.21925619,0
10148,0,1,0.05903104341207077,0,0.03257566,0
10149,0,1,0.12450108818813553,0,0.1232014,0
10150,0,0,0.10879413000230656,0,0.1505894,0
10151,0,0,0.15509678811149313,0,0.18319876,0
10152,0,1,0.23226853912489046,0,0.27730888,0
10153,0,1,0.10631399529244348,0,0.08713086,0
10154,0,0,0.08752112580808451,0,0.09320194,0
10155,0,1,0.14081607725044465,0,0.12083768,0
10156,1,1,0.15973067269174168,0,0.133716,0
10157,0,1,0.11241202562229231,0,0.12902945,0
10158,0,0,0.07819741947602608,0,0.061709605,0
10159,0,0,0.11402874065906721,0,0.10593352,0
10160,0,0,0.11550721343440533,0,0.10366412,0
10161,0,1,0.2493453847868791,0,0.24162698,0
10162,0,0,0.10977177000977954,0,0.11385504,0
10163,0,1,0.12288068012086525,0,0.09851775,0
10164,1,1,0.08613715245059944,0,0.07166592,0
10165,0,1,0.20079517833611324,0,0.2903002,0
10166,0,1,0.2151939758159457,0,0.22449996,0
10167,0,1,0.06860239421796739,0,0.045373656,0
10168,0,1,0.09671694649158125,0,0.0876417,0
10169,0,1,0.22720953665982085,0,0.19138815,0
10170,0,1,0.1932762463144078,0,0.19088341,0
10171,0,1,0.06059574299911402,0,0.04464026,0
10172,0,1,0.12625039515334496,0,0.12504913,0
10173,0,1,0.15204920007276104,0,0.16852497,0
10174,1,0,0.05774107525380827,0,0.04113245,0
10175,0,0,0.26061635690196217,0,0.25623792,0
10176,0,1,0.11662511944078478,0,0.12582463,0
10177,0,0,0.11034156642928238,0,0.10567532,0
10178,0,1,0.08222927369680749,0,0.08172686,0
10179,0,0,0.14282881435171882,0,0.14866152,0
10180,0,0,0.0838278653752491,0,0.072987,0
10181,0,0,0.06890501083474264,0,0.048310086,0
10182,0,0,0.3273240635064362,0,0.32078248,0
10183,0,1,0.22550717098083528,0,0.24716423,0
10184,0,0,0.09561988468544977,0,0.083555065,0
10185,0,0,0.10914842498494742,0,0.107809566,0
10186,0,1,0.25152735359216605,0,0.26186886,0
10187,0,0,0.19200213196671692,0,0.17610386,0
10188,0,1,0.10657513656303426,0,0.09983731,0
10189,0,0,0.32398073761599927,0,0.2688472,0
10190,0,1,0.10752267685528238,0,0.13414682,0
10191,0,0,0.19238281500314347,0,0.21515249,0
10192,0,0,0.1342665490289978,0,0.16436838,0
10193,1,1,0.18489035840629012,0,0.18541284,0
10194,0,0,0.19899716313666657,0,0.24465291,0
10195,0,0,0.11402823444507253,0,0.10813926,0
10196,0,1,0.08468973910811023,0,0.06692451,0
10197,0,1,0.06220972892900952,0,0.0981604,0
10198,1,1,0.18446840328273972,0,0.16586554,0
10199,0,1,0.07929655923950171,0,0.08251693,0
10200,0,1,0.0743661634556613,0,0.06609959,0
10201,0,0,0.18161681532623372,0,0.2149917,0
10202,0,1,0.09491239742817206,0,0.10601414,0
10203,0,1,0.2022640062343777,0,0.21258122,0
10204,0,0,0.15222381986706135,0,0.1554205,0
10205,0,0,0.07351462111315521,0,0.053464085,0
10206,0,1,0.08380284730381946,0,0.07701275,0
10207,0,1,0.11036640707888204,0,0.11334045,0
10208,0,1,0.14647852009733087,0,0.12907101,0
10209,0,1,0.08649312737056025,0,0.081263386,0
10210,0,0,0.0689365934240331,0,0.066515654,0
10211,0,1,0.11992548818100739,0,0.12725602,0
10212,1,1,0.2454180476202571,0,0.2427389,0
10213,1,1,0.1169871886182204,0,0.12584813,0
10214,0,0,0.08615245243293383,0,0.0677142,0
10215,0,1,0.06640878834890317,0,0.06277632,0
10216,0,1,0.18927191533221685,0,0.19624864,0
10217,0,1,0.21637390213729624,0,0.22279032,0
10218,0,0,0.06810115694526073,0,0.07084044,0
10219,0,0,0.14921480264218706,0,0.1566171,0
10220,1,1,0.2751899197711346,0,0.25509745,0
10221,0,0,0.10855347353588182,0,0.147712,0
10222,1,1,0.16492289434395313,0,0.15298383,0
10223,0,0,0.150251309074848,0,0.13686852,0
10224,0,0,0.1529436881173801,0,0.12069701,0
10225,0,1,0.06553026670820446,0,0.05103549,0
10226,1,1,0.1544620375469595,0,0.15418534,0
10227,0,1,0.30710775782465405,0,0.27914104,0
10228,0,1,0.069941454256197,0,0.07840248,0
10229,0,0,0.18195709475485272,0,0.18909945,0
10230,1,1,0.09930749542445276,0,0.09407967,0
10231,0,1,0.24719573445067936,0,0.23845872,0
10232,0,0,0.29338431787567737,0,0.27817774,0
10233,0,0,0.12560046686833168,0,0.13260815,0
10234,0,1,0.10616020799964448,0,0.08206337,0
10235,0,1,0.09794373983967147,0,0.10361012,0
10236,0,1,0.24865441315532236,0,0.16660886,0
10237,1,1,0.28602441259443784,0,0.24704303,0
10238,0,0,0.12050033208915255,0,0.12088728,0
10239,0,1,0.11338865539424409,0,0.13084812,0
10240,0,0,0.1910027785095773,0,0.1886026,0
10241,0,0,0.23369564650977262,0,0.19706272,0
10242,0,1,0.17166368397390921,0,0.1479462,0
10243,0,0,0.1859950841458339,0,0.2279688,0
10244,0,1,0.15312987355397273,0,0.1551256,0
10245,0,1,0.2461538923834105,0,0.2627597,0
10246,1,1,0.08589872211357107,0,0.065024324,0
10247,0,1,0.07396045595699073,0,0.04376369,0
10248,0,1,0.12171716853006569,0,0.11462227,0
10249,0,1,0.08896097723470768,0,0.05791641,0
10250,0,0,0.0822535873629086,0,0.07061738,0
10251,0,1,0.1394157243137818,0,0.15537572,0
10252,0,0,0.328161447449989,0,0.26582322,0
10253,0,1,0.11917795322083766,0,0.16598158,0
10254,0,0,0.09034314564876066,0,0.066814125,0
10255,0,1,0.0825754513052139,0,0.06989139,0
10256,0,1,0.08782387930116799,0,0.09523067,0
10257,0,1,0.054608017426144684,0,0.036615916,0
10258,0,1,0.0830436574542869,0,0.07153454,0
10259,0,1,0.15264524272877986,0,0.18764389,0
10260,0,1,0.12196679079224546,0,0.15792644,0
10261,0,1,0.1339348275698423,0,0.13017567,0
10262,0,0,0.16683107683386555,0,0.1782095,0
10263,0,0,0.15713599793811162,0,0.15092698,0
10264,0,0,0.17688280196455428,0,0.17082644,0
10265,1,1,0.13570826660149082,0,0.13925657,0
10266,1,0,0.07791931701457354,0,0.07298787,0
10267,1,1,0.10290514812411133,0,0.110681996,0
10268,1,1,0.14582448433234155,0,0.16713884,0
10269,0,1,0.11441670056218722,0,0.12233623,0
10270,1,1,0.23032370247916667,0,0.23898289,0
10271,0,0,0.173260116432636,0,0.14879581,0
10272,0,1,0.12274975238541992,0,0.13441764,0
10273,0,1,0.09949312461683227,0,0.076944865,0
10274,0,0,0.14704024325399012,0,0.17295703,0
10275,0,1,0.11477253643080863,0,0.12566316,0
10276,0,0,0.14343227022270874,0,0.14758845,0
10277,0,0,0.20165121064881686,0,0.18225354,0
10278,0,0,0.11650338438640409,0,0.12378635,0
10279,0,0,0.12798422301985993,0,0.12650312,0
10280,0,0,0.05925280496396471,0,0.03757327,0
10281,0,1,0.06983891674938397,0,0.074527375,0
10282,0,0,0.12477732660538769,0,0.12985487,0
10283,0,1,0.10928768017181109,0,0.1300075,0
10284,0,1,0.19209255722809823,0,0.14782716,0
10285,0,1,0.08946713099105617,0,0.0990225,0
10286,0,1,0.2924544772421487,0,0.22413355,0
10287,0,0,0.10370859610773882,0,0.0809451,0
10288,1,1,0.19933562590084675,0,0.20720983,0
10289,0,1,0.15518104428025103,0,0.15394041,0
10290,0,0,0.15502394670036715,0,0.15456197,0
10291,0,1,0.22140442038735647,0,0.21045542,0
10292,0,1,0.30216675294545864,0,0.2944949,0
10293,0,0,0.1391256573424011,0,0.1688209,0
10294,0,1,0.06694749135696122,0,0.08116651,0
10295,0,1,0.2571124998253587,0,0.25164047,0
10296,0,0,0.15405122401855365,0,0.1680988,0
10297,0,1,0.10397127699238186,0,0.11114401,0
10298,0,0,0.11649999612390631,0,0.12471517,0
10299,0,1,0.3014196884003095,0,0.52171934,1
10300,1,1,0.0793506351633675,0,0.05678492,0
10301,0,0,0.07823279250531971,0,0.06690334,0
10302,0,1,0.1808175272337516,0,0.20249425,0
10303,0,1,0.2617473480330567,0,0.2813205,0
10304,0,1,0.13312464547270875,0,0.15203162,0
10305,0,1,0.09669957464563124,0,0.08027331,0
10306,0,1,0.1241761513474649,0,0.12445873,0
10307,0,0,0.18193261786918943,0,0.18909945,0
10308,0,1,0.1595000258788177,0,0.15437715,0
10309,0,0,0.17214915006716883,0,0.13522725,0
10310,0,0,0.21188504165484995,0,0.29958946,0
10311,1,0,0.18305178238643283,0,0.18589818,0
10312,0,1,0.10172396982911182,0,0.08698192,0
10313,0,0,0.13521413259678913,0,0.13304415,0
10314,0,1,0.12587323777484402,0,0.10670422,0
10315,0,1,0.17601576564230226,0,0.18854757,0
10316,0,1,0.09794373983967147,0,0.10361012,0
10317,0,0,0.15582822627159085,0,0.1920516,0
10318,0,1,0.08732767385198187,0,0.1160958,0
10319,0,1,0.06522713904917114,0,0.06737485,0
10320,0,1,0.09811415558854372,0,0.088846326,0
10321,0,1,0.07632223903362678,0,0.07927034,0
10322,0,1,0.1272840722731432,0,0.12813099,0
10323,0,1,0.129793795407026,0,0.12007334,0
10324,1,1,0.08707717634528103,0,0.083724,0
10325,0,0,0.06996624769198996,0,0.0691602,0
10326,1,1,0.24732399853804474,0,0.27255568,0
10327,0,0,0.05925252194298991,0,0.03757327,0
10328,0,1,0.2202679663513615,0,0.09070105,0
10329,0,1,0.11655726739726424,0,0.14527784,0
10330,0,0,0.09064817653390385,0,0.08736103,0
10331,0,0,0.0932924431466639,0,0.10837358,0
10332,0,1,0.0667197148000238,0,0.03731092,0
10333,1,1,0.12090283463500393,0,0.14751233,0
10334,0,1,0.26449035997846676,0,0.33834845,0
10335,0,1,0.13850698112262327,0,0.12907799,0
10336,0,1,0.25097943594689776,0,0.2957637,0
10337,1,1,0.09362252393075148,0,0.09886072,0
10338,1,1,0.18497795256267657,0,0.16764665,0
10339,0,1,0.09872686826738028,0,0.08103736,0
10340,0,1,0.17990988151430196,0,0.12790918,0
10341,0,1,0.14714588427817266,0,0.16709311,0
10342,0,0,0.2181648069127616,0,0.23094167,0
10343,0,0,0.32310232527760124,0,0.24612957,0
10344,1,1,0.1567008798604107,0,0.116505936,0
10345,0,1,0.0835327334009234,0,0.089364536,0
10346,0,1,0.07716260507677918,0,0.09626728,0
10347,0,0,0.18796783841932713,0,0.1767153,0
10348,1,1,0.14724063660601155,0,0.16218598,0
10349,0,1,0.13013182073527665,0,0.14485413,0
10350,0,0,0.1691148227466805,0,0.15221752,0
10351,0,1,0.13247739243356663,0,0.11584197,0
10352,0,1,0.17963256994232343,0,0.16257997,0
10353,0,1,0.11982225567447477,0,0.12005195,0
10354,0,0,0.10755112904845691,0,0.13065308,0
10355,0,0,0.10580191501174994,0,0.13958666,0
10356,0,1,0.16905106287052446,0,0.14683817,0
10357,0,1,0.13405482341053496,0,0.13459669,0
10358,0,1,0.09912735389968114,0,0.1267176,0
10359,0,1,0.12123650321509508,0,0.09262794,0
10360,0,1,0.16766651213053305,0,0.17290013,0
10361,0,0,0.158173496685206,0,0.17085204,0
10362,0,0,0.28990804114766594,0,0.28556395,0
10363,0,1,0.14514228735220414,0,0.16235957,0
10364,1,1,0.24446698304893535,0,0.2937231,0
10365,0,0,0.1782428436489625,0,0.28723505,0
10366,0,1,0.08736226163317881,0,0.0794413,0
10367,0,1,0.06806149801310285,0,0.040583003,0
10368,0,1,0.10929593087526875,0,0.104372084,0
10369,0,0,0.18628934031818475,0,0.2279688,0
10370,0,1,0.1921235237802817,0,0.19105771,0
10371,0,1,0.06064254951229931,0,0.05063362,0
10372,1,0,0.19163356678161828,0,0.2034802,0
10373,1,1,0.12633275795125956,0,0.10375362,0
10374,1,1,0.21886077130344617,0,0.21399565,0
10375,0,1,0.10703659924200624,0,0.09346769,0
10376,0,1,0.10305802513977819,0,0.11883077,0
10377,0,1,0.19208269416341492,0,0.21515249,0
10378,0,1,0.07537347520717264,0,0.0626182,0
10379,0,1,0.14302011546220333,0,0.1773079,0
10380,0,0,0.17412723660402593,0,0.19458272,0
10381,0,1,0.06990520550687038,0,0.04783836,0
10382,0,0,0.12842739860633975,0,0.13383853,0
10383,0,1,0.1746365694591616,0,0.16929924,0
10384,0,1,0.057790066677713754,0,0.026913408,0
10385,0,1,0.10612877369416242,0,0.107391626,0
10386,1,1,0.1405129573064383,0,0.15910305,0
10387,0,1,0.09279039576899262,0,0.07285211,0
10388,0,1,0.2008288233651279,0,0.21947443,0
10389,0,1,0.0861678437224169,0,0.06413778,0
10390,0,1,0.12722900374412596,0,0.12388693,0
10391,0,1,0.1527834912188231,0,0.16817886,0
10392,0,1,0.15880833501580188,0,0.16544962,0
10393,0,1,0.17747730381675741,0,0.17821164,0
10394,0,1,0.205912400302535,0,0.22103928,0
10395,0,0,0.09812513863505284,0,0.088846326,0
10396,0,1,0.13975644102595938,0,0.13370596,0
10397,0,0,0.08702610913498544,0,0.07559152,0
10398,1,0,0.22165027769558615,0,0.20049733,0
10399,0,1,0.11609776526518537,0,0.1496317,0
10400,0,0,0.07892194003741985,0,0.08218525,0
10401,0,1,0.17314342333660007,0,0.1579276,0
10402,0,1,0.062388021193392325,0,0.03531304,0
10403,1,1,0.11668627654848132,0,0.11359472,0
10404,0,0,0.15287589738380225,0,0.24612796,0
10405,1,1,0.1771543465391968,0,0.17658818,0
10406,0,0,0.07402460132162844,0,0.05370114,0
10407,1,0,0.11580966435313092,0,0.14254208,0
10408,1,1,0.23303271647948304,0,0.16132638,0
10409,0,1,0.2153369310368995,0,0.29162428,0
10410,0,1,0.09622017408577842,0,0.10335048,0
10411,0,1,0.14139472376539933,0,0.1704495,0
10412,0,1,0.17812497742617683,0,0.17421058,0
10413,0,1,0.15954116466154364,0,0.18274318,0
10414,0,1,0.1232004817793804,0,0.12214574,0
10415,0,1,0.12450108818813553,0,0.1232014,0
10416,0,1,0.1813295196253351,0,0.21512036,0
10417,0,0,0.12427064471408221,0,0.13484938,0
10418,0,0,0.09326412940918383,0,0.08966452,0
10419,0,1,0.11729661219560931,0,0.112562224,0
10420,0,0,0.08257401958573933,0,0.07420996,0
10421,0,1,0.14716488732549296,0,0.11359901,0
10422,0,1,0.18876654436369106,0,0.17841871,0
10423,0,1,0.14185078928911987,0,0.1432809,0
10424,0,1,0.11546636404249276,0,0.1274532,0
10425,0,1,0.1351369544048685,0,0.14799313,0
10426,0,0,0.09886773816188499,0,0.0870886,0
10427,0,0,0.09168125828353992,0,0.15185238,0
10428,0,1,0.12400116933190529,0,0.14280598,0
10429,0,1,0.18902653095222183,0,0.18376313,0
10430,1,1,0.15507172570279595,0,0.17045557,0
10431,0,1,0.28719056691518824,0,0.23911469,0
10432,0,1,0.19399098408769808,0,0.21449536,0
10433,1,1,0.1423931865055927,0,0.14873603,0
10434,0,1,0.157515870510734,0,0.30326834,0
10435,0,0,0.1461809483010373,0,0.1553548,0
10436,0,0,0.19688206008945514,0,0.20181581,0
10437,0,0,0.1583021960164902,0,0.1611928,0
10438,1,0,0.13019252576080592,0,0.13606173,0
10439,0,0,0.0989205726634051,0,0.098085634,0
10440,0,1,0.13410312438518165,0,0.13014472,0
10441,1,1,0.15565597544309212,0,0.1819884,0
10442,0,1,0.07825929401599589,0,0.06396061,0
10443,0,1,0.14777506340103855,0,0.13735506,0
10444,0,1,0.09875151825970951,0,0.08867326,0
10445,0,1,0.09193964923482384,0,0.081609234,0
10446,0,1,0.2208622296501491,0,0.264704,0
10447,0,1,0.06711934777601401,0,0.051068515,0
10448,0,0,0.08099627778534313,0,0.09446889,0
10449,0,0,0.06065416803177251,0,0.053882636,0
10450,0,1,0.13292017926764346,0,0.1415479,0
10451,0,0,0.18435727613300545,0,0.17758782,0
10452,0,1,0.10498143750565116,0,0.13365059,0
10453,0,0,0.14428674441501604,0,0.11613439,0
10454,0,1,0.059265196234920034,0,0.041652113,0
10455,0,1,0.15419398744493557,0,0.10452893,0
10456,0,0,0.1667536916369494,0,0.17664309,0
10457,0,1,0.11749252082166178,0,0.1257887,0
10458,0,0,0.23995324186295142,0,0.232306,0
10459,0,1,0.1037098494096241,0,0.13466708,0
10460,0,0,0.0980317482384452,0,0.11067658,0
10461,0,1,0.06714883777700267,0,0.040676102,0
10462,0,0,0.12931073351785052,0,0.13930812,0
10463,0,1,0.09161613009554671,0,0.07996619,0
10464,0,1,0.060580555016313285,0,0.04279483,0
10465,0,0,0.17456445396882722,0,0.16741946,0
10466,0,1,0.17623340521034558,0,0.23581006,0
10467,0,1,0.15267399509139487,0,0.16613284,0
10468,0,1,0.2628451748607248,0,0.14022018,0
10469,0,1,0.07222442234225912,0,0.039871465,0
10470,0,0,0.062388021193392325,0,0.03531304,0
10471,1,1,0.23198239120122263,0,0.20028047,0
10472,1,1,0.2051781252542605,0,0.20769775,0
10473,0,1,0.18524125009102646,0,0.17828193,0
10474,0,1,0.15279243677991036,0,0.14910424,0
10475,1,1,0.11989774955299846,0,0.12604591,0
10476,0,0,0.20593207156936222,0,0.22430618,0
10477,0,1,0.09092571699128453,0,0.09082213,0
10478,0,0,0.1272114643685119,0,0.12056284,0
10479,0,0,0.10393385318757498,0,0.081931375,0
10480,0,1,0.1235665244802585,0,0.11417989,0
10481,0,1,0.11516656975395381,0,0.11865338,0
10482,1,0,0.25336800814129135,0,0.21567477,0
10483,0,1,0.1804390978208354,0,0.16627875,0
10484,0,0,0.1224291328908104,0,0.10497597,0
10485,0,1,0.1958322253414685,0,0.21165867,0
10486,0,0,0.13895780159201418,0,0.121782325,0
10487,0,0,0.12856357465999427,0,0.121108525,0
10488,0,1,0.13377236746559085,0,0.12422491,0
10489,0,0,0.19699006298430122,0,0.17763303,0
10490,0,1,0.12740905226084256,0,0.13000093,0
10491,0,1,0.057512766353819036,0,0.044708163,0
10492,1,0,0.130294677579209,0,0.11942559,0
10493,0,1,0.16537532831007143,0,0.13156,0
10494,0,0,0.12885318767715007,0,0.13553968,0
10495,0,0,0.06962016614279132,0,0.077325925,0
10496,0,1,0.09549399627872734,0,0.05454584,0
10497,0,1,0.07848935076414001,0,0.04718538,0
10498,0,1,0.16836856987053817,0,0.20549853,0
10499,0,1,0.07548710122350652,0,0.08577415,0
10500,0,1,0.0828748854871576,0,0.100719035,0
10501,0,1,0.1455966425812788,0,0.12900314,0
10502,0,1,0.14718067488885758,0,0.17338397,0
10503,0,1,0.10599362159436743,0,0.14347787,0
10504,0,0,0.14466623684620988,0,0.14644666,0
10505,0,1,0.13842595248976197,0,0.14848262,0
10506,0,1,0.09034159267811141,0,0.09072161,0
10507,0,1,0.17954466337911232,0,0.16440134,0
10508,0,1,0.13942638523851097,0,0.1612013,0
10509,0,0,0.21317989399052634,0,0.18702853,0
10510,0,1,0.14024432543265536,0,0.10812153,0
10511,0,0,0.14759057649143187,0,0.113816455,0
10512,0,0,0.183748310305826,0,0.2538892,0
10513,0,0,0.13261564798839204,0,0.103725374,0
10514,0,0,0.1884859267143279,0,0.16860405,0
10515,1,1,0.18082701188034506,0,0.19179036,0
10516,0,1,0.16198512986282856,0,0.14119932,0
10517,1,1,0.13293365103194202,0,0.11304644,0
10518,0,1,0.18873812352258162,0,0.17841871,0
10519,1,1,0.253508960321174,0,0.22962,0
10520,0,1,0.10613150316488255,0,0.107391626,0
10521,0,1,0.16477683293625073,0,0.18126182,0
10522,0,1,0.22927476289123996,0,0.25226122,0
10523,1,1,0.15067202153295717,0,0.12559193,0
10524,0,1,0.1618069279866139,0,0.14137034,0
10525,0,1,0.09633147420664051,0,0.11348994,0
10526,1,0,0.17802733608588628,0,0.17836645,0
10527,0,1,0.10690774148478299,0,0.09633962,0
10528,0,1,0.1306202909891041,0,0.13316229,0
10529,0,0,0.19831816819787554,0,0.16788009,0
10530,0,0,0.14946304152890047,0,0.14236341,0
10531,0,1,0.09762223218491436,0,0.1138169,0
10532,0,1,0.10518206918854339,0,0.12995367,0
10533,0,0,0.1362259652188964,0,0.18555616,0
10534,0,1,0.06379061156313581,0,0.047567096,0
10535,0,1,0.1613479586647864,0,0.1495169,0
10536,1,1,0.10616891439489864,0,0.13517489,0
10537,0,1,0.23312859261255173,0,0.21675013,0
10538,0,0,0.13912518436580287,0,0.16303647,0
10539,0,1,0.07914325579568875,0,0.069386974,0
10540,0,0,0.1637139708771369,0,0.15371396,0
10541,0,1,0.12453989530756246,0,0.12681377,0
10542,0,1,0.17465084086523902,0,0.17115064,0
10543,0,0,0.20183837402712196,0,0.2541741,0
10544,1,0,0.10698355215271182,0,0.1260417,0
10545,0,1,0.07700214208997276,0,0.0642841,0
10546,0,1,0.11207025008851859,0,0.13335563,0
10547,0,1,0.15789060771995767,0,0.16393368,0
10548,0,0,0.07794547239371961,0,0.07946385,0
10549,0,1,0.10199066090999251,0,0.0727543,0
10550,0,1,0.12426632396246216,0,0.12403309,0
10551,0,1,0.1520541461938252,0,0.16852497,0
10552,0,1,0.12259160646687993,0,0.12244387,0
10553,0,1,0.12296125480118486,0,0.116735116,0
10554,0,1,0.17452255321990018,0,0.19053134,0
10555,0,1,0.09070462442754129,0,0.091407284,0
10556,0,0,0.10399757553166399,0,0.14112638,0
10557,0,1,0.1601436383754528,0,0.17637785,0
10558,0,0,0.13046747983888943,0,0.14239416,0
10559,0,0,0.11666171153356301,0,0.088865034,0
10560,0,0,0.17068632513222295,0,0.17359768,0
10561,0,1,0.157648892056282,0,0.1720223,0
10562,0,1,0.11719512157200193,0,0.12008049,0
10563,1,0,0.16038846907042623,0,0.18971121,0
10564,1,1,0.13151407772646662,0,0.10782083,0
10565,0,0,0.17979172105355684,0,0.14821488,0
10566,0,1,0.15887063320715036,0,0.17145774,0
10567,0,0,0.07077886345863126,0,0.046426397,0
10568,1,1,0.08066525103365381,0,0.07700493,0
10569,0,1,0.0743499257785275,0,0.059090678,0
10570,0,1,0.0989205726634051,0,0.098085634,0
10571,0,1,0.08626191125886541,0,0.08158155,0
10572,0,1,0.10787665595646376,0,0.11072683,0
10573,0,1,0.24586060710171492,0,0.17122374,0
10574,1,0,0.22639113257319354,0,0.26114544,0
10575,0,0,0.13557621147506432,0,0.1427926,0
10576,0,0,0.17216094175421484,0,0.14025141,0
10577,0,0,0.11726351614823141,0,0.12436227,0
10578,0,0,0.12573456994838114,0,0.12565185,0
10579,0,0,0.14591995196453525,0,0.16288257,0
10580,0,1,0.10855696751554199,0,0.147712,0
10581,0,1,0.09946532200746794,0,0.11290582,0
10582,0,0,0.24880082085235808,0,0.28528866,0
10583,0,0,0.13261620079219325,0,0.16010012,0
10584,0,1,0.22125880338829093,0,0.22564365,0
10585,0,1,0.1740062841478007,0,0.15800335,0
10586,0,0,0.2858521227487042,0,0.21217877,0
10587,1,0,0.07358822929345028,0,0.07880897,0
10588,0,1,0.15531905892170328,0,0.20718172,0
10589,0,1,0.12896448662767407,0,0.14536831,0
10590,1,1,0.3256247497492099,0,0.32005334,0
10591,1,1,0.22248639768788786,0,0.21336406,0
10592,1,1,0.21020858203297427,0,0.19203043,0
10593,1,1,0.12032971514713231,0,0.16089526,0
10594,1,1,0.2429323445800028,0,0.30939084,0
10595,0,1,0.15296400735993484,0,0.15458976,0
10596,0,0,0.13846437555950433,0,0.16000187,0
10597,0,1,0.12035085608455263,0,0.18539943,0
10598,0,1,0.15859234343352477,0,0.15587963,0
10599,1,1,0.0891093928329963,0,0.09146881,0
10600,0,0,0.09389705890864496,0,0.10498298,0
10601,0,0,0.11198954385688609,0,0.11127848,0
10602,1,1,0.22696312175045658,0,0.21567105,0
10603,0,0,0.2106200170499199,0,0.21044494,0
10604,0,1,0.4548759553245153,0,0.4003985,0
10605,0,1,0.18316445274217158,0,0.16632128,0
10606,0,0,0.17345900885151058,0,0.174194,0
10607,1,1,0.13340492924011793,0,0.10311534,0
10608,0,1,0.20107851347584982,0,0.23220295,0
10609,0,1,0.11474145529808802,0,0.14594999,0
10610,0,0,0.19581796772817653,0,0.19406544,0
10611,1,0,0.25087232847518914,0,0.31684378,0
10612,0,1,0.12058922980666412,0,0.1441337,0
10613,0,1,0.13117991073538698,0,0.13833144,0
10614,0,1,0.15009923092950697,0,0.14499228,0
10615,0,0,0.08659055048862865,0,0.0826463,0
10616,0,1,0.08967905209258417,0,0.10900566,0
10617,0,0,0.1573067613726744,0,0.16442713,0
10618,0,0,0.057570053845695676,0,0.056178644,0
10619,0,1,0.10062114374498843,0,0.12045701,0
10620,0,1,0.15831867716626205,0,0.16260488,0
10621,0,1,0.09182776331972729,0,0.09762238,0
10622,0,0,0.15080799537908238,0,0.12426965,0
10623,0,1,0.098412456459073,0,0.09607226,0
10624,1,1,0.23946849999903064,0,0.2984095,0
10625,0,0,0.09694522880640627,0,0.093375765,0
10626,0,1,0.06712660720855051,0,0.041355964,0
10627,0,0,0.12721512867450396,0,0.1275499,0
10628,0,0,0.19963742273169097,0,0.19446893,0
10629,0,0,0.19169889624364855,0,0.23278637,0
10630,0,1,0.11476646090377265,0,0.11661961,0
10631,1,1,0.24273161981001679,0,0.17513615,0
10632,0,1,0.18841009646190235,0,0.14803672,0
10633,1,1,0.3162205403159474,0,0.25858265,0
10634,0,1,0.18096276417431026,0,0.19603921,0
10635,1,1,0.15950289983715213,0,0.15000737,0
10636,0,0,0.10017847787306777,0,0.08084436,0
10637,0,1,0.17506164056133938,0,0.19504142,0
10638,0,1,0.153481279183172,0,0.14245073,0
10639,0,1,0.15006073189446092,0,0.11205182,0
10640,1,1,0.15146627346852173,0,0.1308138,0
10641,0,1,0.27332962473082884,0,0.2830485,0
10642,0,1,0.11342532911023809,0,0.1260172,0
10643,0,1,0.18938830504639345,0,0.16540387,0
10644,0,1,0.09622017408577842,0,0.10335048,0
10645,0,1,0.12012322617671797,0,0.1329319,0
10646,1,1,0.2573746882175395,0,0.16035324,0
10647,0,1,0.16766651213053305,0,0.17290013,0
10648,0,1,0.07034814980931425,0,0.055507526,0
10649,1,0,0.14657633918274646,0,0.17454864,0
10650,1,1,0.1654262211099395,0,0.13178785,0
10651,1,1,0.24633724185784814,0,0.3383911,0
10652,0,1,0.21191642463531077,0,0.26205426,0
10653,0,1,0.0717582582710881,0,0.10233405,0
10654,1,1,0.15925735751878847,0,0.14679886,0
10655,0,1,0.11607452859250617,0,0.10354912,0
10656,0,1,0.10914842498494742,0,0.107809566,0
10657,0,1,0.10360027451543184,0,0.1497919,0
10658,0,0,0.1774076019851787,0,0.12976035,0
10659,0,1,0.19531434342939935,0,0.170884,0
10660,0,1,0.15574731951568466,0,0.15935217,0
10661,0,0,0.08963459551776859,0,0.07568649,0
10662,1,1,0.15936696219894983,0,0.14746436,0
10663,0,1,0.14990865032814144,0,0.1764375,0
10664,1,1,0.14323565951774075,0,0.1559228,0
10665,1,1,0.14766898474662501,0,0.1456462,0
10666,0,0,0.15075727940836736,0,0.20098533,0
10667,0,1,0.10928184955547832,0,0.10071567,0
10668,1,1,0.18026359210855136,0,0.16055466,0
10669,0,1,0.11517040684480084,0,0.104406565,0
10670,0,0,0.05321698493771692,0,0.086706445,0
10671,0,1,0.10121912112003008,0,0.108809054,0
10672,0,1,0.07763633061186,0,0.05233938,0
10673,1,0,0.17473353115489593,0,0.2142705,0
10674,0,1,0.10401843006814125,0,0.088423416,0
10675,0,1,0.1578884699423817,0,0.16393368,0
10676,1,1,0.15262411913950694,0,0.14076966,0
10677,0,0,0.08923958163347852,0,0.10748621,0
10678,0,1,0.27106932972974707,0,0.45943466,0
10679,0,1,0.12301901703532726,0,0.12131348,0
10680,0,1,0.07990415019993441,0,0.058108646,0
10681,0,0,0.17794818037415558,0,0.20478252,0
10682,1,1,0.10408247366779198,0,0.086026676,0
10683,1,1,0.11890269060164842,0,0.12064872,0
10684,0,1,0.067132583968306,0,0.04330806,0
10685,0,0,0.14958751089666827,0,0.1455998,0
10686,0,1,0.20462140849888094,0,0.16524233,0
10687,0,1,0.19211170304940878,0,0.19105771,0
10688,1,1,0.19261714146442754,0,0.2387434,0
10689,1,1,0.21473038789225332,0,0.16985202,0
10690,1,1,0.1325336623759012,0,0.12453051,0
10691,0,1,0.1306798181504096,0,0.17058127,0
10692,0,1,0.21756658686121982,0,0.20409729,0
10693,1,1,0.22095805682961725,0,0.2359585,0
10694,0,1,0.1142506331298281,0,0.12557825,0
10695,0,1,0.18027833961747036,0,0.14262125,0
10696,1,1,0.15047691198654192,0,0.10847825,0
10697,0,1,0.10780173311259439,0,0.14050147,0
10698,0,1,0.08521533212851791,0,0.070163354,0
10699,0,1,0.14938106880141883,0,0.1721111,0
10700,0,0,0.20926791507927814,0,0.19325036,0
10701,0,1,0.06862420588953681,0,0.047327094,0
10702,1,1,0.09474077678604749,0,0.08490695,0
10703,0,1,0.067407372409688,0,0.04793229,0
10704,0,1,0.21886053018443774,0,0.21399565,0
10705,0,0,0.17490351891029737,0,0.18376167,0
10706,0,0,0.11418211887879204,0,0.122368954,0
10707,0,1,0.19891077000668445,0,0.20204796,0
10708,0,1,0.17984910904316173,0,0.14826128,0
10709,0,1,0.12428825699358012,0,0.13414395,0
10710,0,0,0.2671895189348557,0,0.25723976,0
10711,0,1,0.07902338558671278,0,0.060168516,0
10712,0,1,0.13533008112343456,0,0.14102384,0
10713,1,1,0.0801804597815982,0,0.070029534,0
10714,0,1,0.1373811705702489,0,0.11309284,0
10715,0,1,0.15943635577676887,0,0.15328632,0
10716,0,0,0.07538763053983545,0,0.07720105,0
10717,0,1,0.16651171997303632,0,0.18255536,0
10718,1,1,0.09852442830830602,0,0.10210003,0
10719,0,0,0.2744917925355728,0,0.28329986,0
10720,1,1,0.15497906943162998,0,0.17471991,0
10721,0,1,0.15425169951205728,0,0.17238104,0
10722,0,1,0.13330168658515584,0,0.14682452,0
10723,0,1,0.11662511944078478,0,0.12582463,0
10724,0,0,0.14053330671827133,0,0.14211044,0
10725,1,1,0.1281595959994286,0,0.16090548,0
10726,0,1,0.062228610150878556,0,0.035987433,0
10727,0,1,0.07636476512828824,0,0.07343784,0
10728,0,1,0.09586934485467447,0,0.11783387,0
10729,1,1,0.0831418921886039,0,0.098133735,0
10730,1,0,0.21043256579513972,0,0.21953137,0
10731,0,1,0.1224720249117656,0,0.13569254,0
10732,0,0,0.1767587999404471,0,0.17536502,0
10733,0,0,0.15375914733643345,0,0.14404087,0
10734,0,1,0.1057708124531076,0,0.121105134,0
10735,0,0,0.12211642813293601,0,0.1611594,0
10736,0,1,0.1910155882149504,0,0.19295375,0
10737,0,0,0.41859310385949283,0,0.27878395,0
10738,1,1,0.23639584587926113,0,0.29407075,0
10739,0,1,0.13896332935337832,0,0.13119838,0
10740,0,1,0.15717066393266196,0,0.12630126,0
10741,0,1,0.07726952001499342,0,0.26455912,0
10742,0,1,0.09095981052266569,0,0.08758952,0
10743,1,1,0.13937216743489558,0,0.115470886,0
10744,1,1,0.19497197152382992,0,0.20007394,0
10745,0,1,0.14600297084866545,0,0.15831463,0
10746,0,1,0.1609178748720597,0,0.1496593,0
10747,0,1,0.08345919110102841,0,0.07573165,0
10748,0,0,0.11950211338329221,0,0.15773597,0
10749,0,1,0.16896817649013327,0,0.20335986,0
10750,1,1,0.21395314727519746,0,0.24630536,0
10751,1,1,0.10275472308093994,0,0.10665429,0
10752,0,1,0.21698410827259593,0,0.20747396,0
10753,0,0,0.08684706350042079,0,0.07882232,0
10754,0,1,0.14180048588208138,0,0.14039718,0
10755,0,0,0.13905715734896407,0,0.15152411,0
10756,1,1,0.19933562590084675,0,0.20720983,0
10757,0,1,0.09132570279557353,0,0.08804899,0
10758,0,0,0.15456533447087206,0,0.16694649,0
10759,0,0,0.27970152570861595,0,0.2578983,0
10760,0,0,0.06687017002245015,0,0.050672848,0
10761,0,1,0.1284939737274619,0,0.13863285,0
10762,0,1,0.09334714571946551,0,0.11327228,0
10763,0,1,0.17492740448172456,0,0.24569468,0
10764,0,1,0.08055463321463031,0,0.0762215,0
10765,0,1,0.13381845363456854,0,0.1320682,0
10766,0,1,0.10048621267543253,0,0.14089411,0
10767,0,1,0.08962952097158032,0,0.06985916,0
10768,0,0,0.2750419571213241,0,0.34827873,0
10769,0,1,0.27931874214197616,0,0.25292543,0
10770,1,1,0.19192569411122826,0,0.19924477,0
10771,0,1,0.18545219229818413,0,0.20556924,0
10772,1,1,0.16498259747617453,0,0.15858419,0
10773,0,1,0.16521640914600788,0,0.16437261,0
10774,0,0,0.21876985987777275,0,0.22353607,0
10775,0,0,0.18086863191645577,0,0.19519529,0
10776,0,0,0.09531815839341191,0,0.0927175,0
10777,0,0,0.10882635185365118,0,0.09023383,0
10778,0,1,0.18455578252121554,0,0.13301879,0
10779,0,1,0.07318949875108016,0,0.0714246,0
10780,1,1,0.19688206008945514,0,0.20181581,0
10781,0,0,0.15500988052132297,0,0.18606347,0
10782,0,1,0.08055530176374608,0,0.0762215,0
10783,1,0,0.13252981855590512,0,0.1401945,0
10784,0,1,0.09200620583951569,0,0.10023961,0
10785,0,1,0.131826251746606,0,0.14201029,0
10786,0,1,0.09477492163524864,0,0.07606047,0
10787,0,1,0.1303068564290966,0,0.11942559,0
10788,0,1,0.11401453507124308,0,0.13792737,0
10789,1,1,0.28541277098994605,0,0.26671594,0
10790,0,1,0.10319942756777976,0,0.07813875,0
10791,0,1,0.11116292792174408,0,0.12535341,0
10792,0,1,0.08402500614223277,0,0.057973206,0
10793,0,1,0.19272911527553632,0,0.21576661,0
10794,0,0,0.2270208751997977,0,0.22211635,0
10795,0,1,0.08902174101260109,0,0.07210021,0
10796,0,0,0.15780393276737048,0,0.12333082,0
10797,0,1,0.10057130078135025,0,0.12421214,0
10798,0,0,0.29868600686794067,0,0.2770389,0
10799,1,0,0.1933317128494404,0,0.16092874,0
10800,0,1,0.19600816818431444,0,0.23393616,0
10801,0,0,0.09428263737263853,0,0.1094898,0
10802,0,1,0.07146543032624447,0,0.091759644,0
10803,0,0,0.1744660860877459,0,0.14111567,0
10804,0,0,0.1466202748317984,0,0.11680141,0
10805,0,1,0.10711296530424279,0,0.10074637,0
10806,0,0,0.22433854981300755,0,0.2049376,0
10807,0,1,0.05210422737830576,0,0.04317374,0
10808,0,1,0.17084907986080075,0,0.22589289,0
10809,1,1,0.12181674758355232,0,0.11361311,0
10810,0,0,0.22089912235803827,0,0.30968264,0
10811,0,1,0.1856775987875893,0,0.16381115,0
10812,0,0,0.17006003382156584,0,0.19812009,0
10813,0,1,0.09420234500286546,0,0.085604005,0
10814,0,0,0.2278224376506056,0,0.23560233,0
10815,0,0,0.21947834693952686,0,0.17149468,0
10816,0,0,0.13519455315034265,0,0.13971542,0
10817,0,1,0.1742050432625699,0,0.17990042,0
10818,1,1,0.11001254751213224,0,0.15254407,0
10819,0,1,0.05342574749967545,0,0.03155326,0
10820,0,1,0.06377759089746375,0,0.040452413,0
10821,0,0,0.07763709818186458,0,0.05233938,0
10822,0,1,0.17415344276477857,0,0.18285756,0
10823,0,1,0.11650339828978476,0,0.13469496,0
10824,0,1,0.13644632970741208,0,0.15349914,0
10825,1,0,0.24563615017023283,0,0.24553636,0
10826,0,1,0.13792610306169248,0,0.14195396,0
10827,0,1,0.08945189732024961,0,0.10232599,0
10828,0,1,0.11758242925142269,0,0.1513546,0
10829,0,1,0.05911329280267059,0,0.042226285,0
10830,0,1,0.09106781036686427,0,0.092749834,0
10831,0,1,0.14803965923464987,0,0.14584574,0
10832,0,1,0.07708401745915222,0,0.055305693,0
10833,0,1,0.09660913824381663,0,0.12448467,0
10834,1,1,0.16860672297573756,0,0.14956139,0
10835,0,1,0.14325804459102864,0,0.14088324,0
10836,0,1,0.11517295116378806,0,0.12517163,0
10837,0,0,0.20926702822926702,0,0.19325036,0
10838,0,1,0.14318428396157762,0,0.11212992,0
10839,0,0,0.09165288624162717,0,0.1156678,0
10840,0,1,0.12957630178487148,0,0.13361931,0
10841,0,1,0.14002109951710343,0,0.13381204,0
10842,0,1,0.0922557478581312,0,0.081626244,0
10843,1,1,0.10216986187065609,0,0.111531205,0
10844,1,1,0.12450364016017215,0,0.12780434,0
10845,0,1,0.09922151496759957,0,0.086394355,0
10846,0,1,0.1850970008890929,0,0.16910228,0
10847,0,0,0.23932814563797,0,0.23909849,0
10848,0,1,0.1272738951600189,0,0.14470476,0
10849,0,1,0.15699498082802488,0,0.15092698,0
10850,0,0,0.07928239176849174,0,0.065823324,0
10851,1,1,0.18564644559319532,0,0.17900418,0
10852,0,1,0.17897952387774912,0,0.18851797,0
10853,1,1,0.11657840047700166,0,0.15783545,0
10854,0,1,0.1757590763135965,0,0.16053899,0
10855,0,1,0.060582047968815285,0,0.04279483,0
10856,0,0,0.17345253348624534,0,0.18762214,0
10857,1,1,0.21900362068244586,0,0.28816617,0
10858,0,1,0.1241902163196053,0,0.09847861,0
10859,1,0,0.20405899517143508,0,0.19455682,0
10860,1,1,0.1551723911441283,0,0.15171556,0
10861,1,1,0.14798082543641577,0,0.17478089,0
10862,1,1,0.3133645268455285,0,0.30580807,0
10863,0,1,0.103533630460934,0,0.08170385,0
10864,0,0,0.1327598899751361,0,0.13137273,0
10865,0,1,0.23140168209475115,0,0.22326446,0
10866,0,1,0.14864922380506876,0,0.15887767,0
10867,0,1,0.06220043512832023,0,0.0343253,0
10868,0,1,0.19602528524823837,0,0.14965819,0
10869,0,1,0.20949717598163858,0,0.18932906,0
10870,0,1,0.11320058276350267,0,0.09004571,0
10871,1,0,0.2984924192368715,0,0.39075428,0
10872,0,1,0.13846374226905292,0,0.18610059,0
10873,0,0,0.13817618794855271,0,0.13535835,0
10874,0,1,0.06380533648970871,0,0.043177,0
10875,0,1,0.1209447830565138,0,0.10931624,0
10876,0,1,0.0656778595944223,0,0.046597835,0
10877,1,1,0.1647263502736482,0,0.18600272,0
10878,0,0,0.1781828712157791,0,0.15525629,0
10879,0,1,0.15281759658258712,0,0.15714464,0
10880,0,1,0.054608017426144684,0,0.036615916,0
10881,0,0,0.13874345939082644,0,0.16224353,0
10882,1,1,0.2235658771453429,0,0.2237451,0
10883,0,0,0.11772421001391474,0,0.14057079,0
10884,0,0,0.1318948963618846,0,0.13887107,0
10885,0,0,0.09315761029733721,0,0.13694814,0
10886,0,1,0.10360027451543184,0,0.1497919,0
10887,0,0,0.1607433617142926,0,0.1372297,0
10888,0,1,0.15384110201713422,0,0.12565131,0
10889,0,1,0.10780420198204417,0,0.13539545,0
10890,0,0,0.22720567347443876,0,0.2015893,0
10891,0,1,0.1274243880952415,0,0.16404867,0
10892,0,1,0.2008773481467543,0,0.17089473,0
10893,0,1,0.12721514979014217,0,0.1332135,0
10894,1,1,0.2251082402926115,0,0.23400721,0
10895,0,1,0.1392082776938962,0,0.17088439,0
10896,0,1,0.15491890248280057,0,0.15674628,0
10897,0,0,0.14492021634656022,0,0.1436389,0
10898,0,1,0.18424579165275345,0,0.18208815,0
10899,0,1,0.1083913676400349,0,0.09791397,0
10900,0,0,0.15160529024008018,0,0.15632045,0
10901,0,1,0.10174374094311728,0,0.09444562,0
10902,1,1,0.10583490412673657,0,0.14465822,0
10903,0,0,0.09163176568102153,0,0.07918219,0
10904,0,0,0.0838617101317204,0,0.08372497,0
10905,1,1,0.2395077472989538,0,0.2618042,0
10906,0,1,0.21034743251707774,0,0.20161864,0
10907,0,1,0.23020975156077955,0,0.20996927,0
10908,0,0,0.1015104137007622,0,0.11297392,0
10909,0,1,0.1700218973095579,0,0.1806243,0
10910,0,1,0.16463504783469424,0,0.14856125,0
10911,0,1,0.3003174420025,0,0.2308265,0
10912,0,1,0.09464909465300629,0,0.09802772,0
10913,0,0,0.16772796970181478,0,0.15025975,0
10914,0,1,0.09618521324034895,0,0.08357005,0
10915,0,0,0.11460264194205468,0,0.13230667,0
10916,0,1,0.12585735851345758,0,0.09418258,0
10917,0,1,0.14304560556052448,0,0.16935244,0
10918,0,1,0.14591995196453525,0,0.16288257,0
10919,0,1,0.12934227320272615,0,0.15495206,0
10920,0,1,0.07700214208997276,0,0.0642841,0
10921,0,1,0.10569493289459145,0,0.09049694,0
10922,0,1,0.09421682281056715,0,0.062390104,0
10923,0,0,0.20953365158047046,0,0.22300816,0
10924,0,1,0.18466150874447387,0,0.13672148,0
10925,0,1,0.10577984726050432,0,0.14794508,0
10926,0,0,0.09224037913384248,0,0.096421614,0
10927,0,1,0.09069438842772279,0,0.091407284,0
10928,0,1,0.11805115233192251,0,0.08807353,0
10929,0,1,0.1171084018767873,0,0.09478238,0
10930,1,0,0.12450108818813553,0,0.1232014,0
10931,0,0,0.08919243423862587,0,0.098837,0
10932,1,1,0.10601161167623382,0,0.14347787,0
10933,0,1,0.12816596269281724,0,0.14551985,0
10934,0,1,0.08927610937757612,0,0.065411314,0
10935,0,1,0.30030319337259065,0,0.28190205,0
10936,0,1,0.13556113777283127,0,0.1457998,0
10937,0,0,0.12233586181209337,0,0.13054425,0
10938,1,1,0.17814612137001898,0,0.18002935,0
10939,0,0,0.06884243551423039,0,0.054369193,0
10940,0,0,0.20228836013458296,0,0.19499299,0
10941,0,0,0.1170845899823169,0,0.10047241,0
10942,0,1,0.1576892897761034,0,0.1777714,0
10943,1,0,0.08199538752520359,0,0.071460366,0
10944,0,0,0.0656778595944223,0,0.046597835,0
10945,0,0,0.0966035746371968,0,0.12448467,0
10946,0,1,0.06530249331661216,0,0.070338435,0
10947,0,0,0.10557016284486863,0,0.08961224,0
10948,1,0,0.19863978001365756,0,0.18884495,0
10949,0,1,0.13952951894960572,0,0.13865966,0
10950,0,1,0.15785660007475907,0,0.12987015,0
10951,0,0,0.18170339511783665,0,0.19259608,0
10952,0,0,0.12038373840334367,0,0.15980762,0
10953,0,0,0.11196130768335964,0,0.14057164,0
10954,0,1,0.35555460655819604,0,0.40333953,0
10955,0,1,0.15515209110165976,0,0.15064119,0
10956,0,1,0.12173637280467843,0,0.120771185,0
10957,0,1,0.09094461274369596,0,0.110153526,0
10958,1,1,0.09726544542412087,0,0.10835114,0
10959,0,1,0.14949011224548847,0,0.17794682,0
10960,0,1,0.28577339025418047,0,0.25869295,0
10961,0,1,0.14087552727465447,0,0.1442769,0
10962,0,0,0.10963967437473547,0,0.10307155,0
10963,1,1,0.2604070915589151,0,0.21933717,0
10964,0,0,0.13068206128190668,0,0.17058127,0
10965,0,0,0.16351656476241533,0,0.18300119,0
10966,0,1,0.13947219323052326,0,0.11917611,0
10967,1,1,0.2328205370095828,0,0.20710379,0
10968,0,1,0.12429640978769259,0,0.12719315,0
10969,1,1,0.11679840230868462,0,0.122577146,0
10970,0,1,0.07653753299287598,0,0.054785937,0
10971,0,1,0.09059083072359572,0,0.07146973,0
10972,1,1,0.217594947829279,0,0.22211635,0
10973,0,1,0.18036988638322451,0,0.17381258,0
10974,0,0,0.22711342229853346,0,0.1298999,0
10975,0,1,0.11477895615974272,0,0.11731618,0
10976,0,0,0.28437617398213005,0,0.29104125,0
10977,0,0,0.08102749778112063,0,0.08274227,0
10978,0,1,0.1942498484992641,0,0.18703946,0
10979,0,1,0.09559314276229525,0,0.11359097,0
10980,0,1,0.0655720110809586,0,0.047053974,0
10981,1,1,0.27634056035069127,0,0.47409144,0
10982,1,1,0.2843082123710178,0,0.2822718,0
10983,0,1,0.2001297340306297,0,0.19989115,0
10984,0,0,0.12252047493038801,0,0.10442101,0
10985,1,1,0.07144304684011572,0,0.060113892,0
10986,1,1,0.1459679441310713,0,0.19748196,0
10987,0,1,0.12561065929044213,0,0.14128672,0
10988,1,0,0.14530115658332995,0,0.13742107,0
10989,0,1,0.15681877956948187,0,0.13193421,0
10990,0,1,0.08570719758322837,0,0.07410112,0
10991,1,1,0.1785849987502645,0,0.17394672,0
10992,1,1,0.10375327788633769,0,0.16495831,0
10993,0,0,0.10506934407686727,0,0.111785814,0
10994,0,1,0.1448989537144411,0,0.14477459,0
10995,0,1,0.09303783754352282,0,0.112950064,0
10996,0,0,0.12454103323226376,0,0.12681377,0
10997,0,0,0.24312890102696957,0,0.21427597,0
10998,0,1,0.1644464863720342,0,0.18052015,0
10999,0,0,0.21640881270477813,0,0.27709484,0
11000,0,0,0.0706825961585872,0,0.059412833,0
11001,1,1,0.19529760677766783,0,0.17164534,0
11002,1,0,0.14649457907822605,0,0.1375888,0
11003,0,1,0.2199004874668454,0,0.24308304,0
11004,0,1,0.12341890800386218,0,0.1281023,0
11005,0,1,0.266601133066635,0,0.28796703,0
11006,0,1,0.09042897655599699,0,0.098497026,0
11007,0,0,0.2303937792418094,0,0.20923586,0
11008,0,1,0.10225050025000121,0,0.07982455,0
11009,0,1,0.19192569411122826,0,0.19924477,0
11010,0,1,0.11904902915624348,0,0.16101347,0
11011,0,1,0.13842595248976197,0,0.14848262,0
11012,0,1,0.11017289501406594,0,0.12310637,0
11013,0,1,0.11995527899509378,0,0.21062884,0
11014,1,1,0.211752014431935,0,0.2456948,0
11015,1,0,0.13077014606968954,0,0.1319844,0
11016,0,1,0.2033867663758432,0,0.1961208,0
11017,0,0,0.14197232831160353,0,0.14240907,0
11018,0,0,0.1895172615569052,0,0.2438288,0
11019,0,1,0.06822935152606545,0,0.036818154,0
11020,0,1,0.1329557165777822,0,0.17042238,0
11021,0,1,0.1639405014875651,0,0.15887965,0
11022,0,1,0.17328072383845688,0,0.15518999,0
11023,1,1,0.19420264677996205,0,0.22974305,0
11024,1,1,0.19114300358479805,0,0.17344071,0
11025,0,1,0.1773829043789664,0,0.1910351,0
11026,0,0,0.10613188239182353,0,0.09430694,0
11027,0,1,0.26773841046201363,0,0.2710312,0
11028,0,0,0.07630199405813773,0,0.06979058,0
11029,0,1,0.16136005859706826,0,0.1644618,0
11030,0,1,0.07274608097047278,0,0.04289458,0
11031,0,1,0.10675045555165932,0,0.120246686,0
11032,0,1,0.12405979097481444,0,0.14420308,0
11033,0,1,0.15870149814022055,0,0.15572709,0
11034,1,0,0.10677716745711878,0,0.10600146,0
11035,0,1,0.1417933564588924,0,0.13424334,0
11036,0,0,0.0847490844864728,0,0.074294165,0
11037,0,0,0.172696604835234,0,0.15196835,0
11038,0,1,0.18098417079344267,0,0.17861174,0
11039,0,1,0.08436303303438351,0,0.07462093,0
11040,0,1,0.2057080418340661,0,0.21925619,0
11041,0,1,0.1574791674117113,0,0.15091988,0
11042,0,1,0.09456830289347533,0,0.08486795,0
11043,0,0,0.09687156447433642,0,0.0965171,0
11044,0,1,0.07433035984408762,0,0.053473108,0
11045,1,1,0.21043731088242215,0,0.20529251,0
11046,0,1,0.1138622883587631,0,0.11154148,0
11047,0,1,0.09989106917664835,0,0.07827323,0
11048,1,0,0.14386031597812152,0,0.13893841,0
11049,0,1,0.3556580268990236,0,0.41341752,0
11050,0,1,0.11697145462442494,0,0.11967479,0
11051,0,0,0.3765813383313639,0,0.33560398,0
11052,0,0,0.13362067847674614,0,0.16604246,0
11053,1,1,0.17812047480786783,0,0.1425704,0
11054,0,1,0.18572012710345054,0,0.2211617,0
11055,0,1,0.05467701151998523,0,0.058138423,0
11056,1,0,0.1629634789732615,0,0.17020123,0
11057,0,0,0.09778844644255749,0,0.11646331,0
11058,0,0,0.12565608458988034,0,0.13901821,0
11059,0,1,0.17241925834255373,0,0.19038042,0
11060,0,1,0.12416966184520797,0,0.11590605,0
11061,0,1,0.13327333684982234,0,0.13553956,0
11062,0,0,0.09518288601230124,0,0.100405544,0
11063,1,1,0.13595609878951562,0,0.1495043,0
11064,1,0,0.19143038239871782,0,0.23151173,0
11065,0,0,0.1616129582422584,0,0.15789072,0
11066,0,0,0.11662511944078478,0,0.12582463,0
11067,0,1,0.19657036879486076,0,0.23595133,0
11068,1,1,0.19933562590084675,0,0.20720983,0
11069,0,0,0.062388021193392325,0,0.03531304,0
11070,0,0,0.17797927482143205,0,0.22066903,0
11071,0,0,0.1771109885099086,0,0.16193037,0
11072,0,1,0.14717466580304933,0,0.10811355,0
11073,0,1,0.14746599495998905,0,0.122313984,0
11074,0,0,0.173260116432636,0,0.14879581,0
11075,0,1,0.07070161530194506,0,0.045830093,0
11076,0,1,0.09157475197964259,0,0.08274004,0
11077,1,0,0.09189089717349799,0,0.08086211,0
11078,0,1,0.09562752524188584,0,0.09884753,0
11079,0,1,0.12752489192146127,0,0.13963814,0
11080,1,0,0.18522301022755014,0,0.21675205,0
11081,0,1,0.27502412809644305,0,0.34827873,0
11082,0,1,0.2092197957909634,0,0.2016489,0
11083,0,0,0.07514217196088471,0,0.060266946,0
11084,0,1,0.17792712266548252,0,0.17550795,0
11085,0,0,0.07274608097047278,0,0.04289458,0
11086,0,1,0.12705805163792894,0,0.1113009,0
11087,0,1,0.07999497032704996,0,0.09295059,0
11088,0,1,0.12842263393907757,0,0.15921132,0
11089,0,1,0.07061609547149494,0,0.06288717,0
11090,0,1,0.07244632935156461,0,0.05259779,0
11091,0,1,0.15518335378531745,0,0.1621047,0
11092,0,1,0.10693529618046177,0,0.122630425,0
11093,1,1,0.21448990457632702,0,0.1898001,0
11094,0,1,0.10971094170457275,0,0.114302106,0
11095,0,0,0.15164777786921815,0,0.19548774,0
11096,0,0,0.12324160355866735,0,0.10468907,0
11097,0,1,0.15352367075293538,0,0.12655294,0
11098,0,0,0.1082578962939416,0,0.13109131,0
11099,1,1,0.18474425412691342,0,0.17727312,0
11100,0,1,0.1852426355878395,0,0.16484724,0
11101,0,1,0.09518288601230124,0,0.100405544,0
11102,0,0,0.16250952783232345,0,0.2002272,0
11103,1,1,0.08732126673771817,0,0.09762543,0
11104,0,0,0.11402093944357125,0,0.14772989,0
11105,0,0,0.33597942631114625,0,0.2314609,0
11106,1,1,0.1437313997090379,0,0.14944421,0
11107,0,1,0.0783718646593397,0,0.0813173,0
11108,0,0,0.20121785702005066,0,0.20950143,0
11109,0,1,0.1456982536474875,0,0.15107973,0
11110,0,0,0.2308412162784443,0,0.27380744,0
11111,0,1,0.171777632619257,0,0.1384003,0
11112,0,1,0.06806149801310285,0,0.040583003,0
11113,0,0,0.22669152747179297,0,0.22915362,0
11114,1,1,0.1850990431613139,0,0.16910228,0
11115,0,0,0.10185484917938706,0,0.1388826,0
11116,1,1,0.2809090806231469,0,0.27409014,0
11117,1,1,0.16085181861030137,0,0.1411705,0
11118,0,1,0.09413335340539211,0,0.08958151,0
11119,0,1,0.10433726572343045,0,0.06897118,0
11120,0,0,0.08936609941908348,0,0.09596404,0
11121,0,1,0.1631693235750552,0,0.18527773,0
11122,0,0,0.13997966592829458,0,0.15875995,0
11123,0,0,0.13249864212844528,0,0.16778794,0
11124,0,1,0.14569196155763994,0,0.12939458,0
11125,0,1,0.18144716182708043,0,0.15123439,0
11126,0,1,0.08919243423862587,0,0.098837,0
11127,1,1,0.0647711925758192,0,0.038687274,0
11128,0,0,0.16090130782185671,0,0.13061391,0
11129,0,1,0.1047955786304065,0,0.083884574,0
11130,0,0,0.17789809294062853,0,0.19408542,0
11131,0,1,0.09159526290963031,0,0.099662244,0
11132,0,0,0.11671366674440839,0,0.11327889,0
11133,0,1,0.18568716577156247,0,0.25905856,0
11134,0,1,0.14433483840891828,0,0.18440089,0
11135,1,1,0.18079960712519136,0,0.13347505,0
11136,0,1,0.18174115559418882,0,0.16372967,0
11137,0,1,0.125958798869551,0,0.14302108,0
11138,0,1,0.11972488830163165,0,0.11243739,0
11139,0,1,0.10591948339354389,0,0.09705004,0
11140,0,1,0.14718889187262582,0,0.14787038,0
11141,0,0,0.25021424404301207,0,0.20978464,0
11142,0,1,0.10404308258172854,0,0.11421187,0
11143,0,0,0.1593914134604515,0,0.15390289,0
11144,0,1,0.10378659969426049,0,0.103157155,0
11145,0,1,0.1000175868499134,0,0.106753394,0
11146,0,1,0.0833833145570575,0,0.07415895,0
11147,0,1,0.12008574958449769,0,0.12220319,0
11148,0,1,0.07537197853222453,0,0.07250287,0
11149,1,0,0.3021693658032705,0,0.2815334,0
11150,0,1,0.16466526275793128,0,0.14581014,0
11151,0,0,0.05925252194298991,0,0.03757327,0
11152,0,1,0.1284385238662584,0,0.13444586,0
11153,0,1,0.15132624551431081,0,0.18832041,0
11154,0,0,0.2852972303189658,0,0.27685264,0
11155,0,1,0.18400488942517984,0,0.1450134,0
11156,0,0,0.16889520794644347,0,0.13756289,0
11157,0,1,0.09390704300580172,0,0.101784736,0
11158,0,0,0.12901117884235225,0,0.10401512,0
11159,0,1,0.11381258708698166,0,0.09531342,0
11160,0,1,0.1414119528144097,0,0.12481095,0
11161,0,1,0.2475946750814687,0,0.2853305,0
11162,0,0,0.0618821424481852,0,0.087170355,0
11163,0,1,0.19188638478505218,0,0.2557325,0
11164,0,0,0.16300307964573307,0,0.14928524,0
11165,0,0,0.15289629733087307,0,0.1707624,0
11166,0,0,0.10401447287507157,0,0.071826324,0
11167,0,0,0.3292896163401898,0,0.3497878,0
11168,0,1,0.12240161747605073,0,0.12750521,0
11169,0,1,0.34097754383751205,0,0.33951265,0
11170,0,0,0.15420458262003756,0,0.10452893,0
11171,0,1,0.09097871265116231,0,0.10754981,0
11172,0,0,0.2057931811501286,0,0.19867674,0
11173,0,1,0.1552394817481323,0,0.155033,0
11174,0,0,0.10860362061639534,0,0.07711463,0
11175,0,0,0.15631917268037224,0,0.1411712,0
11176,0,0,0.21590402308191936,0,0.2599526,0
11177,0,0,0.10558888194021286,0,0.14536223,0
11178,0,0,0.16476229259467842,0,0.1583425,0
11179,1,1,0.08104938655261751,0,0.08374902,0
11180,0,0,0.2089842517059352,0,0.18580978,0
11181,0,0,0.09635527077322704,0,0.13037163,0
11182,0,0,0.14857579678705346,0,0.16479409,0
11183,0,0,0.12808041087118277,0,0.12079788,0
11184,0,0,0.21374729046570148,0,0.19057731,0
11185,0,1,0.12944150440885774,0,0.12119526,0
11186,1,1,0.10148937775283069,0,0.110129185,0
11187,0,0,0.19857150016572564,0,0.18866253,0
11188,0,0,0.19272836920456662,0,0.21576661,0
11189,0,1,0.1432028120032316,0,0.1559228,0
11190,0,1,0.08202135852163586,0,0.081541605,0
11191,0,0,0.10262808303522572,0,0.11918853,0
11192,0,0,0.15565672983949977,0,0.1431584,0
11193,1,1,0.14708203637150277,0,0.1399397,0
11194,0,1,0.11050446514892462,0,0.14297903,0
11195,0,1,0.11390979798953149,0,0.10592078,0
11196,0,1,0.07330405975233456,0,0.108912,0
11197,0,1,0.08623885318597908,0,0.0901767,0
11198,0,1,0.13092027183116192,0,0.16286296,0
11199,0,0,0.11769113278378852,0,0.123437166,0
11200,0,0,0.17906715078024407,0,0.17345692,0
11201,0,0,0.1036876740369104,0,0.10317458,0
11202,0,1,0.18876693312136408,0,0.17841871,0
11203,0,0,0.12173746806589594,0,0.11232664,0
11204,0,0,0.33582954297739576,0,0.3045389,0
11205,0,1,0.07929723884204103,0,0.08251693,0
11206,0,1,0.06540517836177169,0,0.04375414,0
11207,0,1,0.09629793917992995,0,0.11709341,0
11208,0,1,0.10971278767282579,0,0.114302106,0
11209,0,1,0.1682887628009318,0,0.16109563,0
11210,0,0,0.19848303109601667,0,0.21287516,0
11211,0,0,0.13570426335920166,0,0.13925657,0
11212,0,1,0.11166975743145813,0,0.1187084,0
11213,0,1,0.13381470168500065,0,0.118634425,0
11214,0,1,0.21037770122968533,0,0.2024856,0
11215,0,1,0.12895316398338866,0,0.12948255,0
11216,0,1,0.11801060086090108,0,0.1271312,0
11217,0,0,0.13847854253935393,0,0.13084541,0
11218,0,1,0.14129404037793322,0,0.15875025,0
11219,0,1,0.08905702123765742,0,0.08652748,0
11220,0,1,0.09565624165969598,0,0.094462715,0
11221,1,1,0.15307199256264722,0,0.13999248,0
11222,0,1,0.1748059288763198,0,0.11883269,0
11223,0,1,0.08624879445103992,0,0.08730391,0
11224,0,1,0.13960214405423,0,0.15663992,0
11225,1,1,0.07318949875108016,0,0.0714246,0
11226,0,0,0.1496447107255372,0,0.16954005,0
11227,0,0,0.10854149102772603,0,0.12901567,0
11228,0,1,0.3639013607891054,0,0.35306057,0
11229,0,0,0.08433468964391702,0,0.068647206,0
11230,1,1,0.09170765493106481,0,0.078592405,0
11231,1,0,0.19275803819179083,0,0.24775591,0
11232,0,0,0.1289218001638096,0,0.113596044,0
11233,0,1,0.28577983853612754,0,0.25869295,0
11234,0,1,0.1225757852159525,0,0.1577197,0
11235,0,0,0.11696533634485669,0,0.12665062,0
11236,0,1,0.0830436574542869,0,0.07153454,0
11237,1,0,0.1363009555601208,0,0.14328292,0
11238,0,1,0.12859287575143777,0,0.15326558,0
11239,0,1,0.2637721455724616,0,0.24050014,0
11240,0,1,0.11037809523260443,0,0.10242695,0
11241,0,0,0.09223392317225954,0,0.09812154,0
11242,0,1,0.13047903408965236,0,0.1458729,0
11243,0,1,0.14039894489605034,0,0.12864086,0
11244,0,1,0.07402460132162844,0,0.05370114,0
11245,0,1,0.13116175861774967,0,0.12660448,0
11246,0,1,0.10177764608444531,0,0.09016582,0
11247,0,0,0.178029358673408,0,0.17836645,0
11248,0,0,0.18390900324580609,0,0.17450087,0
11249,0,1,0.05783961974557759,0,0.03565423,0
11250,0,0,0.3207939189420945,0,0.28928897,0
11251,0,0,0.09576507246854737,0,0.088847406,0
11252,0,1,0.10218920808425712,0,0.087944396,0
11253,1,0,0.20590698682858186,0,0.17821652,0
11254,0,0,0.18002404764436059,0,0.11932794,0
11255,0,1,0.08868217165455525,0,0.06483179,0
11256,0,1,0.08167423711445093,0,0.07887352,0
11257,0,0,0.19644287485468023,0,0.18282233,0
11258,0,1,0.12517772639667293,0,0.15160508,0
11259,0,0,0.10872432358513098,0,0.077588946,0
11260,0,0,0.2262995268976734,0,0.26205155,0
11261,0,1,0.20822376620972421,0,0.21299148,0
11262,0,1,0.19150781288967128,0,0.1671016,0
11263,1,1,0.12678666268058086,0,0.09732081,0
11264,0,0,0.18434332181331664,0,0.24392012,0
11265,0,1,0.07320683601381232,0,0.07763128,0
11266,0,1,0.11958257055362483,0,0.10580345,0
11267,0,0,0.21060481841643222,0,0.1786323,0
11268,0,1,0.12854949787960857,0,0.1275356,0
11269,1,1,0.09185456044134885,0,0.08970754,0
11270,0,1,0.1104378014868186,0,0.1358031,0
11271,1,1,0.1362710803709061,0,0.14171034,0
11272,1,1,0.12918094550108933,0,0.16542922,0
11273,0,1,0.0994328513858285,0,0.08468967,0
11274,0,1,0.09065045523440238,0,0.08736103,0
11275,0,1,0.06379815895596112,0,0.044733748,0
11276,0,1,0.12123650321509508,0,0.09262794,0
11277,0,1,0.10360027451543184,0,0.1497919,0
11278,0,0,0.13088487556906356,0,0.15509118,0
11279,1,1,0.06719308872794712,0,0.050516825,0
11280,0,1,0.099168098405413,0,0.107166626,0
11281,0,1,0.18541610415264942,0,0.17059816,0
11282,0,1,0.14179616078119353,0,0.14039718,0
11283,0,1,0.22706181370358788,0,0.22211635,0
11284,0,1,0.14176359619731624,0,0.13308106,0
11285,0,1,0.1383643724448085,0,0.15797454,0
11286,1,1,0.09956639103441002,0,0.096635275,0
11287,0,0,0.2599940191987669,0,0.35906097,0
11288,0,0,0.1843655473162687,0,0.187039,0
11289,0,1,0.13895780159201418,0,0.121782325,0
11290,0,1,0.14478848831389776,0,0.2000611,0
11291,0,0,0.12509120690614667,0,0.13975397,0
11292,0,1,0.08849384840669383,0,0.07320769,0
11293,1,0,0.1397615839460604,0,0.1342159,0
11294,0,0,0.08648826884923942,0,0.07636687,0
11295,0,1,0.1051638847845442,0,0.12195081,0
11296,0,1,0.22742926969466948,0,0.25350863,0
11297,0,1,0.20775748515569653,0,0.11242536,0
11298,0,1,0.10668732209970984,0,0.116371915,0
11299,0,1,0.2266966771622456,0,0.35096633,0
11300,0,1,0.087033550079183,0,0.07860285,0
11301,0,1,0.10937806373950465,0,0.12108809,0
11302,0,1,0.1548938921213395,0,0.16722299,0
11303,0,1,0.1071708530737549,0,0.13412854,0
11304,1,1,0.14462484630504052,0,0.15301163,0
11305,0,1,0.1943252873942459,0,0.17176741,0
11306,0,1,0.12233313606393416,0,0.13054425,0
11307,0,1,0.07433620195354888,0,0.056992285,0
11308,0,0,0.13666691138062442,0,0.15440673,0
11309,0,0,0.1612340595365334,0,0.18975139,0
11310,0,1,0.3258202916993505,0,0.31363484,0
11311,0,1,0.0942052814625615,0,0.085604005,0
11312,0,1,0.07547664877894275,0,0.075305715,0
11313,0,1,0.0936160134950285,0,0.09593676,0
11314,0,1,0.14168388775172144,0,0.15782274,0
11315,0,1,0.0799032818490286,0,0.06958048,0
11316,0,0,0.05626515025987517,0,0.022916175,0
11317,0,0,0.13598337200125118,0,0.1495043,0
11318,0,1,0.1807534011412312,0,0.16661951,0
11319,0,1,0.10912611048586614,0,0.12609188,0
11320,0,1,0.06379640680846649,0,0.044733748,0
11321,0,0,0.14818122176215803,0,0.16255179,0
11322,0,1,0.08058785787275706,0,0.077362545,0
11323,0,0,0.13840059619516115,0,0.12563005,0
11324,1,0,0.23761549463955411,0,0.293265,0
11325,0,1,0.10433726572343045,0,0.06897118,0
11326,1,0,0.34578777777436853,0,0.32257846,0
11327,0,1,0.2048557138631662,0,0.24525042,0
11328,0,1,0.10666863118013942,0,0.11115007,0
11329,0,1,0.11146916070777355,0,0.100254856,0
11330,0,1,0.12290650468911124,0,0.14305083,0
11331,0,0,0.15384407627079388,0,0.12565131,0
11332,1,0,0.13291607684802467,0,0.104431465,0
11333,0,0,0.12698822166592205,0,0.12785774,0
11334,0,1,0.24767185149630946,0,0.23757349,0
11335,0,1,0.13065053499535534,0,0.12264574,0
11336,1,1,0.1355610716632148,0,0.1457998,0
11337,0,0,0.0779448161227975,0,0.0711195,0
11338,0,1,0.16832169288732607,0,0.18552284,0
11339,0,1,0.15833567665388662,0,0.1381959,0
11340,0,1,0.18470270794345423,0,0.13672148,0
11341,0,1,0.1439375597865452,0,0.17548694,0
11342,0,1,0.2925157115053917,0,0.39563563,0
11343,0,1,0.11007942836449956,0,0.16049334,0
11344,0,1,0.09662878548019696,0,0.07207846,0
11345,0,1,0.1685692810505122,0,0.15571938,0
11346,1,1,0.14487528587382592,0,0.13614607,0
11347,0,0,0.10003487928357084,0,0.10107757,0
11348,0,1,0.16136016337003542,0,0.17536765,0
11349,1,1,0.14432619905752558,0,0.18440089,0
11350,0,1,0.09131919554713654,0,0.088993564,0
11351,0,1,0.18301978611655226,0,0.23362859,0
11352,0,1,0.21877229346953034,0,0.24505746,0
11353,0,0,0.1384616896800355,0,0.14174606,0
11354,0,1,0.09322970904865846,0,0.088625155,0
11355,1,0,0.17452255321990018,0,0.19053134,0
11356,0,1,0.16470290964629747,0,0.17646274,0
11357,0,1,0.12281578551302978,0,0.11175203,0
11358,1,1,0.2097846948828907,0,0.19241557,0
11359,0,0,0.17706604349307292,0,0.17264976,0
11360,0,1,0.20757317757497365,0,0.21897966,0
11361,0,1,0.08916706116929381,0,0.09543905,0
11362,1,1,0.08616242428306194,0,0.09847595,0
11363,0,1,0.25771690818059123,0,0.20446427,0
11364,0,0,0.1842053262345469,0,0.1576696,0
11365,1,1,0.13443766063549342,0,0.14260194,0
11366,0,1,0.22200384594696612,0,0.24257101,0
11367,0,1,0.31816806034426987,0,0.1902912,0
11368,0,1,0.11158531815022896,0,0.09759969,0
11369,0,1,0.31151910259443777,0,0.29808196,0
11370,0,1,0.1647890399396576,0,0.15450865,0
11371,1,1,0.29301207613972413,0,0.2731974,0
11372,1,0,0.13010528260745943,0,0.14027245,0
11373,0,1,0.36442328517266875,0,0.3403322,0
11374,0,0,0.14990865032814144,0,0.1764375,0
11375,0,1,0.062420765638194,0,0.044010606,0
11376,0,1,0.09687968386089932,0,0.08427198,0
11377,0,1,0.13671233290045087,0,0.16068317,0
11378,0,0,0.2987267242039735,0,0.37333062,0
11379,0,0,0.23285192705435398,0,0.20710379,0
11380,1,1,0.23114385928085282,0,0.20054361,0
11381,0,0,0.11342098697771376,0,0.11201615,0
11382,0,1,0.10040009300467587,0,0.12405049,0
11383,0,0,0.08259579698410296,0,0.07276119,0
11384,0,0,0.11662511944078478,0,0.12582463,0
11385,1,1,0.18726984112326725,0,0.16625308,0
11386,0,1,0.14304560556052448,0,0.16935244,0
11387,0,1,0.17738398572599662,0,0.17148763,0
11388,0,0,0.13852210031705178,0,0.1627655,0
11389,0,1,0.1721298470379696,0,0.17679895,0
11390,1,0,0.1295845502949957,0,0.16126682,0
11391,0,1,0.11871091995878134,0,0.12276979,0
11392,0,1,0.15614398059774462,0,0.121345565,0
11393,0,1,0.1356256406521033,0,0.17986971,0
11394,0,1,0.14145750888584788,0,0.131026,0
11395,1,1,0.07165739050177794,0,0.11972921,0
11396,0,1,0.08112883637856941,0,0.092452936,0
11397,0,0,0.2177202167971186,0,0.22211635,0
11398,0,1,0.11623956680213707,0,0.08818592,0
11399,0,1,0.1132404868213828,0,0.089102566,0
11400,0,1,0.12300699697838,0,0.11759067,0
11401,0,0,0.15958601775544684,0,0.19070943,0
11402,0,0,0.24064850565722928,0,0.2633713,0
11403,0,0,0.15814796283566704,0,0.12091516,0
11404,0,0,0.07548554606754676,0,0.08119194,0
11405,0,1,0.2143131163357731,0,0.20888697,0
11406,0,0,0.11321782864724902,0,0.09004571,0
11407,0,1,0.23542591307333907,0,0.1720261,0
11408,1,1,0.29743651202473403,0,0.25302425,0
11409,0,1,0.10235352985032677,0,0.10675137,0
11410,0,1,0.28589110808117607,0,0.20334227,0
11411,1,1,0.2820434140448422,0,0.33406106,0
11412,0,1,0.11753127389239568,0,0.10279413,0
11413,0,1,0.11597615579949953,0,0.09235401,0
11414,0,1,0.12327747064021646,0,0.13044553,0
11415,0,0,0.12422660796638066,0,0.1386915,0
11416,0,1,0.12884603201338804,0,0.13691723,0
11417,0,1,0.0757693113098473,0,0.092540555,0
11418,0,0,0.10137134727338139,0,0.097062096,0
11419,1,0,0.13257499162805478,0,0.11726436,0
11420,0,0,0.16957599798000894,0,0.13688318,0
11421,0,1,0.17058579443019506,0,0.18536364,0
11422,1,1,0.18864346866532214,0,0.22208202,0
11423,0,0,0.09094539748963676,0,0.09824433,0
11424,1,1,0.12819576571911803,0,0.14261262,0
11425,0,1,0.18413760513646774,0,0.18724456,0
11426,0,1,0.13688567232279092,0,0.1595935,0
11427,0,1,0.09520077636139557,0,0.09398474,0
11428,0,0,0.11157706186904888,0,0.15661156,0
11429,0,1,0.062225462903390184,0,0.10110442,0
11430,0,0,0.12285953771158883,0,0.12934248,0
11431,0,0,0.1832632916151137,0,0.18323362,0
11432,1,1,0.10110934068327894,0,0.07291119,0
11433,0,0,0.1413004435688425,0,0.12933022,0
11434,0,1,0.05614156418078381,0,0.052095305,0
11435,0,1,0.05626515025987517,0,0.022916175,0
11436,0,0,0.20299075877474926,0,0.18932854,0
11437,0,1,0.18834496617568872,0,0.19723922,0
11438,0,1,0.08478694395721816,0,0.07727518,0
11439,0,1,0.08996622235849012,0,0.07893008,0
11440,0,1,0.13979914307209212,0,0.13884515,0
11441,0,1,0.09338205871099377,0,0.100435995,0
11442,0,1,0.21417811413550955,0,0.20613833,0
11443,0,0,0.2277920215302437,0,0.20643963,0
11444,0,0,0.24722003877859336,0,0.23845872,0
11445,1,1,0.22783687848384224,0,0.25449216,0
11446,0,0,0.15541809067299617,0,0.17351253,0
11447,0,1,0.11537951540987904,0,0.110326864,0
11448,0,0,0.11739132597073404,0,0.11668134,0
11449,1,1,0.29347730681975326,0,0.2084571,0
11450,0,1,0.15508721206576062,0,0.18169317,0
11451,0,1,0.0791378904429494,0,0.069386974,0
11452,0,1,0.10914412850229192,0,0.099479616,0
11453,0,1,0.16444627816685797,0,0.17273653,0
11454,0,1,0.1005070961871558,0,0.14542426,0
11455,0,1,0.1771469453616815,0,0.17658818,0
11456,0,1,0.1435922457841171,0,0.104270674,0
11457,0,1,0.17946884335655358,0,0.17671947,0
11458,1,1,0.1535108092887098,0,0.2119614,0
11459,0,1,0.2178274255865123,0,0.21767655,0
11460,0,1,0.11213448911372904,0,0.13090345,0
11461,0,0,0.16138957313217683,0,0.1708443,0
11462,0,1,0.0605883733321913,0,0.047467984,0
11463,0,0,0.11211241736024678,0,0.13285688,0
11464,0,1,0.1289218001638096,0,0.113596044,0
11465,1,1,0.13648950978700555,0,0.09599046,0
11466,0,1,0.06385942806174665,0,0.053994384,0
11467,1,1,0.1328770532493048,0,0.097488254,0
11468,0,1,0.1063471518929364,0,0.09996764,0
11469,0,0,0.15236347529227082,0,0.15690899,0
11470,0,1,0.14582300865883963,0,0.16713884,0
11471,1,0,0.2014866468699993,0,0.17643547,0
11472,0,1,0.22937267303516373,0,0.25770995,0
11473,0,1,0.3607401360037281,0,0.38360512,0
11474,0,1,0.17057932913957222,0,0.18536364,0
11475,0,0,0.16202178354784874,0,0.17962961,0
11476,0,0,0.16787190035532576,0,0.14688358,0
11477,0,0,0.14630283897367546,0,0.21614012,0
11478,0,1,0.2519888947950784,0,0.26186886,0
11479,0,0,0.18489035840629012,0,0.18541284,0
11480,0,1,0.15569017218871206,0,0.16298103,0
11481,0,1,0.07704828495938337,0,0.09114232,0
11482,0,0,0.10290272643084625,0,0.107628785,0
11483,0,0,0.1229700606428063,0,0.111131884,0
11484,0,1,0.12043553617044173,0,0.101452835,0
11485,1,1,0.20796134796450227,0,0.22497827,0
11486,0,1,0.11470196353322079,0,0.08235794,0
11487,0,1,0.15272264339646996,0,0.15569124,0
11488,0,1,0.12463902045066318,0,0.09836498,0
11489,0,1,0.0802588823567905,0,0.07131176,0
11490,0,1,0.32410549551848966,0,0.3110778,0
11491,1,0,0.18431708436034344,0,0.18022878,0
11492,0,1,0.24263700415400785,0,0.21819527,0
11493,0,0,0.22237418903750913,0,0.20192945,0
11494,0,1,0.16290387354262068,0,0.12948942,0
11495,0,1,0.08919243423862587,0,0.098837,0
11496,0,1,0.059301629306215436,0,0.038123235,0
11497,0,1,0.05914767617291864,0,0.036320657,0
11498,0,0,0.17573482130946885,0,0.15828162,0
11499,0,1,0.0656778595944223,0,0.046597835,0
11500,0,0,0.27951991136787646,0,0.24740815,0
11501,0,1,0.17816933241521365,0,0.16820055,0
11502,0,1,0.08767674679818621,0,0.06935331,0
11503,0,1,0.08888698951724376,0,0.08951869,0
11504,0,1,0.249054219055378,0,0.18985422,0
11505,0,1,0.3064552459221982,0,0.3826656,0
11506,0,1,0.10307930365133722,0,0.11686048,0
11507,1,0,0.18287777467602492,0,0.17644228,0
11508,0,1,0.14252859571108467,0,0.1729785,0
11509,0,1,0.12294728745969218,0,0.13118553,0
11510,0,0,0.13327333684982234,0,0.13553956,0
11511,0,1,0.1698681095456073,0,0.17006123,0
11512,0,1,0.12773104096144974,0,0.1358397,0
11513,0,1,0.1386282012596334,0,0.14680965,0
11514,1,1,0.10057701642349988,0,0.11763604,0
11515,0,1,0.10475725905127448,0,0.092939556,0
11516,0,1,0.08612308423938377,0,0.073225275,0
11517,0,1,0.1280459381167108,0,0.12389867,0
11518,1,1,0.07282456886161093,0,0.053208128,0
11519,0,0,0.0736629556806281,0,0.056182943,0
11520,0,1,0.28980724472150704,0,0.3258889,0
11521,0,1,0.18305178238643283,0,0.18589818,0
11522,0,1,0.12424385577014437,0,0.12234939,0
11523,0,1,0.19842887291955444,0,0.20116489,0
11524,0,1,0.06874029422865738,0,0.049875516,0
11525,0,1,0.11753384906987485,0,0.11463789,0
11526,0,1,0.15574022617941355,0,0.20704101,0
11527,1,1,0.1464756988564782,0,0.12641884,0
11528,0,1,0.09194539871437642,0,0.087768145,0
11529,1,0,0.24282076374362635,0,0.21838228,0
11530,0,0,0.08767674679818621,0,0.06935331,0
11531,0,1,0.18791281220431885,0,0.14106196,0
11532,0,0,0.16653492292369962,0,0.16543864,0
11533,1,1,0.3327645896164303,0,0.2837033,0
11534,0,0,0.17812938706588113,0,0.17008369,0
11535,0,0,0.21511112640245203,0,0.19942166,0
11536,0,1,0.11460264194205468,0,0.13230667,0
11537,0,1,0.19195154999850098,0,0.20469145,0
11538,0,1,0.14654322171003858,0,0.13504972,0
11539,1,1,0.1334920551187661,0,0.15631326,0
11540,0,0,0.1443744918236907,0,0.15930751,0
11541,0,0,0.08912745427093516,0,0.0852535,0
11542,0,0,0.08307195439660635,0,0.0894835,0
11543,0,0,0.26980679987271156,0,0.21755122,0
11544,0,0,0.14579089031436512,0,0.14416142,0
11545,0,0,0.1187340395743257,0,0.12587005,0
11546,0,1,0.17222541411433037,0,0.16631699,0
11547,0,0,0.13675378563945415,0,0.16068317,0
11548,0,0,0.16794165589717933,0,0.15176813,0
11549,0,1,0.11433150348383488,0,0.119137034,0
11550,0,1,0.09796101185114499,0,0.099838175,0
11551,0,0,0.15833376952351708,0,0.17980503,0
11552,0,0,0.08657553697908257,0,0.08675826,0
11553,0,0,0.13406282584497684,0,0.13724364,0
11554,0,0,0.15405122401855365,0,0.1680988,0
11555,1,0,0.11443631462079623,0,0.122692116,0
11556,1,1,0.18162270851113124,0,0.24029125,0
11557,0,1,0.1631489070305192,0,0.19007763,0
11558,0,0,0.1885957232480875,0,0.14190395,0
11559,0,1,0.2615763972236333,0,0.29993066,0
11560,0,0,0.08286646011217406,0,0.118413426,0
11561,0,1,0.134724359115476,0,0.14909413,0
11562,0,1,0.14615814276199346,0,0.14801162,0
11563,0,1,0.08204389543780577,0,0.08136199,0
11564,0,1,0.13047216191075356,0,0.15650454,0
11565,0,1,0.09431998785852008,0,0.094127476,0
11566,1,1,0.16458041557374864,0,0.14895533,0
11567,1,1,0.18097752282359167,0,0.1739164,0
11568,0,0,0.22478317060368597,0,0.30750537,0
11569,0,1,0.2242246460395683,0,0.20090772,0
11570,0,1,0.11132014854908633,0,0.075563334,0
11571,0,0,0.06056212871675131,0,0.03591506,0
11572,0,0,0.09859344633089337,0,0.10412797,0
11573,0,1,0.1700784393162136,0,0.22163336,0
11574,0,1,0.09933941135553544,0,0.097846985,0
11575,0,1,0.1648961684054497,0,0.15298383,0
11576,0,1,0.15228986542789996,0,0.15837598,0
11577,0,0,0.1459963588464247,0,0.15831463,0
11578,0,1,0.09092571699128453,0,0.09082213,0
11579,0,0,0.25297350029485355,0,0.2369805,0
11580,0,1,0.13152184271906187,0,0.113025114,0
11581,1,1,0.28112320042254646,0,0.23574159,0
11582,0,0,0.10120687906556798,0,0.087229505,0
11583,0,0,0.2330832561183008,0,0.24759498,0
11584,0,1,0.10652172711428268,0,0.09703107,0
11585,0,1,0.05925252194298991,0,0.03757327,0
11586,1,1,0.1721298470379696,0,0.17679895,0
11587,0,1,0.08610416422817223,0,0.10103086,0
11588,0,1,0.13201194751620818,0,0.1591225,0
11589,0,0,0.24697964388459842,0,0.147654,0
11590,0,1,0.15207012017217197,0,0.13619518,0
11591,0,1,0.1905549691298961,0,0.21796799,0
11592,0,0,0.15707786913316804,0,0.13761353,0
11593,0,1,0.16518314877061044,0,0.13812312,0
11594,0,0,0.16304972813318902,0,0.16978812,0
11595,0,1,0.12938751374883675,0,0.122382194,0
11596,0,1,0.16322494833161774,0,0.16681616,0
11597,1,1,0.18613145374147694,0,0.22882243,0
11598,0,0,0.07931501336798415,0,0.08175288,0
11599,0,0,0.10110167554548592,0,0.07086099,0
11600,0,0,0.09063515807458034,0,0.087485865,0
11601,0,1,0.08238187781541105,0,0.08909755,0
11602,0,0,0.13753754690135284,0,0.13229698,0
11603,0,1,0.07338524040084342,0,0.02417491,0
11604,0,1,0.16247077701817886,0,0.17789018,0
11605,0,1,0.126013087149797,0,0.1342858,0
11606,0,1,0.06637069150089928,0,0.061300516,0
11607,0,0,0.057530000508399425,0,0.050484437,0
11608,0,1,0.16581974054407142,0,0.14755526,0
11609,0,1,0.11907461093583876,0,0.13334449,0
11610,0,1,0.08935117915958196,0,0.10199051,0
11611,0,1,0.1170845899823169,0,0.10047241,0
11612,0,1,0.11047834986225596,0,0.13466203,0
11613,0,1,0.08994355898314384,0,0.12118245,0
11614,0,1,0.130829121809137,0,0.14606889,0
11615,1,1,0.11665867020837101,0,0.13586904,0
11616,0,0,0.08919243423862587,0,0.098837,0
11617,0,0,0.11034497459251806,0,0.12350896,0
11618,1,0,0.08517002410386021,0,0.102459796,0
11619,0,0,0.20215265345816344,0,0.19992125,0
11620,1,0,0.27206569290644994,0,0.27243087,0
11621,1,0,0.1327598899751361,0,0.13137273,0
11622,0,1,0.12455770308511527,0,0.12732777,0
11623,0,0,0.10766295954967409,0,0.12023119,0
11624,0,1,0.09199531198295485,0,0.07523812,0
11625,0,1,0.1804290260580853,0,0.20393093,0
11626,0,1,0.1780074679670002,0,0.18981917,0
11627,0,1,0.13973065413539335,0,0.18132421,0
11628,0,1,0.11536930085689366,0,0.09603221,0
11629,0,1,0.0895938211477007,0,0.1014339,0
11630,0,0,0.06864420255924888,0,0.044371635,0
11631,0,1,0.16026611797025667,0,0.150277,0
11632,0,0,0.10218217908161241,0,0.10722131,0
11633,0,1,0.18208829753844152,0,0.16263236,0
11634,0,1,0.11760918214936204,0,0.1389224,0
11635,0,1,0.085329603781401,0,0.0920031,0
11636,0,1,0.10130358540505359,0,0.1417411,0
11637,0,1,0.0732880614699005,0,0.101130985,0
11638,0,1,0.1091808033645359,0,0.106052086,0
11639,0,1,0.11508526578856652,0,0.124716274,0
11640,0,1,0.10778312323496551,0,0.13518332,0
11641,0,0,0.1945591919730935,0,0.23680177,0
11642,0,0,0.08450224364148,0,0.08386677,0
11643,0,1,0.10178001851669903,0,0.09356044,0
11644,0,0,0.15209684834640644,0,0.11749885,0
11645,0,0,0.1164055460511199,0,0.12023975,0
11646,1,1,0.09059403769303626,0,0.08321581,0
11647,0,1,0.1769705290954642,0,0.17296459,0
11648,1,1,0.1281732380838306,0,0.13071366,0
11649,0,1,0.12026065170115438,0,0.14001577,0
11650,0,1,0.10925463767687493,0,0.097059526,0
11651,0,1,0.20902295711080676,0,0.18580978,0
11652,0,1,0.17472420767651314,0,0.14314565,0
11653,0,0,0.07404250738335987,0,0.04724117,0
11654,0,1,0.22861313808277006,0,0.21574551,0
11655,1,1,0.09168562752787054,0,0.15185238,0
11656,0,1,0.09055837172219867,0,0.07978509,0
11657,0,1,0.18437067983592273,0,0.16899154,0
11658,1,1,0.15276940591584995,0,0.19071947,0
11659,1,1,0.06884243551423039,0,0.054369193,0
11660,0,1,0.1807534011412312,0,0.16661951,0
11661,1,0,0.19100817217043614,0,0.22861598,0
11662,0,1,0.13061000902942319,0,0.12588635,0
11663,0,1,0.09319890449031498,0,0.0974288,0
11664,0,1,0.1001725770948389,0,0.11732893,0
11665,1,1,0.15115390077453267,0,0.1853936,0
11666,1,1,0.18305178238643283,0,0.18589818,0
11667,0,1,0.16984460305621682,0,0.17707069,0
11668,0,0,0.125909617079119,0,0.12621228,0
11669,0,1,0.28112565166352105,0,0.23574159,0
11670,0,1,0.15406762703148608,0,0.13048275,0
11671,0,0,0.14483961860481648,0,0.15378888,0
11672,1,0,0.1492675575806254,0,0.17728722,0
11673,0,1,0.14352255798522676,0,0.13506857,0
11674,1,1,0.14163947771841973,0,0.13546078,0
11675,0,1,0.30303722087288587,0,0.2777562,0
11676,0,1,0.10802896213173781,0,0.10435909,0
11677,0,1,0.10747664193186268,0,0.11864015,0
11678,0,1,0.11870454587211281,0,0.12755507,0
11679,0,0,0.16695724440772072,0,0.17251647,0
11680,0,1,0.0814840018519912,0,0.06637898,0
11681,0,0,0.06888910151940002,0,0.0559831,0
11682,0,0,0.1495692114275213,0,0.15714374,0
11683,0,1,0.12589210361466383,0,0.14023948,0
11684,0,0,0.11470196353322079,0,0.08235794,0
11685,0,1,0.12653831936271473,0,0.1452583,0
11686,0,1,0.09883954484962629,0,0.08962757,0
11687,0,1,0.05904989515952266,0,0.03136213,0
11688,1,0,0.07354173415658168,0,0.055427786,0
11689,1,0,0.3549683310883984,0,0.09276498,0
11690,0,1,0.2826385081196698,0,0.23472123,0
11691,0,1,0.07700214208997276,0,0.0642841,0
11692,0,0,0.17342274188674223,0,0.10697306,0
11693,0,1,0.12083426851337431,0,0.11098844,0
11694,0,0,0.16615111442202568,0,0.15049836,0
11695,0,1,0.13672846111972067,0,0.13654886,0
11696,0,1,0.13688231271217458,0,0.1619539,0
11697,0,0,0.14122276948991822,0,0.1487663,0
11698,0,0,0.19261714146442754,0,0.2387434,0
11699,0,0,0.05208592438764135,0,0.03582732,0
11700,0,0,0.06912838708527272,0,0.0435886,0
11701,0,1,0.12417030604560436,0,0.11590605,0
11702,0,0,0.15707154039293636,0,0.16679664,0
11703,0,0,0.16072426262062958,0,0.14594606,0
11704,0,1,0.12460264825008648,0,0.093494184,0
11705,0,0,0.17079434450240494,0,0.15341666,0
11706,0,1,0.09216901979542891,0,0.07247986,0
11707,0,0,0.19284115396669513,0,0.20380689,0
11708,0,1,0.112420609899767,0,0.116694376,0
11709,0,0,0.17721211488133523,0,0.2355862,0
11710,1,1,0.29151407245276917,0,0.24421018,0
11711,0,1,0.12422513493959636,0,0.111593254,0
11712,0,0,0.10875160889011311,0,0.09681438,0
11713,1,1,0.15299384601672733,0,0.1640717,0
11714,0,0,0.16511193997029427,0,0.18967018,0
11715,0,1,0.059086768742466676,0,0.037805744,0
11716,0,1,0.11707536207398558,0,0.1323681,0
11717,0,0,0.20083096965339492,0,0.16734622,0
11718,0,0,0.13134677951078993,0,0.12353067,0
11719,0,1,0.22721136921269264,0,0.19138815,0
11720,0,1,0.13185297673702073,0,0.13640381,0
11721,0,1,0.15937399115288703,0,0.15220381,0
11722,0,0,0.12183059477608589,0,0.10163696,0
11723,0,0,0.12046700923303534,0,0.13876416,0
11724,0,1,0.22175419287001732,0,0.2358459,0
11725,0,0,0.1214500623600751,0,0.15934594,0
11726,1,1,0.12388412046646735,0,0.116248205,0
11727,0,0,0.3459508192792127,0,0.332531,0
11728,0,0,0.14444405620481318,0,0.12691203,0
11729,0,1,0.05916114587582225,0,0.036320657,0
11730,1,1,0.2733173807560652,0,0.28905588,0
11731,0,1,0.10013434329310708,0,0.114005394,0
11732,0,1,0.09625285273793385,0,0.09690992,0
11733,1,1,0.19334317514223312,0,0.16185421,0
11734,1,1,0.16655088845191524,0,0.15880476,0
11735,1,0,0.226753724945684,0,0.2550871,0
11736,0,0,0.3258677556802783,0,0.3099806,0
11737,0,1,0.16240410505393985,0,0.15216947,0
11738,0,1,0.13644632970741208,0,0.15349914,0
11739,0,1,0.11423976294726179,0,0.09726384,0
11740,0,1,0.1668342890567256,0,0.15741335,0
11741,0,0,0.13395252991751436,0,0.13467301,0
11742,0,1,0.05626515025987517,0,0.022916175,0
11743,1,1,0.13109160234656206,0,0.1414026,0
11744,0,0,0.2918052151974457,0,0.2635181,0
11745,0,0,0.13537762738566578,0,0.14590566,0
11746,1,1,0.15227925369364378,0,0.15731442,0
11747,1,1,0.14002490377091364,0,0.13381204,0
11748,0,1,0.09662885934871983,0,0.07207846,0
11749,1,0,0.255814435297464,0,0.21527155,0
11750,0,0,0.20074777168628105,0,0.15449822,0
11751,0,1,0.2089781090619167,0,0.16848944,0
11752,1,1,0.11972507369265196,0,0.1149676,0
11753,1,1,0.12247487237364883,0,0.11346997,0
11754,0,1,0.10692594877014724,0,0.119474545,0
11755,0,0,0.12130966834734662,0,0.11661285,0
11756,0,0,0.12403499495274839,0,0.09605629,0
11757,0,0,0.10587915399200745,0,0.10098325,0
11758,0,0,0.10573880329788866,0,0.17315501,0
11759,0,1,0.12785430962164968,0,0.11807219,0
11760,0,1,0.08433780459746425,0,0.06757281,0
11761,0,1,0.0899685027683814,0,0.08124192,0
11762,0,1,0.23230812730274514,0,0.30382723,0
11763,0,0,0.10824901929732977,0,0.1332653,0
11764,0,1,0.18109320311047405,0,0.14346303,0
11765,0,0,0.15926393750610587,0,0.1685698,0
11766,0,1,0.10572440365714006,0,0.111906044,0
11767,0,0,0.09098433487590461,0,0.10754981,0
11768,0,1,0.24662629800469021,0,0.28107077,0
11769,0,1,0.1170845899823169,0,0.10047241,0
11770,1,1,0.09567420248848092,0,0.10714874,0
11771,0,0,0.1729506637521526,0,0.15635432,0
11772,0,1,0.2300007739425624,0,0.2633538,0
11773,0,1,0.20211339404530473,0,0.16965461,0
11774,1,1,0.17031764731065532,0,0.22779682,0
11775,0,1,0.0810028216115423,0,0.087269865,0
11776,0,0,0.14304560556052448,0,0.16935244,0
11777,0,1,0.07994638567562437,0,0.06722912,0
11778,0,1,0.13854384682738147,0,0.16641858,0
11779,0,0,0.15160594158181076,0,0.14131811,0
11780,0,1,0.20517148023611362,0,0.20545936,0
11781,0,0,0.21804618662806552,0,0.22279984,0
11782,0,0,0.18419243621394704,0,0.16191797,0
11783,1,1,0.14176359619731624,0,0.13308106,0
11784,1,1,0.1981122681439805,0,0.24863209,0
11785,0,1,0.08732126673771817,0,0.09762543,0
11786,0,0,0.204489024728222,0,0.23916557,0
11787,0,0,0.0990078230138462,0,0.07648079,0
11788,0,1,0.0989205726634051,0,0.098085634,0
11789,1,0,0.13985366226818574,0,0.120609574,0
11790,1,1,0.10544940067297476,0,0.11795098,0
11791,0,1,0.07522232272310533,0,0.05205202,0
11792,0,0,0.21819901774645933,0,0.16188627,0
11793,0,0,0.08277177650450955,0,0.09120842,0
11794,0,1,0.12242288994010095,0,0.13131237,0
11795,0,1,0.1464756988564782,0,0.12641884,0
11796,1,1,0.13644632970741208,0,0.15349914,0
11797,0,1,0.23514198296008285,0,0.2370648,0
11798,0,1,0.19402874065837938,0,0.1709245,0
11799,0,1,0.07700214208997276,0,0.0642841,0
11800,0,1,0.2025932541579172,0,0.22395445,0
11801,1,1,0.14304560556052448,0,0.16935244,0
11802,0,0,0.23616992947014406,0,0.20610125,0
11803,1,1,0.24742004608508705,0,0.24463527,0
11804,0,1,0.09947370557974708,0,0.09166088,0
11805,0,1,0.13746349122225834,0,0.15973638,0
11806,0,1,0.07411575872485394,0,0.047236126,0
11807,1,1,0.07709738342924027,0,0.057896327,0
11808,1,1,0.2629005216817826,0,0.21288536,0
11809,0,1,0.1423249620052974,0,0.14402218,0
11810,1,0,0.13548513395176948,0,0.14323786,0
11811,0,1,0.32317938329837315,0,0.20157681,0
11812,0,1,0.07510918665727638,0,0.05814235,0
11813,1,0,0.11508256550225117,0,0.124716274,0
11814,0,1,0.08902174101260109,0,0.07210021,0
11815,0,1,0.09741502046832319,0,0.08752017,0
11816,0,1,0.13939477025649255,0,0.13889691,0
11817,0,0,0.06381480659382933,0,0.038835224,0
11818,1,1,0.07063988121558426,0,0.05494239,0
11819,0,1,0.10069557358698271,0,0.22915097,0
11820,0,1,0.10792824510008467,0,0.13324761,0
11821,0,1,0.08933662927272842,0,0.09478437,0
11822,0,1,0.10116229292515302,0,0.091438815,0
11823,0,1,0.13047887304157857,0,0.11627896,0
11824,0,0,0.07929217284207384,0,0.06219731,0
11825,0,0,0.10401686512095913,0,0.07467332,0
11826,0,1,0.06540517836177169,0,0.04375414,0
11827,0,1,0.09613338655868683,0,0.089363664,0
11828,0,1,0.24551109359972573,0,0.20049109,0
11829,0,0,0.18984459609690646,0,0.19189756,0
11830,0,1,0.10003426430862107,0,0.077058464,0
11831,0,1,0.12059880890214111,0,0.12512425,0
11832,0,0,0.29298765148458605,0,0.2731974,0
11833,0,0,0.2245240933553151,0,0.24252376,0
11834,0,0,0.1840139954524251,0,0.1450134,0
11835,0,1,0.09914345664006777,0,0.09752711,0
11836,0,1,0.09183065678804928,0,0.08971786,0
11837,0,1,0.13536678661981208,0,0.1640874,0
11838,0,1,0.16787680694426713,0,0.1786858,0
11839,0,0,0.18761673812143126,0,0.21308787,0
11840,0,1,0.08077738114386138,0,0.12068484,0
11841,0,1,0.12448082998214481,0,0.13170724,0
11842,0,1,0.10195610202994679,0,0.108413786,0
11843,0,0,0.07666273122905512,0,0.07237279,0
11844,0,1,0.11117981866927278,0,0.1224924,0
11845,1,1,0.21020352439176274,0,0.17051794,0
11846,0,1,0.14030878811132202,0,0.07283876,0
11847,0,0,0.07936957484946723,0,0.057809632,0
11848,0,1,0.22156034590485132,0,0.2363904,0
11849,0,1,0.1335449480523922,0,0.16253218,0
11850,0,1,0.17294804116671197,0,0.15635432,0
11851,0,0,0.2136241096298922,0,0.19057731,0
11852,0,1,0.1000175868499134,0,0.106753394,0
11853,0,1,0.321569214591312,0,0.26215547,0
11854,0,1,0.0970670886213029,0,0.09130574,0
11855,0,1,0.06380252267202333,0,0.044733748,0
11856,1,1,0.22846453177368742,0,0.19386846,0
11857,0,0,0.22999139323883108,0,0.24401562,0
11858,1,1,0.2028440859260352,0,0.15439078,0
11859,0,1,0.06687331413650952,0,0.07108017,0
11860,0,1,0.16069718358189464,0,0.16680689,0
11861,0,1,0.3149527315933264,0,0.25565496,0
11862,0,1,0.09951586553006751,0,0.10682265,0
11863,0,0,0.09655194472005986,0,0.08851196,0
11864,0,1,0.2806681379471732,0,0.21537542,0
11865,0,0,0.1480134636360421,0,0.1640765,0
11866,0,1,0.1616334449885227,0,0.15789072,0
11867,0,1,0.18844831495776618,0,0.17257047,0
11868,0,1,0.15917994243167174,0,0.13652058,0
11869,0,1,0.07244632935156461,0,0.05259779,0
11870,1,1,0.1664582674720239,0,0.1836304,0
11871,0,1,0.07789645944349213,0,0.055758774,0
11872,0,0,0.16356865708930637,0,0.17706384,0
11873,1,0,0.19260294421738308,0,0.1658443,0
11874,0,1,0.11719568625460662,0,0.10614707,0
11875,0,1,0.16848001852895153,0,0.15269421,0
11876,0,1,0.24180221789743872,0,0.2421098,0
11877,0,1,0.2138680777982744,0,0.24446708,0
11878,0,1,0.20216528111328327,0,0.16285042,0
11879,1,1,0.09670734061707559,0,0.10015565,0
11880,1,1,0.14759655721612847,0,0.12853897,0
11881,0,1,0.08866133770682509,0,0.07736711,0
11882,1,1,0.06386286817232141,0,0.053994384,0
11883,0,1,0.1725055302809446,0,0.15828924,0
11884,0,1,0.10972715179636718,0,0.14291875,0
11885,1,1,0.13839003472607184,0,0.12563005,0
11886,0,1,0.10234020327391181,0,0.09074493,0
11887,0,0,0.15345429289288845,0,0.15274768,0
11888,0,0,0.07251729047113434,0,0.047196914,0
11889,0,0,0.17388416445147462,0,0.18167011,0
11890,0,1,0.2214326063023978,0,0.22156896,0
11891,0,1,0.11395303117713444,0,0.11237976,0
11892,0,1,0.15516610762397678,0,0.16845542,0
11893,0,1,0.13164196065137457,0,0.13866727,0
11894,0,1,0.09368987809680997,0,0.09426237,0
11895,0,1,0.08691495675286356,0,0.083239,0
11896,1,1,0.2697866554988416,0,0.23840958,0
11897,1,1,0.171035135128587,0,0.12859038,0
11898,0,1,0.18905917966727978,0,0.18779688,0
11899,0,1,0.21241995010941747,0,0.21182305,0
11900,0,1,0.11182944336821762,0,0.11394469,0
11901,0,1,0.09146297669927606,0,0.09975335,0
11902,0,1,0.06056212871675131,0,0.03591506,0
11903,1,1,0.1367717981097304,0,0.13099006,0
11904,0,0,0.10486735556440742,0,0.12634522,0
11905,0,0,0.07925906563279278,0,0.057551898,0
11906,0,1,0.15289629733087307,0,0.1707624,0
11907,0,0,0.07063988121558426,0,0.05494239,0
11908,0,1,0.10627551611115393,0,0.08668461,0
11909,0,1,0.22323769741040805,0,0.21481733,0
11910,0,0,0.12293708106494566,0,0.12929647,0
11911,0,1,0.06897046077501978,0,0.063745484,0
11912,0,1,0.1295599889264289,0,0.21600585,0
11913,0,0,0.1284413063577512,0,0.13611929,0
11914,0,1,0.08969384916371977,0,0.074489,0
11915,0,0,0.09123315519240041,0,0.045836326,0
11916,0,0,0.07825404453567004,0,0.065654196,0
11917,0,1,0.07475553053130636,0,0.0696413,0
11918,1,1,0.3185333085034957,0,0.25022933,0
11919,0,1,0.1615585027396314,0,0.15408131,0
11920,0,1,0.23990693078882344,0,0.27113354,0
11921,0,0,0.09516394803564769,0,0.11819529,0
11922,0,1,0.13343003483635557,0,0.12475497,0
11923,0,1,0.3066585446149246,0,0.28740445,0
11924,0,0,0.11106758773026339,0,0.17087355,0
11925,0,1,0.21944892146920225,0,0.24077561,0
11926,0,0,0.12359580065926226,0,0.1318559,0
11927,0,1,0.1431268895738547,0,0.12902437,0
11928,0,1,0.0871610094941302,0,0.08039162,0
11929,0,0,0.11706398578221429,0,0.14619705,0
11930,0,1,0.1607433617142926,0,0.1372297,0
11931,0,1,0.080996039490895,0,0.075317085,0
11932,0,1,0.1554609592312953,0,0.16715981,0
11933,0,1,0.19288162320570587,0,0.20246169,0
11934,0,1,0.14014001068068568,0,0.107710816,0
11935,0,1,0.10366028298695595,0,0.076557815,0
11936,1,1,0.2997196721817434,0,0.29269582,0
11937,1,1,0.2286341123511299,0,0.21972987,0
11938,0,1,0.2020478278947563,0,0.26216033,0
11939,0,1,0.21877229346953034,0,0.24505746,0
11940,1,1,0.16471097383530484,0,0.14977996,0
11941,0,0,0.0823827094365386,0,0.08757127,0
11942,0,1,0.19852951435371344,0,0.2162956,0
11943,0,1,0.17606259879756841,0,0.17834099,0
11944,0,1,0.16766651213053305,0,0.17290013,0
11945,0,1,0.10943589135412364,0,0.12773591,0
11946,0,1,0.09216901979542891,0,0.07247986,0
11947,0,0,0.07736107806182833,0,0.10461381,0
11948,0,1,0.11415165195839917,0,0.10924067,0
11949,0,1,0.11845176892806653,0,0.14915413,0
11950,0,1,0.12820215080661046,0,0.20953491,0
11951,0,1,0.12705805163792894,0,0.1113009,0
11952,0,1,0.12618462240617184,0,0.14731751,0
11953,1,1,0.2102571492999157,0,0.17302454,0
11954,0,0,0.20516345136379494,0,0.2071673,0
11955,0,1,0.05907616851359935,0,0.031354185,0
11956,0,1,0.09319890449031498,0,0.0974288,0
11957,0,1,0.052059302578371804,0,0.051698353,0
11958,0,1,0.13763767824997666,0,0.13311481,0
11959,0,1,0.21779239884456947,0,0.2122186,0
11960,0,1,0.16559010309358613,0,0.1418304,0
11961,0,1,0.12705805163792894,0,0.1113009,0
11962,0,1,0.0830436574542869,0,0.07153454,0
11963,1,0,0.10968037901228712,0,0.11616231,0
11964,0,0,0.1026174066128052,0,0.12111391,0
11965,0,1,0.08265202776921332,0,0.1185246,0
11966,1,0,0.18026415665313578,0,0.1433401,0
11967,0,1,0.18785170310213203,0,0.19116993,0
11968,0,0,0.07034814980931425,0,0.055507526,0
11969,1,0,0.11707323357315423,0,0.12730801,0
11970,0,0,0.17813288637693298,0,0.2703399,0
11971,0,1,0.13560474298587527,0,0.15355018,0
11972,0,0,0.10400057198848735,0,0.14112638,0
11973,0,0,0.15510487723591235,0,0.19112468,0
11974,0,1,0.16338576168305222,0,0.19373155,0
11975,0,1,0.11242840282350827,0,0.12942615,0
11976,0,1,0.18238691553264375,0,0.17157163,0
11977,0,1,0.1271790845921114,0,0.10043288,0
11978,0,1,0.19856860998032658,0,0.19087037,0
11979,0,0,0.15482321135814622,0,0.21528006,0
11980,0,1,0.13301138265847584,0,0.13017333,0
11981,0,0,0.20408451497069416,0,0.19671941,0
11982,0,0,0.139038037229459,0,0.15888429,0
11983,1,0,0.20291469401196702,0,0.2226606,0
11984,0,0,0.10993013729474407,0,0.10313019,0
11985,0,1,0.07993122016721696,0,0.063358605,0
11986,0,0,0.05606218817656599,0,0.033016,0
11987,0,0,0.0919474885469397,0,0.08451956,0
11988,0,0,0.19125688096477506,0,0.1810044,0
11989,0,1,0.10808270758876547,0,0.11897447,0
11990,0,0,0.195844769810542,0,0.19515009,0
11991,0,1,0.12141981768710082,0,0.12959266,0
11992,0,1,0.0785340023242588,0,0.070461094,0
11993,0,1,0.060664936706745165,0,0.056663834,0
11994,0,0,0.19440742884232537,0,0.18127373,0
11995,1,1,0.1142506331298281,0,0.12557825,0
11996,0,0,0.09292129392162482,0,0.0577553,0
11997,0,1,0.13723380802911891,0,0.13513479,0
11998,1,1,0.1576612387997845,0,0.15033834,0
11999,0,0,0.26218687840306665,0,0.19953977,0
12000,0,1,0.12196700767378395,0,0.084913895,0
12001,0,1,0.07034814980931425,0,0.055507526,0
12002,1,0,0.305233159754134,0,0.26160046,0
12003,0,1,0.13008525897289067,0,0.1872656,0
12004,0,1,0.1742011010780021,0,0.22511621,0
12005,0,1,0.13107393172025184,0,0.16002569,0
12006,0,0,0.09319890449031498,0,0.0974288,0
12007,1,0,0.11470196353322079,0,0.08235794,0
12008,0,1,0.1287067712425955,0,0.15393445,0
12009,0,0,0.14304560556052448,0,0.16935244,0
12010,0,1,0.11398844055424293,0,0.13682318,0
12011,0,0,0.2430316446906304,0,0.23753233,0
12012,0,0,0.22742871605958823,0,0.19818099,0
12013,0,1,0.1535496412559644,0,0.16479982,0
12014,0,1,0.17367021462600973,0,0.19518924,0
12015,0,0,0.09504778194778896,0,0.076367885,0
12016,1,1,0.20553185197630972,0,0.22500554,0
12017,1,1,0.17789809294062853,0,0.19408542,0
12018,1,1,0.13010528260745943,0,0.14027245,0
12019,0,0,0.06858386835614957,0,0.059021622,0
12020,0,1,0.16289322159818173,0,0.20610356,0
12021,0,0,0.09911604970920405,0,0.08384752,0
12022,0,1,0.27508074886114475,0,0.23163307,0
12023,0,1,0.17792140243928198,0,0.18789688,0
12024,1,1,0.17617272500056227,0,0.1920639,0
12025,0,1,0.3232683037821161,0,0.46690091,0
12026,0,1,0.15582952891554083,0,0.17373225,0
12027,0,1,0.06812043934991034,0,0.07956457,0
12028,0,0,0.16261378502393622,0,0.20488465,0
12029,0,1,0.0852730628187862,0,0.06967489,0
12030,1,1,0.1599055423310157,0,0.1413571,0
12031,0,1,0.11799853461369032,0,0.12959558,0
12032,0,1,0.09067296598547686,0,0.09308091,0
12033,0,1,0.08233210108811179,0,0.07942352,0
12034,0,1,0.10895260704117446,0,0.14237355,0
12035,0,1,0.13846047228238115,0,0.16000187,0
12036,1,1,0.1791136820392217,0,0.3127235,0
12037,0,1,0.08920134857601492,0,0.09901493,0
12038,0,0,0.21730142171437572,0,0.20164321,0
12039,0,0,0.09291197746423059,0,0.11192899,0
12040,0,1,0.2377225684096077,0,0.1683999,0
12041,0,1,0.08233173878836297,0,0.07942352,0
12042,0,1,0.13224387206876043,0,0.13782412,0
12043,0,0,0.09904534680067925,0,0.09669421,0
12044,1,1,0.09431190328642436,0,0.098589115,0
12045,0,0,0.16208957853780792,0,0.17344046,0
12046,0,1,0.20722564244902245,0,0.18258883,0
12047,0,1,0.25647238563290786,0,0.2133982,0
12048,0,0,0.10582586517336681,0,0.12001681,0
12049,0,1,0.12240161747605073,0,0.12750521,0
12050,0,0,0.080996039490895,0,0.075317085,0
12051,0,0,0.09269477361927228,0,0.07917416,0
12052,0,0,0.09934508995903796,0,0.1076534,0
12053,0,0,0.08204524171781546,0,0.060683426,0
12054,0,1,0.14857579678705346,0,0.16479409,0
12055,0,1,0.17209269877052663,0,0.18404986,0
12056,0,1,0.20583739751186694,0,0.23295067,0
12057,0,1,0.08033910890431933,0,0.08190578,0
12058,0,1,0.077132775372432,0,0.08944307,0
12059,0,1,0.13948218063932524,0,0.11917611,0
12060,0,1,0.10570847834193457,0,0.08958669,0
12061,0,1,0.11278142499605927,0,0.1444918,0
12062,0,0,0.21788471659258762,0,0.18184374,0
12063,0,0,0.09037820208518246,0,0.08147046,0
12064,1,1,0.07521855533330173,0,0.04413204,0
12065,0,1,0.2480784743362148,0,0.24362355,0
12066,0,1,0.3166193726083303,0,0.26387993,0
12067,0,1,0.17729368723329758,0,0.20585404,0
12068,0,1,0.20580233370936687,0,0.21756919,0
12069,0,1,0.11429140216155231,0,0.09920922,0
12070,0,0,0.15880231950649346,0,0.20447324,0
12071,0,1,0.1443465532097192,0,0.1295105,0
12072,0,0,0.3304872848377284,0,0.30135095,0
12073,0,1,0.23739538278632674,0,0.18697509,0
12074,0,1,0.1523478228382648,0,0.1823499,0
12075,0,0,0.22598308404421266,0,0.21478917,0
12076,1,1,0.1501292400456207,0,0.15250953,0
12077,0,0,0.18114158191954427,0,0.15962781,0
12078,1,0,0.2931491362279461,0,0.2947665,0
12079,0,1,0.1807534011412312,0,0.16661951,0
12080,0,1,0.1232004817793804,0,0.12214574,0
12081,0,1,0.10628323240042323,0,0.09346123,0
12082,0,1,0.12109212408607091,0,0.1350858,0
12083,0,0,0.15263389625421353,0,0.14544867,0
12084,0,1,0.1733112748513606,0,0.23369654,0
12085,0,0,0.2691460815513719,0,0.25662246,0
12086,0,1,0.2262007161023348,0,0.24320245,0
12087,0,1,0.06056212871675131,0,0.03591506,0
12088,1,1,0.12705805163792894,0,0.1113009,0
12089,0,0,0.057179766061958064,0,0.045496475,0
12090,0,1,0.16355630807143468,0,0.15750071,0
12091,0,0,0.11171353820174523,0,0.102039486,0
12092,0,1,0.21821617709411611,0,0.20524396,0
12093,0,0,0.22531406477718374,0,0.20487063,0
12094,1,1,0.140894998116761,0,0.15556571,0
12095,0,0,0.11844052142190675,0,0.10470162,0
12096,0,1,0.16050345187351006,0,0.15476915,0
12097,0,1,0.1801877018375398,0,0.15443635,0
12098,0,1,0.22197873928895182,0,0.21763702,0
12099,0,1,0.10137134727338139,0,0.097062096,0
12100,0,1,0.15937924413733354,0,0.15220381,0
12101,0,0,0.10506934407686727,0,0.111785814,0
12102,0,0,0.18454009779829397,0,0.15558106,0
12103,0,1,0.12783392193376084,0,0.14589863,0
12104,0,1,0.12545852818697506,0,0.14135216,0
12105,0,0,0.11662511944078478,0,0.12582463,0
12106,0,1,0.14665223116407805,0,0.14450072,0
12107,0,1,0.10871626321801034,0,0.10365741,0
12108,1,1,0.200410960570512,0,0.21871634,0
12109,0,1,0.12240161747605073,0,0.12750521,0
12110,0,0,0.08595648125552031,0,0.069587514,0
12111,0,0,0.15896658648615833,0,0.11148474,0
12112,0,1,0.09366848630533253,0,0.09038277,0
12113,0,0,0.08616135820018388,0,0.09847595,0
12114,0,1,0.09804721307953078,0,0.118039005,0
12115,0,1,0.14488825932376298,0,0.14477459,0
12116,0,1,0.07626755196530609,0,0.055072892,0
12117,0,1,0.08906491639998408,0,0.08132849,0
12118,0,0,0.14803246229058126,0,0.17915732,0
12119,0,0,0.06709872770759771,0,0.06101172,0
12120,0,0,0.13982864429408537,0,0.1428559,0
12121,0,1,0.14579413361656915,0,0.12027266,0
12122,0,0,0.23610670157137376,0,0.28460476,0
12123,1,1,0.2573809577251063,0,0.25891167,0
12124,0,1,0.1497764284648586,0,0.17343019,0
12125,0,0,0.13049071550379376,0,0.1458729,0
12126,0,0,0.15825115300005801,0,0.11201403,0
12127,0,0,0.16452346029857037,0,0.15599671,0
12128,0,0,0.13203580845821666,0,0.11825198,0
12129,0,1,0.11681234093548898,0,0.122577146,0
12130,0,1,0.11039973169727944,0,0.13168693,0
12131,0,1,0.09357585882791544,0,0.08051151,0
12132,0,1,0.09375438558369154,0,0.09737151,0
12133,0,0,0.2273413515907121,0,0.21607257,0
12134,0,1,0.09381837146463223,0,0.09949622,0
12135,0,1,0.1800762056434957,0,0.177856,0
12136,0,1,0.10381779370636936,0,0.1154085,0
12137,0,0,0.15951533333763984,0,0.19998422,0
12138,0,1,0.11538478991951785,0,0.100359604,0
12139,0,0,0.11016187814556419,0,0.09003889,0
12140,0,1,0.06711934777601401,0,0.051068515,0
12141,0,0,0.17754845225951799,0,0.2004521,0
12142,0,0,0.099348850615419,0,0.11145287,0
12143,0,1,0.09375438558369154,0,0.09737151,0
12144,1,0,0.14942458818433882,0,0.15854488,0
12145,0,1,0.11872462451056091,0,0.12587005,0
12146,0,0,0.10219263421741122,0,0.10722131,0
12147,0,0,0.22107164311341793,0,0.20516196,0
12148,0,0,0.13895780159201418,0,0.121782325,0
12149,1,1,0.21877229346953034,0,0.24505746,0
12150,0,1,0.07627633604893932,0,0.055072892,0
12151,0,1,0.19474072508603213,0,0.23775336,0
12152,0,1,0.16463697976552538,0,0.13827756,0
12153,0,0,0.09031600416841348,0,0.08385673,0
12154,0,1,0.12698224495585175,0,0.13623004,0
12155,0,0,0.1314272909783364,0,0.1294615,0
12156,0,0,0.14918186099064917,0,0.15211368,0
12157,0,1,0.11948519661374403,0,0.1368297,0
12158,1,1,0.12926564282912978,0,0.14351346,0
12159,1,1,0.289817260762587,0,0.3405242,0
12160,0,1,0.2188996421873932,0,0.21790929,0
12161,0,0,0.11438272162646246,0,0.10768146,0
12162,0,1,0.1840933303627426,0,0.19412032,0
12163,0,1,0.19071740639889245,0,0.20706567,0
12164,0,0,0.08228030233928212,0,0.06324561,0
12165,0,1,0.08943232445357335,0,0.10053224,0
12166,1,1,0.19213522158143323,0,0.17687386,0
12167,0,0,0.16890520762020228,0,0.17248875,0
12168,0,0,0.1884327334981727,0,0.18423136,0
12169,0,1,0.1474531535073266,0,0.19837436,0
12170,0,1,0.08767674679818621,0,0.06935331,0
12171,0,0,0.13196234764136103,0,0.16502109,0
12172,0,1,0.23027570134429995,0,0.24877873,0
12173,0,1,0.19663711167009534,0,0.19351926,0
12174,0,0,0.17000991636485513,0,0.17999572,0
12175,0,1,0.10088434456819247,0,0.16288944,0
12176,0,1,0.1294092174706767,0,0.11519104,0
12177,0,1,0.10903750588949021,0,0.11390948,0
12178,0,1,0.0811329369060797,0,0.092452936,0
12179,0,1,0.14933415891423005,0,0.16454981,0
12180,0,1,0.11883034019318368,0,0.09088898,0
12181,0,1,0.12706074227535116,0,0.11437707,0
12182,0,0,0.16953668913804593,0,0.13348804,0
12183,0,1,0.05925252194298991,0,0.03757327,0
12184,0,1,0.3425790662660544,0,0.30305946,0
12185,0,1,0.08635802545203208,0,0.096326336,0
12186,0,1,0.08597013408613331,0,0.08130674,0
12187,0,1,0.141225608926861,0,0.1487663,0
12188,0,0,0.08751560688093625,0,0.09320194,0
12189,0,0,0.1662489161245655,0,0.0940131,0
12190,1,0,0.13476440970181452,0,0.13717516,0
12191,0,1,0.18834496617568872,0,0.19723922,0
12192,0,1,0.14122276948991822,0,0.1487663,0
12193,0,1,0.060933835469705766,0,0.03610921,0
12194,0,1,0.19344928383313872,0,0.18836801,0
12195,0,1,0.20271419943978683,0,0.20312263,0
12196,1,0,0.21041925586774105,0,0.26086572,0
12197,0,1,0.10124611799932522,0,0.10836768,0
12198,0,1,0.13757506875329958,0,0.11018969,0
12199,0,1,0.07819844321948388,0,0.067957014,0
12200,0,0,0.11042610779546562,0,0.1358031,0
12201,0,1,0.13452664091620087,0,0.16906779,0
12202,1,0,0.18563482673534476,0,0.24046996,0
12203,0,1,0.09104500131452493,0,0.09487425,0
12204,0,1,0.13722559234655216,0,0.14253858,0
12205,1,1,0.07970904925162046,0,0.115315594,0
12206,0,1,0.0987545559597604,0,0.08867326,0
12207,0,1,0.1327386707972794,0,0.1670078,0
12208,0,0,0.1498280801706673,0,0.16709137,0
12209,1,0,0.18606140755319603,0,0.16269937,0
12210,0,1,0.14176359619731624,0,0.13308106,0
12211,0,1,0.08227010502970963,0,0.08060542,0
12212,0,1,0.15299646426293007,0,0.14021751,0
12213,0,0,0.11672588073210229,0,0.10717613,0
12214,0,0,0.10754465957425392,0,0.101896495,0
12215,0,1,0.11681552380627999,0,0.14774653,0
12216,0,1,0.09098696298258528,0,0.085304625,0
12217,0,0,0.1290154066743881,0,0.1337043,0
12218,0,0,0.16696167764377765,0,0.15847616,0
12219,1,1,0.07445208322393637,0,0.06626409,0
12220,0,1,0.21709222060009908,0,0.22649322,0
12221,0,1,0.12794523795799703,0,0.14060225,0
12222,0,0,0.19279311001321855,0,0.19320977,0
12223,1,0,0.22130003920151967,0,0.24418698,0
12224,0,1,0.29389726592516613,0,0.2632854,0
12225,0,0,0.26985105014134336,0,0.22599946,0
12226,0,0,0.13225999300525834,0,0.15379052,0
12227,1,1,0.14952623287254801,0,0.12858883,0
12228,0,1,0.12573456994838114,0,0.12565185,0
12229,0,0,0.08200148143641418,0,0.071460366,0
12230,0,1,0.11460264194205468,0,0.13230667,0
12231,1,1,0.2177973484522714,0,0.22287318,0
12232,0,1,0.33911008710472507,0,0.35081148,0
12233,0,0,0.06723388791578297,0,0.062557995,0
12234,1,1,0.1670619324738069,0,0.1642943,0
12235,0,0,0.19037947938723512,0,0.21194327,0
12236,0,1,0.1261024664061297,0,0.1340702,0
12237,0,1,0.1625607912798415,0,0.16414374,0
12238,1,0,0.15683097402630825,0,0.14534168,0
12239,0,1,0.14937565830304217,0,0.15854488,0
12240,0,1,0.11973758983217189,0,0.11179895,0
12241,0,1,0.14308188844496364,0,0.13440506,0
12242,0,1,0.08750402228810082,0,0.07039812,0
12243,0,0,0.14401811984219662,0,0.115815714,0
12244,0,0,0.1491424463106842,0,0.15211368,0
12245,0,1,0.0867699305258764,0,0.04419647,0
12246,0,1,0.08950847818297895,0,0.09877749,0
12247,0,1,0.11900105382378187,0,0.09437734,0
12248,1,1,0.0965480325410208,0,0.08851196,0
12249,1,1,0.11381258708698166,0,0.09531342,0
12250,1,1,0.14135110491842007,0,0.12960157,0
12251,0,1,0.11499223090763103,0,0.11786541,0
12252,0,1,0.3396203053664048,0,0.25509277,0
12253,0,1,0.20404946594471612,0,0.20488405,0
12254,1,0,0.17347642988250642,0,0.15419923,0
12255,0,1,0.15731161731768792,0,0.17401546,0
12256,0,0,0.1850722397241251,0,0.16766828,0
12257,1,1,0.056054710113033916,0,0.053816915,0
12258,1,0,0.1797385855418862,0,0.18818815,0
12259,0,1,0.0952027111194654,0,0.116086714,0
12260,1,0,0.277732816504535,0,0.1961752,0
12261,0,1,0.11710609262837561,0,0.10668248,0
12262,0,1,0.1303576875446816,0,0.15835276,0
12263,0,1,0.15573619280296755,0,0.15892044,0
12264,1,1,0.132630311394042,0,0.18786363,0
12265,0,1,0.11460264194205468,0,0.13230667,0
12266,0,1,0.10392331933447474,0,0.100982875,0
12267,0,0,0.17560823449163224,0,0.14925313,0
12268,0,0,0.07282630207180377,0,0.053208128,0
12269,0,1,0.08506708063970844,0,0.065445915,0
12270,0,1,0.10001442250007835,0,0.093595564,0
12271,0,1,0.08073425320662177,0,0.065233536,0
12272,0,1,0.1390628646014671,0,0.16368955,0
12273,0,1,0.075049551826525,0,0.15949601,0
12274,1,1,0.18446045318026727,0,0.17082001,0
12275,0,1,0.10577984726050432,0,0.14794508,0
12276,0,0,0.17611402577878846,0,0.16500597,0
12277,0,0,0.10432659560295524,0,0.09747877,0
12278,1,0,0.1883670969870979,0,0.14877382,0
12279,0,1,0.12705805163792894,0,0.1113009,0
12280,0,0,0.1373811705702489,0,0.11309284,0
12281,0,0,0.21506621929619177,0,0.20818372,0
12282,0,1,0.10110167554548592,0,0.07086099,0
12283,0,0,0.07036043685701195,0,0.053225167,0
12284,0,1,0.09815582208550529,0,0.082330234,0
12285,1,1,0.11840706785698844,0,0.102702916,0
12286,0,1,0.09683767677074928,0,0.107492134,0
12287,0,1,0.10850023965052305,0,0.10884568,0
12288,0,1,0.13739260337239095,0,0.13074744,0
12289,0,0,0.07910266416441457,0,0.08301531,0
12290,0,1,0.2898577564664486,0,0.326801,0
12291,1,0,0.12849034001618517,0,0.14125702,0
12292,0,0,0.14992026144267068,0,0.18395121,0
12293,0,1,0.16953668913804593,0,0.13348804,0
12294,0,1,0.10607955139237624,0,0.14813365,0
12295,0,1,0.08648826884923942,0,0.07636687,0
12296,0,1,0.1427365271825653,0,0.1421487,0
12297,1,1,0.14093973218078107,0,0.10377388,0
12298,1,1,0.15405637315998763,0,0.1657053,0
12299,0,1,0.15212403155111115,0,0.15053226,0
12300,0,0,0.18592925172548075,0,0.23525748,0
12301,0,0,0.16875100804336293,0,0.18443106,0
12302,0,1,0.2188470760467864,0,0.21089472,0
12303,1,0,0.09323175983110336,0,0.08903291,0
12304,0,0,0.17195366099663414,0,0.08950763,0
12305,0,1,0.06913132767894915,0,0.046394,0
12306,0,1,0.1473014397563843,0,0.1443035,0
12307,0,0,0.18438917479082556,0,0.16328192,0
12308,0,1,0.14092213653397667,0,0.15727952,0
12309,0,1,0.11031308056163928,0,0.09599424,0
12310,0,1,0.10063135494369205,0,0.12045701,0
12311,0,1,0.1867952190154046,0,0.17880881,0
12312,0,1,0.13902669215747868,0,0.1294493,0
12313,0,0,0.11174010476927061,0,0.10957255,0
12314,0,1,0.1852158033474346,0,0.15357397,0
12315,0,1,0.06195621633782402,0,0.063367024,0
12316,0,0,0.0802741712599588,0,0.07400782,0
12317,0,1,0.05330851562973522,0,0.04631622,0
12318,0,0,0.14573503175786073,0,0.112789184,0
12319,0,1,0.12775221640866957,0,0.15297632,0
12320,0,1,0.15221820669911473,0,0.1550857,0
12321,0,1,0.18902653095222183,0,0.18376313,0
12322,1,0,0.13910419850888736,0,0.14321002,0
12323,0,0,0.0905997729208754,0,0.08579429,0
12324,0,1,0.14672341112828105,0,0.16323327,0
12325,0,0,0.21023245723789227,0,0.17574404,0
12326,0,1,0.12574405847337297,0,0.13240144,0
12327,0,1,0.15347061787196578,0,0.13011678,0
12328,0,1,0.14470767214078387,0,0.13943481,0
12329,0,0,0.1270150134526689,0,0.14923976,0
12330,0,0,0.11090330166366844,0,0.12001259,0
12331,0,1,0.20410550071279315,0,0.24998236,0
12332,0,1,0.19488210178191775,0,0.20178398,0
12333,0,0,0.11231420153355694,0,0.121403374,0
12334,0,1,0.15121875568364523,0,0.14376633,0
12335,0,1,0.12595830308520478,0,0.11325183,0
12336,0,1,0.10583372960129508,0,0.14465822,0
12337,0,0,0.0791614100099382,0,0.069386974,0
12338,0,1,0.1414408917704677,0,0.1936854,0
12339,0,1,0.18422255992531972,0,0.20528893,0
12340,1,1,0.1700844201652403,0,0.16274515,0
12341,0,1,0.108925170876929,0,0.1243578,0
12342,0,1,0.2302127730006398,0,0.21607797,0
12343,0,1,0.1302800487876745,0,0.090115,0
12344,0,1,0.09252768090483168,0,0.07183993,0
12345,0,1,0.09726926852785348,0,0.08025907,0
12346,1,1,0.3356763588824754,0,0.2710016,0
12347,0,1,0.165449453537236,0,0.17512716,0
12348,0,1,0.08111220489438258,0,0.08466238,0
12349,0,1,0.23756204901922678,0,0.29663303,0
12350,0,0,0.05611355990770056,0,0.045567576,0
12351,1,1,0.1327370401530597,0,0.1393364,0
12352,0,0,0.08066525103365381,0,0.07700493,0
12353,0,1,0.19053861051706172,0,0.21796799,0
12354,1,1,0.09421682281056715,0,0.062390104,0
12355,0,0,0.22668643431464686,0,0.22915362,0
12356,0,0,0.08235084353844725,0,0.101395205,0
12357,0,0,0.3404530320814307,0,0.22308244,0
12358,1,1,0.16772576463486352,0,0.13610654,0
12359,0,1,0.1914886765865577,0,0.24706186,0
12360,0,1,0.09941344728170501,0,0.084625304,0
12361,0,1,0.1884204485140994,0,0.17444094,0
12362,0,1,0.1718885540326058,0,0.15650705,0
12363,1,1,0.22992036964047785,0,0.25240096,0
12364,0,0,0.13221771955448935,0,0.14930268,0
12365,0,1,0.1642163097626669,0,0.098072745,0
12366,0,1,0.2844439731450489,0,0.26917747,0
12367,0,1,0.15423011649454652,0,0.17289357,0
12368,0,1,0.13917350251084473,0,0.16291545,0
12369,0,1,0.05627177091574962,0,0.02595109,0
12370,1,1,0.118680527669377,0,0.120862976,0
12371,0,0,0.15154801038333054,0,0.111498065,0
12372,0,0,0.16618963467874318,0,0.20666222,0
12373,1,1,0.0970218097181068,0,0.10837442,0
12374,0,0,0.19769589480129987,0,0.17809924,0
12375,0,1,0.13539518189898175,0,0.14860147,0
12376,0,0,0.1601785646112475,0,0.13066068,0
12377,0,0,0.12002457226184969,0,0.10684346,0
12378,0,0,0.13328664264312004,0,0.1340108,0
12379,0,1,0.06964213100221313,0,0.09791371,0
12380,0,1,0.062388021193392325,0,0.03531304,0
12381,0,0,0.15048123908406977,0,0.12031701,0
12382,0,1,0.17029693230325857,0,0.20173453,0
12383,0,1,0.1142506331298281,0,0.12557825,0
12384,0,1,0.0534198421144951,0,0.027881945,0
12385,0,0,0.10817421653145275,0,0.13003667,0
12386,0,1,0.209649587349723,0,0.20592172,0
12387,0,1,0.17348464029770166,0,0.15419923,0
12388,0,1,0.11924827906408787,0,0.15360828,0
12389,0,0,0.18514908517982245,0,0.19711527,0
12390,0,1,0.14725864327664304,0,0.15930949,0
12391,1,1,0.10216494570430525,0,0.111531205,0
12392,0,0,0.17238105677203555,0,0.16232751,0
12393,0,1,0.05929122895430275,0,0.04391856,0
12394,0,1,0.0827801074523034,0,0.09120842,0
12395,0,1,0.08317970125235984,0,0.1206103,0
12396,0,0,0.19636525257796766,0,0.18283631,0
12397,0,1,0.09865137098827076,0,0.12666504,0
12398,1,1,0.22776988320126296,0,0.24333675,0
12399,0,1,0.17189014181705142,0,0.15090325,0
12400,0,0,0.17483339568250794,0,0.11883269,0
12401,0,0,0.0847312105205244,0,0.079065,0
12402,0,0,0.1718171399706634,0,0.14751379,0
12403,0,0,0.11151968229192451,0,0.11079839,0
12404,0,0,0.1520363547122625,0,0.14269912,0
12405,0,1,0.0534885052779928,0,0.0608816,0
12406,0,1,0.12001605188752003,0,0.11292966,0
12407,1,1,0.14548222840922712,0,0.1689437,0
12408,0,1,0.10049595273480048,0,0.13018766,0
12409,0,1,0.07741731209929628,0,0.046226222,0
12410,0,1,0.24614234844315613,0,0.265957,0
12411,0,0,0.1373769505653413,0,0.111970596,0
12412,0,1,0.17662335223444875,0,0.08976579,0
12413,0,1,0.18500630160617937,0,0.14971319,0
12414,0,0,0.07253932002253391,0,0.063392766,0
12415,0,0,0.06353870922169387,0,0.064543664,0
12416,1,1,0.07415295162834579,0,0.0621335,0
12417,0,1,0.06749076194578708,0,0.059341088,0
12418,0,0,0.06358686251094232,0,0.0983419,0
12419,0,1,0.10957431423201117,0,0.11180467,0
12420,0,1,0.22699683909483415,0,0.2832657,0
12421,1,1,0.17437954262118363,0,0.1393915,0
12422,1,1,0.1601436383754528,0,0.17637785,0
12423,0,0,0.07275498617442715,0,0.041293267,0
12424,1,1,0.08389269230796337,0,0.05408185,0
12425,0,1,0.21363163911678937,0,0.17742425,0
12426,1,1,0.1303069243587638,0,0.1239676,0
12427,0,1,0.062219063540194144,0,0.035987433,0
12428,0,0,0.09942999009154675,0,0.089463964,0
12429,0,1,0.07257050589011878,0,0.06200299,0
12430,1,0,0.15463233256230777,0,0.13177872,0
12431,0,1,0.15930220183462795,0,0.15047947,0
12432,0,0,0.06715761371480204,0,0.054651998,0
12433,0,1,0.22458096402796465,0,0.20510887,0
12434,0,1,0.25023429725178875,0,0.19233844,0
12435,0,0,0.1327598899751361,0,0.13137273,0
12436,0,1,0.12301159186826659,0,0.116086505,0
12437,0,1,0.17706356523592642,0,0.21483067,0
12438,0,1,0.05347501155733199,0,0.060953345,0
12439,0,0,0.120470493951504,0,0.12063331,0
12440,0,0,0.16095558433247084,0,0.1328365,0
12441,0,1,0.2237673824354883,0,0.22350682,0
12442,0,1,0.14540151996423353,0,0.14903107,0
12443,0,1,0.07941280502831236,0,0.07012908,0
12444,0,1,0.09028224381843042,0,0.060711183,0
12445,0,0,0.18358737090284455,0,0.19152725,0
12446,0,0,0.1579958830222187,0,0.13204102,0
12447,1,1,0.10782593560386908,0,0.13865906,0
12448,1,0,0.1607433617142926,0,0.1372297,0
12449,0,1,0.1342509000292393,0,0.1507575,0
12450,0,1,0.11623704061859841,0,0.164341,0
12451,0,1,0.12576346824055698,0,0.14576767,0
12452,0,0,0.19276598269705328,0,0.24775591,0
12453,0,0,0.1377416889210339,0,0.14224106,0
12454,0,0,0.31135812903870835,0,0.2865507,0
12455,0,1,0.12851877444046014,0,0.14375405,0
12456,0,0,0.2805478045397927,0,0.24585454,0
12457,0,1,0.2892479940825328,0,0.33963725,0
12458,0,1,0.12705805163792894,0,0.1113009,0
12459,0,1,0.19933562590084675,0,0.20720983,0
12460,0,1,0.19701201699376,0,0.20989433,0
12461,1,1,0.2988724152106989,0,0.33938226,0
12462,0,0,0.13252429044870848,0,0.12635393,0
12463,1,1,0.20814818548360137,0,0.20826373,0
12464,0,1,0.12733116752903498,0,0.14523841,0
12465,0,1,0.1322874153714627,0,0.14790495,0
12466,0,0,0.07328986231352462,0,0.101130985,0
12467,0,1,0.1446733921953147,0,0.14644666,0
12468,0,1,0.08919243423862587,0,0.098837,0
12469,0,0,0.07933136997154494,0,0.08538175,0
12470,1,1,0.17559014485320784,0,0.21399137,0
12471,1,1,0.12428755086581014,0,0.13414395,0
12472,0,0,0.12671501684280737,0,0.088103004,0
12473,0,1,0.11469014946055263,0,0.12854694,0
12474,0,0,0.12009591364676327,0,0.12220319,0
12475,0,1,0.1601436383754528,0,0.17637785,0
12476,0,1,0.15945359457835834,0,0.16261652,0
12477,1,1,0.3751554573484374,0,0.32219884,0
12478,0,0,0.26054684330117656,0,0.26912218,0
12479,0,1,0.10758213470989293,0,0.09860535,0
12480,0,1,0.12293450245932086,0,0.104566716,0
12481,0,1,0.1551351865270442,0,0.15387036,0
12482,0,1,0.17476024484572786,0,0.16829279,0
12483,1,0,0.32926002518057707,0,0.3497878,0
12484,0,1,0.2191419216773215,0,0.37678,0
12485,1,1,0.20085529894454213,0,0.2320027,0
12486,0,0,0.08955478427463469,0,0.08672211,0
12487,0,0,0.09414582800005283,0,0.10271997,0
12488,0,0,0.10403146096870197,0,0.08813573,0
12489,0,1,0.10352509587502193,0,0.08763623,0
12490,0,0,0.08235347472129625,0,0.0713454,0
12491,0,1,0.21588140541264147,0,0.22948883,0
12492,0,0,0.10870073654524799,0,0.07737751,0
12493,1,0,0.2873041303154372,0,0.2881115,0
12494,1,1,0.41480627550614757,0,0.3067055,0
12495,0,1,0.17082222209648187,0,0.18116282,0
12496,0,1,0.12506329404943103,0,0.1214099,0
12497,0,1,0.12562661541587292,0,0.16475214,0
12498,0,0,0.07797458149723191,0,0.070778705,0
12499,0,0,0.14519375073426555,0,0.14232267,0
12500,0,0,0.13165857912688655,0,0.1399002,0
12501,0,0,0.08323438213249924,0,0.07928172,0
12502,0,1,0.08099639643170378,0,0.075317085,0
12503,0,1,0.14533349982418278,0,0.15043756,0
12504,0,1,0.057512766353819036,0,0.044708163,0
12505,0,0,0.1178534124279911,0,0.11823849,0
12506,0,1,0.07222173840005772,0,0.039871465,0
12507,0,0,0.07901852033178303,0,0.060168516,0
12508,0,1,0.13644632970741208,0,0.15349914,0
12509,0,0,0.08050943432571159,0,0.06371442,0
12510,0,1,0.17240938467421404,0,0.155322,0
12511,0,1,0.06884243551423039,0,0.054369193,0
12512,0,0,0.07479288191638242,0,0.06731387,0
12513,0,0,0.09357585882791544,0,0.08051151,0
12514,0,0,0.16890409970479303,0,0.20335986,0
12515,0,1,0.06806282201813686,0,0.055837292,0
12516,0,1,0.08911408657409867,0,0.09146881,0
12517,0,1,0.18032829146973797,0,0.12649968,0
12518,1,1,0.10506934407686727,0,0.111785814,0
12519,0,1,0.21765005384712155,0,0.15311646,0
12520,0,1,0.14227390618485183,0,0.14461659,0
12521,0,1,0.12868342662758062,0,0.16135561,0
12522,0,1,0.06239488563528728,0,0.032587633,0
12523,0,1,0.06387921105578166,0,0.055626065,0
12524,0,1,0.056352235929514466,0,0.06974931,0
12525,0,0,0.09853059156612062,0,0.112304345,0
12526,0,1,0.20128925755428176,0,0.16784836,0
12527,1,1,0.15686723573462666,0,0.15309086,0
12528,1,1,0.1551898793255408,0,0.19395156,0
12529,0,0,0.17546894537482857,0,0.17696558,0
12530,0,1,0.14182953613961305,0,0.14683706,0
12531,0,1,0.19902393036457358,0,0.20504723,0
12532,0,1,0.1582386284410481,0,0.16666424,0
12533,0,0,0.09557499196507824,0,0.09416867,0
12534,0,0,0.1112350472423842,0,0.13541064,0
12535,1,1,0.16063539883227984,0,0.12061001,0
12536,0,0,0.09467524013105556,0,0.11276964,0
12537,0,0,0.07818154819320643,0,0.08301083,0
12538,0,1,0.15047691198654192,0,0.10847825,0
12539,0,1,0.14282123352607454,0,0.116902806,0
12540,0,1,0.07041793189592936,0,0.049669888,0
12541,0,1,0.13920961213919844,0,0.16015834,0
12542,0,1,0.18328744783829623,0,0.19053884,0
12543,0,1,0.07043484720452729,0,0.04960525,0
12544,0,0,0.07906178349112268,0,0.064553514,0
12545,0,0,0.23004970281178808,0,0.21140078,0
12546,0,1,0.1175081342079879,0,0.10626956,0
12547,0,0,0.17986516993798032,0,0.14826128,0
12548,0,1,0.231781064219113,0,0.24695957,0
12549,0,1,0.1390687670467219,0,0.14109346,0
12550,0,1,0.1224788135073127,0,0.11346997,0
12551,0,0,0.07287621959207868,0,0.061133154,0
12552,0,1,0.08738596438820417,0,0.09893759,0
12553,0,0,0.16404781784184305,0,0.12934987,0
12554,0,1,0.17452255321990018,0,0.19053134,0
12555,0,0,0.05925252194298991,0,0.03757327,0
12556,0,1,0.10786533628960511,0,0.11522721,0
12557,0,1,0.16962582689505004,0,0.17340988,0
12558,0,1,0.1652915986339651,0,0.12977125,0
12559,0,1,0.133235035314631,0,0.15668035,0
12560,0,0,0.2788616630575571,0,0.3755832,0
12561,1,0,0.24704800638200647,0,0.16825387,0
12562,1,1,0.1837331648674867,0,0.19397166,0
12563,0,1,0.14251683876364546,0,0.15818362,0
12564,0,1,0.15507172570279595,0,0.17045557,0
12565,0,1,0.12698533078650037,0,0.29382482,0
12566,0,1,0.20953365158047046,0,0.22300816,0
12567,0,1,0.21059327095428984,0,0.19160841,0
12568,0,0,0.056326006969794944,0,0.05181226,0
12569,0,1,0.13644632970741208,0,0.15349914,0
12570,0,1,0.12129763536655168,0,0.12916791,0
12571,0,0,0.2748064015053318,0,0.2709356,0
12572,0,0,0.14094472101117883,0,0.1460449,0
12573,0,1,0.14700498225465813,0,0.14138015,0
12574,0,1,0.13851314670426332,0,0.15643303,0
12575,0,0,0.16248363577930033,0,0.17151098,0
12576,0,1,0.14304560556052448,0,0.16935244,0
12577,0,1,0.07544451224964395,0,0.042513635,0
12578,0,1,0.25306954151949673,0,0.23144647,0
12579,0,1,0.07967917542407639,0,0.08814493,0
12580,0,1,0.12153358314806084,0,0.11174505,0
12581,0,1,0.16702414039295474,0,0.12571697,0
12582,0,0,0.18500870274633463,0,0.17911763,0
12583,0,0,0.2385592827445916,0,0.26568347,0
12584,0,1,0.0833833145570575,0,0.07415895,0
12585,0,1,0.29538788284149137,0,0.2639377,0
12586,0,0,0.10366171923754089,0,0.11463468,0
12587,0,1,0.17361031754264736,0,0.16118075,0
12588,0,1,0.13234726158045337,0,0.098216854,0
12589,0,0,0.23920017817316652,0,0.29113483,0
12590,0,0,0.14741451090486155,0,0.1385115,0
12591,0,0,0.168304677302231,0,0.14910121,0
12592,0,1,0.06056212871675131,0,0.03591506,0
12593,1,1,0.27264137913880176,0,0.24585932,0
12594,0,1,0.20822114145173576,0,0.20826373,0
12595,0,1,0.13929732813900686,0,0.15131195,0
12596,0,1,0.08779859621160051,0,0.08325538,0
12597,0,1,0.21898243255054167,0,0.26584315,0
12598,0,1,0.21662268273225538,0,0.20180741,0
12599,0,1,0.155281093631332,0,0.16885038,0
12600,0,0,0.13682416931543087,0,0.1619539,0
12601,1,1,0.18876070621799487,0,0.13019143,0
12602,0,1,0.12510469892469767,0,0.132778,0
12603,0,1,0.10357624390316061,0,0.11393013,0
12604,0,1,0.1610228655831161,0,0.14722268,0
12605,0,1,0.06887640112490002,0,0.0559831,0
12606,1,1,0.11705576947101146,0,0.12383168,0
12607,0,1,0.06522657148907907,0,0.06737485,0
12608,0,1,0.12781104574578164,0,0.12547266,0
12609,0,0,0.2005849811804179,0,0.2038561,0
12610,0,1,0.1320085919179993,0,0.13418609,0
12611,0,1,0.06241114199268255,0,0.042190053,0
12612,0,1,0.13336834485146126,0,0.15187629,0
12613,0,1,0.13241225996752368,0,0.14693855,0
12614,1,1,0.062128090463294844,0,0.049380437,0
12615,0,0,0.13853691256887005,0,0.13583615,0
12616,0,0,0.18921683614382542,0,0.15056902,0
12617,0,0,0.06056212871675131,0,0.03591506,0
12618,0,1,0.15647117661451676,0,0.16665564,0
12619,1,1,0.1163510111754788,0,0.23454985,0
12620,0,1,0.12172913493735299,0,0.11813,0
12621,1,1,0.05925252194298991,0,0.03757327,0
12622,0,0,0.32028862031521194,0,0.2741512,0
12623,0,1,0.15548151447946787,0,0.14285041,0
12624,0,0,0.10376104741525705,0,0.088573135,0
12625,0,1,0.07245540925603366,0,0.055967137,0
12626,0,1,0.08103008863553653,0,0.07359242,0
12627,0,0,0.1474473320798591,0,0.16396224,0
12628,0,0,0.06349696361175043,0,0.059986025,0
12629,0,0,0.1781100291833639,0,0.18278444,0
12630,1,0,0.2202954193153539,0,0.22039998,0
12631,1,1,0.15765507307035068,0,0.17409799,0
12632,1,1,0.17962117347479672,0,0.1433593,0
12633,0,1,0.10767553434020086,0,0.13669313,0
12634,0,1,0.1081849387377588,0,0.14054866,0
12635,0,0,0.0621482144937796,0,0.05375947,0
12636,0,0,0.22690789523824645,0,0.21567105,0
12637,0,0,0.1298638132823943,0,0.18702537,0
12638,0,1,0.09054779711854066,0,0.09108579,0
12639,1,0,0.2476178503427154,0,0.1994239,0
12640,0,1,0.28575029693887993,0,0.24171858,0
12641,0,0,0.08321385038152283,0,0.08198657,0
12642,0,0,0.1558070068480509,0,0.14906195,0
12643,0,1,0.1558524989636253,0,0.1682365,0
12644,0,1,0.09901683159483127,0,0.07733276,0
12645,1,1,0.17395020348852047,0,0.17500131,0
12646,0,0,0.25244354128026786,0,0.24746497,0
12647,0,0,0.1290028952692288,0,0.13839974,0
12648,0,0,0.20217515418745055,0,0.17324673,0
12649,0,0,0.06884925271222979,0,0.058747165,0
12650,0,1,0.10874403592100766,0,0.14654821,0
12651,1,0,0.1304526661652495,0,0.13048576,0
12652,0,1,0.1074800257136185,0,0.09987119,0
12653,0,1,0.1416911324821589,0,0.13541944,0
12654,0,0,0.19212582928489524,0,0.19268918,0
12655,1,1,0.09613776306859466,0,0.093024485,0
12656,0,0,0.2057080418340661,0,0.21925619,0
12657,0,1,0.15568933546474187,0,0.13784882,0
12658,0,0,0.2367016444847251,0,0.2740381,0
12659,1,0,0.34361857149623287,0,0.32877433,0
12660,0,1,0.15763091313200658,0,0.12575038,0
12661,0,1,0.14990865032814144,0,0.1764375,0
12662,0,0,0.15309942797957993,0,0.14609447,0
12663,0,0,0.11047660349134858,0,0.13466203,0
12664,0,1,0.1391667129704053,0,0.12963773,0
12665,0,1,0.09338170049620781,0,0.100435995,0
12666,1,1,0.21272457498620312,0,0.27031586,0
12667,0,1,0.28091339399959786,0,0.2846451,0
12668,0,0,0.19107183305351833,0,0.22360095,0
12669,0,1,0.11028552110705905,0,0.19157301,0
12670,0,1,0.16254846164461628,0,0.18759345,0
12671,0,0,0.11406631183334279,0,0.11509381,0
12672,0,0,0.12007439413550028,0,0.12476284,0
12673,0,0,0.09558586720960328,0,0.100803845,0
12674,0,0,0.3895472272284196,0,0.36659023,0
12675,1,0,0.2735804942952247,0,0.2993392,0
12676,0,0,0.14878891365501956,0,0.17048663,0
12677,0,0,0.0989288677476799,0,0.0916043,0
12678,0,1,0.3138228342615569,0,0.31507665,0
12679,0,1,0.12305261741344707,0,0.11175203,0
12680,1,1,0.09665479031573888,0,0.082470715,0
12681,0,1,0.30456527056447086,0,0.35817546,0
12682,0,0,0.08796580085011628,0,0.10109185,0
12683,0,0,0.10361282811634184,0,0.07374159,0
12684,0,1,0.119936087128846,0,0.1416879,0
12685,1,0,0.19242317509305784,0,0.14167678,0
12686,0,1,0.18795872607290062,0,0.20071098,0
12687,0,1,0.1488701475080499,0,0.1442142,0
12688,0,1,0.21354673927477988,0,0.19057731,0
12689,0,1,0.10563245167706252,0,0.08552082,0
12690,0,1,0.12644942991683805,0,0.14821336,0
12691,0,0,0.15318527961934986,0,0.19263382,0
12692,1,1,0.1909782405164246,0,0.19959657,0
12693,0,0,0.15732135144737874,0,0.14782184,0
12694,0,0,0.26773841046201363,0,0.2710312,0
12695,0,1,0.1015292793936478,0,0.10591988,0
12696,0,0,0.08131249877608293,0,0.089899845,0
12697,0,0,0.10290272643084625,0,0.107628785,0
12698,0,0,0.1464756988564782,0,0.12641884,0
12699,0,1,0.20799856946876738,0,0.20827428,0
12700,0,1,0.08955478427463469,0,0.08672211,0
12701,0,1,0.17736255318800942,0,0.1885982,0
12702,0,1,0.14734552780400487,0,0.098664574,0
12703,1,1,0.12902868557095074,0,0.14141342,0
12704,0,1,0.15418915859707016,0,0.17882702,0
12705,0,1,0.10918009678190572,0,0.1264619,0
12706,0,1,0.12637373525714465,0,0.122790456,0
12707,0,1,0.12416641021079597,0,0.10226035,0
12708,0,1,0.08026257211403974,0,0.071652174,0
12709,1,0,0.1112431092516137,0,0.14436157,0
12710,1,0,0.2521817379008756,0,0.21994087,0
12711,0,1,0.1134862229846769,0,0.1326052,0
12712,0,0,0.1706000170904893,0,0.17071694,0
12713,1,1,0.1507997904929637,0,0.19849819,0
12714,0,0,0.10368072723760327,0,0.10722148,0
12715,0,0,0.06713846671871125,0,0.042260554,0
12716,0,0,0.09218636881280164,0,0.09251419,0
12717,1,1,0.12037621152078212,0,0.2156514,0
12718,1,1,0.17685598376034298,0,0.13671297,0
12719,0,0,0.20073899168761578,0,0.17131697,0
12720,0,0,0.11420034802518757,0,0.10436243,0
12721,0,1,0.1393309987068605,0,0.11870932,0
12722,0,0,0.0906000654963871,0,0.10564256,0
12723,0,0,0.061914540615025875,0,0.05601525,0
12724,0,1,0.06207098456371086,0,0.023132535,0
12725,0,1,0.09242890063379704,0,0.09916973,0
12726,0,0,0.14218297114061595,0,0.12659734,0
12727,0,0,0.14568481002322536,0,0.1222155,0
12728,0,0,0.2667052473954401,0,0.37976828,0
12729,0,1,0.08804063078366955,0,0.05943171,0
12730,0,1,0.08027170968892117,0,0.07131176,0
12731,0,0,0.3272851767305626,0,0.3078381,0
12732,0,1,0.16148617573064306,0,0.1838502,0
12733,0,1,0.18027471308935655,0,0.14262125,0
12734,0,1,0.2587139400845711,0,0.32419497,0
12735,0,1,0.08067648484897409,0,0.07665982,0
12736,0,0,0.060632748507951084,0,0.038086727,0
12737,0,1,0.11795988721760363,0,0.10692646,0
12738,1,1,0.08554942647326855,0,0.081528895,0
12739,0,1,0.12900202845607264,0,0.12468248,0
12740,0,1,0.11465761375846632,0,0.10574913,0
12741,0,0,0.16639035744420017,0,0.15556645,0
12742,1,1,0.16505894777514343,0,0.14796229,0
12743,0,1,0.11480767165828429,0,0.12323897,0
12744,0,1,0.17301870087245746,0,0.17953134,0
12745,0,1,0.1171945962674523,0,0.12008049,0
12746,0,1,0.07413428526667735,0,0.0621335,0
12747,0,1,0.18037998406984462,0,0.17739825,0
12748,0,1,0.12029260682071521,0,0.15221588,0
12749,0,1,0.17908313040222254,0,0.17280689,0
12750,0,0,0.12042875346635681,0,0.10636445,0
12751,0,1,0.09622017408577842,0,0.10335048,0
12752,0,1,0.15274226231858673,0,0.16274035,0
12753,0,1,0.06884243551423039,0,0.054369193,0
12754,0,1,0.1706984012013447,0,0.1553209,0
12755,0,1,0.08517797287797227,0,0.08096741,0
12756,1,1,0.09792216169088289,0,0.088020466,0
12757,0,0,0.2604084497207759,0,0.21933717,0
12758,0,1,0.09062848419991576,0,0.08173473,0
12759,0,1,0.09547548106640598,0,0.069006294,0
12760,1,1,0.3387894557678436,0,0.22944786,0
12761,0,0,0.0652636445297474,0,0.07403041,0
12762,0,1,0.278662284240588,0,0.32215887,0
12763,0,0,0.12766753912906356,0,0.079891324,0
12764,0,1,0.2103182798843086,0,0.20476897,0
12765,0,1,0.13200290355108818,0,0.1491838,0
12766,0,0,0.0823627100003235,0,0.07500482,0
12767,0,1,0.14188392753062667,0,0.164783,0
12768,0,1,0.0950530328170352,0,0.106234625,0
12769,1,0,0.23784863673895928,0,0.26222026,0
12770,0,0,0.2817756610245261,0,0.33406106,0
12771,0,1,0.1441016656570971,0,0.16493475,0
12772,0,0,0.05925252194298991,0,0.03757327,0
12773,0,0,0.17798391671210415,0,0.16613083,0
12774,0,1,0.3359932081757116,0,0.24747194,0
12775,1,1,0.17304566318869508,0,0.17896661,0
12776,0,1,0.19937578633321773,0,0.20610064,0
12777,0,1,0.06083277685784151,0,0.028604023,0
12778,0,1,0.060282870852078604,0,0.06172931,0
12779,1,1,0.13697178204413493,0,0.1289286,0
12780,0,1,0.21176835237546718,0,0.2311516,0
12781,1,1,0.08963459551776859,0,0.07568649,0
12782,0,1,0.18993299194756844,0,0.22601198,0
12783,0,0,0.14591995196453525,0,0.16288257,0
12784,1,1,0.1328485438632414,0,0.13241619,0
12785,1,1,0.1289218001638096,0,0.113596044,0
12786,0,1,0.12594140419724695,0,0.14201649,0
12787,0,1,0.16083299758790615,0,0.17643794,0
12788,0,1,0.1037649559763661,0,0.08831745,0
12789,1,1,0.21593204334911112,0,0.21296674,0
12790,0,0,0.0875487151665399,0,0.07618342,0
12791,0,1,0.07911328808389863,0,0.07334863,0
12792,0,1,0.27258969564819147,0,0.16344944,0
12793,0,1,0.08256466054330516,0,0.08037236,0
12794,0,0,0.13202769471633782,0,0.11825198,0
12795,1,1,0.18836466233397328,0,0.18885894,0
12796,0,0,0.1667536916369494,0,0.17664309,0
12797,0,0,0.09682762156075111,0,0.08069618,0
12798,1,1,0.10177764608444531,0,0.09016582,0
12799,0,1,0.2042276439034119,0,0.2678983,0
12800,1,0,0.1165929240527908,0,0.16447482,0
12801,0,1,0.13254644023312168,0,0.18709292,0
12802,0,1,0.1272481428121826,0,0.13067822,0
12803,1,0,0.10621930736531852,0,0.08621389,0
12804,0,1,0.2114025946616573,0,0.254786,0
12805,0,0,0.21294597406072693,0,0.18466376,0
12806,0,1,0.18354621112814948,0,0.2043042,0
12807,0,1,0.1736055266585055,0,0.17453913,0
12808,1,1,0.20099194321074793,0,0.22218394,0
12809,0,1,0.22513140401145518,0,0.22573528,0
12810,0,0,0.12569350262629764,0,0.18045335,0
12811,0,1,0.1028891753455714,0,0.13358465,0
12812,0,1,0.3145569498368355,0,0.33411112,0
12813,0,1,0.15975058766575417,0,0.12824227,0
12814,0,0,0.24868110441538815,0,0.22304735,0
12815,0,0,0.25802775816134316,0,0.31683415,0
12816,0,1,0.11845753542818505,0,0.12397228,0
12817,0,1,0.09385878735351959,0,0.06291085,0
12818,0,1,0.08921775855771161,0,0.12679872,0
12819,0,0,0.07064823338891968,0,0.044527657,0
12820,0,0,0.10384619956559106,0,0.08952648,0
12821,1,1,0.10924360285050382,0,0.092143275,0
12822,0,1,0.16630907219081084,0,0.19153735,0
12823,0,1,0.13512294380777096,0,0.14799313,0
12824,0,0,0.09216901979542891,0,0.07247986,0
12825,1,0,0.23826604136660395,0,0.18861128,0
12826,0,1,0.12119801978192972,0,0.120822586,0
12827,0,1,0.10796030971771842,0,0.093717344,0
12828,0,0,0.14759057649143187,0,0.113816455,0
12829,0,1,0.17414082609766696,0,0.1828298,0
12830,0,1,0.08923595940323073,0,0.099678226,0
12831,0,1,0.1406020873675777,0,0.14445451,0
12832,0,1,0.09091325192071348,0,0.11086862,0
12833,0,1,0.08602276607790621,0,0.06724964,0
12834,0,1,0.17463148727161312,0,0.16413051,0
12835,0,1,0.10795732157769036,0,0.10316309,0
12836,0,1,0.22719443625361568,0,0.26589173,0
12837,0,0,0.1647105081363033,0,0.14977996,0
12838,0,1,0.2856714037710668,0,0.26067838,0
12839,0,1,0.2805406138386014,0,0.2809969,0
12840,0,0,0.09412398147202007,0,0.110473454,0
12841,0,1,0.080996039490895,0,0.075317085,0
12842,0,0,0.13323454668970475,0,0.15668035,0
12843,0,1,0.21802088615835716,0,0.21588804,0
12844,0,1,0.13225371276368303,0,0.14901769,0
12845,0,1,0.21762088795203874,0,0.23280436,0
12846,0,1,0.12605538032176888,0,0.14429975,0
12847,0,1,0.0759293989177662,0,0.08038019,0
12848,0,1,0.1202976216888471,0,0.14313838,0
12849,1,0,0.1438349881832395,0,0.1368671,0
12850,0,1,0.080373399137933,0,0.08124635,0
12851,0,0,0.17232527830146088,0,0.19236395,0
12852,0,0,0.07043981540475185,0,0.06665499,0
12853,0,1,0.18919289153406912,0,0.1983206,0
12854,0,0,0.09904106779538538,0,0.078908764,0
12855,0,1,0.11667723493811767,0,0.11517816,0
12856,1,0,0.11683562102687245,0,0.15220654,0
12857,0,0,0.11526353995012534,0,0.08662712,0
12858,1,1,0.2431258422287202,0,0.27279693,0
12859,0,1,0.18680432290138616,0,0.21931775,0
12860,0,0,0.0689625820105376,0,0.05795858,0
12861,0,0,0.1499746674159048,0,0.14282401,0
12862,0,1,0.19707016834134056,0,0.1614148,0
12863,0,0,0.07162765463429822,0,0.03712862,0
12864,0,0,0.15240683171217118,0,0.15690899,0
12865,0,1,0.09933277406506728,0,0.10011986,0
12866,0,1,0.20383913343776025,0,0.16238575,0
12867,0,1,0.09036336195679384,0,0.095280506,0
12868,0,0,0.11489016465940671,0,0.09790368,0
12869,0,0,0.13087348502900845,0,0.13060643,0
12870,0,0,0.18922919779380082,0,0.23975003,0
12871,0,1,0.08566096103148646,0,0.054757547,0
12872,0,1,0.1368292267853484,0,0.16068317,0
12873,0,0,0.14312421890992968,0,0.16463876,0
12874,0,0,0.16582499299559125,0,0.15024912,0
12875,0,1,0.07244632935156461,0,0.05259779,0
12876,0,0,0.10196469978175596,0,0.095652394,0
12877,0,1,0.14166103687350887,0,0.120141,0
12878,0,0,0.13706360685130722,0,0.16296975,0
12879,0,1,0.11954949135084038,0,0.111662515,0
12880,0,1,0.09842647293368634,0,0.098561175,0
12881,0,1,0.20953365158047046,0,0.22300816,0
12882,0,1,0.09658876058325261,0,0.083655074,0
12883,1,0,0.20973962076457262,0,0.17257243,0
12884,1,1,0.0990078230138462,0,0.07648079,0
12885,0,0,0.1602986777722695,0,0.12941739,0
12886,1,1,0.20231694053344765,0,0.21105096,0
12887,1,1,0.13256645232475125,0,0.17252158,0
12888,1,1,0.08435706735933426,0,0.07042946,0
12889,0,1,0.24711506462937138,0,0.20826083,0
12890,0,0,0.0732602685101224,0,0.07881585,0
12891,0,1,0.24291305419053552,0,0.27709725,0
12892,0,0,0.22419402277067013,0,0.20164423,0
12893,0,0,0.12426647744570951,0,0.12403309,0
12894,0,1,0.0835329493440593,0,0.089364536,0
12895,0,1,0.07546804767002623,0,0.080850646,0
12896,0,0,0.1850041944531957,0,0.17911763,0
12897,0,1,0.10354789979350257,0,0.091165505,0
12898,0,0,0.062388021193392325,0,0.03531304,0
12899,0,1,0.11750679452112399,0,0.12911257,0
12900,0,1,0.17363011116372384,0,0.12752405,0
12901,0,1,0.21593831127784474,0,0.25718316,0
12902,0,1,0.1480134636360421,0,0.1640765,0
12903,0,0,0.12777628651657869,0,0.14396179,0
12904,0,1,0.1534193493964322,0,0.16229129,0
12905,0,1,0.11279316711594314,0,0.14715664,0
12906,0,1,0.08352430950498488,0,0.07086212,0
12907,0,0,0.25138366489974046,0,0.23534745,0
12908,0,1,0.23084184870238225,0,0.27260086,0
12909,0,0,0.1290527792709352,0,0.14922187,0
12910,0,1,0.13189741556777673,0,0.14027818,0
12911,0,1,0.0652422584771407,0,0.06691297,0
12912,0,1,0.12464719166394249,0,0.15556228,0
12913,0,0,0.2113044271228481,0,0.19120803,0
12914,0,1,0.06857826465548772,0,0.07278625,0
12915,0,1,0.13459686840069754,0,0.14101356,0
12916,1,0,0.1578671637230715,0,0.1329008,0
12917,0,1,0.17812584461958925,0,0.17421058,0
12918,0,0,0.09216901979542891,0,0.07247986,0
12919,0,1,0.13119268074460727,0,0.14842771,0
12920,0,1,0.11467201101694405,0,0.14265499,0
12921,0,0,0.1480171986568271,0,0.1640765,0
12922,0,1,0.17584338874144692,0,0.16384417,0
12923,0,1,0.13080920042024505,0,0.13640614,0
12924,0,0,0.0577854591164334,0,0.026913408,0
12925,0,1,0.10110167554548592,0,0.07086099,0
12926,0,1,0.0830436574542869,0,0.07153454,0
12927,0,1,0.1360059429923489,0,0.14554033,0
12928,0,1,0.08751110186754452,0,0.09320194,0
12929,0,1,0.19948806032695812,0,0.20220426,0
12930,1,1,0.14591995196453525,0,0.16288257,0
12931,0,1,0.14963793368326855,0,0.14615974,0
12932,0,1,0.06995996475796391,0,0.057724465,0
12933,0,1,0.15978697342760306,0,0.11598394,0
12934,1,1,0.1854939539464182,0,0.19843705,0
12935,0,1,0.08869564541089546,0,0.07249384,0
12936,0,0,0.14763685945440563,0,0.1978016,0
12937,1,1,0.20520913158318843,0,0.20290118,0
12938,0,0,0.21342686267287875,0,0.20415989,0
12939,0,0,0.12705805163792894,0,0.1113009,0
12940,0,1,0.13345053626934547,0,0.15191385,0
12941,0,0,0.14857579678705346,0,0.16479409,0
12942,0,1,0.1123880208298169,0,0.11350952,0
12943,0,1,0.09680783957377699,0,0.08755959,0
12944,1,1,0.1721298470379696,0,0.17679895,0
12945,0,0,0.0988457507842641,0,0.08962757,0
12946,1,1,0.14002167694291523,0,0.13381204,0
12947,0,1,0.1142506331298281,0,0.12557825,0
12948,0,0,0.07409710097637863,0,0.04729783,0
12949,0,1,0.2253159849713063,0,0.20487063,0
12950,0,1,0.15588409875596027,0,0.15454832,0
12951,0,1,0.21819901774645933,0,0.16188627,0
12952,0,0,0.16273327868422746,0,0.24815372,0
12953,1,1,0.15107103623040213,0,0.16593292,0
12954,0,1,0.06249653209010377,0,0.055502713,0
12955,0,1,0.18091231111146502,0,0.16112307,0
12956,0,1,0.12718901071899769,0,0.10043288,0
12957,0,1,0.17546894537482857,0,0.17696558,0
12958,0,1,0.12228393015747259,0,0.117675446,0
12959,0,1,0.10196160033706463,0,0.095652394,0
12960,0,1,0.17521905921702902,0,0.19130418,0
12961,0,1,0.09101871502419262,0,0.078812554,0
12962,1,0,0.09217780848139265,0,0.10068749,0
12963,0,0,0.06542941173267133,0,0.048871133,0
12964,0,0,0.16320073327607099,0,0.19363864,0
12965,0,1,0.11108672450754749,0,0.14533278,0
12966,0,1,0.06193656337271172,0,0.054646205,0
12967,0,1,0.20164729461251094,0,0.18148638,0
12968,0,0,0.18422408602759607,0,0.20528893,0
12969,0,0,0.1214206007713854,0,0.1135476,0
12970,0,0,0.2222450527793007,0,0.22118166,0
12971,0,0,0.09357585882791544,0,0.08051151,0
12972,0,0,0.09372868691308552,0,0.10799654,0
12973,0,1,0.17595250165092563,0,0.13647127,0
12974,0,1,0.14256413986118918,0,0.19690605,0
12975,0,1,0.07066584816859361,0,0.058255717,0
12976,0,1,0.11984040378274173,0,0.102596685,0
12977,0,1,0.05329009799858514,0,0.04729367,0
12978,0,0,0.16095456910193975,0,0.15553948,0
12979,0,1,0.16820014847862963,0,0.14346702,0
12980,0,1,0.1717586847848739,0,0.1737512,0
12981,0,0,0.12784191743594125,0,0.11807219,0
12982,0,1,0.18713478361116204,0,0.18061188,0
12983,0,1,0.13575465784976737,0,0.14763264,0
12984,1,1,0.09421682281056715,0,0.062390104,0
12985,0,1,0.2668802720357849,0,0.4635353,0
12986,0,1,0.13067635738313182,0,0.17058127,0
12987,0,1,0.14664579427465316,0,0.11613498,0
12988,0,0,0.16419616023696235,0,0.1532234,0
12989,0,1,0.15933632363245434,0,0.15581419,0
12990,0,1,0.0851829844686131,0,0.08697895,0
12991,0,1,0.15313790768003133,0,0.15157992,0
12992,0,1,0.211752014431935,0,0.2456948,0
12993,0,0,0.12029260682071521,0,0.15221588,0
12994,0,1,0.11787728563010982,0,0.16645564,0
12995,0,1,0.09889343045473972,0,0.11251727,0
12996,0,0,0.10506934407686727,0,0.111785814,0
12997,0,0,0.09413335340539211,0,0.08958151,0
12998,0,1,0.11403453241014794,0,0.11093714,0
12999,0,0,0.11688973067573238,0,0.09899287,0
13000,1,1,0.19400339137201372,0,0.16598539,0
13001,0,0,0.15676507821381983,0,0.13226297,0
13002,0,1,0.15347383966788303,0,0.13003871,0
13003,0,0,0.1803124401016277,0,0.16628397,0
13004,0,0,0.1682887628009318,0,0.16109563,0
13005,0,0,0.15271961391125893,0,0.15569124,0
13006,0,1,0.32373659632063057,0,0.26336578,0
13007,1,1,0.08269986202046466,0,0.08457039,0
13008,0,1,0.11417812468435681,0,0.0904243,0
13009,0,0,0.09536569828512179,0,0.091972694,0
13010,1,1,0.16477207496392493,0,0.1583425,0
13011,0,1,0.06694727991740183,0,0.08116651,0
13012,0,1,0.18827768488903715,0,0.16452776,0
13013,0,1,0.2798315697117108,0,0.25187305,0
13014,0,1,0.23519002892793886,0,0.2370648,0
13015,0,1,0.08614487985538899,0,0.075766854,0
13016,0,0,0.1495900586161305,0,0.1757065,0
13017,0,0,0.14712007560330662,0,0.11675828,0
13018,0,0,0.11662511944078478,0,0.12582463,0
13019,0,1,0.16811125291949278,0,0.13503677,0
13020,0,1,0.07701433209340891,0,0.051771306,0
13021,1,1,0.40077669869769283,0,0.32211933,0
13022,0,1,0.06861337135561438,0,0.044382725,0
13023,1,1,0.1727305004538785,0,0.16125858,0
13024,0,0,0.3137724816886847,0,0.3115847,0
13025,0,1,0.1883768003224268,0,0.19423202,0
13026,0,1,0.09396526301376436,0,0.11070075,0
13027,1,1,0.1135717184425559,0,0.10714851,0
13028,0,0,0.12584216792181951,0,0.15891144,0
13029,1,1,0.1827003675248459,0,0.18751597,0
13030,1,1,0.10555827745099337,0,0.15685126,0
13031,0,1,0.19842101057921893,0,0.19687961,0
13032,0,1,0.11666607185940792,0,0.099409744,0
13033,0,0,0.177529522426682,0,0.19017197,0
13034,0,1,0.08947334609573941,0,0.10181721,0
13035,1,1,0.2097129256533871,0,0.17466389,0
13036,0,0,0.12325176519763655,0,0.09513771,0
13037,0,0,0.0678087171388024,0,0.10538509,0
13038,0,1,0.2603785622618668,0,0.31373852,0
13039,0,0,0.19817819422400532,0,0.24794441,0
13040,1,1,0.1498824605268901,0,0.14047492,0
13041,0,1,0.20909017991652812,0,0.19366823,0
13042,0,1,0.13069051383753158,0,0.13346504,0
13043,0,1,0.16918924478302602,0,0.16173826,0
13044,0,0,0.12080415610498417,0,0.10074819,0
13045,0,1,0.19217806651712285,0,0.1801291,0
13046,1,1,0.15347383966788303,0,0.13003871,0
13047,0,0,0.08816375338124861,0,0.08523941,0
13048,0,1,0.09028224381843042,0,0.060711183,0
13049,1,1,0.12479348778986987,0,0.10428439,0
13050,0,1,0.16084308653122148,0,0.15447795,0
13051,0,1,0.05761288998478065,0,0.07312577,0
13052,0,1,0.12043652759841958,0,0.124298535,0
13053,0,1,0.1887677401570847,0,0.19980693,0
13054,0,1,0.29085962917505437,0,0.2700298,0
13055,0,1,0.29015433722326317,0,0.28483078,0
13056,0,1,0.13922435010806222,0,0.17989786,0
13057,0,0,0.09042779330441923,0,0.098497026,0
13058,0,1,0.14429931276948607,0,0.12267252,0
13059,0,0,0.30247607389504827,0,0.2913852,0
13060,0,0,0.1257666154739163,0,0.1682555,0
13061,0,1,0.18775230648806945,0,0.18131745,0
13062,0,1,0.12184912568518835,0,0.110206336,0
13063,0,1,0.12453131502738159,0,0.13277179,0
13064,0,1,0.08520082063005434,0,0.07280926,0
13065,0,1,0.27951070473215855,0,0.27902046,0
13066,0,1,0.11586438168645635,0,0.10328536,0
13067,0,1,0.22062825207503597,0,0.23597586,0
13068,0,1,0.09043340538343142,0,0.068385355,0
13069,0,1,0.09690373336945186,0,0.09607484,0
13070,0,1,0.14316175710722776,0,0.10527713,0
13071,1,1,0.1646967906931377,0,0.1523258,0
13072,1,1,0.1521926574598359,0,0.19697587,0
13073,0,1,0.13981137630800333,0,0.16348317,0
13074,0,1,0.18180030948558773,0,0.1625627,0
13075,0,0,0.16615210544070086,0,0.18488744,0
13076,0,0,0.18833383014446,0,0.19533145,0
13077,0,1,0.08161214267790798,0,0.076966286,0
13078,0,1,0.13232753776082504,0,0.14397621,0
13079,0,1,0.21877229346953034,0,0.24505746,0
13080,0,1,0.08648826884923942,0,0.07636687,0
13081,0,1,0.2342913092121902,0,0.2034011,0
13082,0,1,0.13193091196486176,0,0.154941,0
13083,0,1,0.2065828698282276,0,0.20321126,0
13084,0,1,0.0957370402997987,0,0.15469861,0
13085,0,1,0.10746304427616564,0,0.104739,0
13086,0,1,0.1721760372364468,0,0.19755371,0
13087,0,1,0.05326151559938177,0,0.04156166,0
13088,1,0,0.33593248196447706,0,0.316135,0
13089,0,1,0.15432196784723975,0,0.2089288,0
13090,0,1,0.24616155804693884,0,0.265957,0
13091,0,0,0.09216901979542891,0,0.07247986,0
13092,0,1,0.15428925503341895,0,0.14586104,0
13093,0,1,0.19891052598576783,0,0.19489813,0
13094,0,0,0.2125726988903357,0,0.21185748,0
13095,0,0,0.07061939076009463,0,0.06288717,0
13096,0,1,0.19565917288780785,0,0.22437297,0
13097,0,1,0.18425791714110137,0,0.19368304,0
13098,1,1,0.17800488244599139,0,0.17111148,0
13099,0,1,0.12159323193437072,0,0.0932821,0
13100,0,1,0.21493924951365656,0,0.20968343,0
13101,0,1,0.09564296820245285,0,0.09884753,0
13102,0,1,0.158193171369411,0,0.1729008,0
13103,1,1,0.16907135924303235,0,0.12241304,0
13104,0,0,0.07705075224078257,0,0.08151406,0
13105,0,0,0.15054886328210726,0,0.16543463,0
13106,0,1,0.08921927134672564,0,0.08311455,0
13107,1,1,0.33789150529619444,0,0.28214902,0
13108,0,1,0.1721298470379696,0,0.17679895,0
13109,1,1,0.1399552869159784,0,0.17997955,0
13110,0,1,0.08030118215648246,0,0.08119458,0
13111,0,0,0.07705757274496541,0,0.06986457,0
13112,0,0,0.18842950691802507,0,0.17257047,0
13113,0,1,0.24703999445786387,0,0.2573097,0
13114,0,1,0.3277742501641377,0,0.32203057,0
13115,1,1,0.14183270675005047,0,0.13877995,0
13116,1,1,0.26416424735149885,0,0.19227673,0
13117,0,1,0.2057080418340661,0,0.21925619,0
13118,0,0,0.08550067108151109,0,0.07091856,0
13119,0,1,0.1355610716632148,0,0.1457998,0
13120,0,1,0.10137134727338139,0,0.097062096,0
13121,0,1,0.080996039490895,0,0.075317085,0
13122,0,1,0.21720368063015943,0,0.25365472,0
13123,0,1,0.1809646455363774,0,0.19603921,0
13124,1,1,0.20719967887701074,0,0.1740147,0
13125,0,1,0.26977845909838133,0,0.21405414,0
13126,0,1,0.13521413259678913,0,0.13304415,0
13127,0,0,0.06056212871675131,0,0.03591506,0
13128,0,0,0.22692765173854323,0,0.21247612,0
13129,0,1,0.2112442615659948,0,0.200946,0
13130,0,1,0.24944117224583476,0,0.26113838,0
13131,0,0,0.06056212871675131,0,0.03591506,0
13132,0,1,0.12240161747605073,0,0.12750521,0
13133,0,0,0.1721298470379696,0,0.17679895,0
13134,0,1,0.10122312219293388,0,0.088925004,0
13135,1,1,0.1385183915885766,0,0.12907799,0
13136,1,1,0.09674109921862893,0,0.09060951,0
13137,0,1,0.13601397819962038,0,0.14990547,0
13138,0,0,0.13049321049492035,0,0.15118323,0
13139,1,1,0.17737113294244386,0,0.19363846,0
13140,0,1,0.09192107777439747,0,0.07355265,0
13141,0,1,0.1794439288127944,0,0.13511103,0
13142,0,1,0.07414766496887491,0,0.0621335,0
13143,0,0,0.18787782730892338,0,0.1767153,0
13144,1,1,0.1842811947221334,0,0.19906132,0
13145,0,1,0.06674200213154015,0,0.054838262,0
13146,1,1,0.14958679559719043,0,0.11759373,0
13147,0,1,0.06896667161172124,0,0.06249512,0
13148,0,0,0.08970079459133506,0,0.13906886,0
13149,0,1,0.08902174101260109,0,0.07210021,0
13150,0,1,0.09524412252203378,0,0.105409004,0
13151,0,1,0.11439280865224338,0,0.12489828,0
13152,1,1,0.14990865032814144,0,0.1764375,0
13153,0,1,0.1470313282890147,0,0.17103842,0
13154,0,0,0.24583437639762237,0,0.25879616,0
13155,0,1,0.10871626321801034,0,0.10365741,0
13156,0,0,0.13479280003043353,0,0.14088859,0
13157,1,0,0.16589277951399245,0,0.1668129,0
13158,0,0,0.10690774148478299,0,0.09633962,0
13159,1,1,0.12988688418986594,0,0.13115716,0
13160,0,0,0.12260508973533744,0,0.13469647,0
13161,0,1,0.09109321181483285,0,0.07045146,0
13162,0,1,0.1152491901037346,0,0.11481309,0
13163,0,1,0.08971287470176464,0,0.07636486,0
13164,0,1,0.15674753443949357,0,0.1412171,0
13165,0,1,0.15121358784608063,0,0.14518659,0
13166,0,0,0.21800641129092987,0,0.21588804,0
13167,0,1,0.2300392289460281,0,0.41533762,0
13168,1,1,0.1852166308103452,0,0.18425117,0
13169,1,1,0.08932632549482698,0,0.109310925,0
13170,0,1,0.10211000240879872,0,0.11572404,0
13171,0,1,0.1062017272441753,0,0.07955184,0
13172,0,1,0.12450108818813553,0,0.1232014,0
13173,1,0,0.20663950083630062,0,0.19466019,0
13174,1,1,0.08871272851330571,0,0.07832151,0
13175,1,1,0.13298109072347267,0,0.106146686,0
13176,0,1,0.12450108818813553,0,0.1232014,0
13177,0,1,0.09458489742976817,0,0.07722611,0
13178,0,1,0.21381716946254678,0,0.1862122,0
13179,0,1,0.1716676548793939,0,0.1479462,0
13180,0,1,0.14766831019435991,0,0.1456462,0
13181,0,0,0.12573456994838114,0,0.12565185,0
13182,1,0,0.1456580572925598,0,0.12855513,0
13183,0,1,0.20016540776740885,0,0.18516487,0
13184,0,1,0.17617916685613746,0,0.15891731,0
13185,0,0,0.1964588806500743,0,0.18547584,0
13186,1,1,0.1918681894751907,0,0.24150938,0
13187,0,0,0.21819901774645933,0,0.16188627,0
13188,0,0,0.13041974461931452,0,0.15868814,0
13189,0,1,0.19958079468291956,0,0.2235293,0
13190,0,1,0.15444461907973908,0,0.14045253,0
13191,1,1,0.14122276948991822,0,0.1487663,0
13192,1,1,0.18305178238643283,0,0.18589818,0
13193,0,1,0.09155036181386561,0,0.086084925,0
13194,0,1,0.15220331919782087,0,0.16025569,0
13195,0,0,0.12288068012086525,0,0.09851775,0
13196,1,1,0.21056091641766417,0,0.18747628,0
13197,0,1,0.2654752451845218,0,0.2782317,0
13198,0,0,0.1508963903057448,0,0.16608801,0
13199,0,1,0.1816935515560902,0,0.19335645,0
13200,0,0,0.247631881130344,0,0.3086711,0
13201,0,0,0.0860104834723391,0,0.09830275,0
13202,0,1,0.20433509505129133,0,0.20625316,0
13203,0,1,0.16257561433070852,0,0.16215351,0
13204,1,1,0.06648283714621164,0,0.07448675,0
13205,0,0,0.11989727330995645,0,0.12604591,0
13206,0,1,0.16251448586370645,0,0.15398209,0
13207,0,1,0.15885800614050052,0,0.16479923,0
13208,0,0,0.18251688604812175,0,0.15165043,0
13209,0,1,0.12549827953458642,0,0.13719805,0
13210,0,1,0.17727497880579163,0,0.20337783,0
13211,0,1,0.10881111026589299,0,0.13434175,0
13212,0,1,0.26981166244602356,0,0.23840958,0
13213,0,1,0.2756366466458039,0,0.25271642,0
13214,0,1,0.07700214208997276,0,0.0642841,0
13215,1,1,0.2467939962813414,0,0.2740381,0
13216,0,0,0.12299897450966554,0,0.1325935,0
13217,0,1,0.15874247802839658,0,0.16328709,0
13218,1,1,0.1451048852331565,0,0.16220401,0
13219,0,1,0.059285345094730026,0,0.04391856,0
13220,0,0,0.19255715359894426,0,0.16044813,0
13221,0,0,0.08749785834247577,0,0.09633201,0
13222,0,1,0.2756354639382007,0,0.25271642,0
13223,0,0,0.14591995196453525,0,0.16288257,0
13224,0,1,0.11844256495983846,0,0.13244784,0
13225,0,1,0.05913794460994727,0,0.035326898,0
13226,0,1,0.12997817120040422,0,0.12503447,0
13227,1,1,0.1767847508984991,0,0.16439335,0
13228,0,0,0.200697147672869,0,0.23647739,0
13229,0,1,0.05627789792184713,0,0.0413984,0
13230,0,1,0.25309140309965555,0,0.23144647,0
13231,0,1,0.13253747198438864,0,0.18526955,0
13232,1,1,0.14132912698330208,0,0.13277966,0
13233,0,0,0.1366582583391715,0,0.1492212,0
13234,1,1,0.11625276915923456,0,0.13530853,0
13235,0,1,0.08270715917087196,0,0.08390933,0
13236,0,1,0.12175981336248555,0,0.12047442,0
13237,0,0,0.1466770491040614,0,0.14592728,0
13238,0,0,0.19950463786551043,0,0.124478705,0
13239,0,1,0.14301501099112732,0,0.16337082,0
13240,0,0,0.07867191969427041,0,0.08063281,0
13241,0,0,0.20843800899558101,0,0.26059115,0
13242,0,1,0.12665477496999306,0,0.12969714,0
13243,0,1,0.1823389992142768,0,0.19542259,0
13244,0,0,0.16623589651018275,0,0.17287402,0
13245,0,1,0.11714541198238979,0,0.09749059,0
13246,0,0,0.06884243551423039,0,0.054369193,0
13247,0,1,0.09216901979542891,0,0.07247986,0
13248,0,1,0.11555170853604284,0,0.12010954,0
13249,0,0,0.09063148483494107,0,0.087485865,0
13250,0,1,0.17670976326398602,0,0.14598536,0
13251,0,1,0.22987172470826187,0,0.26085165,0
13252,0,0,0.1062017272441753,0,0.07955184,0
13253,0,1,0.09556290733691067,0,0.0990645,0
13254,0,1,0.06717348429205906,0,0.05138967,0
13255,0,1,0.15592289733379716,0,0.16185576,0
13256,0,0,0.10806125671505552,0,0.094083,0
13257,0,1,0.15285116812040114,0,0.19126089,0
13258,0,1,0.23752463149345937,0,0.21984373,0
13259,0,1,0.14431067242661166,0,0.13717951,0
13260,0,0,0.21069473470611702,0,0.21553501,0
13261,0,0,0.11415651170455715,0,0.1314183,0
13262,0,1,0.15443144337744183,0,0.18305431,0
13263,0,0,0.1459247681700112,0,0.16288257,0
13264,0,1,0.10158069893777977,0,0.094199166,0
13265,0,1,0.19537945289004127,0,0.19137804,0
13266,0,1,0.2232216101046742,0,0.21205695,0
13267,0,0,0.10162653026066416,0,0.10301764,0
13268,0,0,0.2376042529996318,0,0.2577437,0
13269,0,1,0.17274284601665843,0,0.18749009,0
13270,1,1,0.19498073791844664,0,0.20007394,0
13271,0,1,0.07199812555433523,0,0.034464892,0
13272,0,1,0.18357698639848866,0,0.2043042,0
13273,0,0,0.13522557825820117,0,0.1397251,0
13274,0,1,0.13019277314333996,0,0.10663355,0
13275,0,0,0.1692241665001686,0,0.15284339,0
13276,0,0,0.15926393750610587,0,0.1685698,0
13277,0,1,0.14181422453246378,0,0.15304106,0
13278,0,0,0.1668168027294851,0,0.1594977,0
13279,0,0,0.09728327955330232,0,0.10528014,0
13280,0,1,0.13680932230373458,0,0.14749558,0
13281,0,1,0.09098113880108395,0,0.10754981,0
13282,1,0,0.16410708839080973,0,0.18379131,0
13283,0,1,0.09704733757307275,0,0.09633974,0
13284,0,1,0.17795276058369947,0,0.20478252,0
13285,0,1,0.06248284913176288,0,0.05312986,0
13286,0,1,0.14301134643556182,0,0.16337082,0
13287,0,0,0.16606327593881479,0,0.15316625,0
13288,0,1,0.06569659079888189,0,0.052724034,0
13289,0,0,0.122924841810881,0,0.1382329,0
13290,0,0,0.13268305566415556,0,0.168776,0
13291,0,1,0.13332329446469554,0,0.15849091,0
13292,1,1,0.26336732294342385,0,0.30758783,0
13293,0,0,0.14525160233674878,0,0.14529024,0
13294,0,1,0.20253369374587143,0,0.19801982,0
13295,0,1,0.10146903787843262,0,0.09899919,0
13296,0,1,0.17625319417611215,0,0.2278402,0
13297,1,0,0.15011187531908127,0,0.16652134,0
13298,0,1,0.13852583744096714,0,0.13721626,0
13299,0,1,0.1381399477509627,0,0.14070147,0
13300,0,0,0.1168145634561018,0,0.14774653,0
13301,0,1,0.12510889786889767,0,0.132778,0
13302,0,1,0.12177296941572735,0,0.11389026,0
13303,1,0,0.21211251802183245,0,0.2062375,0
13304,0,0,0.2121175149757748,0,0.2062375,0
13305,0,1,0.13862401790172682,0,0.13294046,0
13306,0,1,0.12235018799217669,0,0.13950454,0
13307,0,1,0.1304859108142513,0,0.12002243,0
13308,0,1,0.19272364483773025,0,0.1845014,0
13309,0,1,0.10855359250920482,0,0.14121874,0
13310,0,0,0.258864833460763,0,0.2291248,0
13311,0,1,0.1386234520608198,0,0.14680965,0
13312,0,0,0.11226410017657938,0,0.109354876,0
13313,0,0,0.14240920478991548,0,0.14873603,0
13314,0,1,0.11473548579996695,0,0.1254254,0
13315,0,1,0.08777470530947505,0,0.09790189,0
13316,0,0,0.08932501757994135,0,0.109310925,0
13317,0,0,0.30160115464293613,0,0.28710696,0
13318,0,0,0.1891963788733964,0,0.19513813,0
13319,0,0,0.0930273175795295,0,0.112950064,0
13320,0,0,0.07653753299287598,0,0.054785937,0
13321,0,0,0.13902035197703153,0,0.13951246,0
13322,0,0,0.17461250747649285,0,0.16343883,0
13323,0,0,0.1178534124279911,0,0.11823849,0
13324,0,1,0.10881111026589299,0,0.13434175,0
13325,0,1,0.13837547036834308,0,0.18310574,0
13326,0,0,0.10489436619525935,0,0.09648699,0
13327,0,1,0.21419634507807725,0,0.20613833,0
13328,1,0,0.32719454526151587,0,0.3420935,0
13329,0,1,0.11195258017114326,0,0.106911555,0
13330,0,1,0.1352685315142154,0,0.16422586,0
13331,0,1,0.22987695366029795,0,0.19837807,0
13332,0,1,0.12705805163792894,0,0.1113009,0
13333,1,1,0.21392419007721672,0,0.20004003,0
13334,1,1,0.21783238246186948,0,0.20959024,0
13335,0,0,0.11778639422681782,0,0.13071366,0
13336,0,0,0.1769771027653807,0,0.17296459,0
13337,0,1,0.10784282195765282,0,0.08920322,0
13338,0,1,0.11126090220548698,0,0.07065206,0
13339,0,1,0.09854560028450081,0,0.10335298,0
13340,0,1,0.14081607725044465,0,0.12083768,0
13341,0,1,0.2987259870431373,0,0.3477777,0
13342,0,1,0.11498911052059844,0,0.17928958,0
13343,1,1,0.23257369588079485,0,0.24497682,0
13344,0,1,0.10569973707814102,0,0.09975928,0
13345,0,1,0.3391586395860903,0,0.40818566,0
13346,0,0,0.10860187940492054,0,0.15599269,0
13347,0,1,0.23511626315037015,0,0.2363532,0
13348,0,1,0.17688715530457153,0,0.17082644,0
13349,0,1,0.06885220039459711,0,0.049580384,0
13350,0,1,0.1404078733499462,0,0.10171457,0
13351,0,1,0.16181938858073003,0,0.1926977,0
13352,0,1,0.2317065634680422,0,0.23867981,0
13353,0,0,0.12705805163792894,0,0.1113009,0
13354,0,1,0.24857065250781094,0,0.20564802,0
13355,0,1,0.12256041948489081,0,0.12500785,0
13356,0,1,0.16649051254047967,0,0.36585617,0
13357,0,1,0.09327985036440549,0,0.08871351,0
13358,0,0,0.17090112782678954,0,0.16433655,0
13359,1,0,0.11161086937469636,0,0.11831457,0
13360,0,1,0.10691390909944874,0,0.10610383,0
13361,0,1,0.1444825795275323,0,0.13824551,0
13362,0,0,0.08226343925710726,0,0.07775805,0
13363,0,1,0.1410345319679102,0,0.14924432,0
13364,0,0,0.17610706366929776,0,0.184423,0
13365,1,0,0.21002582586115992,0,0.21900788,0
13366,0,0,0.15725213894205167,0,0.10215124,0
13367,1,1,0.11541637823910977,0,0.1615245,0
13368,0,1,0.1347929816396366,0,0.17020187,0
13369,0,1,0.1289100017294058,0,0.14673093,0
13370,0,1,0.22115675491026332,0,0.20790905,0
13371,0,0,0.123526092466951,0,0.1375541,0
13372,0,0,0.1847204087634591,0,0.19835918,0
13373,0,0,0.12031072686885384,0,0.11426559,0
13374,0,1,0.14576163863808891,0,0.15500675,0
13375,0,1,0.18978776927931143,0,0.17457235,0
13376,0,0,0.20075492261931568,0,0.15147358,0
13377,0,1,0.2561118299524624,0,0.25729015,0
13378,0,1,0.2301245839170176,0,0.26289648,0
13379,0,0,0.08381008126962097,0,0.06840612,0
13380,0,1,0.16446229370005175,0,0.08980234,0
13381,1,0,0.24350147720681725,0,0.26672077,0
13382,0,1,0.10555835734808797,0,0.15685126,0
13383,0,1,0.18834496617568872,0,0.19723922,0
13384,0,1,0.09677181208565115,0,0.09240662,0
13385,0,0,0.11113175484227265,0,0.11988592,0
13386,0,1,0.1667536916369494,0,0.17664309,0
13387,0,1,0.15850357662703302,0,0.20061088,0
13388,0,0,0.2357888339809031,0,0.1819479,0
13389,1,1,0.13470504004776118,0,0.13799989,0
13390,0,0,0.24581552131741596,0,0.25392714,0
13391,0,1,0.09094003394068247,0,0.06557063,0
13392,0,1,0.2713699656790895,0,0.2119455,0
13393,0,1,0.33543517191352545,0,0.3461044,0
13394,0,1,0.12133513777639095,0,0.11285019,0
13395,0,1,0.2918415909109207,0,0.2635181,0
13396,0,1,0.1630708787566971,0,0.15272309,0
13397,0,1,0.11478958437346351,0,0.12063701,0
13398,0,1,0.0830436574542869,0,0.07153454,0
13399,0,0,0.12453217610787815,0,0.13277179,0
13400,0,1,0.09101664308325505,0,0.092585355,0
13401,0,1,0.14383304294479343,0,0.1368671,0
13402,0,1,0.09028224381843042,0,0.060711183,0
13403,0,1,0.10683957195764181,0,0.11091585,0
13404,0,1,0.10194461854585304,0,0.095718525,0
13405,0,0,0.10976227729094538,0,0.11854312,0
13406,0,0,0.11716766255436023,0,0.11350252,0
13407,0,1,0.16654550743726038,0,0.14555244,0
13408,1,0,0.16573006845570096,0,0.14448348,0
13409,0,1,0.15047691198654192,0,0.10847825,0
13410,0,1,0.32375697584249524,0,0.22731726,0
13411,0,0,0.17811609920766872,0,0.17421058,0
13412,0,1,0.07510129019004437,0,0.051861748,0
13413,0,0,0.09622531391098442,0,0.076385126,0
13414,0,0,0.16306220034164204,0,0.18325062,0
13415,0,0,0.16040025323134258,0,0.14193465,0
13416,0,1,0.2705019971200007,0,0.230636,0
13417,1,1,0.14442631394466074,0,0.12884744,0
13418,0,1,0.13205077702087584,0,0.123295754,0
13419,0,0,0.21877229346953034,0,0.24505746,0
13420,1,0,0.18422255992531972,0,0.20528893,0
13421,0,1,0.1659016884452643,0,0.18767901,0
13422,0,1,0.15204920007276104,0,0.16852497,0
13423,1,1,0.18907401370432952,0,0.18525404,0
13424,0,0,0.12006623429540896,0,0.11985989,0
13425,0,1,0.09736162922559424,0,0.087733574,0
13426,0,1,0.12243855844702435,0,0.08876472,0
13427,0,0,0.15743909173047094,0,0.14108405,0
13428,0,1,0.1801638271888051,0,0.13844293,0
13429,0,1,0.0734011680318967,0,0.080922686,0
13430,0,1,0.26437156167464926,0,0.22203828,0
13431,0,1,0.10151021467697331,0,0.08311598,0
13432,0,0,0.09572876234803421,0,0.14514482,0
13433,0,1,0.09522635017732815,0,0.07429302,0
13434,0,0,0.12039618912704332,0,0.081610374,0
13435,1,1,0.11206073993449266,0,0.1251621,0
13436,1,0,0.17478212330374457,0,0.16959381,0
13437,0,1,0.09936850796244422,0,0.09570941,0
13438,0,1,0.08744766651307433,0,0.095205255,0
13439,1,1,0.12814074907179634,0,0.18809183,0
13440,0,1,0.17641886760319697,0,0.13128667,0
13441,1,1,0.12705805163792894,0,0.1113009,0
13442,0,1,0.12198767128513022,0,0.07549977,0
13443,0,0,0.15489375547217626,0,0.15675099,0
13444,0,0,0.21010559909791737,0,0.23590682,0
13445,0,0,0.10371462681477212,0,0.0809451,0
13446,0,1,0.1499300944643022,0,0.11929024,0
13447,0,0,0.1439660282774859,0,0.15445758,0
13448,0,1,0.11941023428603045,0,0.11065792,0
13449,0,1,0.26389980981716993,0,0.25688794,0
13450,0,1,0.12170733468926113,0,0.15249658,0
13451,0,1,0.13703164602917228,0,0.14215326,0
13452,0,1,0.07854557715427847,0,0.06969816,0
13453,0,1,0.18491284941744152,0,0.18001929,0
13454,0,1,0.17433453256913575,0,0.18839343,0
13455,0,1,0.06686210262072279,0,0.054519475,0
13456,0,0,0.16257783339785675,0,0.16321853,0
13457,0,1,0.10376162451004786,0,0.08831745,0
13458,0,1,0.21926991115864325,0,0.22645625,0
13459,0,1,0.23605657024834406,0,0.22304367,0
13460,0,1,0.0847533948775774,0,0.084524445,0
13461,0,0,0.07700214208997276,0,0.0642841,0
13462,0,1,0.07906674976159818,0,0.12623976,0
13463,0,0,0.13054241242855205,0,0.13554952,0
13464,0,1,0.23340897248252962,0,0.1908468,0
13465,0,0,0.09322863598095033,0,0.088625155,0
13466,0,1,0.12320553995264864,0,0.13095869,0
13467,0,1,0.12706123952756923,0,0.26898056,0
13468,0,1,0.18887601182770858,0,0.1956034,0
13469,1,1,0.08768323049266764,0,0.10791069,0
13470,0,1,0.12460372490176015,0,0.11371346,0
13471,0,0,0.18093387672801262,0,0.17963517,0
13472,0,1,0.18569813680645475,0,0.20599364,0
13473,0,1,0.12671501684280737,0,0.088103004,0
13474,1,1,0.14608624001120143,0,0.12780517,0
13475,0,1,0.08747098945667588,0,0.106566936,0
13476,0,1,0.12936819591273108,0,0.13732761,0
13477,0,1,0.09180918524152812,0,0.09685283,0
13478,0,1,0.1887400534171198,0,0.18471584,0
13479,0,1,0.13327333684982234,0,0.13553956,0
13480,0,1,0.08522469215114419,0,0.097523734,0
13481,0,0,0.1001134433272115,0,0.09299313,0
13482,0,1,0.18675676445974,0,0.21068801,0
13483,0,0,0.17246730329389076,0,0.19042814,0
13484,0,1,0.1254197653876683,0,0.14552467,0
13485,0,0,0.16505894777514343,0,0.14796229,0
13486,0,0,0.20013458765140416,0,0.19492482,0
13487,0,1,0.14584176419769457,0,0.1461834,0
13488,0,1,0.2126285080804687,0,0.22600596,0
13489,0,0,0.1835543961060861,0,0.18567947,0
13490,1,0,0.20208476302956652,0,0.14937279,0
13491,1,1,0.2856766418716031,0,0.26067838,0
13492,0,0,0.0734959874349142,0,0.051985092,0
13493,0,1,0.3017104608770055,0,0.2681682,0
13494,0,0,0.16078608478939613,0,0.15776955,0
13495,0,0,0.21774554309115066,0,0.2783143,0
13496,0,0,0.12961344192939542,0,0.1553999,0
13497,0,1,0.15292274991733643,0,0.17776223,0
13498,0,1,0.15655770293122911,0,0.14181274,0
13499,0,1,0.11759395516936376,0,0.12386123,0
13500,0,0,0.12885125624781546,0,0.13553968,0
13501,0,1,0.22953228952957375,0,0.2126323,0
13502,0,1,0.05926691044705175,0,0.039712,0
13503,1,0,0.27065835877329214,0,0.26476696,0
13504,1,1,0.28000594803976037,0,0.25746804,0
13505,0,1,0.12414177991999266,0,0.10226035,0
13506,0,1,0.13063887072892788,0,0.14643206,0
13507,0,1,0.15791264189474108,0,0.13173348,0
13508,0,1,0.1285585646371883,0,0.1422474,0
13509,0,1,0.2702445812280279,0,0.22931392,0
13510,1,0,0.1624601067884294,0,0.17789018,0
13511,0,0,0.2242991794743499,0,0.1629162,0
13512,0,0,0.28410739673459035,0,0.23761955,0
13513,0,1,0.12252321555716619,0,0.12463488,0
13514,0,1,0.08930592857772764,0,0.099200144,0
13515,0,0,0.11162065885568465,0,0.121068254,0
13516,0,1,0.3265718450916599,0,0.34906417,0
13517,0,1,0.07349948331939933,0,0.051985092,0
13518,0,0,0.06742106302070441,0,0.04793229,0
13519,0,1,0.3357993437885099,0,0.31807545,0
13520,0,1,0.11087834074187064,0,0.07775651,0
13521,1,1,0.15565597544309212,0,0.1819884,0
13522,0,1,0.12450108818813553,0,0.1232014,0
13523,1,0,0.2064074465501031,0,0.15436073,0
13524,0,1,0.0771008557179241,0,0.07518861,0
13525,0,1,0.16507116816444525,0,0.13979632,0
13526,0,1,0.09357585882791544,0,0.08051151,0
13527,0,0,0.16903887967939876,0,0.21087685,0
13528,0,1,0.12761606760009708,0,0.140312,0
13529,0,1,0.0998219092739316,0,0.12402969,0
13530,0,1,0.14122276948991822,0,0.1487663,0
13531,0,1,0.07515379740414645,0,0.0668448,0
13532,0,0,0.3396406764813808,0,0.2780725,0
13533,0,1,0.24173081352652695,0,0.35174072,0
13534,1,1,0.17056515810602435,0,0.15155657,0
13535,0,1,0.1014846449557031,0,0.10258801,0
13536,0,1,0.08551438058315709,0,0.1016959,0
13537,0,0,0.14755239606180118,0,0.15907344,0
13538,1,0,0.3235370469600695,0,0.29638955,0
13539,0,1,0.2440791272159099,0,0.31321135,0
13540,0,1,0.16567574752328207,0,0.16386305,0
13541,0,1,0.1864329056406536,0,0.19857652,0
13542,0,1,0.09931680075923251,0,0.07125254,0
13543,0,1,0.094246773040968,0,0.07429931,0
13544,0,1,0.09325997412069253,0,0.10412264,0
13545,0,0,0.1742168615671347,0,0.16859414,0
13546,0,1,0.2011815778891486,0,0.20865387,0
13547,0,1,0.29734609871097006,0,0.2516158,0
13548,1,1,0.3363770786345771,0,0.28171098,0
13549,0,1,0.12830681816052447,0,0.13351381,0
13550,1,1,0.16840337192279592,0,0.15966031,0
13551,0,0,0.11476594507002984,0,0.11661961,0
13552,0,0,0.1011210662462414,0,0.13266468,0
13553,0,0,0.1232492657539359,0,0.09513771,0
13554,0,1,0.15815339574226422,0,0.14431995,0
13555,0,0,0.13345110855237047,0,0.21992297,0
13556,0,1,0.07932463331441501,0,0.09541939,0
13557,0,1,0.1011832498311272,0,0.08947536,0
13558,0,1,0.07041510688829603,0,0.04739132,0
13559,0,1,0.15464147708126702,0,0.14361605,0
13560,0,1,0.17478776786045402,0,0.2144027,0
13561,0,0,0.11552390899309617,0,0.17177117,0
13562,0,1,0.28736120312759356,0,0.37333062,0
13563,0,1,0.12598637900857398,0,0.113576256,0
13564,0,1,0.14927414855150925,0,0.17111048,0
13565,1,1,0.105504438940882,0,0.12760456,0
13566,0,1,0.07549438525696195,0,0.08815846,0
13567,1,0,0.13340317968845664,0,0.102022655,0
13568,0,1,0.08135579479272931,0,0.069396935,0
13569,0,1,0.06247723133552632,0,0.04883485,0
13570,0,0,0.08200419941133898,0,0.071460366,0
13571,0,1,0.08796380940446852,0,0.10109185,0
13572,0,1,0.060548943797743816,0,0.0928952,0
13573,0,0,0.3228572212563671,0,0.31453392,0
13574,0,1,0.20512229371442509,0,0.20904075,0
13575,0,1,0.09323972966116545,0,0.09073494,0
13576,0,0,0.0716384220178435,0,0.038527843,0
13577,0,1,0.14081607725044465,0,0.12083768,0
13578,0,1,0.09222294996488638,0,0.092066616,0
13579,0,1,0.10402685996841379,0,0.08813573,0
13580,0,1,0.19713579941331175,0,0.33948502,0
13581,0,0,0.062388021193392325,0,0.03531304,0
13582,0,1,0.18264418646317257,0,0.1618059,0
13583,0,1,0.13204185430294788,0,0.123295754,0
13584,0,0,0.2641186924893268,0,0.25510216,0
13585,0,1,0.17374563756652353,0,0.22975901,0
13586,0,0,0.07094441146851142,0,0.04786113,0
13587,1,1,0.16567821702746008,0,0.11224921,0
13588,0,0,0.14197379678468583,0,0.13323715,0
13589,0,1,0.18505225893208543,0,0.14179035,0
13590,0,0,0.202898414209147,0,0.21219027,0
13591,0,0,0.1414691384223132,0,0.13034223,0
13592,1,1,0.16362225601635685,0,0.16501428,0
13593,1,0,0.15763158732201996,0,0.12575038,0
13594,0,0,0.14344904715328113,0,0.15668088,0
13595,0,1,0.08101403529350422,0,0.08189589,0
13596,0,1,0.11662511944078478,0,0.12582463,0
13597,0,0,0.21658480075127887,0,0.20982078,0
13598,0,1,0.08451597057179572,0,0.08386677,0
13599,0,0,0.08468488977757617,0,0.08066484,0
13600,0,1,0.20210763242597754,0,0.20318969,0
13601,1,0,0.0967230581013313,0,0.09913661,0
13602,0,1,0.08649095101762386,0,0.07746167,0
13603,1,1,0.1628106038309361,0,0.1614128,0
13604,0,1,0.10042942086827074,0,0.11421976,0
13605,0,1,0.13014142563992967,0,0.20422989,0
13606,0,1,0.29544997637347237,0,0.124805845,0
13607,0,0,0.1144151720526359,0,0.11863386,0
13608,0,0,0.06865053265666643,0,0.05244854,0
13609,0,0,0.1806095723053153,0,0.21354142,0
13610,0,1,0.09655144768307133,0,0.12093284,0
13611,0,1,0.054684637232913356,0,0.08612389,0
13612,0,1,0.06540517836177169,0,0.04375414,0
13613,0,1,0.19257102346109148,0,0.22798154,0
13614,0,1,0.08876463406164227,0,0.0905449,0
13615,0,1,0.16896961171761082,0,0.11386252,0
13616,0,1,0.07039958044860192,0,0.055035073,0
13617,0,0,0.13138241056892244,0,0.12526484,0
13618,0,1,0.2217127131893387,0,0.23685285,0
13619,0,0,0.14530809277721246,0,0.1465148,0
13620,0,1,0.18875646038150218,0,0.21129028,0
13621,0,1,0.14309214476314905,0,0.12266876,0
13622,0,1,0.0966536618241606,0,0.119309,0
13623,0,1,0.1155563556500937,0,0.15892276,0
13624,0,0,0.14405629635139344,0,0.14207913,0
13625,0,1,0.08318522982557826,0,0.1206103,0
13626,1,1,0.16178221574301757,0,0.14454368,0
13627,0,1,0.1360182392178276,0,0.18316026,0
13628,0,1,0.07522068068159318,0,0.06427493,0
13629,0,1,0.07926598248089226,0,0.061560906,0
13630,0,0,0.18778347894390512,0,0.22083323,0
13631,0,1,0.13180013699920007,0,0.14791146,0
13632,1,0,0.2617593414622828,0,0.28500855,0
13633,1,1,0.1571544851408965,0,0.12630126,0
13634,1,0,0.20552182999194685,0,0.20519589,0
13635,0,1,0.14181872174479693,0,0.15304106,0
13636,1,1,0.14737192090349838,0,0.14545582,0
13637,0,1,0.09273110650749207,0,0.12784259,0
13638,0,1,0.18251439219326462,0,0.18879129,0
13639,0,1,0.10271805340894909,0,0.12374612,0
13640,0,1,0.12694737366107123,0,0.100053415,0
13641,0,1,0.148133734832874,0,0.14777952,0
13642,0,1,0.22158710338984314,0,0.108749956,0
13643,0,1,0.13945997216592637,0,0.10910631,0
13644,0,1,0.08227255423900491,0,0.08060542,0
13645,0,1,0.21497433095756255,0,0.22963865,0
13646,0,0,0.2748660201814893,0,0.28241578,0
13647,0,1,0.07541272293298805,0,0.08085715,0
13648,0,0,0.18012370833905697,0,0.13273917,0
13649,0,0,0.14738490439219606,0,0.14999902,0
13650,0,1,0.13543966692648246,0,0.17211309,0
13651,0,1,0.11807099531309975,0,0.13010918,0
13652,0,1,0.09794373983967147,0,0.10361012,0
13653,0,0,0.2286800592765647,0,0.29120332,0
13654,0,1,0.07702412445807964,0,0.08169623,0
13655,0,1,0.09190461622656378,0,0.08142583,0
13656,0,0,0.11443562283675027,0,0.12233623,0
13657,0,1,0.15347383966788303,0,0.13003871,0
13658,0,1,0.17405385214032149,0,0.22653267,0
13659,0,1,0.12879674312444866,0,0.13777919,0
13660,0,1,0.1342901156653457,0,0.15686479,0
13661,0,1,0.08871065339294586,0,0.07832151,0
13662,1,1,0.25345069938225956,0,0.25497267,0
13663,1,0,0.12450108818813553,0,0.1232014,0
13664,0,1,0.18238691553264375,0,0.17157163,0
13665,0,1,0.12240161747605073,0,0.12750521,0
13666,1,0,0.11957505347403931,0,0.12347705,0
13667,0,1,0.17789809294062853,0,0.19408542,0
13668,1,1,0.1245961563698991,0,0.09528263,0
13669,0,1,0.15704062925446977,0,0.17621164,0
13670,0,1,0.12058944568487862,0,0.12187379,0
13671,0,0,0.10401447287507157,0,0.071826324,0
13672,0,1,0.1619113957186594,0,0.1596931,0
13673,0,1,0.09375438558369154,0,0.09737151,0
13674,0,0,0.14990865032814144,0,0.1764375,0
13675,0,1,0.20201472723099897,0,0.16865633,0
13676,0,1,0.1040695904624046,0,0.10028179,0
13677,0,1,0.07274608097047278,0,0.04289458,0
13678,0,1,0.1410849756923754,0,0.15189518,0
13679,0,1,0.22343713215941952,0,0.18426332,0
13680,0,1,0.15507172570279595,0,0.17045557,0
13681,0,1,0.1633325430864148,0,0.16124529,0
13682,0,1,0.08516861750869203,0,0.102459796,0
13683,0,1,0.18559586156305685,0,0.15123041,0
13684,0,1,0.22485388821911437,0,0.26202005,0
13685,0,1,0.07600517595788443,0,0.062316015,0
13686,0,1,0.14569804298758765,0,0.15107973,0
13687,1,1,0.16141040879392415,0,0.12330941,0
13688,0,1,0.10137918473553947,0,0.10871543,0
13689,0,0,0.080996039490895,0,0.075317085,0
13690,0,1,0.14950960900492385,0,0.16509482,0
13691,0,1,0.15307199256264722,0,0.13999248,0
13692,0,1,0.09971577865354052,0,0.0765854,0
13693,0,1,0.07548393188615163,0,0.0872227,0
13694,1,0,0.17152414689374954,0,0.16955781,0
13695,0,1,0.17089389367239013,0,0.16983001,0
13696,0,1,0.07601955905060338,0,0.07790845,0
13697,0,0,0.14532504907476546,0,0.1465148,0
13698,0,1,0.16902816943001148,0,0.15556379,0
13699,0,1,0.14323972243680616,0,0.14021122,0
13700,0,1,0.12626504355632787,0,0.13455981,0
13701,0,1,0.09622017408577842,0,0.10335048,0
13702,0,0,0.093055547767224,0,0.112950064,0
13703,0,1,0.15816274735476993,0,0.14431995,0
13704,0,0,0.10924360285050382,0,0.092143275,0
13705,0,1,0.09885989759178147,0,0.0870886,0
13706,0,0,0.18091611483297476,0,0.16112307,0
13707,0,1,0.11753847171705625,0,0.11463789,0
13708,0,0,0.06884243551423039,0,0.054369193,0
13709,0,0,0.05626515025987517,0,0.022916175,0
13710,0,1,0.0801804597815982,0,0.070029534,0
13711,1,1,0.19400339137201372,0,0.16598539,0
13712,0,1,0.12171155608214995,0,0.15249658,0
13713,0,1,0.08111775538544035,0,0.09089031,0
13714,0,1,0.14088298030371477,0,0.13320974,0
13715,0,1,0.11226410017657938,0,0.109354876,0
13716,0,1,0.1316476680692065,0,0.13866727,0
13717,1,1,0.2328607394524002,0,0.24497682,0
13718,0,0,0.10110167554548592,0,0.07086099,0
13719,0,1,0.1253982631430807,0,0.20385213,0
13720,0,1,0.1398786721381918,0,0.10178205,0
13721,0,1,0.20543483456763048,0,0.17628151,0
13722,0,0,0.2614721826502065,0,0.31358844,0
13723,0,1,0.07438205646619361,0,0.0898677,0
13724,0,1,0.09255410202624618,0,0.100452974,0
13725,0,1,0.2038168406220171,0,0.15929006,0
13726,0,1,0.0689566236823958,0,0.05795858,0
13727,0,1,0.1437740014805714,0,0.12907818,0
13728,0,0,0.13739704519252266,0,0.16997565,0
13729,0,1,0.11838496369830884,0,0.10616698,0
13730,0,1,0.057512766353819036,0,0.044708163,0
13731,0,0,0.1062017272441753,0,0.07955184,0
13732,0,1,0.23174382485305878,0,0.23861566,0
13733,0,0,0.09237388697901117,0,0.085169725,0
13734,0,1,0.1435922457841171,0,0.104270674,0
13735,0,1,0.09375438558369154,0,0.09737151,0
13736,0,0,0.1258586457567178,0,0.17620845,0
13737,0,1,0.1736334567270538,0,0.22844042,0
13738,0,1,0.06089362548071691,0,0.043552287,0
13739,1,1,0.17310170074967066,0,0.1447613,0
13740,0,1,0.1355699967073196,0,0.1560161,0
13741,0,1,0.18422255992531972,0,0.20528893,0
13742,1,1,0.10267550239024738,0,0.1478267,0
13743,0,0,0.06688938643245378,0,0.06210022,0
13744,0,1,0.0918145861274362,0,0.09205855,0
13745,1,1,0.13684466236697862,0,0.15787034,0
13746,1,0,0.10330822622171258,0,0.13400657,0
13747,0,0,0.07787709205298425,0,0.07068964,0
13748,0,1,0.09413939093458877,0,0.10151585,0
13749,0,1,0.1963065062983576,0,0.22057495,0
13750,0,1,0.10110167554548592,0,0.07086099,0
13751,1,0,0.0899172410836467,0,0.06990491,0
13752,0,1,0.1632740371403499,0,0.16124529,0
13753,0,0,0.1244066350811816,0,0.19467838,0
13754,1,1,0.21196184108598473,0,0.23937203,0
13755,0,0,0.10041708745981096,0,0.0996219,0
13756,0,0,0.18451555364407915,0,0.15889683,0
13757,0,1,0.11863890411358413,0,0.08460731,0
13758,0,1,0.14997250264516268,0,0.15735778,0
13759,1,1,0.30523328959268453,0,0.28382728,0
13760,0,0,0.16210973404978027,0,0.18226826,0
13761,0,1,0.11184308825376665,0,0.10228347,0
13762,1,1,0.17715482878494407,0,0.19539177,0
13763,0,1,0.09270959869137156,0,0.07608537,0
13764,0,1,0.1062017272441753,0,0.07955184,0
13765,0,0,0.09108192208456775,0,0.11058163,0
13766,0,0,0.10143897785804333,0,0.09738901,0
13767,0,0,0.0811181338406224,0,0.09089031,0
13768,1,1,0.27203184070517905,0,0.29067826,0
13769,0,0,0.0833833145570575,0,0.07415895,0
13770,0,1,0.2014414945168733,0,0.25386843,0
13771,1,1,0.1456580572925598,0,0.12855513,0
13772,0,0,0.1062903422523505,0,0.12009248,0
13773,1,0,0.20208953885783543,0,0.14937279,0
13774,1,1,0.09013433742216982,0,0.0918042,0
13775,0,1,0.32568554073292205,0,0.31100747,0
13776,0,1,0.09465296211963588,0,0.106388,0
13777,0,1,0.21503469790731725,0,0.1934145,0
13778,0,1,0.29030780880203483,0,0.3813303,0
13779,0,1,0.10510446635596547,0,0.15881717,0
13780,0,0,0.0703980852035258,0,0.055035073,0
13781,0,1,0.08772703037236994,0,0.103893325,0
13782,0,0,0.06405611554843521,0,0.040256713,0
13783,0,0,0.17539204593227217,0,0.2039006,0
13784,0,1,0.11222435591323238,0,0.103770286,0
13785,1,1,0.2224718904165729,0,0.20574073,0
13786,0,0,0.1103959918360182,0,0.13168693,0
13787,1,1,0.11619881266230489,0,0.1471141,0
13788,0,1,0.09457442094204256,0,0.096663274,0
13789,0,0,0.1763478640027195,0,0.15761912,0
13790,0,1,0.13869141782966776,0,0.16678092,0
13791,0,0,0.25601620722919133,0,0.36204603,0
13792,0,0,0.2165842476483389,0,0.20314465,0
13793,0,0,0.10155166828310995,0,0.07742927,0
13794,0,0,0.11724226137492019,0,0.110463604,0
13795,1,1,0.11460264194205468,0,0.13230667,0
13796,1,1,0.11459327130605766,0,0.1412617,0
13797,0,0,0.21819901774645933,0,0.16188627,0
13798,0,1,0.10848028645509553,0,0.13996929,0
13799,0,1,0.2013967580410842,0,0.22337341,0
13800,1,1,0.10630960011333543,0,0.08713086,0
13801,0,1,0.1230744547109027,0,0.14319228,0
13802,0,1,0.1886665252697927,0,0.35691276,0
13803,1,1,0.14390216393082686,0,0.13590883,0
13804,0,0,0.12162926166809358,0,0.1450091,0
13805,1,1,0.23324576155914478,0,0.21588612,0
13806,0,1,0.07851906146498257,0,0.06252114,0
13807,1,1,0.07675532455605899,0,0.06400678,0
13808,0,1,0.1897003421598644,0,0.19834909,0
13809,0,1,0.15515957384402718,0,0.17338568,0
13810,0,1,0.13983880064597654,0,0.111952975,0
13811,0,0,0.17289137503619714,0,0.15046817,0
13812,0,0,0.11828181507787436,0,0.09907434,0
13813,1,1,0.31885730322499256,0,0.28904465,0
13814,1,1,0.0985797345321552,0,0.109192386,0
13815,0,1,0.20633607279055421,0,0.21713878,0
13816,0,1,0.08619234610600349,0,0.07477588,0
13817,0,1,0.09669052915789297,0,0.087313086,0
13818,0,1,0.3188173919170212,0,0.2897979,0
13819,0,1,0.08436168648225313,0,0.06508009,0
13820,0,1,0.1517264484939484,0,0.18671992,0
13821,1,0,0.10964770802593196,0,0.118397035,0
13822,0,1,0.2290841217536089,0,0.2440981,0
13823,0,1,0.13761531011926256,0,0.14310919,0
13824,0,0,0.05628886518105094,0,0.07477314,0
13825,0,1,0.20334577473531196,0,0.17112464,0
13826,0,0,0.15937274406208138,0,0.15220381,0
13827,0,0,0.0794072191719995,0,0.08434273,0
13828,0,0,0.16857843157852817,0,0.15717898,0
13829,0,1,0.1205171060116975,0,0.1274816,0
13830,0,0,0.08432414749925352,0,0.07022085,0
13831,0,1,0.12573456994838114,0,0.12565185,0
13832,0,0,0.13124419627296638,0,0.1123897,0
13833,0,0,0.2373364829516309,0,0.23227984,0
13834,0,1,0.07400324056180689,0,0.049352333,0
13835,0,1,0.17248314379894056,0,0.15828924,0
13836,0,0,0.11554499199437497,0,0.11998262,0
13837,0,1,0.08326165049511049,0,0.070934646,0
13838,0,0,0.13988039109366526,0,0.12411199,0
13839,0,1,0.16148480311918134,0,0.10476295,0
13840,0,0,0.16689848349981734,0,0.16748357,0
13841,1,1,0.16093010109658978,0,0.12988023,0
13842,0,0,0.22502686782605047,0,0.21828316,0
13843,0,1,0.09375438558369154,0,0.09737151,0
13844,0,0,0.13395329512816265,0,0.14131802,0
13845,1,1,0.2045436805335137,0,0.2094261,0
13846,1,1,0.08580883862498173,0,0.06404651,0
13847,0,1,0.15347383966788303,0,0.13003871,0
13848,0,1,0.05463543038249068,0,0.052007522,0
13849,1,0,0.17394808019058017,0,0.22653267,0
13850,0,0,0.09642440845897055,0,0.09397897,0
13851,0,1,0.10698608175577229,0,0.14904131,0
13852,0,1,0.0840020861154196,0,0.08189526,0
13853,0,1,0.17007986112504087,0,0.16258916,0
13854,0,1,0.2606788696100641,0,0.2205427,0
13855,0,1,0.1616481233493174,0,0.1537446,0
13856,1,0,0.21881963916687647,0,0.21710542,0
13857,0,1,0.18023191603727712,0,0.15291375,0
13858,0,1,0.16060108900252312,0,0.18156606,0
13859,0,1,0.13613338778310535,0,0.17397943,0
13860,0,0,0.1794567975469669,0,0.14399981,0
13861,0,0,0.3378876793462843,0,0.3187157,0
13862,0,1,0.16454599631429945,0,0.14587341,0
13863,0,1,0.09056322712703618,0,0.08430844,0
13864,0,0,0.19695656671202846,0,0.15368739,0
13865,0,1,0.13489770909107449,0,0.1429276,0
13866,0,0,0.11482355626710514,0,0.15153031,0
13867,1,1,0.13780126134965456,0,0.117671035,0
13868,0,1,0.18434697298364489,0,0.14768635,0
13869,0,0,0.22293873370526962,0,0.19468887,0
13870,0,1,0.17470561744575977,0,0.1760129,0
13871,1,0,0.1090083523531595,0,0.12281891,0
13872,0,1,0.10507852155772945,0,0.11789098,0
13873,1,1,0.19155003326728273,0,0.1948856,0
13874,0,0,0.07928185641524228,0,0.065823324,0
13875,0,0,0.29018346237087816,0,0.25994745,0
13876,1,1,0.10408729200329704,0,0.116824985,0
13877,0,0,0.15515626124225865,0,0.18372782,0
13878,0,0,0.17686967037380713,0,0.17438747,0
13879,0,1,0.15535107720806346,0,0.22405271,0
13880,0,1,0.239809423639344,0,0.22444321,0
13881,0,1,0.1357719348398482,0,0.13868062,0
13882,0,0,0.23243101847075712,0,0.20986563,0
13883,0,1,0.25097372585629185,0,0.21936941,0
13884,0,1,0.12925500718917862,0,0.1339859,0
13885,0,1,0.1723071840349251,0,0.14410117,0
13886,1,1,0.212080352302452,0,0.25203505,0
13887,0,1,0.12925500718917862,0,0.1339859,0
13888,0,1,0.12487859698799333,0,0.10967285,0
13889,0,1,0.12621567330494782,0,0.14724039,0
13890,0,0,0.2948720244252873,0,0.38071892,0
13891,0,0,0.080996039490895,0,0.075317085,0
13892,0,1,0.13200697007651482,0,0.1591225,0
13893,0,1,0.11839997744763926,0,0.19979423,0
13894,0,0,0.08970405248061668,0,0.07636486,0
13895,0,1,0.12492708449714815,0,0.11732757,0
13896,0,1,0.15763091313200658,0,0.12575038,0
13897,0,0,0.06921405660187979,0,0.053264547,0
13898,0,1,0.26459885933428934,0,0.33834845,0
13899,0,1,0.11982225567447477,0,0.12005195,0
13900,1,1,0.1476050219934929,0,0.1978016,0
13901,0,1,0.15150397161164786,0,0.14234413,0
13902,0,1,0.11959765777092932,0,0.10580345,0
13903,0,1,0.1327598899751361,0,0.13137273,0
13904,0,1,0.16852607490467994,0,0.17013195,0
13905,0,0,0.10621966811249679,0,0.093196884,0
13906,0,1,0.12697909066691054,0,0.13362959,0
13907,1,0,0.09691229953393066,0,0.0844994,0
13908,0,1,0.09696462458503208,0,0.07825346,0
13909,0,1,0.08024056084207551,0,0.07441858,0
13910,0,0,0.07787709205298425,0,0.07068964,0
13911,0,1,0.1601436383754528,0,0.17637785,0
13912,0,1,0.1491408355391591,0,0.16109852,0
13913,1,1,0.24994325581427868,0,0.2119403,0
13914,1,1,0.1324891282331482,0,0.11584197,0
13915,1,1,0.10770591971293086,0,0.13004388,0
13916,0,1,0.1399170935063882,0,0.15802117,0
13917,0,0,0.13250287515162357,0,0.11584197,0
13918,1,1,0.21156760626716006,0,0.26187,0
13919,0,1,0.08517797287797227,0,0.08096741,0
13920,0,1,0.24784956959050924,0,0.24206658,0
13921,1,1,0.07778505744539635,0,0.05674295,0
13922,0,0,0.06687986232809529,0,0.05788707,0
13923,0,0,0.13195717792627737,0,0.16502109,0
13924,1,1,0.12633275795125956,0,0.10375362,0
13925,0,0,0.20654420957430866,0,0.19941746,0
13926,0,1,0.06778850050596563,0,0.084597275,0
13927,1,0,0.18093772616964687,0,0.16112307,0
13928,0,0,0.14512241675509346,0,0.17301106,0
13929,1,1,0.24994759209260975,0,0.2119403,0
13930,0,0,0.1200984831085726,0,0.13063389,0
13931,0,0,0.11670293679912949,0,0.11359472,0
13932,0,0,0.18922839064411437,0,0.15056902,0
13933,0,1,0.1723645074425957,0,0.16783427,0
13934,1,0,0.17381452390600455,0,0.17026398,0
13935,1,1,0.1831174698962814,0,0.20042764,0
13936,0,1,0.26109055408897053,0,0.33015344,0
13937,0,0,0.14626989741230118,0,0.12646826,0
13938,0,1,0.105046087185407,0,0.09583751,0
13939,1,1,0.15552226116380444,0,0.13176936,0
13940,0,1,0.11470196353322079,0,0.08235794,0
13941,0,0,0.17475659034368238,0,0.17744523,0
13942,0,0,0.07134774623796503,0,0.089193925,0
13943,0,1,0.24860159412115443,0,0.28694355,0
13944,0,0,0.20203691357458387,0,0.19241184,0
13945,0,1,0.0762234428668686,0,0.06926279,0
13946,0,1,0.1761617979720591,0,0.12260648,0
13947,0,0,0.07274608097047278,0,0.04289458,0
13948,0,1,0.20347164822394648,0,0.18462439,0
13949,0,0,0.29013583846045804,0,0.28228334,0
13950,0,0,0.14786822297066718,0,0.17845848,0
13951,0,1,0.12327591582440904,0,0.13044553,0
13952,0,0,0.056043920070544664,0,0.052411336,0
13953,0,0,0.10139422390013124,0,0.10386168,0
13954,0,1,0.17611402577878846,0,0.16500597,0
13955,1,0,0.23683594458236884,0,0.19627139,0
13956,0,1,0.24208670699954732,0,0.27730888,0
13957,0,0,0.10008071002756987,0,0.11054367,0
13958,0,0,0.1940722075981433,0,0.19469322,0
13959,0,1,0.08806733606658156,0,0.088004105,0
13960,0,1,0.142817580371381,0,0.13346642,0
13961,0,1,0.18553113994540674,0,0.17639166,0
13962,0,1,0.08519404168667677,0,0.08881063,0
13963,0,1,0.08602216769010694,0,0.069519736,0
13964,0,0,0.17798812621209478,0,0.16992727,0
13965,1,1,0.1459938618250524,0,0.15831463,0
13966,1,0,0.24407352881616787,0,0.2675642,0
13967,0,1,0.1265725798434924,0,0.14135614,0
13968,0,1,0.1600094599598439,0,0.16960116,0
13969,0,1,0.10375152576094593,0,0.088573135,0
13970,0,0,0.14304560556052448,0,0.16935244,0
13971,0,1,0.1327598899751361,0,0.13137273,0
13972,0,1,0.12925500718917862,0,0.1339859,0
13973,0,1,0.0822640003821429,0,0.07061738,0
13974,0,1,0.09063132040254199,0,0.08173473,0
13975,0,1,0.07911963839929595,0,0.06988696,0
13976,0,1,0.11905533048855102,0,0.17802086,0
13977,0,1,0.1232004817793804,0,0.12214574,0
13978,0,0,0.20004716010606094,0,0.17925002,0
13979,1,1,0.10512054541741923,0,0.11641843,0
13980,0,1,0.1907863781041615,0,0.19975972,0
13981,0,0,0.15783125061099723,0,0.12976176,0
13982,0,1,0.1069688658668575,0,0.13112988,0
13983,1,1,0.1420014228637044,0,0.17215867,0
13984,0,1,0.13327333684982234,0,0.13553956,0
13985,0,1,0.0656778595944223,0,0.046597835,0
13986,0,0,0.1559411394941247,0,0.14425369,0
13987,0,0,0.19193851234945994,0,0.19992419,0
13988,0,0,0.08749622968004805,0,0.07666856,0
13989,0,0,0.19595987757448274,0,0.25788984,0
13990,1,1,0.13822894147841278,0,0.14619078,0
13991,0,1,0.08928750842664945,0,0.0695044,0
13992,0,1,0.12501308843732642,0,0.1406841,0
13993,0,0,0.16516230103086402,0,0.17970052,0
13994,0,1,0.10446168783883188,0,0.08778643,0
13995,0,1,0.18019427715706743,0,0.16929188,0
13996,0,0,0.15580717939914768,0,0.19195202,0
13997,0,1,0.14053334078838667,0,0.14211044,0
13998,1,1,0.061513161026303984,0,0.050804093,0
13999,1,1,0.1597428917890994,0,0.23130865,0
14000,0,1,0.1375780093662855,0,0.12023171,0
14001,0,1,0.2987596345946353,0,0.27230543,0
14002,0,0,0.26517472570725065,0,0.18367964,0
14003,1,0,0.171948668247216,0,0.1293969,0
14004,0,1,0.09055837172219867,0,0.07978509,0
14005,0,1,0.1735341924232117,0,0.15267855,0
14006,0,1,0.1425173903045247,0,0.15818362,0
14007,0,1,0.07711645267788139,0,0.075921245,0
14008,0,0,0.10590782728111936,0,0.14590426,0
14009,0,0,0.06738987275549094,0,0.060428355,0
14010,0,0,0.1178534124279911,0,0.11823849,0
14011,0,1,0.19261714146442754,0,0.2387434,0
14012,0,1,0.11723151847508936,0,0.120664835,0
14013,0,1,0.2072133162144516,0,0.19660962,0
14014,0,1,0.10441163026597963,0,0.1062952,0
14015,0,0,0.21774899566087802,0,0.22211635,0
14016,0,0,0.1652451610805728,0,0.1562762,0
14017,0,1,0.1315171384786181,0,0.10782083,0
14018,0,1,0.1602753049778357,0,0.16436653,0
14019,0,1,0.12932308816296664,0,0.16204125,0
14020,0,1,0.10350944202530872,0,0.098902896,0
14021,0,1,0.1465099094378612,0,0.13690141,0
14022,0,0,0.08149804227064453,0,0.058742482,0
14023,0,0,0.1025332213317002,0,0.0956441,0
14024,0,0,0.26110089376146695,0,0.33015344,0
14025,0,1,0.06713980322538289,0,0.053582326,0
14026,0,1,0.10290272643084625,0,0.107628785,0
14027,0,1,0.12594833429211544,0,0.12972957,0
14028,0,1,0.14122276948991822,0,0.1487663,0
14029,0,0,0.22713915071082005,0,0.22211635,0
14030,0,1,0.15979746371382347,0,0.11598394,0
14031,0,1,0.09834280094743399,0,0.102341235,0
14032,1,1,0.3790080717745874,0,0.3713334,0
14033,1,0,0.2726031002498827,0,0.29683286,0
14034,0,1,0.09458700600210872,0,0.096663274,0
14035,0,0,0.1334092338440036,0,0.10311534,0
14036,0,1,0.07445340498654619,0,0.065101005,0
14037,0,1,0.2231304968139448,0,0.13034767,0
14038,0,1,0.1064061959778381,0,0.10172346,0
14039,0,0,0.15083521314278167,0,0.17552957,0
14040,0,0,0.31833471116008105,0,0.3029968,0
14041,0,1,0.15204920007276104,0,0.16852497,0
14042,0,1,0.20059889099810538,0,0.18440555,0
14043,0,1,0.21766132767345886,0,0.2170214,0
14044,0,1,0.1761169317242747,0,0.16500597,0
14045,0,1,0.15573856644728215,0,0.15935217,0
14046,0,0,0.07541048082410226,0,0.09041545,0
14047,0,1,0.16245940164466033,0,0.13359937,0
14048,0,1,0.15985007493261855,0,0.15756352,0
14049,0,1,0.08732126673771817,0,0.09762543,0
14050,0,1,0.22795260396821093,0,0.17097743,0
14051,0,1,0.11203342823247883,0,0.11171481,0
14052,1,0,0.10360480643682185,0,0.15232322,0
14053,0,1,0.3184476537758499,0,0.29283237,0
14054,0,0,0.22938439031972338,0,0.25446573,0
14055,0,1,0.14549224723199344,0,0.1742093,0
14056,0,1,0.14305074889703195,0,0.14012773,0
14057,0,1,0.09696014549886846,0,0.083850965,0
14058,0,0,0.143453414243479,0,0.15668088,0
14059,0,1,0.20810083421272682,0,0.24003938,0
14060,0,0,0.09521222760746428,0,0.072602905,0
14061,0,1,0.11876697133339574,0,0.1842824,0
14062,0,0,0.06912838708527272,0,0.0435886,0
14063,0,1,0.1081402268676748,0,0.08689962,0
14064,0,1,0.14476228264622076,0,0.14352119,0
14065,0,1,0.09282975207952242,0,0.0835195,0
14066,0,0,0.06794738330763428,0,0.069434986,0
14067,0,0,0.07175074312836564,0,0.106351875,0
14068,0,0,0.15250693924806147,0,0.1291326,0
14069,0,1,0.16845619435995868,0,0.14827475,0
14070,0,0,0.10629524585663096,0,0.12178532,0
14071,0,1,0.15293963184281684,0,0.12069701,0
14072,0,1,0.09864417270461563,0,0.10414183,0
14073,0,1,0.1334971389487652,0,0.15751444,0
14074,0,1,0.11460264194205468,0,0.13230667,0
14075,1,1,0.18776297490985885,0,0.18131745,0
14076,1,1,0.1289218001638096,0,0.113596044,0
14077,0,1,0.14620143490304685,0,0.123933524,0
14078,0,0,0.12832745863748599,0,0.11023358,0
14079,0,1,0.12299141805280828,0,0.120320894,0
14080,0,1,0.17554180412350046,0,0.16027254,0
14081,0,0,0.10047973676504189,0,0.12664413,0
14082,1,0,0.12625191184832454,0,0.13592897,0
14083,0,0,0.31321575589655737,0,0.19953395,0
14084,0,0,0.09376735220841224,0,0.086262606,0
14085,0,0,0.09284139534165978,0,0.1161512,0
14086,0,0,0.09007477176495163,0,0.10336239,0
14087,0,0,0.10915309734643128,0,0.106052086,0
14088,0,0,0.15874857655227145,0,0.23533769,0
14089,0,0,0.16976012155237552,0,0.1802946,0
14090,0,1,0.20394967932683244,0,0.1604387,0
14091,0,1,0.07063516568234199,0,0.060711894,0
14092,0,1,0.08282578059160133,0,0.07985156,0
14093,0,1,0.18723130457528378,0,0.19478452,0
14094,0,0,0.10405309650312596,0,0.096586004,0
14095,1,0,0.14604873411454203,0,0.102622,0
14096,0,1,0.11738395371796874,0,0.099814385,0
14097,0,1,0.12498399943233152,0,0.12665163,0
14098,0,1,0.22448433991689326,0,0.2986099,0
14099,0,0,0.29484451840135534,0,0.38071892,0
14100,0,1,0.06754332871234388,0,0.057500385,0
14101,1,1,0.2216637092659238,0,0.20049733,0
14102,0,1,0.15149101765482068,0,0.14896175,0
14103,0,1,0.2250241994577182,0,0.23025286,0
14104,0,0,0.1289218001638096,0,0.113596044,0
14105,0,0,0.13761178239812227,0,0.12327518,0
14106,0,1,0.1390574877303361,0,0.15153345,0
14107,0,1,0.06896469741475501,0,0.065062165,0
14108,0,1,0.07034814980931425,0,0.055507526,0
14109,0,1,0.07860376072643754,0,0.07595742,0
14110,0,1,0.12027721556356867,0,0.1299264,0
14111,0,1,0.17974573863766422,0,0.16080585,0
14112,1,0,0.17120575958902862,0,0.17837313,0
14113,0,1,0.13766113233438812,0,0.16242443,0
14114,0,1,0.062388021193392325,0,0.03531304,0
14115,0,1,0.06056212871675131,0,0.03591506,0
14116,0,1,0.21110493169353448,0,0.2011745,0
14117,0,1,0.07408779307262554,0,0.048117876,0
14118,0,1,0.06225482098032014,0,0.049018715,0
14119,0,0,0.12123876287761334,0,0.13349572,0
14120,0,0,0.09688582933243636,0,0.107919216,0
14121,0,1,0.06217172926998631,0,0.027948128,0
14122,0,1,0.08664335071794212,0,0.09142347,0
14123,0,1,0.1175729417379182,0,0.11507931,0
14124,0,1,0.1580907378418098,0,0.11470994,0
14125,0,1,0.18044992457927037,0,0.20118025,0
14126,0,1,0.1379999182703735,0,0.1212147,0
14127,0,0,0.15234038028875518,0,0.16179687,0
14128,0,1,0.05904516210400878,0,0.027888699,0
14129,1,1,0.43002250785606105,0,0.43452746,0
14130,1,1,0.10702384749830995,0,0.102009684,0
14131,0,1,0.15223171204294972,0,0.16257295,0
14132,0,1,0.22040115324155107,0,0.31096137,0
14133,0,1,0.1418603620824315,0,0.15476741,0
14134,0,0,0.14948197345088307,0,0.12563415,0
14135,0,1,0.15852559405713804,0,0.1797884,0
14136,0,1,0.33378289062093647,0,0.2592475,0
14137,0,1,0.10274553661431264,0,0.12374612,0
14138,0,0,0.1062017272441753,0,0.07955184,0
14139,0,1,0.13697178204413493,0,0.1289286,0
14140,0,0,0.19560998671607663,0,0.25543907,0
14141,0,1,0.13531279494603726,0,0.14249158,0
14142,0,0,0.08306100916193722,0,0.073403,0
14143,1,1,0.18019949424131038,0,0.15443635,0
14144,0,0,0.1280665197959913,0,0.10519855,0
14145,0,1,0.188299380297324,0,0.20308346,0
14146,0,0,0.17546894537482857,0,0.17696558,0
14147,0,0,0.3293971471276414,0,0.36146736,0
14148,0,1,0.16891076133371632,0,0.15009886,0
14149,0,0,0.10927770361272121,0,0.11783753,0
14150,0,0,0.06056212871675131,0,0.03591506,0
14151,1,0,0.07536555321857213,0,0.06767946,0
14152,0,1,0.22297626747752225,0,0.22891024,0
14153,0,1,0.15445947585344733,0,0.19323398,0
14154,0,1,0.14990553637103732,0,0.14047492,0
14155,0,1,0.12301207875266251,0,0.116086505,0
14156,0,0,0.09935062247635604,0,0.0968097,0
14157,0,1,0.1529067098489844,0,0.17808673,0
14158,1,0,0.1166184174591765,0,0.11211045,0
14159,0,1,0.11793164651713016,0,0.1553235,0
14160,0,1,0.07897706387051034,0,0.084310755,0
14161,0,0,0.11093535541762023,0,0.08542393,0
14162,0,1,0.2137886109811105,0,0.16543652,0
14163,1,0,0.2744081570669113,0,0.24659409,0
14164,0,0,0.10105514535962208,0,0.093472324,0
14165,0,0,0.09123055929315617,0,0.045836326,0
14166,0,1,0.16689330218406045,0,0.41159818,0
14167,0,0,0.18233782167599338,0,0.19542259,0
14168,0,1,0.11182115067854483,0,0.10613692,0
14169,0,0,0.130311949349407,0,0.14182581,0
14170,0,0,0.11034497459251806,0,0.12350896,0
14171,0,1,0.11870141795642863,0,0.15403035,0
14172,0,1,0.12114476068033013,0,0.154247,0
14173,0,1,0.062388021193392325,0,0.03531304,0
14174,0,1,0.17458599672287725,0,0.1651288,0
14175,0,0,0.13386571393255065,0,0.12986259,0
14176,0,1,0.10776611638597677,0,0.13152435,0
14177,0,1,0.1412167412575777,0,0.17065032,0
14178,0,1,0.13697178204413493,0,0.1289286,0
14179,0,0,0.1323238456816528,0,0.14397621,0
14180,0,1,0.19593261084454863,0,0.22228162,0
14181,0,1,0.165537689220985,0,0.16309915,0
14182,0,1,0.0717115258716406,0,0.07895733,0
14183,0,0,0.23556033768902285,0,0.22538781,0
14184,1,0,0.19716655046277415,0,0.17428479,0
14185,0,1,0.12669256809861587,0,0.10098146,0
14186,0,0,0.3137375775504518,0,0.22455914,0
14187,0,1,0.1185239222156276,0,0.13513863,0
14188,0,1,0.32904770003352685,0,0.26848352,0
14189,0,0,0.09543351702231549,0,0.08297149,0
14190,0,1,0.08478755683783633,0,0.07727518,0
14191,0,1,0.15703587823210116,0,0.18354562,0
14192,0,0,0.08699406586268514,0,0.124353506,0
14193,0,1,0.14924574461121146,0,0.15704377,0
14194,0,0,0.17016811092972087,0,0.18410005,0
14195,1,1,0.10111050329756764,0,0.13840719,0
14196,1,1,0.17612777819178072,0,0.1762292,0
14197,0,0,0.08662475796505777,0,0.086913384,0
14198,0,1,0.11099557878324262,0,0.09856373,0
14199,0,0,0.15484386343715548,0,0.2469552,0
14200,1,1,0.3716034413953236,0,0.243129,0
14201,1,1,0.12098385280181892,0,0.10713601,0
14202,0,1,0.12648416854862637,0,0.14142077,0
14203,0,0,0.27119113451258103,0,0.29037946,0
14204,0,1,0.1949571401727156,0,0.20007394,0
14205,0,1,0.13494931752040684,0,0.1709851,0
14206,0,1,0.129284788859005,0,0.11794796,0
14207,0,1,0.146827009844697,0,0.1339512,0
14208,0,1,0.1840843310145465,0,0.21382444,0
14209,0,1,0.11766905867062491,0,0.13514443,0
14210,0,0,0.10390486370541546,0,0.11896649,0
14211,0,1,0.20533866888315294,0,0.20131783,0
14212,1,0,0.15302736844141104,0,0.16230261,0
14213,0,0,0.09766120176381564,0,0.123890035,0
14214,1,1,0.12192006717557334,0,0.1407521,0
14215,0,1,0.12348696853724411,0,0.16028006,0
14216,0,1,0.08224778833734761,0,0.07168088,0
14217,0,0,0.26077573217891714,0,0.20435055,0
14218,1,1,0.1601436383754528,0,0.17637785,0
14219,0,0,0.054608017426144684,0,0.036615916,0
14220,0,1,0.11759968503737077,0,0.17141692,0
14221,0,1,0.11702513257579891,0,0.12028309,0
14222,0,1,0.10274158404016404,0,0.12374612,0
14223,0,0,0.11687963644387413,0,0.15220654,0
14224,0,0,0.09358748725555828,0,0.07909323,0
14225,0,1,0.24316796204900504,0,0.19791572,0
14226,0,0,0.1511176003462179,0,0.14941363,0
14227,0,0,0.20371002052502113,0,0.19071127,0
14228,0,1,0.06892187565669647,0,0.049564175,0
14229,0,1,0.3376765596617184,0,0.26710996,0
14230,0,1,0.13644632970741208,0,0.15349914,0
14231,0,0,0.18028092407453322,0,0.14262125,0
14232,1,1,0.0849493397560983,0,0.04740482,0
14233,1,1,0.1650984473434906,0,0.15794879,0
14234,0,0,0.07866870979911472,0,0.08063281,0
14235,0,0,0.22685415541837642,0,0.2285874,0
14236,0,0,0.18036344181885527,0,0.18510744,0
14237,0,1,0.13718733146658366,0,0.12864462,0
14238,0,1,0.0980448183812228,0,0.118039005,0
14239,0,0,0.10808270758876547,0,0.11897447,0
14240,0,0,0.11952036800884422,0,0.11141872,0
14241,1,1,0.11460264194205468,0,0.13230667,0
14242,0,1,0.13989336760746754,0,0.14403148,0
14243,0,1,0.20060225997065867,0,0.21672039,0
14244,0,1,0.12563506709630284,0,0.13625479,0
14245,0,1,0.06806149801310285,0,0.040583003,0
14246,0,0,0.07752528534789231,0,0.06673741,0
14247,0,1,0.1607433617142926,0,0.1372297,0
14248,0,1,0.21828102318527629,0,0.20044252,0
14249,0,0,0.1872048424294317,0,0.27051044,0
14250,1,1,0.12930812932502825,0,0.13930812,0
14251,0,1,0.2105082191516706,0,0.25108027,0
14252,0,1,0.18556742904428017,0,0.18924376,0
14253,1,1,0.20402573594335732,0,0.20963569,0
14254,0,1,0.08703612764888359,0,0.07576361,0
14255,1,1,0.10136507423562609,0,0.08431092,0
14256,0,0,0.13386008068936664,0,0.11959465,0
14257,1,1,0.14979058156386799,0,0.1707741,0
14258,0,1,0.17790436357930364,0,0.19408542,0
14259,0,1,0.13418763227845693,0,0.13784587,0
14260,0,1,0.16197835561073218,0,0.18437846,0
14261,0,1,0.1904567465770851,0,0.20457804,0
14262,1,1,0.18976546617863957,0,0.19439326,0
14263,0,0,0.10432269470581473,0,0.10331261,0
14264,1,1,0.17789809294062853,0,0.19408542,0
14265,0,1,0.1291335142146627,0,0.17573573,0
14266,0,1,0.13061000902942319,0,0.12588635,0
14267,0,1,0.09421268677793754,0,0.09292426,0
14268,0,0,0.19555122945424233,0,0.24970655,0
14269,0,0,0.15708825216474626,0,0.12789267,0
14270,1,1,0.116101724365837,0,0.13443741,0
14271,0,1,0.22710228194928644,0,0.1762759,0
14272,1,1,0.1335223810319294,0,0.1457627,0
14273,0,1,0.09038054424346674,0,0.08147046,0
14274,0,0,0.1737796105890437,0,0.24207194,0
14275,0,1,0.21044564199413593,0,0.18430424,0
14276,0,1,0.20997310935760052,0,0.22866574,0
14277,0,1,0.09906999656300342,0,0.11165557,0
14278,0,0,0.19782724670753046,0,0.16853924,0
14279,0,1,0.1721298470379696,0,0.17679895,0
14280,0,1,0.16250673093797277,0,0.149197,0
14281,0,1,0.10301873791255917,0,0.12099991,0
14282,0,1,0.14472070722267633,0,0.14089438,0
14283,0,0,0.1523081349680754,0,0.14822851,0
14284,0,1,0.1577671468251919,0,0.14035866,0
14285,0,0,0.18834496617568872,0,0.19723922,0
14286,0,1,0.12575122178557288,0,0.107481815,0
14287,0,1,0.19261714146442754,0,0.2387434,0
14288,0,1,0.12126376860897611,0,0.13471375,0
14289,0,1,0.27721430013931964,0,0.21351439,0
14290,0,1,0.24324820626281277,0,0.28065354,0
14291,0,1,0.25800668308893693,0,0.23833899,0
14292,0,0,0.1669713770057215,0,0.14321204,0
14293,0,0,0.1676822586733077,0,0.19137333,0
14294,0,0,0.09622017408577842,0,0.10335048,0
14295,1,1,0.28435493370209713,0,0.22398256,0
14296,0,1,0.1437529942734158,0,0.14944421,0
14297,0,1,0.12090560531204309,0,0.10803597,0
14298,0,1,0.12034549139487577,0,0.12341747,0
14299,0,0,0.11668121782337591,0,0.11359472,0
14300,0,1,0.23049362848627758,0,0.17449984,0
14301,0,0,0.11230497028509118,0,0.08825421,0
14302,0,0,0.15593027748346155,0,0.15048985,0
14303,0,1,0.06187713181061652,0,0.087170355,0
14304,0,1,0.1896242039732912,0,0.2127536,0
14305,0,1,0.14143481565510332,0,0.13251737,0
14306,0,1,0.2103049284139765,0,0.20476897,0
14307,1,1,0.21579970235769286,0,0.26661414,0
14308,0,0,0.15204920007276104,0,0.16852497,0
14309,1,1,0.17493533404277234,0,0.16548699,0
14310,0,0,0.20855764184744724,0,0.21007349,0
14311,0,0,0.1921392269059098,0,0.15652476,0
14312,0,1,0.0964782227205564,0,0.10020635,0
14313,1,0,0.12487859698799333,0,0.10967285,0
14314,0,1,0.09708094606631532,0,0.08958221,0
14315,0,1,0.12005940397865705,0,0.10285855,0
14316,0,0,0.062388021193392325,0,0.03531304,0
14317,0,1,0.07162765463429822,0,0.03712862,0
14318,0,0,0.07244632935156461,0,0.05259779,0
14319,0,1,0.11992548818100739,0,0.12725602,0
14320,0,0,0.08902174101260109,0,0.07210021,0
14321,0,1,0.08336718955084489,0,0.07722968,0
14322,0,0,0.14301551666908666,0,0.16288742,0
14323,0,1,0.10297013604293065,0,0.114934176,0
14324,0,0,0.16141469091587585,0,0.16375875,0
14325,0,1,0.14147380152530564,0,0.107682884,0
14326,0,1,0.08486451427503482,0,0.093941845,0
14327,0,1,0.059066949645581235,0,0.02957624,0
14328,0,1,0.12848053538627188,0,0.13109186,0
14329,0,0,0.09555264386732987,0,0.1143255,0
14330,0,1,0.28420218794289615,0,0.31008407,0
14331,0,1,0.21360584349438316,0,0.2751623,0
14332,1,1,0.28980724472150704,0,0.3258889,0
14333,0,1,0.16468121003287078,0,0.15671583,0
14334,0,1,0.13213692044633032,0,0.13884124,0
14335,0,1,0.1092779232618558,0,0.11783753,0
14336,0,1,0.08312359023326497,0,0.08257603,0
14337,0,1,0.09379578374355757,0,0.095148295,0
14338,0,1,0.16846847981713436,0,0.19254853,0
14339,0,0,0.11996795373807607,0,0.11625497,0
14340,0,1,0.0801804597815982,0,0.070029534,0
14341,0,1,0.12973818675360083,0,0.1307972,0
14342,1,1,0.13092996470050394,0,0.16286296,0
14343,1,1,0.3165223440434782,0,0.27751583,0
14344,0,1,0.09719953401352521,0,0.09573426,0
14345,0,0,0.07547054721300706,0,0.076745406,0
14346,1,1,0.16039084802748538,0,0.15144591,0
14347,1,1,0.16553618268965498,0,0.13321488,0
14348,0,1,0.2261319132356966,0,0.2338069,0
14349,0,1,0.08750132670960267,0,0.09633201,0
14350,0,1,0.11037870680803728,0,0.17852287,0
14351,0,1,0.11460814745336531,0,0.12707493,0
14352,0,0,0.10770697696686415,0,0.13004388,0
14353,0,0,0.14738242316643915,0,0.14999902,0
14354,0,0,0.23140499323282696,0,0.23430869,0
14355,0,0,0.1658207940239667,0,0.14755526,0
14356,0,1,0.10416609759560873,0,0.09258335,0
14357,1,1,0.09299817511457344,0,0.08501173,0
14358,0,0,0.20166242733910483,0,0.18225354,0
14359,0,1,0.08259930237254602,0,0.07276119,0
14360,0,0,0.08910096755486759,0,0.084267735,0
14361,0,1,0.15711289727770103,0,0.15919986,0
14362,1,0,0.1868647713499465,0,0.20731334,0
14363,0,0,0.19212737795179882,0,0.26779217,0
14364,0,1,0.08312091254645713,0,0.07265999,0
14365,0,1,0.1454597838599545,0,0.14903107,0
14366,1,1,0.11623024685168623,0,0.15363242,0
14367,1,1,0.19271375543419794,0,0.24392565,0
14368,0,0,0.12172645098910694,0,0.11813,0
14369,0,1,0.17703706827353638,0,0.17683959,0
14370,0,0,0.06159737062490071,0,0.049375392,0
14371,0,0,0.1433481232236542,0,0.13901058,0
14372,0,0,0.2468864853105448,0,0.2208449,0
14373,0,0,0.15207061420915027,0,0.1439565,0
14374,0,1,0.07034814980931425,0,0.055507526,0
14375,0,1,0.11152940385489768,0,0.111567646,0
14376,0,1,0.10972453408631391,0,0.1550459,0
14377,0,1,0.0704475361503723,0,0.06519867,0
14378,0,0,0.17452255321990018,0,0.19053134,0
14379,0,0,0.25256008685318687,0,0.23747902,0
14380,0,0,0.16483916662716316,0,0.15043545,0
14381,0,0,0.08767674679818621,0,0.06935331,0
14382,0,1,0.057512766353819036,0,0.044708163,0
14383,0,0,0.21207880705449675,0,0.3159669,0
14384,0,1,0.07934579270761954,0,0.05791602,0
14385,0,1,0.11760056281126105,0,0.105417505,0
14386,0,0,0.1065013469688633,0,0.10237149,0
14387,0,0,0.14052180450319435,0,0.15822573,0
14388,1,0,0.14317169487216352,0,0.13678017,0
14389,0,1,0.17110748080592778,0,0.16345935,0
14390,0,1,0.11720625119041025,0,0.10049125,0
14391,0,0,0.23839185686552586,0,0.2523089,0
14392,0,1,0.20864686943506125,0,0.21164937,0
14393,0,0,0.14640310873508747,0,0.16829884,0
14394,0,1,0.06863278810924799,0,0.041887455,0
14395,0,1,0.17075816847535463,0,0.19493544,0
14396,0,1,0.1289457818126942,0,0.1438902,0
14397,0,0,0.20459299279227733,0,0.18149538,0
14398,1,1,0.08441106878242628,0,0.07150631,0
14399,1,0,0.0858939604423398,0,0.096716315,0
14400,0,1,0.14687395542087306,0,0.17380133,0
14401,0,1,0.1710802122353995,0,0.2053851,0
14402,0,1,0.08963459551776859,0,0.07568649,0
14403,0,1,0.20257533793118815,0,0.19801982,0
14404,0,1,0.0964782227205564,0,0.10020635,0
14405,0,1,0.09971577865354052,0,0.0765854,0
14406,0,1,0.2005849811804179,0,0.2038561,0
14407,0,0,0.14616099413628594,0,0.14801162,0
14408,1,1,0.08745380612694476,0,0.08195745,0
14409,1,1,0.12804730719135532,0,0.12033261,0
14410,1,1,0.19795533955143046,0,0.16987231,0
14411,0,0,0.24072758541988462,0,0.28534603,0
14412,0,0,0.18680271753767647,0,0.1825259,0
14413,1,1,0.17534081145038996,0,0.19498192,0
14414,0,1,0.07034814980931425,0,0.055507526,0
14415,0,1,0.11977362133134475,0,0.122594066,0
14416,0,1,0.07911949453586044,0,0.06988696,0
14417,0,1,0.19242746927161675,0,0.2184933,0
14418,0,0,0.07700214208997276,0,0.0642841,0
14419,0,1,0.1649946551665591,0,0.18006253,0
14420,0,1,0.2309239144881895,0,0.2651101,0
14421,0,1,0.21025761768393905,0,0.17302454,0
14422,0,1,0.10961651177450818,0,0.11498378,0
14423,0,1,0.06711934777601401,0,0.051068515,0
14424,0,0,0.1928241914806146,0,0.24363793,0
14425,1,1,0.1457773391739832,0,0.16739665,0
14426,0,1,0.1419676014230208,0,0.15734905,0
14427,0,1,0.08781672410569036,0,0.110615954,0
14428,0,1,0.14099950962467328,0,0.13208674,0
14429,0,0,0.15554864002544685,0,0.1263637,0
14430,0,1,0.0966673517071296,0,0.073302574,0
14431,0,1,0.14345318586218592,0,0.14454415,0
14432,0,1,0.17285437497485673,0,0.15877658,0
14433,0,1,0.09810727219249403,0,0.113987744,0
14434,0,1,0.08226062827995904,0,0.052334968,0
14435,1,1,0.14957222533081932,0,0.15714374,0
14436,0,0,0.14294043005912896,0,0.15855779,0
14437,1,1,0.18134923190617996,0,0.22388287,0
14438,0,0,0.13600428569033207,0,0.14554033,0
14439,0,0,0.1348336629341009,0,0.13737293,0
14440,0,1,0.10928577338013624,0,0.12215223,0
14441,0,0,0.1044809688997589,0,0.12391152,0
14442,0,0,0.11702565722144911,0,0.12028309,0
14443,0,1,0.11802489971978693,0,0.13384657,0
14444,1,1,0.13343003483635557,0,0.12475497,0
14445,0,1,0.1659228118776549,0,0.16105764,0
14446,0,1,0.12671756882834972,0,0.10098146,0
14447,0,1,0.09909349767775094,0,0.09996929,0
14448,0,0,0.11865374082775014,0,0.086190864,0
14449,0,1,0.09885943933298551,0,0.2728742,0
14450,0,0,0.1326425593768567,0,0.15450117,0
14451,0,1,0.08149414907075424,0,0.07965475,0
14452,0,0,0.17365765615798506,0,0.14644115,0
14453,0,1,0.13395262808761807,0,0.13467301,0
14454,0,1,0.08473321834298332,0,0.061037492,0
14455,0,1,0.12273480890591748,0,0.13441764,0
14456,0,1,0.15363328580278615,0,0.123571545,0
14457,0,1,0.11415165195839917,0,0.10924067,0
14458,0,0,0.18256609080150898,0,0.15886803,0
14459,0,1,0.1272536876497194,0,0.14209779,0
14460,0,1,0.14968301411844775,0,0.16318685,0
14461,0,0,0.06691891739656639,0,0.064888425,0
14462,0,1,0.09867337003605635,0,0.07664549,0
14463,0,1,0.0656778595944223,0,0.046597835,0
14464,0,0,0.19946306166658723,0,0.21278529,0
14465,0,1,0.13490027556082543,0,0.10009597,0
14466,0,1,0.12556284340339563,0,0.1614871,0
14467,0,1,0.1807665591218059,0,0.17903185,0
14468,1,1,0.2253208714353396,0,0.25543085,0
14469,0,0,0.15204920007276104,0,0.16852497,0
14470,0,0,0.14717491363468144,0,0.10811355,0
14471,0,1,0.13157594910335157,0,0.16126975,0
14472,0,1,0.1012528430953879,0,0.10836768,0
14473,0,1,0.3116094830876211,0,0.25846153,0
14474,0,1,0.07063988121558426,0,0.05494239,0
14475,0,0,0.11237881971084131,0,0.11350952,0
14476,0,1,0.09281804189980217,0,0.07579601,0
14477,0,0,0.10672176442036482,0,0.110125184,0
14478,1,1,0.15485417691784428,0,0.14780994,0
14479,0,1,0.1322555903351917,0,0.15379052,0
14480,0,1,0.20210145605398924,0,0.16285042,0
14481,0,0,0.1541073256706407,0,0.1415999,0
14482,1,1,0.18373042137903792,0,0.17991799,0
14483,0,1,0.2012449091056853,0,0.18641387,0
14484,0,1,0.11152713008070471,0,0.09831279,0
14485,0,0,0.15359250396998028,0,0.14025557,0
14486,0,1,0.10816115520685379,0,0.13003667,0
14487,1,0,0.2233292452540268,0,0.25405687,0
14488,0,1,0.13680611173991264,0,0.13989285,0
14489,0,1,0.15938948597088995,0,0.15390289,0
14490,0,1,0.08023862633375206,0,0.07344412,0
14491,0,1,0.07438182762780286,0,0.05647534,0
14492,1,1,0.1992969841185007,0,0.17676647,0
14493,0,0,0.15852540591965114,0,0.1797884,0
14494,1,1,0.09413335340539211,0,0.08958151,0
14495,0,1,0.14095561383456312,0,0.12465839,0
14496,0,0,0.08874857965752637,0,0.1162415,0
14497,0,1,0.0966012606549854,0,0.11060725,0
14498,0,1,0.09229733152322726,0,0.090853244,0
14499,0,1,0.11276597792561098,0,0.15468381,0
14500,0,0,0.17720598588774625,0,0.21163315,0
14501,0,1,0.16116652646381222,0,0.20581694,0
14502,0,0,0.15012427765781824,0,0.15490712,0
14503,1,1,0.1143456428825101,0,0.11278766,0
14504,0,0,0.079414065346821,0,0.08908552,0
14505,0,1,0.080996039490895,0,0.075317085,0
14506,1,1,0.17636841820547217,0,0.18425098,0
14507,0,0,0.2020697083511037,0,0.16997513,0
14508,0,1,0.11460264194205468,0,0.13230667,0
14509,0,1,0.10890436997450721,0,0.112845406,0
14510,0,1,0.09358080633171126,0,0.09388184,0
14511,0,1,0.21117407740682148,0,0.2533924,0
14512,0,1,0.11435415068772184,0,0.10077306,0
14513,0,1,0.1456107737971952,0,0.115054086,0
14514,0,1,0.06545249395992184,0,0.041509297,0
14515,0,0,0.23589141464800614,0,0.2538603,0
14516,0,1,0.18422255992531972,0,0.20528893,0
14517,0,0,0.06684110992346191,0,0.05881962,0
14518,0,1,0.07601268417539941,0,0.0734084,0
14519,0,1,0.10965475785990181,0,0.13185926,0
14520,1,1,0.20137788565119388,0,0.21404555,0
14521,0,1,0.21103678668625067,0,0.21536584,0
14522,0,1,0.1746267740736774,0,0.17014515,0
14523,0,0,0.1129645563854969,0,0.15189506,0
14524,0,1,0.11786716665168706,0,0.11568028,0
14525,0,0,0.06380921199678054,0,0.042345084,0
14526,1,1,0.1419557325881906,0,0.14711595,0
14527,0,1,0.12927658287073368,0,0.1354455,0
14528,0,1,0.06386496519403388,0,0.056696106,0
14529,0,1,0.14655332034502808,0,0.14840451,0
14530,0,1,0.06546483173728736,0,0.041509297,0
14531,0,0,0.1370803403151269,0,0.16928782,0
14532,0,1,0.10110531578073258,0,0.07291119,0
14533,1,1,0.09731454585737248,0,0.11127647,0
14534,0,1,0.15382252317646786,0,0.13987425,0
14535,0,0,0.16511940585155765,0,0.1865544,0
14536,0,0,0.15875392982566838,0,0.16328709,0
14537,1,1,0.20095380359626291,0,0.15625198,0
14538,0,1,0.1170845899823169,0,0.10047241,0
14539,0,1,0.07386914626841064,0,0.04340154,0
14540,0,0,0.21104448915271137,0,0.2198541,0
14541,0,1,0.15929899081981144,0,0.11834464,0
14542,0,0,0.16886393034769695,0,0.1426243,0
14543,0,0,0.1351909167501837,0,0.1120524,0
14544,0,0,0.14573256246470162,0,0.14103718,0
14545,1,0,0.09169889124805249,0,0.08552556,0
14546,0,1,0.10397836322291529,0,0.12602054,0
14547,0,0,0.11870395569388327,0,0.12755507,0
14548,0,1,0.12729364631802945,0,0.15440601,0
14549,1,1,0.1668358261649595,0,0.15913932,0
14550,0,1,0.35497131019316336,0,0.29777566,0
14551,1,1,0.15355285265576296,0,0.16179731,0
14552,0,0,0.18009504198825793,0,0.18377912,0
14553,0,0,0.12461744835998959,0,0.09966543,0
14554,0,1,0.10562719518978106,0,0.14488691,0
14555,1,0,0.23189505704188015,0,0.20399581,0
14556,0,1,0.23587151265685188,0,0.23020586,0
14557,0,1,0.22714113141617967,0,0.22211635,0
14558,0,0,0.15802492228277162,0,0.16695493,0
14559,0,1,0.16771288908112375,0,0.11911573,0
14560,0,0,0.18562766288170682,0,0.22644272,0
14561,0,1,0.20929428846107187,0,0.19360459,0
14562,0,1,0.13364975995912723,0,0.11572159,0
14563,0,1,0.1816682796761183,0,0.1765984,0
14564,0,1,0.07940765219720043,0,0.08434273,0
14565,1,1,0.07827657785141216,0,0.071983345,0
14566,0,1,0.17280529924704024,0,0.18578927,0
14567,0,1,0.18443211838123064,0,0.16327538,0
14568,0,1,0.18085442343455244,0,0.20108117,0
14569,0,1,0.21483046160571512,0,0.24104963,0
14570,0,1,0.24298537587426908,0,0.27709725,0
14571,0,0,0.24289843671095163,0,0.17959236,0
14572,0,1,0.279678226274959,0,0.2578983,0
14573,0,1,0.22716848030584974,0,0.20628431,0
14574,0,0,0.2081033592119065,0,0.29183996,0
14575,0,1,0.06037088069299091,0,0.052832786,0
14576,0,1,0.07035999404606716,0,0.053225167,0
14577,0,1,0.1580907378418098,0,0.11470994,0
14578,0,0,0.3020697651140777,0,0.23761584,0
14579,0,1,0.14199733321269434,0,0.17215867,0
14580,1,1,0.139702969743316,0,0.15633324,0
14581,0,0,0.13338852716752436,0,0.10593492,0
14582,0,1,0.10443420569231437,0,0.06643021,0
14583,0,0,0.12017886943580633,0,0.13477749,0
14584,0,1,0.13598237775705016,0,0.1495043,0
14585,0,1,0.08998319207249869,0,0.08610449,0
14586,1,1,0.08477503261584415,0,0.073792614,0
14587,0,1,0.07523661519825489,0,0.06602726,0
14588,0,1,0.1152553799224862,0,0.1326517,0
14589,1,0,0.2057080418340661,0,0.21925619,0
14590,0,1,0.11235096691419608,0,0.12144342,0
14591,0,1,0.3156511554962991,0,0.23699448,0
14592,0,1,0.1040550950751472,0,0.096586004,0
14593,1,0,0.21410083507267588,0,0.18775435,0
14594,0,1,0.06912838708527272,0,0.0435886,0
14595,0,0,0.13958681421286048,0,0.18916148,0
14596,0,0,0.2111811555441684,0,0.22061485,0
14597,0,1,0.11736735530262787,0,0.12971571,0
14598,0,1,0.1397439837970841,0,0.13705903,0
14599,0,1,0.13641975991803632,0,0.21584378,0
14600,0,1,0.20018247913568443,0,0.18214068,0
14601,0,0,0.08927303621678206,0,0.065411314,0
14602,0,1,0.24755862947796642,0,0.2197716,0
14603,0,0,0.15019890564702684,0,0.14737093,0
14604,0,1,0.17960660692045227,0,0.16913602,0
14605,0,0,0.26439177944385456,0,0.26073915,0
14606,0,1,0.10392331933447474,0,0.100982875,0
14607,0,1,0.2592757141375601,0,0.23996648,0
14608,0,1,0.07144227370309691,0,0.061637063,0
14609,0,1,0.08319258743338213,0,0.116123766,0
14610,1,1,0.21897508323907808,0,0.19800748,0
14611,0,0,0.08238848834822392,0,0.089281954,0
14612,0,1,0.14660809880059136,0,0.1085333,0
14613,0,0,0.07936081535100911,0,0.038495366,0
14614,0,0,0.1569310181931367,0,0.17937414,0
14615,0,1,0.15704062925446977,0,0.17621164,0
14616,0,0,0.08390820731427495,0,0.08058752,0
14617,0,1,0.21566101479678174,0,0.2385198,0
14618,0,1,0.13821133533666655,0,0.14821108,0
14619,0,1,0.21744046975409095,0,0.21637735,0
14620,0,0,0.10523439883565872,0,0.09728938,0
14621,0,0,0.193272375984948,0,0.19088341,0
14622,0,1,0.27618336768068635,0,0.29705766,0
14623,0,0,0.13100326944033286,0,0.10737867,0
14624,0,1,0.17179155160387916,0,0.1658429,0
14625,0,1,0.14284645993248798,0,0.14391889,0
14626,0,1,0.06921560126143081,0,0.053987745,0
14627,0,0,0.23285199150394806,0,0.23003794,0
14628,0,0,0.30147387128224523,0,0.22155567,0
14629,0,1,0.24583869385151036,0,0.17122374,0
14630,0,1,0.1740935258580783,0,0.20392399,0
14631,0,1,0.06058333225657096,0,0.04279483,0
14632,0,1,0.1119442570792436,0,0.12582572,0
14633,0,1,0.105196833062643,0,0.0817036,0
14634,0,1,0.09556701911445431,0,0.10256692,0
14635,0,1,0.1451456618696393,0,0.12648357,0
14636,0,1,0.13954005169141667,0,0.13865966,0
14637,0,1,0.19140553177206027,0,0.1874499,0
14638,0,0,0.14866891737214422,0,0.14471956,0
14639,0,1,0.08955478427463469,0,0.08672211,0
14640,1,1,0.12804196995412362,0,0.13148619,0
14641,0,1,0.27739469849355153,0,0.31215978,0
14642,0,1,0.14616481977462056,0,0.123933524,0
14643,0,0,0.0686477372478383,0,0.056236535,0
14644,0,1,0.1615302681404995,0,0.19532044,0
14645,0,1,0.217091298171683,0,0.18210703,0
14646,0,1,0.08716316405002202,0,0.082544595,0
14647,0,1,0.14695882013883732,0,0.13092342,0
14648,1,0,0.18383575934051194,0,0.15820475,0
14649,0,1,0.13346797733901847,0,0.15111156,0
14650,0,1,0.10921591522311114,0,0.12070629,0
14651,0,0,0.16486116892451255,0,0.18126182,0
14652,1,1,0.13746540648820305,0,0.12522905,0
14653,0,1,0.12217948845273446,0,0.12615721,0
14654,0,1,0.17682468879742014,0,0.14806624,0
14655,0,1,0.09426228117337213,0,0.13973944,0
14656,0,0,0.23812420437777027,0,0.19698529,0
14657,0,0,0.1677193735638069,0,0.15473014,0
14658,0,1,0.1691162145998379,0,0.13466798,0
14659,0,1,0.11389619971992293,0,0.15080874,0
14660,1,1,0.17452255321990018,0,0.19053134,0
14661,0,1,0.10278591120969278,0,0.09083208,0
14662,0,1,0.15230982207243765,0,0.17235474,0
14663,0,1,0.21827366321608227,0,0.20341298,0
14664,0,1,0.16505894777514343,0,0.14796229,0
14665,0,1,0.1064833910301649,0,0.101738125,0
14666,0,1,0.08471806429116156,0,0.08117838,0
14667,0,1,0.0875188731467549,0,0.09320194,0
14668,0,0,0.13054304144104317,0,0.13260396,0
14669,0,1,0.14600145850710722,0,0.15831463,0
14670,0,0,0.1952136149319461,0,0.21357836,0
14671,0,1,0.14483846564892758,0,0.15378888,0
14672,0,1,0.1271332826820812,0,0.13925174,0
14673,0,1,0.20228046900649957,0,0.30097702,0
14674,0,1,0.08971464845422839,0,0.078419186,0
14675,1,1,0.12425960155582445,0,0.1280524,0
14676,1,1,0.15289629733087307,0,0.1707624,0
14677,1,1,0.1667536916369494,0,0.17664309,0
14678,0,0,0.37636427571113595,0,0.32403475,0
14679,0,1,0.13858689732607604,0,0.16243595,0
14680,0,0,0.09203073558445637,0,0.111538775,0
14681,1,1,0.3134969868592179,0,0.28981447,0
14682,0,0,0.10987398775861455,0,0.12607391,0
14683,0,0,0.059254911937703755,0,0.042343788,0
14684,1,1,0.07754628421466682,0,0.043160297,0
14685,0,0,0.07391116788451935,0,0.042747546,0
14686,0,0,0.21047765774812252,0,0.09190911,0
14687,0,1,0.07819708092145575,0,0.067957014,0
14688,0,1,0.12577336514127796,0,0.1126395,0
14689,0,1,0.05781166537735415,0,0.03269754,0
14690,0,0,0.17472731713163062,0,0.23892927,0
14691,0,1,0.1664452444011661,0,0.0940131,0
14692,0,0,0.11434687122539375,0,0.11278766,0
14693,0,1,0.238602732337616,0,0.20979585,0
14694,0,1,0.1774316021240138,0,0.13011579,0
14695,0,1,0.13291607684802467,0,0.104431465,0
14696,0,0,0.10161556349845542,0,0.08018184,0
14697,0,0,0.27907876009373,0,0.2343421,0
14698,0,1,0.18009504198825793,0,0.18377912,0
14699,0,1,0.1695377518113238,0,0.13286541,0
14700,1,1,0.1174836590146146,0,0.1257887,0
14701,0,0,0.0673950317898157,0,0.046888616,0
14702,0,1,0.17895820077015975,0,0.1719214,0
14703,0,0,0.11746964507663146,0,0.12466247,0
14704,0,1,0.1175521357790677,0,0.11507931,0
14705,0,1,0.05778343189871334,0,0.030470314,0
14706,0,1,0.09928191474934982,0,0.066162586,0
14707,0,0,0.1447797914769714,0,0.155171,0
14708,0,0,0.15926393750610587,0,0.1685698,0
14709,0,1,0.17219726631143348,0,0.16011856,0
14710,1,1,0.15946278166185082,0,0.16261652,0
14711,0,1,0.16218897777355223,0,0.18845336,0
14712,0,1,0.09777278816914818,0,0.09064784,0
14713,0,1,0.18413018325119554,0,0.19728392,0
14714,0,1,0.08191234338262106,0,0.07147097,0
14715,0,0,0.18905563346991291,0,0.19275634,0
14716,0,0,0.06402277465367504,0,0.048489172,0
14717,0,1,0.13606165404313222,0,0.12647247,0
14718,0,0,0.11670008725564629,0,0.11359472,0
14719,0,1,0.07042971312228795,0,0.049669888,0
14720,1,1,0.12925500718917862,0,0.1339859,0
14721,0,0,0.1677971654340065,0,0.13981414,0
14722,0,1,0.2647594595784337,0,0.21522187,0
14723,0,1,0.16630082017428408,0,0.1668149,0
14724,0,1,0.1410034727640656,0,0.13208674,0
14725,0,0,0.09794747273761116,0,0.07213043,0
14726,0,1,0.14800477674946858,0,0.17313328,0
14727,0,1,0.08466855834066224,0,0.06791773,0
14728,0,0,0.09099333227004285,0,0.085304625,0
14729,0,1,0.1477421002615351,0,0.124523185,0
14730,0,0,0.09058667975998538,0,0.10564256,0
14731,0,1,0.07408278157000936,0,0.051050052,0
14732,0,1,0.1894738084766753,0,0.2436149,0
14733,0,1,0.1290583594111028,0,0.14738065,0
14734,0,1,0.1875216508963911,0,0.19861929,0
14735,0,1,0.26045990027156823,0,0.26667857,0
14736,0,0,0.157399479090908,0,0.13544165,0
14737,0,1,0.13991324590598,0,0.13505688,0
14738,0,1,0.27653615042700136,0,0.32529774,0
14739,0,0,0.11662511944078478,0,0.12582463,0
14740,1,1,0.1035554120084848,0,0.052278772,0
14741,1,1,0.09890939342734321,0,0.10950507,0
14742,0,1,0.07976709339328794,0,0.073804595,0
14743,0,0,0.06715187693772255,0,0.043385733,0
14744,0,1,0.21632610266641372,0,0.20131844,0
14745,0,1,0.0963986525828584,0,0.055290774,0
14746,0,1,0.1514880677468884,0,0.13925369,0
14747,0,1,0.0860636263608426,0,0.07317114,0
14748,0,1,0.2743318425895939,0,0.23352005,0
14749,0,0,0.1035061275569908,0,0.100854516,0
14750,0,1,0.11548729936438445,0,0.10916238,0
14751,0,0,0.19192569411122826,0,0.19924477,0
14752,0,1,0.14228932804524053,0,0.12955095,0
14753,0,1,0.17697530799597277,0,0.19599244,0
14754,0,1,0.17231776448445196,0,0.16758363,0
14755,0,0,0.12908742966051057,0,0.1409268,0
14756,0,0,0.1803266237330561,0,0.12649968,0
14757,0,0,0.1528984163225509,0,0.1707624,0
14758,0,0,0.1663738733079147,0,0.17608978,0
14759,1,1,0.2310728649679814,0,0.25896627,0
14760,0,1,0.1684200004050702,0,0.17617144,0
14761,0,1,0.07787709205298425,0,0.07068964,0
14762,0,1,0.09628669491274541,0,0.099727005,0
14763,0,1,0.27711586747418665,0,0.30257827,0
14764,0,1,0.19623766463659795,0,0.16431366,0
14765,0,0,0.11226410017657938,0,0.109354876,0
14766,0,1,0.12054340241087433,0,0.12027426,0
14767,0,1,0.11634832755075702,0,0.17331366,0
14768,0,1,0.08969106243514749,0,0.11439425,0
14769,0,1,0.12609485080482044,0,0.1340702,0
14770,1,1,0.180362797310271,0,0.16801782,0
14771,0,1,0.060420230878483215,0,0.054812524,0
14772,1,1,0.1926575178106873,0,0.18729456,0
14773,0,0,0.1277586998621932,0,0.12577467,0
14774,0,0,0.09729490690505199,0,0.110996105,0
14775,0,1,0.10360910800573452,0,0.059527665,0
14776,0,1,0.0810709655021618,0,0.055569958,0
14777,0,1,0.30190274525038013,0,0.2153696,0
14778,0,0,0.24204880794686698,0,0.21154362,0
14779,0,1,0.20536239914323132,0,0.22662829,0
14780,1,1,0.11869421811966498,0,0.18989035,0
14781,0,1,0.10046668408823167,0,0.13142996,0
14782,0,1,0.15570535420468606,0,0.1408605,0
14783,0,0,0.15289629733087307,0,0.1707624,0
14784,0,0,0.10413167118477412,0,0.08375235,0
14785,0,1,0.21787965314424101,0,0.29469648,0
14786,0,1,0.2298337750836825,0,0.31294668,0
14787,0,0,0.12721794743277556,0,0.13015838,0
14788,0,0,0.13404479384820733,0,0.23843595,0
14789,0,1,0.12001697539935605,0,0.11292966,0
14790,0,0,0.1081238470779849,0,0.107291035,0
14791,0,0,0.11471339791931034,0,0.102975994,0
14792,0,1,0.10267363123166533,0,0.1478267,0
14793,0,0,0.09892892919316007,0,0.097881846,0
14794,1,1,0.23576342099607742,0,0.20849162,0
14795,0,0,0.10057918538107487,0,0.12470255,0
14796,0,1,0.13909073114843143,0,0.16858917,0
14797,0,1,0.09133974863821305,0,0.08979106,0
14798,0,0,0.08587323266116584,0,0.06448837,0
14799,0,0,0.2751896384568044,0,0.25509745,0
14800,0,1,0.0989886049573067,0,0.10638862,0
14801,0,1,0.15742281262905047,0,0.15234904,0
14802,1,1,0.2845558257254463,0,0.31495935,0
14803,0,0,0.11148706508676305,0,0.12636988,0
14804,0,1,0.07073894373942499,0,0.056449573,0
14805,0,0,0.18346479437653834,0,0.22363205,0
14806,0,1,0.13556417884457456,0,0.14975415,0
14807,1,1,0.3265411386187487,0,0.34197715,0
14808,1,1,0.1062017272441753,0,0.07955184,0
14809,0,0,0.07845231949335163,0,0.05304328,0
14810,0,1,0.1683420299797022,0,0.1907281,0
14811,0,1,0.15060496524868566,0,0.13776153,0
14812,0,1,0.14633547242008044,0,0.13055798,0
14813,0,1,0.15934050320783916,0,0.14729276,0
14814,0,1,0.08745419456953973,0,0.10989705,0
14815,0,1,0.19278788624263785,0,0.19320977,0
14816,0,1,0.12946716220121987,0,0.13914008,0
14817,0,1,0.14453895448110404,0,0.10705086,0
14818,0,1,0.15416128595423836,0,0.11725791,0
14819,0,1,0.11546085074657102,0,0.1009457,0
14820,0,0,0.07819741947602608,0,0.061709605,0
14821,0,1,0.2972310196969517,0,0.275206,0
14822,0,1,0.16766651213053305,0,0.17290013,0
14823,0,1,0.06717377326856974,0,0.0406659,0
14824,0,0,0.1221352546325541,0,0.14400895,0
14825,0,1,0.17282313587580023,0,0.17676458,0
14826,0,1,0.11153842259194881,0,0.09423666,0
14827,0,1,0.12431096966735992,0,0.12930834,0
14828,0,1,0.2625473327792608,0,0.23792157,0
14829,1,1,0.24016474722034395,0,0.19797207,0
14830,0,1,0.0673880645209014,0,0.060428355,0
14831,0,1,0.18663471412032018,0,0.1729165,0
14832,0,1,0.0801804597815982,0,0.070029534,0
14833,1,1,0.16505894777514343,0,0.14796229,0
14834,0,1,0.1119823347460007,0,0.108544804,0
14835,0,0,0.10523166653487939,0,0.103985764,0
14836,1,1,0.2375273605083841,0,0.19804361,0
14837,0,1,0.18609831297220605,0,0.21344212,0
14838,0,1,0.1083913676400349,0,0.09791397,0
14839,0,1,0.14906291076823094,0,0.1361181,0
14840,1,1,0.10345567397423645,0,0.12164311,0
14841,0,1,0.13469437062318393,0,0.1594227,0
14842,0,1,0.1700261373949927,0,0.19475679,0
14843,0,0,0.1734235169398968,0,0.2313676,0
14844,0,1,0.10290272643084625,0,0.107628785,0
14845,0,0,0.15761769844802856,0,0.18047714,0
14846,0,1,0.16307518731194845,0,0.18343976,0
14847,0,1,0.19404454654164702,0,0.20708698,0
14848,0,1,0.09990592482139231,0,0.10395823,0
14849,1,1,0.13200697007651482,0,0.1591225,0
14850,0,1,0.14133416156109962,0,0.16937016,0
14851,0,0,0.05787864489768396,0,0.036033068,0
14852,0,1,0.11761055798803478,0,0.15018964,0
14853,0,1,0.14584370435388205,0,0.15782584,0
14854,0,0,0.13064446957920967,0,0.13346504,0
14855,0,1,0.12633275795125956,0,0.10375362,0
14856,0,1,0.16913833268840306,0,0.13193573,0
14857,0,0,0.1858620167777838,0,0.23364511,0
14858,0,0,0.19192569411122826,0,0.19924477,0
14859,0,0,0.13895780159201418,0,0.121782325,0
14860,1,1,0.2504996073550322,0,0.2852883,0
14861,1,1,0.23973395455121513,0,0.27567917,0
14862,0,0,0.07624402234131758,0,0.0932534,0
14863,0,1,0.1878817786161455,0,0.1768117,0
14864,1,0,0.26830729428577804,0,0.23387446,0
14865,0,0,0.08930120278250475,0,0.076844424,0
14866,0,0,0.13772678130156463,0,0.14224106,0
14867,0,0,0.17233514489444168,0,0.16796133,0
14868,0,1,0.1721298470379696,0,0.17679895,0
14869,1,1,0.08023675127932614,0,0.07441858,0
14870,0,1,0.20470913848627117,0,0.16579472,0
14871,0,0,0.0895788061063841,0,0.070145115,0
14872,0,0,0.08921700217188137,0,0.12679872,0
14873,0,1,0.07627247649419969,0,0.072836325,0
14874,1,0,0.17000991636485513,0,0.17999572,0
14875,0,1,0.24023764297957692,0,0.20517501,0
14876,0,1,0.09370209413293189,0,0.10206139,0
14877,0,1,0.17453064013761332,0,0.18718559,0
14878,0,1,0.13236647251865505,0,0.0850282,0
14879,0,0,0.3714812632591156,0,0.24470538,0
14880,0,0,0.14687206802430913,0,0.1339512,0
14881,1,1,0.1267505384336703,0,0.13334812,0
14882,0,0,0.1991760510828886,0,0.19918197,0
14883,0,1,0.18915002971591022,0,0.16385685,0
14884,0,0,0.10670159793933877,0,0.113004915,0
14885,0,0,0.13848167897073688,0,0.12274728,0
14886,0,0,0.15983185455533816,0,0.12921442,0
14887,0,1,0.1962989364084852,0,0.18561001,0
14888,0,0,0.4158129582109306,0,0.39971095,0
14889,0,1,0.10837242283572762,0,0.097389646,0
14890,1,1,0.1436914467267985,0,0.15120478,0
14891,0,0,0.16837690376867126,0,0.20549853,0
14892,0,0,0.08406797997158488,0,0.060070418,0
14893,0,1,0.09666414964540304,0,0.073302574,0
14894,0,0,0.09056422781090381,0,0.08290029,0
14895,1,1,0.13530221541791157,0,0.15621385,0
14896,0,1,0.1089765214382607,0,0.11266766,0
14897,0,0,0.08373778877766436,0,0.058303125,0
14898,0,1,0.15271045275572634,0,0.16062365,0
14899,1,1,0.16865427449223994,0,0.18682069,0
14900,0,1,0.09695851542946382,0,0.083850965,0
14901,0,1,0.06888483162914745,0,0.0559831,0
14902,0,1,0.080996039490895,0,0.075317085,0
14903,0,0,0.20571380301079828,0,0.21925619,0
14904,0,0,0.09823238089735369,0,0.0836471,0
14905,0,1,0.18533027280988573,0,0.1951179,0
14906,0,0,0.17180965943699333,0,0.17019701,0
14907,0,0,0.12369106209809771,0,0.1174292,0
14908,0,1,0.18560689020344123,0,0.2921201,0
14909,0,1,0.1451048852331565,0,0.16220401,0
14910,0,1,0.13240638046613792,0,0.13493128,0
14911,0,1,0.13751948759516186,0,0.118190855,0
14912,1,1,0.10516141616696349,0,0.12012334,0
14913,0,1,0.05754050853421649,0,0.055659417,0
14914,0,1,0.13016748457010577,0,0.17512031,0
14915,0,1,0.11993990415139602,0,0.08361162,0
14916,0,0,0.09724035186545586,0,0.13390464,0
14917,0,1,0.10292749257750733,0,0.094401814,0
14918,0,0,0.17162847044309948,0,0.16239053,0
14919,1,0,0.21789472847224844,0,0.21786296,0
14920,0,0,0.12052326548972843,0,0.15445809,0
14921,0,0,0.161343309764424,0,0.13357176,0
14922,0,1,0.11665697347317293,0,0.1414115,0
14923,0,0,0.14930255694887098,0,0.17378841,0
14924,1,1,0.22637623510869748,0,0.2431051,0
14925,0,1,0.08276276109400095,0,0.0850544,0
14926,0,1,0.10780573039338982,0,0.07395463,0
14927,0,0,0.10423828678049797,0,0.09740337,0
14928,0,0,0.0688900604691321,0,0.0559831,0
14929,0,0,0.08880743252216372,0,0.088229686,0
14930,0,1,0.07536555321857213,0,0.06767946,0
14931,0,0,0.150114676020125,0,0.10566393,0
14932,1,1,0.10767856982795149,0,0.13669313,0
14933,0,1,0.1813694839528361,0,0.24029125,0
14934,0,1,0.15251340633136126,0,0.122940555,0
14935,0,1,0.10433726572343045,0,0.06897118,0
14936,0,1,0.10446842486548387,0,0.108814746,0
14937,1,1,0.190327634903357,0,0.20676088,0
14938,0,1,0.18544759043833914,0,0.20556924,0
14939,0,1,0.16773353650383413,0,0.20339051,0
14940,0,1,0.12291291286567411,0,0.12995932,0
14941,0,1,0.12159018903906543,0,0.0932821,0
14942,0,0,0.12842263393907757,0,0.15921132,0
14943,0,0,0.10254573640880431,0,0.11643737,0
14944,0,1,0.12044112930088778,0,0.13277133,0
14945,0,1,0.12412104833096364,0,0.11315835,0
14946,0,1,0.1657382385795096,0,0.17467809,0
14947,0,1,0.346671180271687,0,0.29504102,0
14948,0,0,0.2057080418340661,0,0.21925619,0
14949,0,1,0.13823347771692585,0,0.14619078,0
14950,0,1,0.1551234750525742,0,0.1325217,0
14951,0,0,0.05470826434740435,0,0.09419843,0
14952,0,0,0.3231780259082825,0,0.20157681,0
14953,0,1,0.05783155025022914,0,0.033402156,0
14954,0,1,0.12450108818813553,0,0.1232014,0
14955,1,1,0.11403344948055037,0,0.114890985,0
14956,0,0,0.06745393456115074,0,0.07082351,0
14957,0,1,0.07553984600999233,0,0.025607727,0
14958,1,0,0.1291669387523724,0,0.14106688,0
14959,0,0,0.10557698159926181,0,0.08961224,0
14960,0,0,0.17458840173052398,0,0.16512083,0
14961,1,1,0.16138540594072998,0,0.14184871,0
14962,0,1,0.16937814935782117,0,0.16643186,0
14963,0,1,0.14591995196453525,0,0.16288257,0
14964,1,0,0.1178534124279911,0,0.11823849,0
14965,0,1,0.10414425010439753,0,0.09947713,0
14966,0,0,0.1952678630819007,0,0.19653374,0
14967,0,0,0.09878864827029381,0,0.081181794,0
14968,0,0,0.10892859870814091,0,0.10319951,0
14969,1,1,0.10713691539585085,0,0.08787971,0
14970,0,0,0.2749395081403218,0,0.25798833,0
14971,0,1,0.12726400564563636,0,0.1404416,0
14972,1,1,0.18807529896335426,0,0.15199275,0
14973,0,1,0.10650568891506988,0,0.09736203,0
14974,1,1,0.16909323309022,0,0.20469561,0
14975,0,1,0.1740168479231748,0,0.17504114,0
14976,0,1,0.14270253274905406,0,0.11157263,0
14977,0,1,0.1369687498646794,0,0.16296975,0
14978,0,1,0.0833833145570575,0,0.07415895,0
14979,0,1,0.1570554989593323,0,0.07831201,0
14980,0,1,0.07281287544776428,0,0.054124825,0
14981,0,0,0.2151365593199926,0,0.19924444,0
14982,0,0,0.13327333684982234,0,0.13553956,0
14983,0,1,0.11191287642851859,0,0.10384928,0
14984,0,1,0.19585266017195443,0,0.1968797,0
14985,0,1,0.07794163338451018,0,0.0711195,0
14986,1,1,0.3200449988433834,0,0.27220958,0
14987,1,1,0.13369373036996685,0,0.14390273,0
14988,0,0,0.10669174598724568,0,0.1848684,0
14989,0,1,0.1804182704905444,0,0.16075876,0
14990,0,0,0.13842595248976197,0,0.14848262,0
14991,0,1,0.1142506331298281,0,0.12557825,0
14992,0,0,0.1791497386142905,0,0.17671435,0
14993,0,1,0.12113903590818709,0,0.12426799,0
14994,0,1,0.3359891805699709,0,0.24747194,0
14995,0,0,0.11140916440079798,0,0.12487323,0
14996,0,0,0.17092502600274193,0,0.19500422,0
14997,0,0,0.27523605773483967,0,0.26073915,0
14998,0,1,0.10843861917310972,0,0.12986901,0
14999,0,1,0.13612654806183866,0,0.12617019,0
15000,0,1,0.09057746945114291,0,0.09257724,0
15001,0,0,0.08914456697257034,0,0.08367839,0
15002,1,1,0.0789574672172717,0,0.06482967,0
15003,0,1,0.12241685938862441,0,0.14196075,0
15004,1,1,0.22225382922675943,0,0.21439064,0
15005,0,1,0.10374536201656967,0,0.088573135,0
15006,0,1,0.09181780852309716,0,0.09500891,0
15007,0,1,0.14177475029697012,0,0.13976356,0
15008,0,0,0.1910430506221266,0,0.18437219,0
15009,0,0,0.057512766353819036,0,0.044708163,0
15010,0,1,0.1414623392330494,0,0.13408832,0
15011,0,0,0.13646581418036033,0,0.103249095,0
15012,0,0,0.11533371744704955,0,0.125882,0
15013,0,1,0.06860131281461276,0,0.045373656,0
15014,1,1,0.22030171798168038,0,0.23231512,0
15015,0,1,0.12153148304547179,0,0.09198078,0
15016,0,1,0.33765365965080957,0,0.25843972,0
15017,0,1,0.07703919876694004,0,0.0792848,0
15018,1,1,0.15240916377273342,0,0.15690899,0
15019,0,0,0.08807126110117768,0,0.08302332,0
15020,0,1,0.1984751327909928,0,0.16545156,0
15021,0,0,0.1572931435621685,0,0.1528786,0
15022,0,1,0.1285823505033771,0,0.1430284,0
15023,0,0,0.15421856327586986,0,0.14013836,0
15024,0,0,0.1424751539382325,0,0.14829902,0
15025,0,1,0.0933353479426001,0,0.091412656,0
15026,0,1,0.06411544887720073,0,0.049571566,0
15027,0,1,0.15722290863474356,0,0.114627734,0
15028,0,1,0.08781828321712087,0,0.110615954,0
15029,0,1,0.075428045649067,0,0.05475976,0
15030,0,1,0.24030780539685248,0,0.21868527,0
15031,1,1,0.18039111900926233,0,0.17739825,0
15032,0,0,0.07598725011758757,0,0.06008344,0
15033,0,1,0.08530576395784072,0,0.09932709,0
15034,0,1,0.09664464323549975,0,0.1106289,0
15035,1,1,0.22446039290698447,0,0.20409901,0
15036,1,1,0.14344620235009925,0,0.14758845,0
15037,0,0,0.09520234665401558,0,0.116086714,0
15038,1,1,0.15181695259026243,0,0.12410428,0
15039,0,1,0.12777903439544325,0,0.120662354,0
15040,0,1,0.09417059437380602,0,0.10238338,0
15041,0,1,0.1155704537678613,0,0.15750626,0
15042,0,1,0.10893327713924955,0,0.07527801,0
15043,0,1,0.19983333176262014,0,0.16011037,0
15044,0,0,0.07939651794905618,0,0.08437553,0
15045,0,1,0.11926334400683614,0,0.1214686,0
15046,0,0,0.08179598301806791,0,0.06403742,0
15047,0,1,0.059055929537299566,0,0.03136213,0
15048,0,1,0.13725374780799404,0,0.16031194,0
15049,0,1,0.1393546825249702,0,0.13356262,0
15050,0,1,0.20971030770333524,0,0.17466389,0
15051,0,1,0.09092571699128453,0,0.09082213,0
15052,0,0,0.11416020936678624,0,0.115224876,0
15053,0,1,0.0952806815501247,0,0.08807865,0
15054,0,1,0.11948926238518184,0,0.14647712,0
15055,0,1,0.10407735853999553,0,0.11852634,0
15056,0,0,0.08888121010773604,0,0.08951869,0
15057,0,0,0.17095369265658358,0,0.16433655,0
15058,0,1,0.06884243551423039,0,0.054369193,0
15059,1,0,0.13903932035193656,0,0.15888429,0
15060,1,1,0.10257169875075807,0,0.11523834,0
15061,0,1,0.11723368885866846,0,0.13743487,0
15062,0,0,0.07630278928895975,0,0.06979058,0
15063,0,1,0.261159591036613,0,0.28389296,0
15064,0,1,0.15606315917698824,0,0.1305944,0
15065,0,0,0.1852327647788031,0,0.16662589,0
15066,0,1,0.1268237674664049,0,0.117413096,0
15067,0,1,0.1500893715235208,0,0.14923012,0
15068,1,1,0.18509161093253007,0,0.21928683,0
15069,1,1,0.12593420678534084,0,0.120705284,0
15070,0,0,0.15668660158981293,0,0.15965287,0
15071,0,0,0.1166437775473598,0,0.13145384,0
15072,0,0,0.15218679510645186,0,0.16222714,0
15073,0,0,0.1333436991948552,0,0.17102548,0
15074,0,0,0.09653555387189165,0,0.1090811,0
15075,0,1,0.130198275591941,0,0.12370753,0
15076,0,1,0.239882565346755,0,0.25881347,0
15077,0,0,0.1625943702071627,0,0.17361887,0
15078,0,1,0.15143380592011166,0,0.1846492,0
15079,0,1,0.09055837172219867,0,0.07978509,0
15080,0,0,0.08876153610690797,0,0.08627368,0
15081,0,1,0.1333657154471348,0,0.11221465,0
15082,0,0,0.1027845585276299,0,0.09083208,0
15083,0,0,0.15518337403804622,0,0.15394041,0
15084,0,1,0.24250720910964604,0,0.24497682,0
15085,0,1,0.06715717193337539,0,0.054651998,0
15086,0,0,0.05609617219334674,0,0.039835457,0
15087,0,1,0.09095444620874314,0,0.09017212,0
15088,0,1,0.1282043241439991,0,0.16632718,0
15089,0,0,0.16963746010805486,0,0.28470236,0
15090,0,1,0.0962783499519506,0,0.09639388,0
15091,0,1,0.13065559441478766,0,0.16080715,0
15092,0,1,0.1432357573220259,0,0.091212295,0
15093,1,0,0.11745494756659938,0,0.10005572,0
15094,0,1,0.20874259470671683,0,0.20589077,0
15095,0,1,0.16766651213053305,0,0.17290013,0
15096,0,0,0.10919619521430533,0,0.10126105,0
15097,0,1,0.13917573291866742,0,0.16291545,0
15098,0,1,0.22628267064332072,0,0.20700186,0
15099,0,1,0.1991002668676392,0,0.23448023,0
15100,0,1,0.16135586746048572,0,0.14909981,0
15101,0,0,0.10256790788592113,0,0.11643737,0
15102,0,1,0.14424533896070987,0,0.15039994,0
15103,0,0,0.24561294378337747,0,0.2313677,0
15104,0,1,0.09109988128648519,0,0.11058163,0
15105,0,1,0.22589315145543254,0,0.18134402,0
15106,0,1,0.16597800268459345,0,0.17865278,0
15107,0,0,0.1647407952049004,0,0.17565337,0
15108,1,1,0.08277993611407507,0,0.09120842,0
15109,0,0,0.13128398578824219,0,0.142828,0
15110,0,1,0.21339657634543294,0,0.18816635,0
15111,0,0,0.2791615685373497,0,0.22494446,0
15112,0,1,0.13895780159201418,0,0.121782325,0
15113,1,1,0.24154586085988167,0,0.23867981,0
15114,1,1,0.09135290667318319,0,0.09005511,0
15115,0,1,0.13379976429885884,0,0.1660817,0
15116,0,1,0.26267573041232534,0,0.2490234,0
15117,0,1,0.11214248932173744,0,0.12890178,0
15118,0,1,0.11740065524473077,0,0.11064321,0
15119,0,1,0.10150152392363096,0,0.11629456,0
15120,0,1,0.1541292153112748,0,0.11692436,0
15121,0,1,0.20409697792535042,0,0.19671941,0
15122,0,1,0.10629144085674952,0,0.12009248,0
15123,1,1,0.20881863629099798,0,0.18340634,0
15124,0,1,0.11953074643220452,0,0.10287132,0
15125,1,0,0.15546292470086787,0,0.19153954,0
15126,0,1,0.07075700598433485,0,0.06612949,0
15127,1,1,0.15466098523084365,0,0.15263635,0
15128,0,1,0.13327333684982234,0,0.13553956,0
15129,0,1,0.12672549834854716,0,0.16017754,0
15130,0,0,0.1761544092808781,0,0.16190693,0
15131,0,1,0.08521344110930062,0,0.070163354,0
15132,1,1,0.08613715245059944,0,0.07166592,0
15133,1,1,0.20062516613644324,0,0.25042918,0
15134,0,0,0.25614866784377627,0,0.27745882,0
15135,0,1,0.1834846510728577,0,0.28185892,0
15136,1,1,0.22744423780159725,0,0.25350863,0
15137,0,0,0.08950571963505033,0,0.09877749,0
15138,0,1,0.054610624158034686,0,0.045512103,0
15139,1,1,0.08225240880304413,0,0.07630175,0
15140,0,1,0.13279914860262262,0,0.11678666,0
15141,0,1,0.13705806655062394,0,0.1420993,0
15142,0,0,0.12260950869361682,0,0.12244387,0
15143,1,1,0.2878124835276988,0,0.33068287,0
15144,0,0,0.09421682281056715,0,0.062390104,0
15145,0,0,0.10137134727338139,0,0.097062096,0
15146,0,1,0.09859680560459064,0,0.14107133,0
15147,0,1,0.18021499612614164,0,0.15443635,0
15148,0,0,0.18834496617568872,0,0.19723922,0
15149,1,1,0.13842595248976197,0,0.14848262,0
15150,0,0,0.18136883135050882,0,0.2258487,0
15151,0,0,0.07928185641524228,0,0.065823324,0
15152,0,1,0.1926969923281327,0,0.2152112,0
15153,0,0,0.12123406252519203,0,0.14140193,0
15154,1,1,0.1801394684322055,0,0.14524812,0
15155,0,1,0.1551022561141358,0,0.14937633,0
15156,1,1,0.13846033039423614,0,0.16735056,0
15157,0,1,0.1248673075059695,0,0.12686291,0
15158,0,1,0.260993591732721,0,0.38854313,0
15159,0,0,0.17803951316036587,0,0.17836645,0
15160,0,1,0.16301418815797886,0,0.17278868,0
15161,0,0,0.09704214691071782,0,0.09633974,0
15162,0,1,0.0845451770380631,0,0.08386677,0
15163,0,1,0.1461553550911502,0,0.15182438,0
15164,0,0,0.17487147416585355,0,0.26376644,0
15165,0,1,0.10417867794623926,0,0.10704808,0
15166,1,1,0.1851765776766489,0,0.20578714,0
15167,0,1,0.07066839253828269,0,0.038716055,0
15168,0,1,0.15835641532698583,0,0.15219814,0
15169,0,1,0.248624133634923,0,0.20564802,0
15170,0,1,0.1719026110556568,0,0.13851255,0
15171,0,1,0.21055016100276902,0,0.38340202,0
15172,0,1,0.09794373983967147,0,0.10361012,0
15173,1,0,0.19242829579264428,0,0.22604969,0
15174,1,1,0.14696875021718567,0,0.1644112,0
15175,0,0,0.10329800974640689,0,0.13400657,0
15176,0,1,0.11921445816506568,0,0.10656845,0
15177,1,0,0.12422538044301948,0,0.111593254,0
15178,0,1,0.29180897920013754,0,0.19740789,0
15179,0,0,0.15260554352737496,0,0.12752454,0
15180,0,0,0.05612820297903568,0,0.05032275,0
15181,0,1,0.17611402577878846,0,0.16500597,0
15182,0,1,0.11992548818100739,0,0.12725602,0
15183,0,1,0.2158523000140737,0,0.18444112,0
15184,0,1,0.12887494170770836,0,0.13908021,0
15185,1,1,0.23720331952806845,0,0.24284917,0
15186,0,0,0.09323297601190315,0,0.08903291,0
15187,0,1,0.09952874221514439,0,0.10116116,0
15188,0,0,0.1600234240436891,0,0.1900467,0
15189,0,1,0.16444627816685797,0,0.17273653,0
15190,0,1,0.09292795424089244,0,0.12018322,0
15191,0,0,0.06692906320309815,0,0.08294785,0
15192,0,1,0.16571977250960848,0,0.15626913,0
15193,0,1,0.1397439837970841,0,0.13705903,0
15194,0,0,0.19483581155979754,0,0.31075782,0
15195,0,1,0.10371609520777582,0,0.0809451,0
15196,0,1,0.18086190367396232,0,0.19519529,0
15197,0,1,0.2792669033775101,0,0.23743895,0
15198,0,0,0.08235301037313121,0,0.083571255,0
15199,1,1,0.188702647177396,0,0.2101909,0
15200,0,1,0.17684422289602825,0,0.1492894,0
15201,0,0,0.17090274391354038,0,0.22950234,0
15202,0,1,0.09100411197825514,0,0.085304625,0
15203,0,1,0.11468676987771817,0,0.12854694,0
15204,0,0,0.18780315774577203,0,0.1737872,0
15205,1,1,0.30318327316876786,0,0.35362718,0
15206,0,1,0.2177191733573895,0,0.19712888,0
15207,0,0,0.1383001837144783,0,0.14780347,0
15208,0,0,0.19634410967917407,0,0.18800175,0
15209,1,0,0.1983130108862148,0,0.16172004,0
15210,0,1,0.08285464874831422,0,0.1303561,0
15211,0,1,0.1371919657952519,0,0.13949685,0
15212,0,1,0.15739700119654568,0,0.15147574,0
15213,0,1,0.06056212871675131,0,0.03591506,0
15214,0,1,0.15987110065808946,0,0.15635546,0
15215,0,0,0.2583186577480104,0,0.24676354,0
15216,1,1,0.2697951981650505,0,0.23056237,0
15217,1,1,0.23168095496952523,0,0.23867981,0
15218,0,1,0.15992318937248065,0,0.14221376,0
15219,0,1,0.1880619660989184,0,0.16030668,0
15220,0,1,0.10269045336433116,0,0.11815812,0
15221,0,1,0.09091709863540029,0,0.1046579,0
15222,0,0,0.1496639939348912,0,0.17437766,0
15223,0,0,0.13938661529151097,0,0.12063582,0
15224,0,0,0.23614291080100552,0,0.20610125,0
15225,0,1,0.11418555318993201,0,0.14780502,0
15226,0,1,0.13034200204355176,0,0.13438764,0
15227,0,0,0.2748322884017615,0,0.28241578,0
15228,0,1,0.0979683900457157,0,0.11818606,0
15229,0,1,0.21324148473746254,0,0.19137967,0
15230,0,0,0.2292857620958703,0,0.21961588,0
15231,0,1,0.11046803609570999,0,0.124053635,0
15232,0,0,0.07236534045574541,0,0.038174998,0
15233,0,1,0.12222977794061039,0,0.11796454,0
15234,0,0,0.11200405634331108,0,0.13689978,0
15235,0,0,0.10365456902290135,0,0.09810426,0
15236,0,1,0.05626515025987517,0,0.022916175,0
15237,1,1,0.12579585305679636,0,0.13808972,0
15238,0,1,0.20896076333337876,0,0.17358549,0
15239,0,1,0.12895816325535853,0,0.1375801,0
15240,0,0,0.20079432245617485,0,0.23086904,0
15241,0,0,0.1333859207200873,0,0.13021961,0
15242,1,0,0.25317535872321323,0,0.28136575,0
15243,1,1,0.2486193578231138,0,0.19115324,0
15244,0,1,0.08609981379771862,0,0.10103086,0
15245,0,1,0.23973395455121513,0,0.27567917,0
15246,0,0,0.1863293140134586,0,0.18932012,0
15247,1,1,0.14323762660109993,0,0.09939376,0
15248,0,1,0.29799844314586005,0,0.2973586,0
15249,0,1,0.0727502480241951,0,0.047618117,0
15250,0,1,0.21499127816458696,0,0.22851932,0
15251,1,1,0.146119741706819,0,0.1328885,0
15252,1,0,0.1720746143816236,0,0.18404986,0
15253,0,0,0.06808769627894051,0,0.075583324,0
15254,0,1,0.144276736853815,0,0.14802778,0
15255,0,0,0.08657725460150266,0,0.08675826,0
15256,0,1,0.2284007608535183,0,0.22707199,0
15257,1,1,0.19480485529840214,0,0.16730729,0
15258,0,1,0.09376258241276791,0,0.11215309,0
15259,1,1,0.22647766973286484,0,0.26469642,0
15260,0,1,0.21127669300304747,0,0.19120803,0
15261,1,1,0.12585194826130797,0,0.10670422,0
15262,0,1,0.25715899929048996,0,0.27241698,0
15263,0,0,0.1147011380216054,0,0.13254516,0
15264,0,0,0.15409683994357506,0,0.18533687,0
15265,0,0,0.1724436784645008,0,0.1523006,0
15266,0,0,0.06082857082870138,0,0.026498297,0
15267,0,0,0.10174404702157419,0,0.10200493,0
15268,0,1,0.15596791047802597,0,0.14425369,0
15269,0,1,0.1837684335666311,0,0.16633502,0
15270,0,1,0.10271243796376721,0,0.12374612,0
15271,1,1,0.18091577687421495,0,0.1817934,0
15272,0,0,0.20537225006297744,0,0.22365744,0
15273,0,1,0.10890268299953815,0,0.09216492,0
15274,1,0,0.3679989872861916,0,0.34381834,0
15275,1,1,0.17814126967664543,0,0.23738773,0
15276,1,1,0.26379965667862315,0,0.23689897,0
15277,1,1,0.09157110247813549,0,0.09290816,0
15278,1,1,0.17344561142846782,0,0.1675126,0
15279,0,1,0.12252177894167367,0,0.10442101,0
15280,0,1,0.09421682281056715,0,0.062390104,0
15281,0,1,0.08483168190987807,0,0.09518318,0
15282,0,1,0.20967354302881333,0,0.1686177,0
15283,0,1,0.18565429264686695,0,0.19354741,0
15284,0,0,0.16245894387523527,0,0.17547983,0
15285,0,1,0.1764982967419379,0,0.15073693,0
15286,0,1,0.1150734596239055,0,0.124716274,0
15287,1,0,0.2175260980826334,0,0.21241973,0
15288,0,0,0.12048971999692912,0,0.12088728,0
15289,0,0,0.10840494412794154,0,0.08426078,0
15290,0,1,0.12651870371448867,0,0.124647394,0
15291,1,1,0.24445813030908367,0,0.2656077,0
15292,1,1,0.22886185973636766,0,0.3197392,0
15293,0,1,0.18084435234462584,0,0.17871833,0
15294,0,1,0.0801804597815982,0,0.070029534,0
15295,0,0,0.08624737999327989,0,0.075532034,0
15296,1,1,0.07700214208997276,0,0.0642841,0
15297,0,0,0.12107010169056787,0,0.12426799,0
15298,1,1,0.21215372189086415,0,0.18691733,0
15299,0,1,0.08767674679818621,0,0.06935331,0
15300,0,1,0.2176939577256028,0,0.19828083,0
15301,0,1,0.07165984867614497,0,0.12901273,0
15302,0,0,0.07630806186984211,0,0.05159277,0
15303,0,0,0.08929166011669003,0,0.0695044,0
15304,0,1,0.21855273974507367,0,0.19408077,0
15305,0,1,0.21724793003099646,0,0.2498321,0
15306,0,0,0.07162765463429822,0,0.03712862,0
15307,0,0,0.1749895386598474,0,0.25039828,0
15308,1,1,0.2631843600926103,0,0.2542126,0
15309,0,1,0.15507172570279595,0,0.17045557,0
15310,0,1,0.18439566533322432,0,0.16328192,0
15311,0,0,0.15021856482421514,0,0.14737093,0
15312,0,0,0.3585495464817757,0,0.29414877,0
15313,0,1,0.13541339686612694,0,0.14547351,0
15314,0,1,0.17683463151331785,0,0.15049066,0
15315,0,1,0.15720133634787756,0,0.13777763,0
15316,0,1,0.16868275226271018,0,0.18682069,0
15317,0,1,0.1339978806182464,0,0.14136463,0
15318,0,1,0.11652263538891447,0,0.118582234,0
15319,1,1,0.16444627816685797,0,0.17273653,0
15320,0,0,0.2814638247916396,0,0.3582416,0
15321,0,0,0.17380431640730654,0,0.17026398,0
15322,1,1,0.19583672920156517,0,0.19515009,0
15323,0,0,0.11260006587790077,0,0.15712258,0
15324,0,1,0.12573456994838114,0,0.12565185,0
15325,1,1,0.3769797899729871,0,0.34148017,0
15326,0,1,0.10266266477049096,0,0.13169459,0
15327,1,1,0.17672996893192697,0,0.24464063,0
15328,0,1,0.20854268862223904,0,0.24850747,0
15329,0,0,0.06575539609207995,0,0.04970506,0
15330,0,0,0.22715280301010238,0,0.23281129,0
15331,0,1,0.10621752577887136,0,0.07825061,0
15332,0,1,0.14328041093741042,0,0.14625953,0
15333,0,0,0.1672451994640986,0,0.2251845,0
15334,0,0,0.14297045392085544,0,0.15445387,0
15335,0,1,0.18456262842539495,0,0.15472913,0
15336,1,1,0.14171967625389004,0,0.1117356,0
15337,0,0,0.16924079566959854,0,0.15750998,0
15338,0,1,0.22919656555128773,0,0.23309767,0
15339,1,1,0.2428076641867369,0,0.24497682,0
15340,0,1,0.1707118582770177,0,0.15422875,0
15341,0,0,0.10190080264367414,0,0.07958521,0
15342,1,1,0.1383953476078032,0,0.1792485,0
15343,0,1,0.11845154455622225,0,0.1288319,0
15344,0,1,0.17216892919273122,0,0.14553516,0
15345,0,1,0.06810096002944055,0,0.07084044,0
15346,0,1,0.13853636719692478,0,0.13252172,0
15347,0,1,0.167898482761056,0,0.16420138,0
15348,0,1,0.09055837172219867,0,0.07978509,0
15349,0,1,0.13846191917606038,0,0.16000187,0
15350,0,1,0.1318948963618846,0,0.13887107,0
15351,0,1,0.13251794999642036,0,0.121748105,0
15352,0,1,0.16615542729309205,0,0.1999586,0
15353,0,0,0.09449533260200167,0,0.10507079,0
15354,0,0,0.1498143192478678,0,0.16709137,0
15355,0,0,0.10228468434645227,0,0.0754941,0
15356,0,0,0.11034247290226983,0,0.09752764,0
15357,0,1,0.17452255321990018,0,0.19053134,0
15358,0,1,0.07928185641524228,0,0.065823324,0
15359,1,1,0.15213886112356192,0,0.17138502,0
15360,0,0,0.21482384805800098,0,0.24104963,0
15361,0,0,0.07402917167188396,0,0.05965158,0
15362,0,1,0.13204401960747272,0,0.15770602,0
15363,0,0,0.0839871952614035,0,0.056497265,0
15364,0,1,0.09889433538083203,0,0.11251727,0
15365,0,1,0.17638516087466544,0,0.2250335,0
15366,0,1,0.16346163146962128,0,0.14696985,0
15367,1,1,0.1959531738157867,0,0.21221852,0
15368,1,1,0.10571591832346118,0,0.09501346,0
15369,1,0,0.18903120069170615,0,0.19656596,0
15370,0,1,0.1470526522434608,0,0.14688942,0
15371,0,0,0.12302397750505248,0,0.11979887,0
15372,0,1,0.20583080380187987,0,0.1980338,0
15373,0,1,0.09062610797066144,0,0.1030989,0
15374,0,1,0.16261416639845427,0,0.17281915,0
15375,0,1,0.13227371977399138,0,0.14790495,0
15376,0,1,0.11668650913812059,0,0.11359472,0
15377,1,1,0.12240161747605073,0,0.12750521,0
15378,0,1,0.06830783092240927,0,0.048074782,0
15379,0,1,0.1248615435465948,0,0.12686291,0
15380,0,1,0.096526087595511,0,0.08851196,0
15381,0,0,0.10360337034023227,0,0.08325117,0
15382,0,0,0.13400289916833596,0,0.13831083,0
15383,0,0,0.15707879535110705,0,0.1894036,0
15384,0,1,0.11172112408709266,0,0.13068305,0
15385,0,1,0.1480134636360421,0,0.1640765,0
15386,0,1,0.10791831943649553,0,0.09027657,0
15387,0,0,0.13989563224238127,0,0.13091783,0
15388,0,1,0.08741609495747926,0,0.07329755,0
15389,0,1,0.15400705116320593,0,0.10306925,0
15390,0,1,0.1292293852001792,0,0.1162365,0
15391,0,1,0.0624783548570577,0,0.04883485,0
15392,0,0,0.10608537807060242,0,0.11950768,0
15393,0,0,0.14282314857376227,0,0.14784634,0
15394,0,1,0.1418917849277358,0,0.118118875,0
15395,0,1,0.1232004817793804,0,0.12214574,0
15396,0,1,0.13852169708245124,0,0.13721626,0
15397,0,1,0.1142506331298281,0,0.12557825,0
15398,1,1,0.15158519987973965,0,0.22613083,0
15399,0,1,0.10935238876548613,0,0.10441905,0
15400,0,0,0.14325569734625052,0,0.09939376,0
15401,0,1,0.11638365695388933,0,0.13682696,0
15402,0,1,0.1624149403650981,0,0.16860723,0
15403,1,1,0.0930718427535874,0,0.096715435,0
15404,0,0,0.09419926421528113,0,0.085604005,0
15405,0,1,0.20577893566717326,0,0.19574252,0
15406,1,1,0.18913015758592425,0,0.16103818,0
15407,0,1,0.20557955269419456,0,0.19664973,0
15408,0,1,0.12029260682071521,0,0.15221588,0
15409,0,1,0.08767674679818621,0,0.06935331,0
15410,0,1,0.11182115067854483,0,0.10613692,0
15411,0,1,0.1220453828364252,0,0.12691696,0
15412,0,0,0.15047691198654192,0,0.10847825,0
15413,0,1,0.07625483059287987,0,0.072836325,0
15414,1,1,0.2791606603439203,0,0.22494446,0
15415,0,1,0.1624838660929467,0,0.17151098,0
15416,0,1,0.10560214897988447,0,0.15271866,0
15417,0,1,0.10912441734162436,0,0.085803285,0
15418,0,0,0.16861184181534933,0,0.15717898,0
15419,0,1,0.11425889873682671,0,0.124196574,0
15420,0,0,0.2425047165572665,0,0.20910282,0
15421,0,0,0.09357585882791544,0,0.08051151,0
15422,0,1,0.08957367623445148,0,0.070145115,0
15423,0,1,0.09129179009680913,0,0.094666384,0
15424,0,0,0.12428439952530444,0,0.11164972,0
15425,1,1,0.13920961213919844,0,0.16015834,0
15426,0,1,0.05925252194298991,0,0.03757327,0
15427,0,1,0.09692095651621072,0,0.119584545,0
15428,0,0,0.14631628708977454,0,0.15828879,0
15429,0,1,0.1964002422902645,0,0.18102118,0
15430,0,1,0.12711331332999995,0,0.13533667,0
15431,0,1,0.12643664099429794,0,0.13776007,0
15432,0,0,0.08995404653838934,0,0.090124816,0
15433,0,1,0.09566186882314558,0,0.09526572,0
15434,0,1,0.09143863950380506,0,0.098847166,0
15435,0,1,0.14177797654238505,0,0.13436346,0
15436,0,1,0.1650440239833388,0,0.12214011,0
15437,0,1,0.12600222066467015,0,0.14194663,0
15438,0,0,0.1150172296359657,0,0.13379225,0
15439,0,1,0.08224778833734761,0,0.07168088,0
15440,0,1,0.1969720817057766,0,0.18553208,0
15441,0,1,0.08066525103365381,0,0.07700493,0
15442,0,0,0.1353994531566986,0,0.15059821,0
15443,0,1,0.15637710863756726,0,0.08865513,0
15444,0,1,0.18169743956829393,0,0.19259608,0
15445,0,1,0.16244213094760648,0,0.15224122,0
15446,0,0,0.22151083112374956,0,0.19784243,0
15447,0,1,0.09911806469501977,0,0.08384752,0
15448,0,0,0.19837332432428031,0,0.17741302,0
15449,0,1,0.07592544069744614,0,0.08038019,0
15450,0,1,0.08597711640638336,0,0.08792585,0
15451,0,0,0.19882125092190558,0,0.21578088,0
15452,0,1,0.09936188014178295,0,0.0968097,0
15453,1,1,0.1259687004779721,0,0.13865265,0
15454,1,1,0.1389764017130414,0,0.12793703,0
15455,0,0,0.10564151263215947,0,0.09873399,0
15456,0,1,0.1000175868499134,0,0.106753394,0
15457,0,1,0.19283301615156,0,0.19652595,0
15458,0,1,0.15775270215055595,0,0.15915132,0
15459,0,0,0.11959816268656563,0,0.10580345,0
15460,0,1,0.09095565898524352,0,0.09017212,0
15461,0,0,0.12799687884294236,0,0.1341307,0
15462,1,1,0.14019871571292508,0,0.25828952,0
15463,0,1,0.0833833145570575,0,0.07415895,0
15464,0,1,0.16844893456831742,0,0.13630453,0
15465,1,1,0.09980663673054982,0,0.07114325,0
15466,0,1,0.14323852663160364,0,0.09939376,0
15467,0,1,0.09880985161608871,0,0.09400289,0
15468,0,0,0.11332540517462344,0,0.093321316,0
15469,0,1,0.1554245578097637,0,0.18176636,0
15470,0,0,0.1614274422817858,0,0.14034411,0
15471,1,1,0.13134152134220786,0,0.16528003,0
15472,0,1,0.10271924318500265,0,0.11375949,0
15473,1,1,0.21023560446246947,0,0.19203043,0
15474,0,1,0.12633275795125956,0,0.10375362,0
15475,0,1,0.21543155403436204,0,0.3739172,0
15476,0,1,0.06919768517225547,0,0.054059595,0
15477,1,0,0.3272383517110017,0,0.33361256,0
15478,0,1,0.14755474410810432,0,0.12010247,0
15479,0,0,0.18432330366996863,0,0.21430619,0
15480,0,1,0.08274659555262488,0,0.11922072,0
15481,0,1,0.14990865032814144,0,0.1764375,0
15482,0,0,0.09319890449031498,0,0.0974288,0
15483,0,1,0.12172265132932034,0,0.11813,0
15484,0,1,0.12169962385678604,0,0.11419305,0
15485,0,1,0.06687239884531594,0,0.07108017,0
15486,0,0,0.0990078230138462,0,0.07648079,0
15487,0,0,0.13326569141680988,0,0.1841066,0
15488,0,1,0.08691215958330833,0,0.12787218,0
15489,0,1,0.10404460295054328,0,0.08273546,0
15490,0,1,0.16182919658033817,0,0.210747,0
15491,1,0,0.12720851446037817,0,0.11977398,0
15492,0,1,0.11800851634767011,0,0.1271312,0
15493,0,0,0.2579638235641862,0,0.3020138,0
15494,0,1,0.13262681128611012,0,0.16364576,0
15495,0,1,0.11024448666252036,0,0.089886,0
15496,0,1,0.1265187728171162,0,0.14190763,0
15497,0,1,0.083384909949949,0,0.07365523,0
15498,0,1,0.08003899164762159,0,0.07912509,0
15499,0,1,0.08570187770478402,0,0.09227685,0
15500,0,1,0.1340464737881624,0,0.13459669,0
15501,1,1,0.16622346432805488,0,0.17287402,0
15502,0,1,0.10042795342110489,0,0.14912872,0
15503,0,1,0.13355505236525,0,0.1550992,0
15504,0,0,0.22277781082004222,0,0.1928958,0
15505,0,0,0.22337027281095972,0,0.22467463,0
15506,1,1,0.09343628275789714,0,0.09635981,0
15507,0,1,0.1494746600585836,0,0.14236341,0
15508,0,1,0.18294334437731918,0,0.2568159,0
15509,1,1,0.13848799908646134,0,0.13084541,0
15510,0,1,0.08917013103916266,0,0.09543905,0
15511,0,0,0.05926172077309238,0,0.031819485,0
15512,1,1,0.17755123552883542,0,0.17644829,0
15513,0,0,0.07707558956094217,0,0.052002035,0
15514,0,1,0.08558928782500812,0,0.07785921,0
15515,1,1,0.1219970179182696,0,0.11861921,0
15516,0,1,0.2340586073995863,0,0.2899299,0
15517,0,1,0.13229094469179714,0,0.14790495,0
15518,1,0,0.12573456994838114,0,0.12565185,0
15519,0,0,0.2299974233816971,0,0.25796044,0
15520,0,0,0.3353916604855193,0,0.28090996,0
15521,0,1,0.10141535196007763,0,0.08669768,0
15522,0,1,0.30409838509984494,0,0.37819344,0
15523,0,1,0.07036541865764001,0,0.049610533,0
15524,1,1,0.2549593171206179,0,0.17209356,0
15525,1,1,0.09873316830420717,0,0.08103736,0
15526,1,1,0.1835685577960256,0,0.18632337,0
15527,0,0,0.07037366702203932,0,0.04798253,0
15528,0,1,0.12290446737633465,0,0.14305083,0
15529,0,1,0.17609168339696035,0,0.10785686,0
15530,0,0,0.14645115896610103,0,0.11761655,0
15531,0,1,0.11446072908020183,0,0.115718625,0
15532,0,1,0.10230261863241923,0,0.11880419,0
15533,0,0,0.1349655998444176,0,0.16752367,0
15534,0,0,0.16904358203351186,0,0.2282122,0
15535,0,1,0.09424749974506043,0,0.07922145,0
15536,0,0,0.2817750092419162,0,0.33870447,0
15537,0,1,0.14321840859796173,0,0.14507401,0
15538,0,1,0.1601436383754528,0,0.17637785,0
15539,0,0,0.15840781783302177,0,0.21638992,0
15540,0,1,0.14023153760231635,0,0.10812153,0
15541,0,1,0.10219864780887995,0,0.06378226,0
15542,0,0,0.1376320988753425,0,0.16015689,0
15543,1,1,0.13326262879607706,0,0.1841066,0
15544,0,1,0.15227084243603176,0,0.15731442,0
15545,0,1,0.2532987235667512,0,0.23943055,0
15546,0,1,0.2027186631503883,0,0.20868634,0
15547,0,1,0.10701163608088204,0,0.15330844,0
15548,0,1,0.26982859732651476,0,0.22599946,0
15549,1,1,0.22019434351299585,0,0.18058418,0
15550,0,1,0.11528199639104358,0,0.13674751,0
15551,0,0,0.10184089313405496,0,0.0979687,0
15552,0,1,0.18082529876570913,0,0.19179036,0
15553,0,1,0.19676159091028325,0,0.21382234,0
15554,0,1,0.15004104527940307,0,0.17174922,0
15555,1,1,0.1658734988788225,0,0.16579215,0
15556,0,0,0.2284107032534808,0,0.22920273,0
15557,0,1,0.1532675535956151,0,0.1632025,0
15558,0,0,0.12288458775866071,0,0.09781142,0
15559,0,1,0.17717325058627825,0,0.19539177,0
15560,0,1,0.11044034875461692,0,0.12273892,0
15561,1,1,0.19263913519718476,0,0.18729456,0
15562,1,1,0.24680894029674919,0,0.2573097,0
15563,0,0,0.0577577902872652,0,0.027733441,0
15564,0,0,0.11294689552201986,0,0.11699706,0
15565,0,1,0.20221296638554792,0,0.15568204,0
15566,0,1,0.11524178592663906,0,0.09140315,0
15567,0,1,0.11930752805285179,0,0.12010678,0
15568,0,1,0.0794113020667733,0,0.08908552,0
15569,0,1,0.06912838708527272,0,0.0435886,0
15570,0,1,0.16215280128905146,0,0.15433751,0
15571,0,0,0.08319461411537198,0,0.09239842,0
15572,0,1,0.19609904643373346,0,0.2011042,0
15573,0,1,0.06863646650775151,0,0.048413515,0
15574,0,1,0.10958012139787895,0,0.10366317,0
15575,0,1,0.1447605365211836,0,0.14352119,0
15576,0,0,0.20530649747956853,0,0.23642424,0
15577,0,1,0.06481717170250337,0,0.03674057,0
15578,0,0,0.13028995094406937,0,0.12953025,0
15579,0,1,0.13026245658636829,0,0.124297746,0
15580,0,0,0.1746372004957188,0,0.19121704,0
15581,0,1,0.14314027110786834,0,0.13380621,0
15582,0,1,0.11426096693777615,0,0.14183871,0
15583,0,0,0.24898460034004508,0,0.2242337,0
15584,1,1,0.33590605864082734,0,0.36016247,0
15585,0,0,0.14608901310388248,0,0.13224594,0
15586,1,1,0.11995547100518412,0,0.14098933,0
15587,0,1,0.13532619502359614,0,0.17702623,0
15588,0,1,0.20177212735109978,0,0.29719943,0
15589,1,1,0.24682984699914928,0,0.22670071,0
15590,1,1,0.19215630333731792,0,0.18107043,0
15591,0,0,0.24154374212446122,0,0.23867981,0
15592,0,1,0.09705685443098876,0,0.086503886,0
15593,0,1,0.19233918003243405,0,0.20682576,0
15594,0,1,0.07387549539152032,0,0.042852037,0
15595,0,1,0.1413169753010352,0,0.12933022,0
15596,0,0,0.10475406627242118,0,0.067489065,0
15597,0,1,0.12276569989725276,0,0.12160427,0
15598,0,1,0.12169030759450103,0,0.086991355,0
15599,0,1,0.13297939956343105,0,0.09394102,0
15600,0,1,0.13856590063761978,0,0.10751549,0
15601,0,0,0.08350617626403578,0,0.09167029,0
15602,0,1,0.14553798242312596,0,0.1290428,0
15603,0,0,0.1855272406230981,0,0.18960421,0
15604,0,0,0.12704777454108374,0,0.11208979,0
15605,0,0,0.1861592093884002,0,0.16323653,0
15606,0,0,0.15926864065510343,0,0.17495857,0
15607,1,1,0.1478861059377426,0,0.14429124,0
15608,0,1,0.22692765173854323,0,0.21247612,0
15609,0,1,0.17230280719470947,0,0.15222254,0
15610,0,1,0.1898355723429026,0,0.19189756,0
15611,0,0,0.09688639700399085,0,0.107919216,0
15612,0,1,0.08106384197864362,0,0.056459848,0
15613,0,1,0.2581376014790886,0,0.24676354,0
15614,0,1,0.2148828518383267,0,0.18665053,0
15615,0,1,0.07970291732368594,0,0.055350415,0
15616,0,1,0.11397418700126237,0,0.10914956,0
15617,1,1,0.1448542001283469,0,0.17898902,0
15618,0,1,0.15456418573588074,0,0.13642673,0
15619,0,1,0.15836462458945996,0,0.18365945,0
15620,1,1,0.12987882681487817,0,0.17665756,0
15621,1,1,0.09577197466923759,0,0.11403068,0
15622,0,1,0.18451827006053825,0,0.15889683,0
15623,0,1,0.18079972889935425,0,0.2002939,0
15624,0,0,0.11993832612351647,0,0.06898948,0
15625,0,0,0.0706879946327172,0,0.04225496,0
15626,0,1,0.14983908453568537,0,0.1612551,0
15627,0,1,0.14397735856424437,0,0.15167104,0
15628,0,1,0.17091326858254532,0,0.20574377,0
15629,0,1,0.10350944202530872,0,0.098902896,0
15630,0,1,0.10177764608444531,0,0.09016582,0
15631,1,1,0.19553381606159173,0,0.20697565,0
15632,0,1,0.08106993581303397,0,0.055569958,0
15633,0,1,0.17642027189084977,0,0.15093417,0
15634,1,1,0.1403472931120307,0,0.12872393,0
15635,0,1,0.13769450725346055,0,0.0977642,0
15636,1,0,0.12644274756855975,0,0.13434502,0
15637,1,0,0.1302933388027657,0,0.15938936,0
15638,0,1,0.17296111405879844,0,0.17042194,0
15639,0,0,0.06806149801310285,0,0.040583003,0
15640,0,1,0.15835236773614764,0,0.1381959,0
15641,1,1,0.09093331824600845,0,0.08329629,0
15642,0,1,0.15302889024853022,0,0.10673266,0
15643,1,1,0.11441121304061959,0,0.12233623,0
15644,1,1,0.1695047607683389,0,0.17335752,0
15645,0,0,0.0750579328655539,0,0.09407473,0
15646,0,1,0.11659520563256434,0,0.22918288,0
15647,1,1,0.17582953201546958,0,0.13923109,0
15648,0,1,0.11982225567447477,0,0.12005195,0
15649,1,0,0.16242368641033345,0,0.14675796,0
15650,0,0,0.13607244649889447,0,0.20205823,0
15651,0,1,0.09183568643293367,0,0.09504979,0
15652,0,1,0.14589732713168926,0,0.14288469,0
15653,0,0,0.16150860775932127,0,0.11936778,0
15654,1,1,0.11900105382378187,0,0.09437734,0
15655,0,1,0.14545343769435495,0,0.14903107,0
15656,0,1,0.05752616178100699,0,0.04995006,0
15657,0,1,0.1517016047536834,0,0.16023016,0
15658,0,0,0.13965089544122852,0,0.1620322,0
15659,0,0,0.13720732831041144,0,0.18962932,0
15660,0,0,0.1792181503847382,0,0.1989003,0
15661,0,1,0.14198607340758895,0,0.14572604,0
15662,1,1,0.21056813725912663,0,0.19779773,0
15663,0,1,0.09695118903756879,0,0.08272804,0
15664,0,1,0.09692443776269437,0,0.119584545,0
15665,0,0,0.14929123604448413,0,0.18866609,0
15666,1,1,0.17422205598062399,0,0.16859414,0
15667,0,0,0.20530684467615212,0,0.23834392,0
15668,0,1,0.11662511944078478,0,0.12582463,0
15669,1,1,0.07927567934840718,0,0.061560906,0
15670,1,1,0.376679617204472,0,0.33435246,0
15671,0,1,0.1204560813766046,0,0.14340268,0
15672,0,0,0.20287846189651254,0,0.2763126,0
15673,0,1,0.28025776802756314,0,0.24951208,0
15674,0,1,0.09469257997437865,0,0.08195867,0
15675,0,0,0.1702650045921554,0,0.17052288,0
15676,1,1,0.2328206578490278,0,0.19727442,0
15677,0,0,0.21547321699418287,0,0.10786473,0
15678,0,0,0.20501211194239247,0,0.18223464,0
15679,0,1,0.13979448322884788,0,0.15954494,0
15680,0,0,0.12926343220229028,0,0.14210285,0
15681,0,0,0.21877229346953034,0,0.24505746,0
15682,0,0,0.10390352426641085,0,0.12068118,0
15683,0,0,0.12174923048209454,0,0.117625006,0
15684,0,1,0.2027487998788996,0,0.16671908,0
15685,0,1,0.1555301404046014,0,0.15027237,0
15686,0,1,0.08837979135096785,0,0.07400903,0
15687,0,1,0.0689549553016426,0,0.044010814,0
15688,0,1,0.09010119326128749,0,0.08167303,0
15689,0,1,0.11662511944078478,0,0.12582463,0
15690,0,1,0.08194153698248764,0,0.06396189,0
15691,0,0,0.1652564061627403,0,0.1775495,0
15692,0,0,0.16096303542976492,0,0.14659959,0
15693,0,1,0.0833857076568003,0,0.07365523,0
15694,0,0,0.18506627108394497,0,0.182491,0
15695,0,1,0.147306478931126,0,0.16457984,0
15696,0,0,0.20102851127543284,0,0.19550622,0
15697,0,1,0.15565597544309212,0,0.1819884,0
15698,0,1,0.07105604425364657,0,0.06497732,0
15699,0,1,0.15809380732692274,0,0.13485016,0
15700,0,0,0.15704062925446977,0,0.17621164,0
15701,0,1,0.12154551724879964,0,0.13839754,0
15702,0,1,0.12031574238907568,0,0.15569198,0
15703,0,0,0.15888778470590717,0,0.14934653,0
15704,0,0,0.1898938420786941,0,0.20320559,0
15705,0,1,0.0671196895225202,0,0.05274663,0
15706,1,1,0.08648826884923942,0,0.07636687,0
15707,0,1,0.159692590227721,0,0.13909394,0
15708,0,0,0.20983019703227004,0,0.20020264,0
15709,0,1,0.19573580498436488,0,0.19127962,0
15710,0,1,0.16458205439984774,0,0.13664697,0
15711,0,1,0.24167440420423664,0,0.19402367,0
15712,0,1,0.11365586503567901,0,0.1223191,0
15713,0,1,0.09102812545864578,0,0.092585355,0
15714,0,0,0.1451048852331565,0,0.16220401,0
15715,0,1,0.12727138865326323,0,0.14470476,0
15716,0,1,0.10407203643071099,0,0.10653903,0
15717,0,1,0.17652109318499196,0,0.14333193,0
15718,0,1,0.11847731934062244,0,0.104746476,0
15719,0,0,0.09934219259111737,0,0.097838186,0
15720,0,1,0.14459442041394574,0,0.15335374,0
15721,0,1,0.1436625054245751,0,0.12990604,0
15722,1,1,0.13020269034424214,0,0.12259897,0
15723,0,1,0.10401447287507157,0,0.071826324,0
15724,0,1,0.10137134727338139,0,0.097062096,0
15725,0,1,0.211752014431935,0,0.2456948,0
15726,0,0,0.1456872566192838,0,0.16906062,0
15727,0,1,0.1325508455915771,0,0.32965395,0
15728,0,1,0.1557061780481578,0,0.16723934,0
15729,0,1,0.06806360927569159,0,0.055837292,0
15730,0,0,0.09055837172219867,0,0.07978509,0
15731,0,1,0.21323819352640502,0,0.1462467,0
15732,1,0,0.21017033724829587,0,0.22644775,0
15733,0,0,0.1205171495400518,0,0.12027426,0
15734,0,0,0.16357800052973895,0,0.14390826,0
15735,0,0,0.08371106952760328,0,0.091504775,0
15736,0,1,0.22444315818776767,0,0.20937797,0
15737,1,0,0.15601880550290578,0,0.15855643,0
15738,0,1,0.2623843750704196,0,0.25518706,0
15739,0,0,0.41059228536312153,0,0.08459053,0
15740,0,0,0.10150164739300338,0,0.10715285,0
15741,0,0,0.12487859698799333,0,0.10967285,0
15742,1,1,0.19434921052899065,0,0.19308466,0
15743,0,1,0.18502405709873593,0,0.2593869,0
15744,0,1,0.0920109853879542,0,0.09085207,0
15745,0,1,0.16094089390570507,0,0.17453647,0
15746,1,1,0.16197846768293706,0,0.16491246,0
15747,0,1,0.18023562524744435,0,0.15291375,0
15748,0,1,0.13018793245294552,0,0.11017003,0
15749,0,0,0.06982689714500143,0,0.10631556,0
15750,0,1,0.2724590408619666,0,0.2948619,0
15751,0,1,0.09319167635632407,0,0.074863896,0
15752,0,0,0.18278886673170297,0,0.24920923,0
15753,0,1,0.17913300774770669,0,0.18011075,0
15754,0,1,0.06638581241755506,0,0.065984406,0
15755,1,0,0.20899797363915704,0,0.15609515,0
15756,0,1,0.1356862327743447,0,0.15941665,0
15757,0,0,0.1549100397197561,0,0.15674628,0
15758,0,0,0.05931385701895909,0,0.03746682,0
15759,0,1,0.12605475882393047,0,0.11759828,0
15760,1,1,0.1685349422932269,0,0.24396518,0
15761,0,0,0.18082120761684992,0,0.13347505,0
15762,0,1,0.07443004406876014,0,0.06527938,0
15763,0,1,0.110432276042567,0,0.15796475,0
15764,0,1,0.35842434732811834,0,0.3261826,0
15765,0,1,0.08100758830338833,0,0.06209986,0
15766,0,0,0.18367107022549875,0,0.22739981,0
15767,0,0,0.06638441381699565,0,0.065984406,0
15768,0,0,0.15935844165205493,0,0.17729433,0
15769,0,1,0.19330815917994756,0,0.17597228,0
15770,0,1,0.10892941459762528,0,0.122779116,0
15771,0,0,0.170652405927988,0,0.15505266,0
15772,0,1,0.10512309279465051,0,0.11641843,0
15773,0,0,0.10811329086616642,0,0.100956045,0
15774,0,0,0.13261502576642265,0,0.1295195,0
15775,0,0,0.128226962233538,0,0.18395282,0
15776,0,0,0.16447330218753917,0,0.17326565,0
15777,0,1,0.1837845121529027,0,0.14545864,0
15778,0,1,0.09904063421100809,0,0.08370601,0
15779,0,1,0.22858422335818518,0,0.24583384,0
15780,0,0,0.12036253275043152,0,0.18539943,0
15781,0,1,0.15163391805678303,0,0.1596098,0
15782,0,0,0.13936723418940064,0,0.14254309,0
15783,0,1,0.1431398688123513,0,0.17932236,0
15784,0,0,0.17459290710686468,0,0.1651288,0
15785,0,0,0.26958833888417316,0,0.22685279,0
15786,0,1,0.14351879518698588,0,0.13521384,0
15787,0,1,0.1353709393874737,0,0.14317359,0
15788,0,1,0.12454946030355747,0,0.14350939,0
15789,0,0,0.09069469084008105,0,0.091407284,0
15790,0,1,0.11357969836491591,0,0.1117821,0
15791,0,0,0.14589381980771599,0,0.22034867,0
15792,0,1,0.05636600735460974,0,0.071918234,0
15793,0,0,0.21225527749287768,0,0.2729482,0
15794,0,0,0.325421202841533,0,0.29914066,0
15795,0,1,0.18128119108193552,0,0.16901727,0
15796,0,1,0.2710669426152092,0,0.2511231,0
15797,0,1,0.2045497387718454,0,0.2094261,0
15798,0,1,0.2619247184927926,0,0.24891295,0
15799,0,1,0.08106157265739772,0,0.057584867,0
15800,0,1,0.08941872680157369,0,0.1006514,0
15801,0,1,0.13823099117070714,0,0.14619078,0
15802,0,1,0.3169209591870128,0,0.25670022,0
15803,1,1,0.13013357690859612,0,0.14485413,0
15804,0,0,0.12450108818813553,0,0.1232014,0
15805,0,0,0.14764595790727006,0,0.312582,0
15806,0,1,0.17506286264288107,0,0.21300922,0
15807,0,1,0.12946220347882423,0,0.13725024,0
15808,0,1,0.11427093613462955,0,0.1486407,0
15809,0,1,0.26840255277917735,0,0.2578321,0
15810,0,1,0.16505894777514343,0,0.14796229,0
15811,0,0,0.0933388859831831,0,0.11327228,0
15812,0,0,0.07244632935156461,0,0.05259779,0
15813,1,0,0.1770262059244619,0,0.15050167,0
15814,0,1,0.1980694317683519,0,0.26247644,0
15815,0,0,0.06376223205493271,0,0.04064027,0
15816,0,1,0.17452255321990018,0,0.19053134,0
15817,0,0,0.2013831726950895,0,0.20629004,0
15818,0,0,0.18113915520917928,0,0.15962781,0
15819,1,1,0.06779137042818616,0,0.084597275,0
15820,0,1,0.15207250557607216,0,0.1439565,0
15821,0,1,0.17875487856348446,0,0.19864427,0
15822,0,0,0.1759730260534364,0,0.18142118,0
15823,0,0,0.11643878389198588,0,0.16863646,0
15824,0,1,0.144192622119336,0,0.1534796,0
15825,0,1,0.16212436795968455,0,0.15612131,0
15826,0,0,0.20971638512420926,0,0.17466389,0
15827,0,1,0.08059581657883733,0,0.06588814,0
15828,0,0,0.10563980021062484,0,0.13356341,0
15829,0,1,0.1271521699338763,0,0.11973622,0
15830,0,0,0.11034497459251806,0,0.12350896,0
15831,0,0,0.09973018815430801,0,0.06203216,0
15832,0,1,0.15281230925646494,0,0.17888099,0
15833,0,0,0.07628024744265545,0,0.072836325,0
15834,0,1,0.09369902801316436,0,0.10206139,0
15835,0,1,0.15223582572573452,0,0.16257295,0
15836,0,1,0.15069551380116109,0,0.17632209,0
15837,0,0,0.12284789579873533,0,0.12581863,0
15838,1,0,0.08648826884923942,0,0.07636687,0
15839,0,1,0.1299557922217395,0,0.123493366,0
15840,0,1,0.17215353876641945,0,0.2193815,0
15841,0,0,0.17673405865568334,0,0.14082426,0
15842,0,0,0.13526743554283593,0,0.12719877,0
15843,0,1,0.1394933308632973,0,0.12884174,0
15844,0,1,0.1601436383754528,0,0.17637785,0
15845,0,1,0.08432525828867914,0,0.07022085,0
15846,0,1,0.26275449183652233,0,0.24956344,0
15847,0,0,0.09357585882791544,0,0.08051151,0
15848,0,0,0.1689215797358874,0,0.152772,0
15849,0,1,0.12714793541958933,0,0.10825343,0
15850,0,0,0.07709955108398076,0,0.057896327,0
15851,0,1,0.11442841947447896,0,0.12233623,0
15852,0,1,0.1532805860672907,0,0.16872871,0
15853,1,1,0.08553804060682225,0,0.081528895,0
15854,0,1,0.20521975918113133,0,0.19123596,0
15855,0,1,0.1708412409096327,0,0.19677077,0
15856,0,1,0.11992548818100739,0,0.12725602,0
15857,1,1,0.24828600165671053,0,0.24574457,0
15858,0,1,0.1971833841508698,0,0.17428479,0
15859,0,1,0.1026217705790137,0,0.12962596,0
15860,0,1,0.19500123827977997,0,0.17954372,0
15861,0,1,0.09339874292272134,0,0.08486654,0
15862,0,1,0.19688206008945514,0,0.20181581,0
15863,0,0,0.13286239945400008,0,0.12982588,0
15864,0,1,0.16254415632251917,0,0.13071807,0
15865,0,1,0.12553246042762328,0,0.1327557,0
15866,0,0,0.16287375998956116,0,0.20610356,0
15867,0,1,0.06349696361175043,0,0.059986025,0
15868,1,1,0.16580149118848544,0,0.13601997,0
15869,0,0,0.06955140753587774,0,0.04971764,0
15870,0,0,0.06349696361175043,0,0.059986025,0
15871,0,1,0.10007767741801547,0,0.11203379,0
15872,0,1,0.1451533899081531,0,0.12414323,0
15873,0,0,0.28250572740253804,0,0.2730678,0
15874,0,1,0.1848831931936626,0,0.18896376,0
15875,0,0,0.13927539825406338,0,0.14492173,0
15876,0,1,0.15041555007615334,0,0.14307472,0
15877,0,1,0.18699312909819152,0,0.25441664,0
15878,0,1,0.13895780159201418,0,0.121782325,0
15879,0,1,0.16719849381266555,0,0.15833546,0
15880,0,1,0.23136013108609,0,0.2363904,0
15881,0,1,0.21877668059168773,0,0.24505746,0
15882,0,0,0.10934326820305673,0,0.10441905,0
15883,0,0,0.10155334115214058,0,0.08237697,0
15884,1,1,0.09357585882791544,0,0.08051151,0
15885,0,1,0.1520768808825398,0,0.1824103,0
15886,1,1,0.3235301832994383,0,0.2644135,0
15887,0,0,0.17002571861584978,0,0.1917169,0
15888,1,1,0.2176966989822206,0,0.16878171,0
15889,0,0,0.05217437541774656,0,0.04079354,0
15890,0,1,0.1383092974457622,0,0.15104061,0
15891,0,0,0.105640659807167,0,0.09873399,0
15892,0,0,0.1940381500727795,0,0.21894392,0
15893,0,0,0.11529616398124794,0,0.12310338,0
15894,0,1,0.1062017272441753,0,0.07955184,0
15895,0,0,0.113167191118398,0,0.09136306,0
15896,0,1,0.07818829767058157,0,0.0807167,0
15897,0,1,0.16545679928959495,0,0.120722145,0
15898,0,0,0.10576621126560669,0,0.13256317,0
15899,0,1,0.22197581636648628,0,0.21763702,0
15900,0,1,0.11911854160089887,0,0.09269451,0
15901,0,0,0.12265421060610386,0,0.18351273,0
15902,0,1,0.12633275795125956,0,0.10375362,0
15903,1,1,0.13548863614377496,0,0.14323786,0
15904,0,1,0.17822088982594034,0,0.20281099,0
15905,0,0,0.10238577786618623,0,0.09037556,0
15906,0,1,0.1507183761778906,0,0.14642245,0
15907,0,0,0.16010579913936204,0,0.15837553,0
15908,0,1,0.0674857203733716,0,0.0506623,0
15909,0,0,0.17217631866895786,0,0.19755371,0
15910,0,1,0.15257323142272913,0,0.16296838,0
15911,0,0,0.09521617291800073,0,0.09015161,0
15912,0,0,0.08466855834066224,0,0.06791773,0
15913,0,1,0.11853279300669023,0,0.13513863,0
15914,0,0,0.11706713983173499,0,0.12730801,0
15915,0,1,0.06752645348469263,0,0.058378834,0
15916,0,0,0.22988090223851596,0,0.19225693,0
15917,0,0,0.07064823338891968,0,0.044527657,0
15918,0,1,0.16380806954161442,0,0.2182977,0
15919,0,0,0.14255107214184806,0,0.18581504,0
15920,0,1,0.06738614996863451,0,0.060428355,0
15921,0,1,0.2581791580309492,0,0.24694034,0
15922,0,1,0.19278907145844662,0,0.19320977,0
15923,0,0,0.08566035603374046,0,0.09677684,0
15924,0,0,0.08224778833734761,0,0.07168088,0
15925,0,1,0.1692999512094191,0,0.16061814,0
15926,0,0,0.09073645068048086,0,0.097867146,0
15927,0,1,0.12905837618080454,0,0.13637424,0
15928,0,0,0.16153482912154674,0,0.15702643,0
15929,0,1,0.17546894537482857,0,0.17696558,0
15930,0,0,0.10630844774530349,0,0.08713086,0
15931,0,1,0.08056804694933205,0,0.07422675,0
15932,0,1,0.10166223312411954,0,0.09222148,0
15933,0,0,0.10103147071120858,0,0.096905604,0
15934,0,1,0.11468229208563765,0,0.17645092,0
15935,0,1,0.11668441584585247,0,0.11359472,0
15936,0,1,0.14993759682787675,0,0.1688949,0
15937,0,0,0.10137134727338139,0,0.097062096,0
15938,0,0,0.09435209988966835,0,0.12622696,0
15939,0,1,0.15471248080344968,0,0.16081521,0
15940,0,1,0.12925500718917862,0,0.1339859,0
15941,0,1,0.18428573178349225,0,0.19906132,0
15942,0,1,0.21826927891654635,0,0.18711446,0
15943,0,1,0.17498372637268306,0,0.18566386,0
15944,0,1,0.09319890449031498,0,0.0974288,0
15945,0,1,0.09361438594953181,0,0.09888368,0
15946,0,1,0.07096293129112907,0,0.04786113,0
15947,0,0,0.19330815917994756,0,0.17597228,0
15948,0,1,0.12910749092729212,0,0.14931819,0
15949,1,0,0.08516987025648756,0,0.102459796,0
15950,1,1,0.24852339529964976,0,0.22411413,0
15951,0,1,0.09357585882791544,0,0.08051151,0
15952,0,1,0.11662551072782663,0,0.10358267,0
15953,0,0,0.23297607858196887,0,0.21514194,0
15954,1,1,0.13644632970741208,0,0.15349914,0
15955,0,0,0.13372607687484483,0,0.14390273,0
15956,0,1,0.08445919916529013,0,0.08265176,0
15957,1,1,0.19556308188033436,0,0.20280635,0
15958,0,1,0.16851020762329239,0,0.15778387,0
15959,1,1,0.0976880013958837,0,0.12324742,0
15960,0,1,0.0688524897439504,0,0.049580384,0
15961,0,1,0.21902523586926906,0,0.28816617,0
15962,0,1,0.07324523639299937,0,0.06995562,0
15963,1,1,0.2003554587995319,0,0.24256003,0
15964,0,1,0.09630973352267723,0,0.095027566,0
15965,0,1,0.09438076964236529,0,0.089554064,0
15966,1,1,0.10612711463434621,0,0.107391626,0
15967,0,1,0.05934408234807612,0,0.0530198,0
15968,0,0,0.12002603745153527,0,0.1239012,0
15969,0,0,0.18422255992531972,0,0.20528893,0
15970,1,1,0.10626667513652151,0,0.091335885,0
15971,0,1,0.1296722921733319,0,0.14550054,0
15972,0,0,0.15868422582794273,0,0.18318741,0
15973,0,1,0.18837977608882966,0,0.15992337,0
15974,0,0,0.23687173658011654,0,0.26932988,0
15975,0,0,0.08174678246118164,0,0.066797286,0
15976,0,1,0.07362198738611708,0,0.051142056,0
15977,1,0,0.10033528638692721,0,0.05225899,0
15978,0,1,0.12594842744925996,0,0.12972957,0
15979,0,0,0.14648744256780716,0,0.13152458,0
15980,0,1,0.06858051689577037,0,0.07278625,0
15981,1,1,0.07257470164532702,0,0.06200299,0
15982,0,1,0.15405122401855365,0,0.1680988,0
15983,0,1,0.16374659671981964,0,0.35164145,0
15984,0,1,0.08054410423379343,0,0.080880366,0
15985,0,0,0.12288068012086525,0,0.09851775,0
15986,1,1,0.28724406585321005,0,0.2897418,0
15987,0,1,0.16292049407795356,0,0.20610356,0
15988,1,1,0.10808270758876547,0,0.11897447,0
15989,0,1,0.10659581925248855,0,0.10285326,0
15990,0,0,0.13625012398599545,0,0.13687235,0
15991,0,0,0.06893282771577705,0,0.066515654,0
15992,0,1,0.06216978857542504,0,0.027948128,0
15993,0,1,0.1077863784033036,0,0.13518332,0
15994,0,1,0.08566896285349224,0,0.08293637,0
15995,0,1,0.13063518663651597,0,0.1623739,0
15996,0,1,0.11503161511455876,0,0.13695948,0
15997,1,1,0.17832234046028936,0,0.23836893,0
15998,0,0,0.21983868366223053,0,0.19650047,0
15999,0,1,0.14239483839108638,0,0.15550324,0
