test_row_id,y_true,treatment,tau_hat_lr,tau_hat_xgb
0,0,0,0.03780483368969913,0.04516896605491638
1,0,1,0.0811620314131232,0.04954761266708374
2,0,1,0.05427515955717713,0.026555374264717102
3,1,0,0.06075307914006296,0.02078791707754135
4,1,1,0.07485386061754817,0.02394948899745941
5,0,1,0.1037905124475691,0.112921804189682
6,0,1,0.07795222371548016,0.051308974623680115
7,1,0,0.03912502602681274,0.017785198986530304
8,0,0,0.06251271120331356,0.0767117366194725
9,0,0,0.08696212276852741,0.11371470987796783
10,0,1,0.06852954751483133,0.019829213619232178
11,1,1,0.0735796925618398,0.032759398221969604
12,0,1,0.032140567566213495,0.04682416468858719
13,0,1,0.044382508698981596,0.08101744949817657
14,0,1,0.05666489451132263,0.12135404348373413
15,0,0,0.04674375762242565,0.0560418963432312
16,0,1,0.03842510483821891,0.030165236443281174
17,0,0,0.10058173144157634,0.1095937192440033
18,0,1,0.054701134357273695,0.09291568398475647
19,0,0,0.08138987356403857,0.0800371766090393
20,0,1,0.06753114607218534,0.0886823832988739
21,1,1,0.08043759387746297,0.046381011605262756
22,0,1,0.05176275014174299,0.0979129821062088
23,0,1,0.046303425717674276,0.025337621569633484
24,0,1,0.0541916698521093,0.037242189049720764
25,1,1,0.07943230940379573,0.05791619420051575
26,0,1,0.060409365188748856,0.08901245892047882
27,0,1,0.090918817008459,0.013738170266151428
28,0,0,0.08564010002217012,0.062197014689445496
29,1,1,0.040838113391883604,0.03997742384672165
30,0,1,0.07108496362965891,0.11716977506875992
31,0,1,0.036250053564696634,0.030257128179073334
32,0,1,0.08566647407695396,0.07400599122047424
33,1,1,0.09728865045504523,0.13493561744689941
34,0,1,0.03555151823914031,0.04718659445643425
35,1,1,0.04770739141845465,0.058225713670253754
36,0,1,0.05453989249133957,0.04420065879821777
37,1,1,0.10325774110891853,0.13640174269676208
38,0,0,0.047955444718945375,0.02061009407043457
39,0,1,0.05143402247137069,0.011669039726257324
40,0,0,0.09918748197825347,0.09496226906776428
41,0,1,0.06410073357034336,0.08848520368337631
42,0,1,0.059593848501663535,0.02549751102924347
43,0,1,0.07623615850120177,-0.0026081204414367676
44,0,0,0.0584447418713792,0.029526986181735992
45,0,1,0.09388876386504186,0.12249496579170227
46,0,1,0.04814400707396743,0.056916363537311554
47,0,0,0.026532872661672223,0.026926785707473755
48,1,0,0.07064263395093764,0.048576027154922485
49,0,1,0.03776355685339735,0.05068918317556381
50,1,1,0.07262544519177153,0.10223270207643509
51,0,1,0.10685854645362111,0.0546875
52,0,0,0.034949340687845554,0.06210152059793472
53,0,1,0.10021060353353181,0.11540274322032928
54,0,1,0.07459732322643176,0.04818889498710632
55,0,1,0.0388196321696545,0.062160346657037735
56,1,1,0.08827527556149398,0.14841854572296143
57,0,1,0.06872993768277495,0.04587841033935547
58,0,0,0.07078853331046187,0.04400257766246796
59,0,1,0.08879878457089477,0.03987419605255127
60,0,1,0.04163929073589223,0.041970569640398026
61,0,0,0.044071335950392906,0.06183086335659027
62,0,1,0.03868343229193979,0.05197557434439659
63,0,1,0.05500267787255081,0.07962115108966827
64,0,1,0.062485605239882794,0.022130087018013
65,0,0,0.028404951521976862,0.028759347274899483
66,0,0,0.07467710719284867,0.06933952867984772
67,0,0,0.05167996310637124,0.085149846971035
68,1,1,0.051717330387814675,0.10002455115318298
69,0,1,0.0801898450892746,0.1265629082918167
70,0,1,0.031115981347067292,0.05852208286523819
71,0,1,0.08094316133191401,0.06624710559844971
72,0,0,0.06073611518807877,0.0710870772600174
73,0,0,0.08007837497562162,0.012194380164146423
74,0,0,0.06664495448820634,0.11765281856060028
75,0,0,0.05686763732759878,0.08067061007022858
76,0,0,0.05530321087707718,0.018752701580524445
77,0,0,0.10014697201377715,0.12240332365036011
78,0,1,0.04449669137679432,0.036327991634607315
79,0,1,0.03780516310105874,0.028657563030719757
80,0,1,0.04125621866231856,0.07232506573200226
81,0,1,0.08878147197996808,0.034861356019973755
82,0,0,0.07218161176556928,0.010516032576560974
83,1,0,0.04238536627849236,0.09341146051883698
84,0,1,0.033934737180530986,0.032269082963466644
85,1,1,0.07508630605816352,0.047036707401275635
86,0,1,0.06059906627188259,0.16395139694213867
87,1,1,0.05903162896228456,0.09663022309541702
88,0,0,0.05194974005471835,0.08942581713199615
89,0,1,0.09303544964067817,0.08471231162548065
90,0,0,0.04369300043731528,0.055379047989845276
91,0,0,0.06195623094704819,0.05595087260007858
92,0,1,0.027616837410226018,0.02929203398525715
93,0,1,0.08598514011737218,0.03659053146839142
94,1,1,0.0733318646047742,0.005567029118537903
95,0,1,0.03594475360869134,0.06071949750185013
96,0,1,0.038792365982359585,0.07960228621959686
97,0,1,0.10457913963032955,0.09233419597148895
98,0,0,0.06801558583883834,0.1185896173119545
99,0,1,0.07330690357241784,0.04763999581336975
100,0,1,0.057041415295476475,0.0311322882771492
101,0,0,0.10257111272689057,0.02871108055114746
102,0,0,0.030415482349219397,0.035949159413576126
103,0,1,0.035460154881204776,0.17844021320343018
104,0,1,0.08587871492252691,0.1872977614402771
105,0,1,0.03763320393912936,0.08116666972637177
106,0,0,0.06140278815460379,0.05334169417619705
107,0,1,0.04167090692475951,0.04871515929698944
108,0,1,0.04898523465926666,0.024882696568965912
109,0,1,0.09226199341661567,0.08198478817939758
110,0,1,0.04736766374341342,0.025978602468967438
111,1,1,0.08103770217789322,0.01993371546268463
112,0,1,0.05243337262134119,0.0498909056186676
113,0,1,0.046401098972270405,0.03287927806377411
114,0,1,0.0960775191419739,0.07778576016426086
115,0,0,0.11041429796835575,0.06849128007888794
116,0,0,0.04979475090194385,0.04058869928121567
117,0,1,0.07755706133198709,0.07964356243610382
118,1,1,0.033202706713887434,0.043708138167858124
119,0,0,0.03656400507341816,0.07029503583908081
120,0,1,0.03471709365091962,0.019976552575826645
121,0,0,0.03203941394712215,0.04368159919977188
122,0,0,0.03981757467805143,0.03724359720945358
123,0,0,0.02899684268072803,0.03134489804506302
124,0,0,0.06474381108279782,0.0521649569272995
125,1,1,0.10471340832123097,0.02204069495201111
126,0,1,0.03430945921781175,0.07194102555513382
127,0,1,0.03050840424595331,0.057571277022361755
128,0,1,0.06566621274294365,0.13328740000724792
129,0,0,0.06377572288036659,0.03705015778541565
130,0,0,0.04868894432763311,0.058714430779218674
131,0,1,0.05774161153381567,0.07678811997175217
132,0,1,0.031766305818187,0.060404837131500244
133,0,1,0.03937280538142846,0.031409382820129395
134,0,0,0.07472233725435876,0.02999366819858551
135,0,1,0.0631725917437511,0.018634699285030365
136,1,1,0.04964514998147901,0.04409978538751602
137,1,1,0.05304430454701961,0.0871838629245758
138,0,0,0.06733658800264918,0.05257999897003174
139,0,0,0.045102189268643955,0.07041673362255096
140,1,0,0.07165392688733918,0.06923165917396545
141,1,1,0.08506654044938311,0.33246707916259766
142,1,1,0.0694802634800936,0.06195595860481262
143,0,1,0.0557393074329466,0.05749422311782837
144,0,1,0.0580209159279344,0.061246201395988464
145,0,1,0.06883623687224832,0.17177298665046692
146,0,1,0.05251971164030157,0.06141189485788345
147,0,0,0.058996504740169056,0.01775354892015457
148,0,0,0.07483932942342367,0.10161243379116058
149,0,0,0.10366260638486566,0.10329584777355194
150,0,0,0.07030273833136154,0.08904378116130829
151,0,1,0.036633075036708596,0.018778130412101746
152,0,0,0.06203647325745135,0.05362340062856674
153,0,0,0.041271757583708726,0.05033089593052864
154,0,1,0.05019965937988656,0.01596081256866455
155,0,0,0.05585011205155188,0.02904210239648819
156,0,1,0.029791356324265036,0.034581005573272705
157,0,0,0.06153812582054738,0.14657850563526154
158,0,1,0.05868841924691574,0.046439945697784424
159,0,0,0.042253816140408115,0.009281687438488007
160,0,1,0.026493890331745387,0.02747284807264805
161,0,1,0.03940863323756314,0.05026242509484291
162,0,1,0.031177399106197747,0.0473884642124176
163,0,0,0.06833980738511555,0.043056972324848175
164,0,1,0.06826171227625415,0.06148196756839752
165,0,0,0.06841190135770003,0.05677592754364014
166,0,1,0.052091921074849265,0.03127337992191315
167,0,1,0.051795550260163525,0.08263880759477615
168,0,1,0.07950433793695089,0.03466746211051941
169,0,0,0.04515848150764344,0.07882602512836456
170,0,0,0.05641016336375841,0.037536755204200745
171,0,0,0.05429648329636487,0.009922914206981659
172,0,0,0.047121840898777675,0.012533307075500488
173,0,1,0.06802656630180622,0.0849149227142334
174,0,1,0.04861163529128604,0.023799307644367218
175,0,0,0.058937233762391295,0.036757439374923706
176,1,1,0.03491627310129227,0.06246598809957504
177,0,0,0.06550933718406997,0.04753156006336212
178,0,1,0.04635201940512984,0.10010585933923721
179,0,1,0.05231255510011776,0.05505853146314621
180,0,1,0.05219626908208359,0.039663128554821014
181,1,1,0.07410493109058866,0.025140494108200073
182,1,0,0.05102551976046728,0.022045090794563293
183,0,1,0.03976096435310958,0.03663235902786255
184,0,1,0.05904645907592357,0.08888762444257736
185,0,1,0.0513250580123137,0.00911228358745575
186,1,1,0.04948689266373535,0.07708781957626343
187,0,1,0.07405978728475227,0.04776754975318909
188,0,0,0.04675930706611797,0.09602217376232147
189,1,1,0.11135891073979898,-0.005977749824523926
190,0,1,0.058430421757567436,0.05912603437900543
191,0,0,0.05352028578662754,0.03704719990491867
192,0,0,0.07038773577661812,0.09187914431095123
193,0,1,0.04092785510869354,0.007120393216609955
194,0,0,0.06770485096718613,0.013426810503005981
195,0,1,0.06214626195554969,0.08003406226634979
196,1,1,0.09941208588601325,0.08682312071323395
197,0,0,0.07611496351584299,0.1156884953379631
198,1,1,0.09320922282037464,0.11514230072498322
199,0,0,0.025706745266801903,0.03685762360692024
200,0,1,0.07284937217022969,0.10080806910991669
201,0,1,0.05302988312790595,0.14296098053455353
202,0,1,0.06149271817169036,0.056477539241313934
203,0,0,0.041190186359164355,0.07939299941062927
204,0,1,0.04363175747647148,0.03966248407959938
205,0,1,0.0501109890332023,0.07247207313776016
206,0,0,0.06802512960335522,0.03180692344903946
207,0,1,0.058834413444594544,0.08985135704278946
208,1,1,0.05094954828239372,0.08838702738285065
209,0,1,0.04377587423447035,0.08433008193969727
210,0,1,0.05603940862540854,0.04590149223804474
211,0,1,0.11038578881626052,0.06849128007888794
212,0,0,0.03478917769247592,0.054227933287620544
213,0,0,0.06912603500307102,0.04806244373321533
214,0,1,0.07167059687655761,0.11237453669309616
215,1,1,0.032201945934853524,0.03518715500831604
216,0,1,0.06482645213347842,0.044197410345077515
217,1,1,0.09208780209735543,0.08367244899272919
218,0,1,0.038514807423398675,0.038235604763031006
219,0,1,0.04208523083949535,0.05507264658808708
220,0,1,0.04140018855639169,0.026149563491344452
221,0,1,0.07444729750954815,0.04763999581336975
222,0,0,0.02701851734538282,0.03262431174516678
223,0,0,0.0390159455084757,0.05302071571350098
224,0,0,0.08587128271764796,0.0030242353677749634
225,0,1,0.07204342289323076,0.029230818152427673
226,0,1,0.07832963066385962,0.04675664007663727
227,0,0,0.030393527176195388,0.03604378178715706
228,1,1,0.05919145811005484,0.03255335986614227
229,0,1,0.10718312294139615,0.1261671930551529
230,0,1,0.06647237464752274,0.11464650928974152
231,0,0,0.03191382895900682,0.03834187611937523
232,0,1,0.07026982303120244,0.0948629155755043
233,0,1,0.04513298439074319,0.08560115844011307
234,0,0,0.050108283457836036,0.06678296625614166
235,1,1,0.07019471580936482,0.09160163998603821
236,0,0,0.05271470317025874,0.02059001475572586
237,1,1,0.05583790341414846,0.05572839081287384
238,1,1,0.03064136095417879,0.0437246672809124
239,0,1,0.06874406960154471,0.08251439779996872
240,0,1,0.028418381716497236,0.03879652917385101
241,0,0,0.04084716105304026,0.05235093832015991
242,0,1,0.04172858852728832,0.02967262640595436
243,1,0,0.10997367481585466,0.10206161439418793
244,0,0,0.0585821106262084,0.03190075606107712
245,0,1,0.07515291310853012,0.04230192303657532
246,0,1,0.049824697068668,0.020082049071788788
247,1,0,0.10955489304159013,0.020506292581558228
248,0,0,0.03997171057956138,0.030238144099712372
249,1,0,0.07514650000486142,0.04359430819749832
250,0,1,0.03225757935678348,0.03346111625432968
251,0,1,0.03042721026689603,0.03743656724691391
252,0,0,0.07832826700518547,0.0947992131114006
253,1,1,0.05203469592685861,0.027304276823997498
254,1,0,0.051410264313045004,0.07569625228643417
255,0,1,0.06544374524798993,0.05664736032485962
256,0,1,0.06296379969780079,0.05443325638771057
257,0,1,0.05820281255583294,0.03244604915380478
258,0,1,0.06539678282751983,0.07183540612459183
259,0,1,0.03610986630021703,0.038390371948480606
260,0,1,0.03349467297659584,0.030720222741365433
261,1,1,0.0778628132308444,0.06723469495773315
262,0,1,0.04871320938249192,0.06545202434062958
263,0,1,0.061251424408118205,0.09264452755451202
264,0,1,0.05634241937743048,0.07036101073026657
265,0,1,0.06209136131032132,0.02751922607421875
266,0,1,0.037626636388136514,0.058608219027519226
267,0,0,0.06416422085629647,0.033837445080280304
268,0,1,0.04359166541186685,0.046868085861206055
269,0,1,0.04766399587316347,0.040233075618743896
270,0,1,0.03683345152925398,0.0473315492272377
271,0,1,0.0471201639716243,0.04879545420408249
272,0,1,0.05631566814809108,0.0652768611907959
273,0,1,0.07534510834083766,0.10211885720491409
274,0,1,0.077404451638698,0.07869760692119598
275,0,1,0.056167147436747264,0.06818954646587372
276,0,1,0.08543031024209205,0.09847444295883179
277,0,1,0.08430640034635234,0.12692216038703918
278,1,0,0.0687257795172377,0.08502871543169022
279,0,1,0.048861405268852506,0.042373791337013245
280,0,1,0.07065814128878567,0.12946733832359314
281,0,0,0.06885256785292641,0.10349933058023453
282,0,0,0.05450712206287181,0.03462760150432587
283,0,0,0.05721063905465422,0.04000431299209595
284,0,1,0.05702547358683392,0.008052557706832886
285,1,1,0.06611880160064579,0.05222219228744507
286,0,1,0.07927413547893941,0.07542261481285095
287,1,1,0.12563334176371665,-0.022185713052749634
288,1,1,0.04147917608549731,0.08313795924186707
289,0,1,0.09573517261192924,0.10485763847827911
290,0,0,0.09871558671832772,0.11714471876621246
291,0,1,0.06693700442840855,0.04923076182603836
292,0,1,0.09826819952329457,0.09593155980110168
293,1,1,0.060802825388969764,0.08025995641946793
294,0,0,0.04612989587485407,0.05406135320663452
295,0,0,0.05360998756839286,0.03584592044353485
296,0,1,0.05686979326330174,0.0688219666481018
297,0,1,0.038107619501191604,0.07797566056251526
298,0,0,0.03550718410734857,0.038833536207675934
299,0,1,0.03836970249717288,0.05165107175707817
300,0,1,0.05088747034468706,0.09690622985363007
301,0,1,0.07555460612347664,0.0770644024014473
302,0,0,0.026512756551170726,0.021521393209695816
303,0,0,0.07562749262849192,0.07509401440620422
304,0,1,0.025692599279783096,0.0384511724114418
305,1,0,0.08220340792207145,0.06206969916820526
306,1,1,0.03725474708375228,0.0394916906952858
307,0,0,0.10702189990543648,0.07958292961120605
308,0,1,0.04747639640250853,0.06896480917930603
309,0,1,0.06302411350791552,0.08515573292970657
310,0,1,0.08588503702518802,0.20569171011447906
311,0,1,0.12214054698747495,0.007687866687774658
312,0,1,0.04217637310867206,-0.03855125606060028
313,0,0,0.07099128756923306,0.03828634321689606
314,0,1,0.051306106021390074,0.04257974028587341
315,1,1,0.050282979761573324,0.055474452674388885
316,0,0,0.0571412204297589,0.008253596723079681
317,0,1,0.08538993571329079,0.09649331867694855
318,1,1,0.09612779913934505,0.07072187960147858
319,0,1,0.06825198034953915,0.14428666234016418
320,0,0,0.05596864257320244,0.04348868131637573
321,0,1,0.051424572602729465,0.04168517142534256
322,0,1,0.05296571236434178,0.02923029661178589
323,0,1,0.07224634125131452,0.05922967195510864
324,1,0,0.04958752878934493,0.08475329726934433
325,0,0,0.08515794804593929,0.11826406419277191
326,0,1,0.0705800247127104,0.06761851161718369
327,1,0,0.05971722335841326,0.020900830626487732
328,0,0,0.06569215450726193,0.09779715538024902
329,0,1,0.10071603260888601,0.0461389422416687
330,0,0,0.07963889245634712,0.11581863462924957
331,0,0,0.049908154698524096,0.026333749294281006
332,0,1,0.07064263395093764,0.048576027154922485
333,0,0,0.03353958327556045,0.06887651234865189
334,0,0,0.04774563527197316,0.03168144077062607
335,0,1,0.03333290432631303,0.055580876767635345
336,0,0,0.0847624837135226,0.08683113008737564
337,0,1,0.051335665326204094,0.013272657990455627
338,0,1,0.0689714136999148,0.0492420569062233
339,0,0,0.0826692798289157,0.04658830165863037
340,0,1,0.042244958665264384,0.015880294144153595
341,0,1,0.039911325259851416,0.07736804336309433
342,0,1,0.05626269875683379,0.06870193779468536
343,0,1,0.054250991728934383,0.02572540193796158
344,0,1,0.061448619812005695,0.05133619159460068
345,1,1,0.03084176235894758,0.03995757922530174
346,1,1,0.036045102176311065,0.03271413594484329
347,1,1,0.04834415247328627,0.07267575711011887
348,0,0,0.08860046660761484,0.055626362562179565
349,1,1,0.053043407157133265,0.0871838629245758
350,0,0,0.09787226321320752,0.10937471687793732
351,0,1,0.06116817727221825,0.055346712470054626
352,0,0,0.07365560739559712,0.0591111034154892
353,0,0,0.053508145830604856,0.0316096693277359
354,0,1,0.0558779836834591,0.042742982506752014
355,1,1,0.04148723364140888,0.08326603472232819
356,0,0,0.05473202082189392,0.047068893909454346
357,1,1,0.04238616559751035,0.0031219646334648132
358,0,0,0.060287706546379244,0.02154049277305603
359,0,1,0.07442913925765249,0.06925275921821594
360,0,1,0.07808963758786874,0.06411474943161011
361,1,0,0.07058396464407081,0.048320457339286804
362,0,1,0.05671507358573452,0.029734060168266296
363,0,1,0.03462209327656323,0.03389887139201164
364,0,1,0.05703814068688408,0.03043954074382782
365,1,0,0.07321826662588096,0.07337963581085205
366,0,1,0.08715477309249667,0.09675857424736023
367,1,1,0.04719488855919478,0.0654408410191536
368,0,1,0.06335385081796086,0.12978911399841309
369,0,0,0.05591103405928864,0.050161704421043396
370,1,1,0.10461500243881708,0.048512428998947144
371,0,1,0.0497735310695972,0.04155411571264267
372,0,1,0.06655019302418003,0.11211878061294556
373,0,0,0.03493827373010937,0.029234524816274643
374,1,0,0.058955417537414845,0.056453101336956024
375,0,0,0.07952101668013623,0.10960960388183594
376,0,1,0.04365875710350543,0.034750133752822876
377,0,0,0.06477471370502311,0.0351627916097641
378,0,1,0.055982455357123276,0.052818670868873596
379,0,0,0.028299695680852943,0.08979406207799911
380,1,1,0.06741726706361642,0.05586005002260208
381,0,1,0.0614584501547447,0.07379290461540222
382,0,1,0.08026487538399521,0.05730012059211731
383,0,0,0.07444729750954815,0.04763999581336975
384,0,0,0.05834067584698739,0.014476649463176727
385,0,1,0.040077104742842665,0.029379691928625107
386,1,0,0.10220738613094468,-0.011378854513168335
387,0,0,0.05090388315210238,0.08666373789310455
388,1,1,0.08297549379350896,0.08588041365146637
389,0,0,0.03427290717425277,0.08239421993494034
390,0,0,0.038519644330625984,0.038235604763031006
391,1,0,0.058980798365144305,0.049199178814888
392,0,1,0.028946388809626224,0.043687328696250916
393,0,1,0.04141183044693386,0.08754470944404602
394,0,1,0.06088212369617846,0.06795965880155563
395,0,0,0.03963157366267396,0.08307714760303497
396,0,0,0.05360998756839286,0.03584592044353485
397,1,0,0.0639177393435619,0.08182153850793839
398,0,1,0.03173026353240898,0.010785602033138275
399,0,1,0.0662435917700158,0.10255680233240128
400,0,0,0.05909334550663582,0.05392280966043472
401,0,0,0.05801306202465649,0.056983523070812225
402,0,1,0.05697102555318202,0.06275920569896698
403,0,1,0.05457750582088018,0.0379105880856514
404,0,1,0.03079864778799323,0.08970239758491516
405,0,0,0.04033642369171116,-0.05409056693315506
406,0,0,0.0681031574012685,0.07080676406621933
407,0,1,0.03680406364445893,0.027752414345741272
408,1,0,0.0747811548265776,0.07661348581314087
409,1,0,0.040371565254123276,0.0224900022149086
410,0,1,0.04349791451946668,0.08716723322868347
411,1,1,0.07301964907080241,0.1303141862154007
412,0,1,0.03638853725772135,0.03834264725446701
413,0,0,0.03301820295375817,0.04233444109559059
414,0,0,0.08002214825472415,0.06926478445529938
415,1,1,0.07705976129941908,0.0697784423828125
416,1,1,0.06669261420154779,0.033162519335746765
417,0,0,0.04354416772063968,0.039596423506736755
418,0,1,0.09713555738633411,0.08235524594783783
419,0,0,0.03900409078763309,0.035084065049886703
420,0,1,0.09075663035064474,0.036288321018218994
421,0,1,0.07121556103839352,0.10522036254405975
422,0,1,0.048047038113851775,0.041051529347896576
423,0,1,0.049483474701706595,0.0734802782535553
424,0,1,0.10047806199549925,0.11812940239906311
425,1,1,0.10282906024507871,0.10635599493980408
426,1,1,0.04485684002031037,0.04336334764957428
427,0,1,0.0294638010844043,0.026223095133900642
428,0,1,0.04278310531861365,0.03204577416181564
429,0,0,0.10242150213590845,-0.008230835199356079
430,0,1,0.03710267792686599,0.07627859711647034
431,0,1,0.06746780617853802,0.06756678223609924
432,0,1,0.05591103405928864,0.050161704421043396
433,0,1,0.0744053658696511,0.07556851208209991
434,0,1,0.07570579520927276,0.060573697090148926
435,1,1,0.07167086845715748,0.050961002707481384
436,1,1,0.08640505259806855,0.12029549479484558
437,0,0,0.04072233693697329,0.019995495676994324
438,0,1,0.04712085295777915,0.04879545420408249
439,0,1,0.04073844944980151,0.06627695262432098
440,0,1,0.055171898267241615,0.03982645273208618
441,0,1,0.0622322293381181,0.0494912713766098
442,0,1,0.07600751476490483,0.08631522953510284
443,0,1,0.04806646545955949,0.07951471209526062
444,0,0,0.025027046697425975,0.042541246861219406
445,0,1,0.041849732004741624,0.09585937112569809
446,0,0,0.046045605905322834,0.11958815157413483
447,0,1,0.032415918670946335,0.02869924157857895
448,0,1,0.053129268925458745,0.10979776084423065
449,0,1,0.10254478921414045,0.0391094833612442
450,0,1,0.07647230570448829,0.08945263922214508
451,0,1,0.038812183620145824,0.062160346657037735
452,0,0,0.060385320433259906,0.029445886611938477
453,0,1,0.06186047782436144,0.09221112728118896
454,0,0,0.06584408853488546,0.034591928124427795
455,0,1,0.05663860378379143,0.051780231297016144
456,0,0,0.04645739698103493,0.053273238241672516
457,0,1,0.04215668536101427,0.054805606603622437
458,0,0,0.045376845208676214,0.07909136265516281
459,0,1,0.0719405998430088,-0.01485714316368103
460,0,1,0.05761760542582611,0.029874905943870544
461,0,1,0.054525350192276084,0.05896835774183273
462,0,1,0.050931994917031306,0.059924036264419556
463,0,1,0.09763456647288751,0.10140565037727356
464,0,0,0.0686966066428657,0.08316484093666077
465,0,0,0.03628934265907922,0.03890080377459526
466,0,1,0.09338081057978898,0.02498777210712433
467,0,0,0.05890119766890778,0.0833606868982315
468,0,1,0.04399542327163011,0.08377241343259811
469,0,1,0.053522708050051535,0.03704719990491867
470,0,1,0.056055703186861566,0.030878305435180664
471,1,1,0.08417219920743246,0.08154784142971039
472,0,0,0.03489356005045662,0.02931227535009384
473,0,0,0.08119117498785788,0.0788080096244812
474,0,1,0.03440817071829527,0.02640526369214058
475,1,1,0.07590878425700934,0.07155527919530869
476,0,1,0.04966525017455935,0.10502595454454422
477,0,0,0.0557393074329466,0.05749422311782837
478,0,1,0.044512008070531156,0.0756199061870575
479,1,1,0.05412794918707968,0.045828770846128464
480,0,0,0.09687277807662734,0.05991864204406738
481,0,1,0.04253845149701593,0.053138092160224915
482,0,1,0.05294175312454183,0.09204166382551193
483,1,0,0.038555161243740615,0.032090023159980774
484,0,0,0.07754091609554581,0.07452273368835449
485,0,1,0.050385504324920644,0.030578941106796265
486,0,0,0.07611315593332602,0.14320369064807892
487,1,1,0.09661024944449328,0.021072357892990112
488,0,0,0.04448886932566315,0.03542739152908325
489,0,0,0.06244996956443845,0.08076820522546768
490,0,1,0.03177895705792848,0.057178251445293427
491,1,1,0.06476902216152826,0.04082143306732178
492,0,1,0.0935721464968321,0.030739545822143555
493,0,0,0.03590958213415222,0.05513739585876465
494,0,1,0.06322865363703369,0.04500555992126465
495,1,0,0.0604579847901741,0.04560919106006622
496,0,0,0.04454167832078744,0.08048675954341888
497,0,0,0.03626505058898862,0.047352999448776245
498,0,0,0.05711644966920598,0.07532709836959839
499,0,0,0.048999077751230566,0.14781060814857483
500,1,0,0.050815325087991664,0.10687731951475143
501,0,0,0.06321353780394731,0.09285750985145569
502,0,0,0.07844324707358638,0.10116129368543625
503,0,1,0.04136078137871757,0.028751999139785767
504,0,0,0.03726722092059343,0.03849586844444275
505,0,1,0.03333290432631303,0.055580876767635345
506,0,0,0.10862408270229665,0.06045663356781006
507,0,0,0.06573398966787677,0.02579924464225769
508,0,1,0.0761675453659374,0.06811872869729996
509,0,0,0.08149763656703554,0.09410230815410614
510,0,0,0.06294228008533152,0.051715388894081116
511,0,1,0.0780708805739555,0.0985054224729538
512,0,1,0.04198044480015248,0.08680188655853271
513,1,1,0.07748401855504944,0.06259620189666748
514,1,1,0.08904029514750966,0.0623067170381546
515,0,0,0.031159889679850256,0.04889880120754242
516,0,1,0.039370955893460804,0.027449384331703186
517,0,0,0.02699481076374633,0.040699899196624756
518,1,1,0.05992572395405944,0.06194482743740082
519,0,1,0.053442848062840234,0.06335791945457458
520,1,1,0.058148526523711205,0.09511993825435638
521,0,1,0.03319515951341259,0.043775640428066254
522,0,1,0.0739692689596175,0.12654967606067657
523,0,1,0.0319732868290424,0.05613383278250694
524,1,1,0.06730668072838279,0.04002079367637634
525,0,1,0.0417300600895454,0.052965693175792694
526,0,0,0.07249730489183098,0.10745751857757568
527,1,1,0.053405683745969976,0.03176064044237137
528,1,1,0.12487516076952848,0.18983037769794464
529,0,0,0.05082218773637004,0.08029042929410934
530,0,0,0.04621694050135479,0.04869677498936653
531,0,1,0.0830482730391792,0.08806876838207245
532,1,1,0.05429573909141126,0.082097128033638
533,0,0,0.044539889567321383,0.10240647196769714
534,0,0,0.028407043512743632,0.030272290110588074
535,1,1,0.033218878593847784,0.031839143484830856
536,0,1,0.04821671808462513,0.06363418698310852
537,0,1,0.10677021415560081,0.09651297330856323
538,0,1,0.051960815928850546,0.03151045739650726
539,0,1,0.08956914292043155,0.1341586858034134
540,0,1,0.05698723466703698,0.03559962660074234
541,1,1,0.06573274517486413,0.06203353404998779
542,0,0,0.04858881816830525,0.07496952265501022
543,0,1,0.0270125714130117,0.03195039927959442
544,0,0,0.05392789345466141,0.09402870386838913
545,1,1,0.06118420638975282,0.04521438479423523
546,0,1,0.11866749020354184,0.05674171447753906
547,0,1,0.06386275086884227,0.06605587899684906
548,0,0,0.07727176793609242,0.06335350126028061
549,0,1,0.09218638785632419,0.1271183341741562
550,1,1,0.05397958407357359,0.08855871111154556
551,0,0,0.06041518377869981,0.17197684943675995
552,0,1,0.02967192682746888,0.05200204625725746
553,1,1,0.03444205051598091,0.02609686180949211
554,1,1,0.048872417603220905,0.03926163911819458
555,1,0,0.08674675674039023,-0.004360511898994446
556,0,1,0.09268484839983746,0.06653858721256256
557,0,1,0.02759604437258232,0.038352686911821365
558,1,1,0.06488325284859911,0.10272035002708435
559,0,1,0.08996467999161206,-0.011086612939834595
560,0,1,0.05644065829127022,0.1328778862953186
561,0,0,0.048606408358604525,0.030072569847106934
562,0,0,0.040882677678132445,0.03403931483626366
563,0,0,0.05281178452655466,-0.001129336655139923
564,0,1,0.07131020985658823,0.035697802901268005
565,0,0,0.05388063728250578,0.047452233731746674
566,0,0,0.07165292089358985,0.06923165917396545
567,0,0,0.040102694898432295,0.027331262826919556
568,0,0,0.06147389051322587,0.10527493059635162
569,0,0,0.05802996078447134,0.08459272235631943
570,0,1,0.06340987565765177,0.022892609238624573
571,0,1,0.04247538680730503,0.03945160284638405
572,0,1,0.07034909350088406,0.06639693677425385
573,1,1,0.06391007847736661,0.08182153850793839
574,0,0,0.07131247582839145,0.1529826819896698
575,0,1,0.07146063940026753,0.09233415871858597
576,0,1,0.04748923693676252,0.07391247898340225
577,0,1,0.038555161243740615,0.032090023159980774
578,0,1,0.04909826705335267,0.062082499265670776
579,0,0,0.052292774274167494,0.048265546560287476
580,0,0,0.07505827420067812,0.042810700833797455
581,0,1,0.03984905495297421,0.06095442920923233
582,0,1,0.06233680060563404,0.021467506885528564
583,0,1,0.08100903895943815,0.07300665974617004
584,0,1,0.04634915998830606,0.0810563936829567
585,0,0,0.09877642853059188,0.04629835486412048
586,0,1,0.05027880867642143,0.08686168491840363
587,1,1,0.09986976698250077,0.05233380198478699
588,0,1,0.06400270872719471,0.10178977996110916
589,0,1,0.04436417942744861,0.06551302224397659
590,0,1,0.05687575195982296,0.06731672585010529
591,0,1,0.08306403027713591,0.091844841837883
592,1,1,0.06927873859533135,0.05154868960380554
593,0,0,0.07139767727539284,0.09301488846540451
594,1,0,0.06720386333413506,0.04817214608192444
595,0,1,0.046702437603447985,0.048066288232803345
596,0,0,0.062485605239882794,0.022130087018013
597,1,1,0.07595541527186969,0.08835099637508392
598,1,0,0.05532975075322935,0.06368385255336761
599,0,1,0.06015999395450909,0.0548458993434906
600,0,1,0.09059518555285251,0.04882803559303284
601,0,1,0.05953969691475183,0.04326473921537399
602,1,1,0.046680152901736896,0.05582910776138306
603,0,1,0.0752169504544408,0.039903342723846436
604,0,1,0.027049391148851888,0.028536945581436157
605,1,1,0.1119595911957868,0.07675942778587341
606,0,1,0.02896074180352435,0.03197533264756203
607,0,1,0.03653976716173894,0.05180581659078598
608,1,1,0.06809393914311297,0.06338479369878769
609,0,1,0.07034322618478134,0.22525744140148163
610,0,1,0.05858454740874,0.08899471163749695
611,0,0,0.07818102255300985,0.0922086238861084
612,0,1,0.031291822882239764,0.02329644374549389
613,0,1,0.09606359248394539,0.08496744930744171
614,0,1,0.04974730794342902,0.03347356617450714
615,0,1,0.062474203820686594,0.0444067120552063
616,0,0,0.06172054461645882,0.03311246633529663
617,1,0,0.06990890837314916,0.0681784600019455
618,0,0,0.05343913490115067,0.05588579922914505
619,0,1,0.08853738968679814,0.011960595846176147
620,0,0,0.06784034925565753,0.03282272815704346
621,0,1,0.03711908064338549,0.0897553339600563
622,0,0,0.06470870499379928,0.07826076447963715
623,0,0,0.08409834479116424,0.03257393836975098
624,0,1,0.07472233725435876,0.02999366819858551
625,0,1,0.06633406982480855,0.08905145525932312
626,0,1,0.06468548931823415,0.03509512543678284
627,0,0,0.03707241459349082,0.04916849732398987
628,0,0,0.062485605239882794,0.022130087018013
629,0,0,0.0543363693543798,0.03331439942121506
630,1,1,0.06277653388498897,0.0778905600309372
631,0,0,0.07921839293070845,0.10927882790565491
632,0,1,0.08973338495779024,0.08589000999927521
633,0,1,0.05088875028204927,0.09690622985363007
634,0,0,0.059419726708277054,0.05214973911643028
635,0,1,0.06196842651354734,0.07085821032524109
636,0,1,0.07490248474982264,0.05154041945934296
637,0,1,0.08690321017177197,0.09233957529067993
638,0,0,0.028239950370135866,0.0811358243227005
639,0,1,0.049906737833896014,0.055838584899902344
640,0,0,0.05149285693725393,0.059000976383686066
641,1,1,0.0631725917437511,0.018634699285030365
642,0,1,0.04472286143643926,0.07465896755456924
643,1,0,0.05314268411192706,0.03763324022293091
644,0,1,0.03265036363363242,0.059865012764930725
645,0,0,0.06544104841532886,0.0679055005311966
646,0,0,0.04784536797575652,0.0780843049287796
647,1,1,0.06398178841340116,0.09383958578109741
648,0,1,0.09615874749419442,0.01787629723548889
649,0,1,0.039729727319319286,0.08480026572942734
650,0,0,0.06207601865533119,0.05872467905282974
651,0,0,0.056546768227867555,0.06108776479959488
652,0,1,0.04959000050187387,0.08475329726934433
653,0,0,0.027049391148851888,0.028536945581436157
654,0,1,0.04475657388516062,0.03952261433005333
655,0,0,0.05360998756839286,0.03584592044353485
656,0,0,0.08611928725753598,0.06956081092357635
657,0,1,0.08838529978186024,0.02671673893928528
658,1,0,0.10124710802269457,0.09833785891532898
659,0,0,0.06828514825743268,0.03223109245300293
660,1,1,0.06635258298207102,0.05524460971355438
661,0,0,0.032825903987507954,0.024893494322896004
662,0,1,0.051982214079979605,0.006127297878265381
663,0,1,0.08301734405087383,0.15875005722045898
664,0,0,0.046032775989320374,0.048765040934085846
665,0,0,0.052484079760691124,0.06874167174100876
666,0,1,0.055242298128560144,0.06298705190420151
667,0,1,0.04201725753925925,0.08026839792728424
668,0,1,0.06425022309755941,0.10281045734882355
669,0,1,0.04510261228706777,0.001918882131576538
670,0,0,0.06728082832829446,0.07813075184822083
671,0,1,0.06481905481244717,0.04147252440452576
672,0,1,0.06568013773021869,0.06835070252418518
673,0,1,0.05324771170759164,0.05557293817400932
674,0,0,0.047413928640169245,0.07073229551315308
675,0,1,0.06110003065135816,0.07387394458055496
676,0,1,0.04832637854174279,0.009257756173610687
677,0,1,0.05598696200955365,0.05423329025506973
678,1,1,0.08984820554286552,0.09183140099048615
679,1,1,0.07151503966803005,0.04749658703804016
680,0,1,0.03540502902038092,0.09783440828323364
681,0,0,0.04993155105210427,0.020991802215576172
682,0,0,0.0714409175992892,0.03822307288646698
683,0,0,0.0671920633747113,0.08289476484060287
684,0,1,0.10949292030455823,0.11689835786819458
685,1,0,0.052538216988844505,0.050365425646305084
686,1,1,0.06442961462675573,0.09690675139427185
687,0,0,0.052493565628387764,0.06271533668041229
688,0,1,0.08722016661206139,0.08853434026241302
689,0,1,0.0993986652675963,0.08423538506031036
690,0,1,0.07054477458599645,0.07077892124652863
691,0,0,0.03113785809539469,0.05783401057124138
692,0,1,0.04205907178625454,0.07522465288639069
693,0,1,0.08879353508652424,0.07971781492233276
694,0,0,0.045563451947906966,0.06407919526100159
695,1,1,0.06496258751803055,0.046875908970832825
696,0,0,0.08249405834312201,0.022535040974617004
697,0,1,0.06881415977087099,0.09546761959791183
698,0,0,0.032825903987507954,0.024893494322896004
699,0,0,0.0836107349182661,0.039875179529190063
700,0,0,0.046499515137534905,0.05462226644158363
701,0,0,0.048611170345883345,0.023799307644367218
702,0,0,0.06901683420436505,0.0651690885424614
703,0,1,0.05094856542099843,0.048275262117385864
704,1,1,0.06863396981024095,0.050453171133995056
705,0,0,0.05082218773637004,0.08029042929410934
706,0,0,0.02899684268072803,0.03134489804506302
707,1,1,0.08933760535877983,0.04266361892223358
708,0,1,0.05088301001268056,0.059763915836811066
709,0,1,0.031845626386594286,0.03520806133747101
710,0,1,0.037313237511810864,0.028947237879037857
711,0,0,0.061704722537554255,0.0432315319776535
712,0,1,0.04565517510748816,0.04153299331665039
713,0,1,0.04537299763126876,0.07840211689472198
714,0,1,0.04993311970023982,0.08814564347267151
715,0,1,0.08427054940287698,0.03153295814990997
716,0,1,0.055283708836150136,0.06587813049554825
717,0,1,0.07871809074596492,0.1064104363322258
718,0,0,0.05137190235740083,0.030483387410640717
719,0,1,0.07787911027556094,0.051308974623680115
720,0,1,0.07203815957364623,0.030333146452903748
721,0,0,0.039046355205241606,0.033232659101486206
722,0,1,0.06289875970721336,0.12284494936466217
723,1,0,0.07519430630624399,0.06000798940658569
724,0,1,0.04449669137679432,0.036327991634607315
725,0,1,0.059667390079405525,0.0745389387011528
726,1,1,0.10320381043774962,0.11564581096172333
727,1,1,0.11427017805141304,0.10114246606826782
728,1,1,0.06467407934318854,0.02982141822576523
729,0,0,0.07729902477226047,0.025698304176330566
730,0,0,0.07482795873989134,0.07538355886936188
731,0,0,0.0875494969450509,0.060930103063583374
732,0,0,0.06694189822400867,0.041142940521240234
733,0,1,0.03908932247806625,0.035148169845342636
734,0,0,0.04293298632399098,0.028304435312747955
735,0,1,0.0854499160108658,0.033000826835632324
736,0,1,0.04488765217256581,0.024975962936878204
737,0,1,0.04100929464131611,0.04836238548159599
738,0,1,0.07527761081834891,0.14249065518379211
739,0,1,0.06608229782561313,0.05470158904790878
740,0,0,0.09607933823615733,0.10933510959148407
741,0,1,0.06640627869388746,0.044363707304000854
742,0,1,0.05690473769005515,0.05515427142381668
743,0,1,0.04808266690763749,0.054600201547145844
744,0,1,0.05052048877346328,0.0877254381775856
745,0,0,0.051772907537082385,0.09458576887845993
746,0,1,0.03836360063667414,0.07225887477397919
747,0,0,0.06980092541048728,0.09350040555000305
748,0,1,0.044404437851573914,0.05350226163864136
749,0,1,0.05428943192520895,0.15765947103500366
750,0,1,0.07578466544721069,-0.011449083685874939
751,0,0,0.03555961407722582,0.04515593498945236
752,0,1,0.06364957381526058,0.07761699706315994
753,0,1,0.060561316767238096,0.05069825053215027
754,0,0,0.0706876226667448,0.05655032396316528
755,0,1,0.04172410395737239,0.00852154940366745
756,0,0,0.04832090367295781,0.059184469282627106
757,0,1,0.06522980418316733,-0.02218768000602722
758,0,0,0.03988203458360651,0.06849753111600876
759,0,1,0.11255233908410167,0.08772936463356018
760,0,1,0.06547774572939682,0.052486926317214966
761,0,1,0.03944800899178956,0.05087762326002121
762,0,0,0.07021927957449065,0.04173120856285095
763,0,0,0.08509420095178441,0.09265214204788208
764,0,1,0.0875473116699084,0.02594664692878723
765,1,1,0.07495435666065167,0.04184046387672424
766,0,0,0.03802090651035066,0.030871987342834473
767,0,1,0.08520293369663443,0.07347625494003296
768,0,1,0.08422050536969095,0.09385047852993011
769,0,0,0.06392856082414286,0.025086477398872375
770,0,1,0.0699873210998691,0.048884302377700806
771,0,1,0.03017700918009112,0.09992296993732452
772,0,1,0.05352340013853306,0.03704719990491867
773,0,0,0.06984527646099857,0.12576016783714294
774,0,0,0.06146526168135938,0.07379290461540222
775,0,1,0.02574458565188882,0.035099029541015625
776,0,0,0.029858860755497096,0.027401866391301155
777,0,0,0.06846729032410712,0.05728979408740997
778,0,0,0.09974597433594282,0.039424777030944824
779,0,1,0.04012803245854722,0.06290346384048462
780,0,0,0.059677260017699366,0.06268297880887985
781,0,1,0.06835213534590784,0.08386601507663727
782,0,1,0.05104559143509349,0.009781144559383392
783,0,1,0.051785034533603974,0.09571468085050583
784,0,1,0.07002820271760288,0.023337647318840027
785,0,1,0.07631387913070889,0.06876631826162338
786,0,0,0.06052988604757313,0.10833555459976196
787,0,1,0.08902690552061776,0.13182421028614044
788,0,1,0.08071401750801743,0.0433957576751709
789,1,1,0.058707685626457076,0.11933743208646774
790,0,1,0.03345800559729821,0.03679211437702179
791,0,0,0.03889911070054969,0.04609452188014984
792,0,1,0.06764123013877721,0.09848304837942123
793,0,0,0.05478521527270422,0.068922258913517
794,0,0,0.03889821674958221,0.05919867753982544
795,0,1,0.07873957752161967,0.03481101989746094
796,0,1,0.07203815957364623,0.030333146452903748
797,0,0,0.0961773084392428,0.11767010390758514
798,0,1,0.05532975075322935,0.06368385255336761
799,0,1,0.07365689169599698,0.0591111034154892
800,1,0,0.05902571033179853,0.08909275382757187
801,1,1,0.08956222689946075,0.1395185887813568
802,0,0,0.05448157847995659,0.03717264533042908
803,0,1,0.07203815957364623,0.030333146452903748
804,0,1,0.04801764697509987,0.06289535760879517
805,0,0,0.04012611503777645,0.06290346384048462
806,0,0,0.055315348505204795,0.07165728509426117
807,0,1,0.07026998058872952,0.0948629155755043
808,0,0,0.031934413656453775,0.028801091015338898
809,0,1,0.05792886897188454,0.05778981000185013
810,0,1,0.06469809698523382,0.008698157966136932
811,0,1,0.038282666166242554,0.019712820649147034
812,0,1,0.0496894115170165,0.07797767966985703
813,0,0,0.06405604359385463,0.07699649035930634
814,0,0,0.07247755111668402,0.061471372842788696
815,1,1,0.06467997078332416,0.0894191563129425
816,1,1,0.06118420638975282,0.04521438479423523
817,0,0,0.035369011642992845,0.137382373213768
818,0,1,0.0841832513981988,0.08901287615299225
819,0,1,0.06307656646803379,0.0341029167175293
820,0,1,0.08879839847750023,0.08671890199184418
821,0,1,0.07667990929785498,0.08189637959003448
822,0,0,0.09855386040245603,0.11714471876621246
823,0,0,0.047137813871764384,0.017031580209732056
824,0,1,0.04172858852728832,0.02967262640595436
825,0,1,0.052145909563978535,0.08798921853303909
826,0,1,0.04061517212223331,0.09080446511507034
827,0,1,0.05031589047252523,0.04012911766767502
828,0,1,0.0371155441167829,0.050740160048007965
829,0,1,0.09252441997793295,0.07227391004562378
830,0,1,0.08320558136573972,0.0889207050204277
831,0,0,0.07195360314166974,0.11729446053504944
832,0,0,0.05240581575308623,0.006568983197212219
833,0,1,0.061639693834401654,0.024199411273002625
834,0,1,0.08656986216925128,0.08746656775474548
835,0,0,0.06091711468136379,0.031306833028793335
836,0,1,0.06330515533161624,0.07461056858301163
837,0,1,0.0796007720266067,0.04900410771369934
838,0,1,0.08300802808649116,0.0495581179857254
839,0,1,0.09427243341760669,0.03908702731132507
840,0,0,0.06398178841340116,0.09383958578109741
841,1,0,0.05166658889547347,0.08134781569242477
842,0,1,0.07314136814959452,0.12788647413253784
843,0,1,0.08624324160538219,0.10202006995677948
844,0,0,0.05969471204821815,0.07692722231149673
845,1,1,0.05656855715019346,0.04881574213504791
846,0,1,0.0735091381769559,0.05180514603853226
847,0,1,0.03167194795442111,0.018985159695148468
848,0,1,0.07064263395093764,0.048576027154922485
849,0,1,0.07199430139890137,0.06160971522331238
850,1,0,0.08542384282096696,0.09108096361160278
851,0,0,0.10637608215215266,0.10876362025737762
852,0,1,0.04223859283244166,0.017945602536201477
853,0,1,0.04664545626314953,-0.01923275738954544
854,1,1,0.05662635833273817,0.022596940398216248
855,1,1,0.09698647605593488,0.09768643975257874
856,0,1,0.039326554542474586,0.04927647113800049
857,0,1,0.06731634589390297,0.06321693956851959
858,1,1,0.08018996491031927,0.030408695340156555
859,0,1,0.07744004514246633,0.03859701752662659
860,0,1,0.06513999967902417,0.08684702962636948
861,0,1,0.06971359230582566,0.043346986174583435
862,0,0,0.07218161176556928,0.010516032576560974
863,0,1,0.0635235961449358,0.005678743124008179
864,0,1,0.042713136213796576,0.04136665165424347
865,0,0,0.0597313008504568,0.020900830626487732
866,0,0,0.03554845773770702,0.04180750995874405
867,0,1,0.05393882576206674,0.07873272895812988
868,0,1,0.06114124146336995,0.09688486158847809
869,0,0,0.05666889917601094,0.048554956912994385
870,0,1,0.027049391148851888,0.028536945581436157
871,0,1,0.06985317672176697,0.053400471806526184
872,0,0,0.06268390187207097,0.07410787045955658
873,0,1,0.03766173786753539,0.06440712511539459
874,1,0,0.06914092898762912,0.03679133951663971
875,0,0,0.05112204097559489,0.019920945167541504
876,0,1,0.04722045588385501,0.020106591284275055
877,0,1,0.04630907308497882,0.07095403969287872
878,0,1,0.06730668072838279,0.04002079367637634
879,0,1,0.03756500244515718,0.06779249012470245
880,0,1,0.03537786781488197,0.04327065497636795
881,0,1,0.06398178841340116,0.09383958578109741
882,0,0,0.06390076231312661,0.09010922163724899
883,0,0,0.06685333362136538,0.10693901777267456
884,0,1,0.04369753617815664,0.03268137201666832
885,1,1,0.0926040181754404,0.26366129517555237
886,0,1,0.03580180694174025,0.03885911777615547
887,0,1,0.0511313210509373,0.027722090482711792
888,0,1,0.07929407086882989,0.04072090983390808
889,0,1,0.05802427239799178,0.04788467288017273
890,0,0,0.0579538154933919,0.0577818900346756
891,0,1,0.06839044382837622,0.027789540588855743
892,0,1,0.06540593412811418,0.0143766850233078
893,1,0,0.0713847794509804,-0.0002778768539428711
894,1,1,0.08571643302895068,0.084190234541893
895,1,1,0.08401700886845212,0.13156656920909882
896,0,0,0.043514220988042945,0.06128304824233055
897,0,1,0.04559423087576052,0.040761932730674744
898,0,1,0.06217264182286819,0.07529357820749283
899,0,0,0.06493715153497616,0.07308828830718994
900,0,1,0.046008663352233276,0.07074829936027527
901,1,1,0.07104084449152287,0.041826263070106506
902,0,1,0.09104916602799301,0.09494829177856445
903,0,1,0.04321307982526171,0.08502618968486786
904,0,1,0.05832275875206018,0.025491446256637573
905,0,1,0.052309104213353524,0.06601516902446747
906,0,1,0.06639088729708788,0.036358535289764404
907,0,1,0.041741791593307,0.01348576694726944
908,0,1,0.08422970807032062,0.08997280895709991
909,0,1,0.08254605809196625,0.08806723356246948
910,0,0,0.037418811294174355,0.039094358682632446
911,0,0,0.047309216887956695,0.05272099748253822
912,1,1,0.042529971943746955,0.06725073605775833
913,1,1,0.06377194186264892,0.08619741350412369
914,0,1,0.028361401875849165,0.036357276141643524
915,0,1,0.06908377009570578,0.03728329390287399
916,0,0,0.0483562725361327,0.06898169964551926
917,0,1,0.06367300899929844,0.047786012291908264
918,0,1,0.0840822574598234,0.031397998332977295
919,0,1,0.05666489451132263,0.12135404348373413
920,0,1,0.0808839425084581,0.025825664401054382
921,0,1,0.040371565254123276,0.0224900022149086
922,0,0,0.03452592926445502,0.17598506808280945
923,0,1,0.043919634080300696,0.09131324291229248
924,0,1,0.06678571265827547,0.026986688375473022
925,0,0,0.07495021643921598,0.10116897523403168
926,0,1,0.06661101089180957,0.1038738489151001
927,0,1,0.06414405877164447,0.03505368530750275
928,0,1,0.04561267441835376,0.05693017691373825
929,0,1,0.06575635848396288,0.030131399631500244
930,0,1,0.054287869446684206,0.0572773739695549
931,0,0,0.04083619107983397,0.05557973310351372
932,1,1,0.08281928823879522,0.004121184349060059
933,0,1,0.06825720179471087,0.05878962576389313
934,0,0,0.07980439050715243,0.07121019810438156
935,0,1,0.08736749504765326,0.08812464773654938
936,1,0,0.061429604111983116,0.060919664800167084
937,0,1,0.03462209327656323,0.03389887139201164
938,1,1,0.0798550932706231,0.07633654773235321
939,0,0,0.05206889235040141,0.028122656047344208
940,0,1,0.08703407164765231,0.06527599692344666
941,0,0,0.06824489336333336,0.03614519536495209
942,0,1,0.034585397896461506,0.02695244923233986
943,0,0,0.03203678864191331,0.04368159919977188
944,1,1,0.028276857730223592,0.13844193518161774
945,0,1,0.060768947773828325,0.08149343729019165
946,0,1,0.025252358999322162,0.019452694803476334
947,1,1,0.07088406775945047,0.06603962182998657
948,1,0,0.0628929986323529,0.09311620891094208
949,0,1,0.054531509526273406,0.018254324793815613
950,0,0,0.049283236264684185,0.028470054268836975
951,0,1,0.07633697099372169,0.061551064252853394
952,0,1,0.03891985366925036,0.08349071443080902
953,0,0,0.1148491255897734,0.13929873704910278
954,0,1,0.06564550686697651,0.03553934395313263
955,1,1,0.051834289419972104,0.10269615054130554
956,0,0,0.03300656547048666,0.036775000393390656
957,0,0,0.07965756196152776,0.03168056905269623
958,0,1,0.04931848254660591,0.03204137086868286
959,0,1,0.04861958588090347,0.06919944286346436
960,0,1,0.05142675924922391,0.05459965020418167
961,0,1,0.03798941860257915,0.03038526326417923
962,0,1,0.05807902166913502,0.0772579237818718
963,0,1,0.038373822590321745,0.06110240891575813
964,0,0,0.07132261790177252,0.08372896909713745
965,0,1,0.05763113711991763,0.07381686568260193
966,0,0,0.05313185438824393,0.06602535396814346
967,0,1,0.0328461164247464,0.04469507932662964
968,0,1,0.06315935604065749,0.06058332324028015
969,0,1,0.03192169020808584,0.03990691155195236
970,0,1,0.05758725720143017,0.05966199189424515
971,0,1,0.040371565254123276,0.0224900022149086
972,0,0,0.06677115465970634,0.06154371798038483
973,0,1,0.05076120421702028,0.014736853539943695
974,0,1,0.06593607500358346,0.06328770518302917
975,0,1,0.04548983766093223,0.15814031660556793
976,0,1,0.03266682504186733,0.05679105222225189
977,0,1,0.0545598167887302,0.04744908958673477
978,0,0,0.06652911706852638,0.05664736032485962
979,0,0,0.050668770152239376,0.034966617822647095
980,0,1,0.08611068992121071,0.07501579821109772
981,1,1,0.0429300335522077,0.04928194358944893
982,0,1,0.07365851492073819,0.0591111034154892
983,0,1,0.05737591521410999,0.04280494153499603
984,0,0,0.046462757423020196,0.050149720162153244
985,0,0,0.07212577808269607,0.06286796927452087
986,0,1,0.07794779839705693,0.1020856648683548
987,0,1,0.0584443694924372,0.0658116415143013
988,0,1,0.10130878987783648,0.03397819399833679
989,1,1,0.09260073900949536,0.26366129517555237
990,0,1,0.0661648419893507,0.09202036261558533
991,0,1,0.04367437558297886,0.034265078604221344
992,0,0,0.08199107108248427,0.048143550753593445
993,0,0,0.06314386696097128,0.08644656836986542
994,0,1,0.0262940832932392,0.035485006868839264
995,1,1,0.09485906218532225,0.01809754967689514
996,0,1,0.03266682504186733,0.05679105222225189
997,0,1,0.050965891535526914,0.017247021198272705
998,0,0,0.03396639530818708,0.02506718412041664
999,1,1,0.061489602659356046,0.11161994189023972
1000,0,1,0.08236660755475098,0.04891940951347351
1001,0,1,0.07595501868030097,0.08835099637508392
1002,1,1,0.04719572002012394,0.05134371668100357
1003,0,1,0.06861914926978221,0.03819235414266586
1004,0,1,0.05077894961733012,0.08867987990379333
1005,0,1,0.046646018225754426,0.08943379670381546
1006,0,0,0.04670691313002909,0.058523453772068024
1007,0,0,0.030221717798652396,0.06717315316200256
1008,0,0,0.057061007794426896,0.06938659399747849
1009,0,1,0.07450959914510774,0.068600133061409
1010,0,1,0.0648456130465008,0.04815438389778137
1011,0,0,0.06138374690506407,0.08622873574495316
1012,0,0,0.05879891365352491,0.07214150577783585
1013,0,1,0.09322462313773214,0.12140323221683502
1014,0,0,0.033934737180530986,0.032269082963466644
1015,1,1,0.07551473958779253,0.07157841324806213
1016,0,0,0.07143842733267369,0.09500854462385178
1017,0,0,0.06719916525242656,0.0797242820262909
1018,0,0,0.08138891917606886,0.0800371766090393
1019,0,1,0.03717832322084851,0.0724450945854187
1020,0,0,0.09342751955754144,0.105933278799057
1021,0,0,0.0843625960012521,0.08472651243209839
1022,0,0,0.07670152998268515,0.08188281953334808
1023,0,0,0.06046510613182146,0.0563405379652977
1024,1,0,0.07594675763731973,0.07845031470060349
1025,0,1,0.055835367816538264,0.056451961398124695
1026,1,1,0.06423896516958397,0.02380414307117462
1027,0,1,0.10106472972649144,0.09854212403297424
1028,0,1,0.059007061339421144,0.07203319668769836
1029,0,0,0.05529557372741298,0.027620092034339905
1030,1,0,0.08149609943923339,0.044191256165504456
1031,0,1,0.040995971238156695,0.08141321688890457
1032,0,1,0.0327003454737922,0.04804230481386185
1033,1,1,0.05500870969054057,0.016121745109558105
1034,0,1,0.05444284112218044,-0.0196772962808609
1035,0,0,0.03882479684253193,0.06202521175146103
1036,0,0,0.06192083675467945,0.05685143172740936
1037,0,1,0.05457750582088018,0.0379105880856514
1038,0,1,0.07807598773940808,0.0985054224729538
1039,0,1,0.055242129208470866,0.06298705190420151
1040,0,1,0.06311678231818821,0.0809132382273674
1041,0,1,0.08427054940287698,0.03153295814990997
1042,0,1,0.07516327860748631,0.040134042501449585
1043,0,1,0.05175603478959506,0.08029042929410934
1044,0,1,0.10037211947348987,0.09480871260166168
1045,0,1,0.098180926287845,0.08740323781967163
1046,1,0,0.10361182801265409,0.1000996083021164
1047,0,1,0.04483595730964235,0.06826594471931458
1048,0,1,0.0651819296915889,0.042765066027641296
1049,0,1,0.049846001446460966,0.004230126738548279
1050,0,1,0.035575011397568225,0.03445994853973389
1051,0,1,0.06091848882137431,0.07720229774713516
1052,0,1,0.07226219781397211,0.03649824857711792
1053,0,0,0.032623793893053164,0.0545593798160553
1054,0,0,0.08934351007428365,0.15899021923542023
1055,0,1,0.051812930953028094,0.08843062072992325
1056,0,0,0.08384303581415184,0.15346835553646088
1057,0,0,0.03269205511877241,0.04642294719815254
1058,0,1,0.057549540223228196,0.06782093644142151
1059,0,1,0.06732051641205959,0.02423746883869171
1060,0,1,0.03348385084571081,0.042906083166599274
1061,0,1,0.09326085742202989,0.005462348461151123
1062,0,1,0.03590958213415222,0.05513739585876465
1063,0,1,0.07629495951294979,0.047943711280822754
1064,0,0,0.04651047558343609,0.06059122830629349
1065,0,0,0.06156889196311269,0.019173890352249146
1066,0,1,0.05561593279902011,0.03278239071369171
1067,0,1,0.04166006860643591,0.0515916645526886
1068,0,1,0.027616837410226018,0.02929203398525715
1069,0,0,0.05435031944406345,0.047859758138656616
1070,0,1,0.0708593497629908,0.08686237037181854
1071,0,1,0.09899772506645241,0.1090901643037796
1072,0,1,0.07066579125699263,0.01965983211994171
1073,0,0,0.07569915861938892,0.08466516435146332
1074,1,1,0.06591987842869723,0.04838725924491882
1075,0,1,0.10459890902708863,0.055233895778656006
1076,0,0,0.041652333218176324,0.025695912539958954
1077,0,1,0.06492537919721013,0.026658758521080017
1078,0,0,0.043162197958454385,0.05757997930049896
1079,0,1,0.04548689630924872,0.20692755281925201
1080,0,1,0.11820914919830094,0.02429211139678955
1081,0,0,0.045149682140463,0.06594306230545044
1082,0,0,0.0794837633945174,0.07716168463230133
1083,0,0,0.06291770027714486,0.09522886574268341
1084,0,1,0.05668850458049621,0.024702228605747223
1085,0,1,0.06286670710274296,0.08726215362548828
1086,0,1,0.049589089967478,0.08453395217657089
1087,0,1,0.05177146814991199,0.05348175764083862
1088,0,1,0.04440776268203239,0.051087886095047
1089,0,1,0.04400074318310801,0.07979189604520798
1090,0,0,0.08038181012272702,0.04033549129962921
1091,1,0,0.1211409568164275,0.052491456270217896
1092,0,1,0.07429516708339726,0.022156164050102234
1093,0,0,0.09139011828542906,0.11205881834030151
1094,0,0,0.10728552334528152,0.022664934396743774
1095,0,1,0.08062360417418452,0.05707670748233795
1096,1,1,0.07990507223924179,0.03481101989746094
1097,1,0,0.07002106145516115,0.040568530559539795
1098,0,1,0.06405413284574817,0.08776618540287018
1099,0,1,0.10692136471618763,0.025814935564994812
1100,0,1,0.11327495500913615,0.09393870830535889
1101,0,0,0.0485741257039074,0.033996425569057465
1102,1,1,0.053974894153658415,0.08675116300582886
1103,0,1,0.06058005622332591,0.07337968051433563
1104,0,1,0.07358042362178727,0.032759398221969604
1105,0,1,0.041912836534509876,0.014221921563148499
1106,0,1,0.06729595123519841,0.04177802801132202
1107,1,1,0.05661307018444428,0.018663525581359863
1108,0,0,0.11822851875909823,0.020308762788772583
1109,0,0,0.05082218773637004,0.08029042929410934
1110,1,1,0.07620534817985417,0.0835069864988327
1111,0,0,0.03027460655043241,0.0655512809753418
1112,0,1,0.05818803325830989,0.16935643553733826
1113,0,0,0.043139312822235806,0.0941510945558548
1114,1,1,0.05904165361057688,0.056615374982357025
1115,0,0,0.07744020834311119,0.03859701752662659
1116,0,0,0.062372253193204594,0.09216839075088501
1117,0,1,0.07484211208490182,0.06973706930875778
1118,0,0,0.061163364987265614,0.10329791903495789
1119,0,1,0.08084714453178021,0.08391261100769043
1120,0,0,0.04650983401129405,0.05369414761662483
1121,0,1,0.029825541142012968,0.03289192542433739
1122,0,1,0.07797052878530064,0.05056332051753998
1123,0,1,0.1257844877481476,0.03652527928352356
1124,0,1,0.07038032096315307,0.025074124336242676
1125,0,1,0.0324174806409644,0.017649222165346146
1126,1,1,0.03851554061556692,0.038235604763031006
1127,1,1,0.04449268773303021,0.039987336844205856
1128,0,1,0.047498688150478016,0.08166781812906265
1129,1,1,0.052612362104456134,0.050902970135211945
1130,0,1,0.10036359999660818,0.13054203987121582
1131,0,1,0.06461908798342124,0.03187844157218933
1132,0,1,0.05849030133799024,0.051920197904109955
1133,0,0,0.08090197032771348,0.14039653539657593
1134,0,0,0.06077304297320703,0.04207410663366318
1135,0,0,0.07926660031601634,0.10752347111701965
1136,1,0,0.05682235643765533,0.05745060741901398
1137,0,0,0.03462209327656323,0.03389887139201164
1138,0,0,0.060938293755584724,0.03749728202819824
1139,0,1,0.027789340020944193,0.031220123171806335
1140,0,1,0.046283685948794034,0.021418355405330658
1141,0,0,0.05759505726571286,0.08895658701658249
1142,0,1,0.08062750598768784,0.05707670748233795
1143,0,0,0.02835086356863705,0.01930144429206848
1144,0,1,0.06685494119786752,0.03941543400287628
1145,1,1,0.09426897873232262,0.13249342143535614
1146,0,1,0.039864522813933004,0.05941556766629219
1147,0,1,0.08159878448185481,0.0874868854880333
1148,0,0,0.08319021700363274,0.08051194995641708
1149,0,1,0.038373822590321745,0.06110240891575813
1150,0,1,0.05707811418932597,0.11466602236032486
1151,0,1,0.050529592613479765,0.10258553922176361
1152,0,1,0.033900996496301995,0.03189849480986595
1153,0,1,0.045101642053898175,0.06694584339857101
1154,0,1,0.062485605239882794,0.022130087018013
1155,0,1,0.06794548584947775,0.09239207208156586
1156,0,1,0.05216351887081873,0.08880475163459778
1157,0,1,0.04747032469955609,0.07382361590862274
1158,0,1,0.06801336451931649,0.06302876770496368
1159,0,1,0.08875055812170862,0.024318605661392212
1160,0,1,0.05664844909236762,0.013903990387916565
1161,0,0,0.037520264192353575,0.04472701624035835
1162,0,1,0.08563544784055,0.02107265591621399
1163,0,1,0.07219806046808167,0.057778194546699524
1164,0,1,0.04205907178625454,0.07522465288639069
1165,0,0,0.06889051220940913,0.029826290905475616
1166,0,1,0.07726420047155877,0.05415034294128418
1167,0,1,0.07031497820176039,0.10611928999423981
1168,0,0,0.0759444863411132,0.07845031470060349
1169,0,1,0.05054499499888951,0.07931967079639435
1170,0,1,0.028239950370135866,0.0811358243227005
1171,0,1,0.056993724776583904,0.0872330442070961
1172,0,1,0.03703752128530518,0.04509928449988365
1173,0,1,0.04013533473794499,0.04110689088702202
1174,0,0,0.05072649650252048,0.015545010566711426
1175,0,0,0.05107542942618562,0.054173633456230164
1176,0,1,0.049513982393634665,0.06535610556602478
1177,0,0,0.10131764941106028,0.09875458478927612
1178,0,1,0.03177895705792848,0.057178251445293427
1179,0,1,0.08031613867824652,0.017265930771827698
1180,0,1,0.038611336907056495,0.0666453018784523
1181,0,0,0.04422730708887923,0.02719496190547943
1182,0,1,0.054502904859856316,0.03894270211458206
1183,0,1,0.07437809934580042,0.13349482417106628
1184,0,1,0.055054054163524574,0.09466149657964706
1185,0,1,0.056706233582965976,0.035569675266742706
1186,1,1,0.10322331128465281,0.11613962054252625
1187,0,1,0.0270196521274974,0.03262431174516678
1188,0,1,0.04889609624091716,0.024488653987646103
1189,0,0,0.046008663352233276,0.07074829936027527
1190,0,0,0.06390803631851037,0.03691475838422775
1191,0,1,0.06215319596855644,0.026748567819595337
1192,0,1,0.04522076633928042,0.0764523446559906
1193,0,0,0.02976861834721351,0.04298592731356621
1194,0,1,0.06392953109877952,0.025086477398872375
1195,0,0,0.043592862565983076,0.046868085861206055
1196,0,0,0.08784215272857293,0.13103164732456207
1197,0,1,0.08565498441716268,0.07049652934074402
1198,0,1,0.04599242717163357,0.0796978771686554
1199,0,1,0.11390500345410032,0.08006598055362701
1200,0,1,0.035260052374012654,0.07980513572692871
1201,0,1,0.061738025219883766,0.017175443470478058
1202,1,1,0.1120680964310844,0.08987292647361755
1203,0,0,0.039384893066373106,0.05723542347550392
1204,1,1,0.07126747361995095,0.03662532567977905
1205,0,1,0.05231255510011776,0.05505853146314621
1206,0,1,0.08213584214721967,0.0058579593896865845
1207,0,0,0.037560782784098606,0.07370851933956146
1208,0,0,0.04776765865034273,0.03870993107557297
1209,0,1,0.04275973223694013,0.09231454133987427
1210,1,1,0.07301171882527574,0.269027441740036
1211,0,1,0.05291323866825863,0.037022627890110016
1212,0,0,0.10209872501895612,0.0756143108010292
1213,0,1,0.04270465402285703,0.03882582485675812
1214,0,1,0.025256770294737947,0.025231707841157913
1215,1,1,0.08005658097467958,0.06867952644824982
1216,1,1,0.04898752638362093,0.08925811201334
1217,0,0,0.04981689946977523,0.018001683056354523
1218,0,0,0.04148723364140888,0.08326603472232819
1219,0,1,0.04333119739920688,0.08341501653194427
1220,1,1,0.09134405162441259,0.00807546079158783
1221,0,1,0.036820454115463426,0.021662987768650055
1222,1,1,0.04745106597759606,0.07578034698963165
1223,0,1,0.06964297610677066,0.019624248147010803
1224,0,0,0.0657508932162689,0.03316972404718399
1225,0,0,0.07256045515760279,0.05927759408950806
1226,0,0,0.03505045562233015,0.01726335659623146
1227,1,1,0.0893376234014307,0.10511963069438934
1228,0,0,0.10117167989036385,0.052276283502578735
1229,0,1,0.07339231572578675,0.07078839838504791
1230,0,1,0.052061427249299616,-0.012960627675056458
1231,0,0,0.02951532979240136,0.035989537835121155
1232,0,1,0.04213007383451137,0.028649143874645233
1233,0,0,0.04608584465922547,0.03084792196750641
1234,0,1,0.07224984715837779,0.04680424928665161
1235,0,1,0.08000013019140872,0.05066139996051788
1236,0,0,0.04454371480761972,0.07967068254947662
1237,1,1,0.05143402247137069,0.011669039726257324
1238,1,1,0.09299418053183875,0.08329653739929199
1239,0,0,0.055831598954343586,0.09978529810905457
1240,0,1,0.060444510035345206,0.0816519632935524
1241,0,1,0.06937820053909273,0.05705399811267853
1242,0,1,0.06873419347788547,0.024306178092956543
1243,0,0,0.030286298037783065,0.05957949161529541
1244,0,1,0.04591837971904386,0.03506998345255852
1245,0,1,0.04757348946455424,-0.030763797461986542
1246,0,1,0.03781241236804932,0.06840914487838745
1247,0,1,0.05370043211491139,0.021657615900039673
1248,0,0,0.033858758415459524,0.0507969856262207
1249,0,1,0.05673467017124044,0.06955726444721222
1250,1,1,0.08416777099897602,0.08154784142971039
1251,0,1,0.06363317703266193,0.09535737335681915
1252,0,1,0.04205907178625454,0.07522465288639069
1253,0,1,0.07288535890948936,0.04697965085506439
1254,1,1,0.04763316869030432,0.046155184507369995
1255,1,1,0.0671842656650908,0.08345630764961243
1256,0,1,0.0465427957285338,0.06575979292392731
1257,1,1,0.10651674770497893,0.05133694410324097
1258,0,1,0.06833351369869989,0.028467625379562378
1259,0,0,0.03780881145008601,0.07073356211185455
1260,0,1,0.0317548808985973,0.060861311852931976
1261,0,0,0.051771053335187764,0.09337863326072693
1262,0,1,0.053442848062840234,0.06335791945457458
1263,1,1,0.07710768009168717,0.06750894337892532
1264,1,1,0.045946598468301486,0.08431874215602875
1265,0,0,0.09718158421064993,0.12045654654502869
1266,0,1,0.04063912054529065,0.0673719123005867
1267,0,1,0.03084176235894758,0.03995757922530174
1268,0,0,0.05904645907592357,0.08888762444257736
1269,0,1,0.06216237365897952,0.037865281105041504
1270,0,1,0.10317238284006144,0.039529457688331604
1271,0,1,0.06800442627493611,0.03636527061462402
1272,0,1,0.0553883897296618,0.0732904002070427
1273,0,1,0.10690533183162937,0.026783868670463562
1274,0,0,0.07135445260439283,0.11244496703147888
1275,0,1,0.042042939849455785,0.08675488829612732
1276,0,1,0.04888141666539188,0.024698704481124878
1277,0,1,0.0262940832932392,0.035485006868839264
1278,0,1,0.039587360941253036,0.03318900614976883
1279,1,0,0.07158361866294582,0.034381598234176636
1280,0,1,0.042883914800013745,0.029477417469024658
1281,0,1,0.07223302603091047,0.058905646204948425
1282,0,0,0.06800450161731296,0.06761692464351654
1283,0,1,0.03783614554731883,0.048454247415065765
1284,0,1,0.0978587045081652,0.08701309561729431
1285,0,1,0.08149609943923339,0.044191256165504456
1286,0,0,0.05806257781609153,0.04939957708120346
1287,0,1,0.03608152898421614,0.02472745254635811
1288,0,0,0.0431462755459229,0.08434930443763733
1289,0,0,0.10131903818371188,0.025563448667526245
1290,0,0,0.056598552736609464,0.044363029301166534
1291,0,0,0.0414630349616289,0.02238847315311432
1292,1,1,0.10782352080449742,0.09539563953876495
1293,1,1,0.052094924821136396,0.09919275343418121
1294,0,1,0.05770489008080201,0.07664180546998978
1295,0,1,0.06419080703637896,0.04795853793621063
1296,0,0,0.053442848062840234,0.06335791945457458
1297,0,1,0.044434117195510506,0.044839002192020416
1298,0,0,0.04560376601449527,0.05492473393678665
1299,1,1,0.09206913906854883,0.11010196805000305
1300,0,1,0.05104559143509349,0.009781144559383392
1301,1,1,0.06507472646342924,0.08439651876688004
1302,0,0,0.07875897340586804,0.05820322036743164
1303,0,0,0.055696475573124765,0.0761127769947052
1304,1,1,0.075799149031861,-0.011449083685874939
1305,0,0,0.06149402845774407,0.056477539241313934
1306,0,1,0.03519837923110897,0.07987727224826813
1307,0,1,0.07347346770675073,0.06584905087947845
1308,1,1,0.04140997831673962,0.08190445601940155
1309,0,1,0.08849085503573723,0.09681187570095062
1310,0,1,0.03333290432631303,0.055580876767635345
1311,1,1,0.10199041370205428,0.09122280776500702
1312,0,1,0.06733445489795387,0.06931702792644501
1313,1,1,0.059342645460456686,0.04065389186143875
1314,0,1,0.09502054526189116,0.09277008473873138
1315,0,1,0.06480736152879803,0.04256400465965271
1316,0,0,0.05860692154661552,0.10366097837686539
1317,0,0,0.057763845657020224,0.052359677851200104
1318,0,0,0.06232527369464769,0.11633728444576263
1319,0,0,0.052717533247045784,0.02059001475572586
1320,0,1,0.031251621372652146,0.037112973630428314
1321,0,1,0.07451427402441169,0.07247771322727203
1322,0,1,0.0747042502433706,0.08284791558980942
1323,0,0,0.04420971822743133,0.03551558405160904
1324,1,1,0.07446791649740975,0.07581636309623718
1325,0,0,0.039560540939454214,0.030692733824253082
1326,0,0,0.058909311413238546,0.05540751665830612
1327,0,1,0.0722207032293771,0.05796410143375397
1328,0,0,0.10729682526307516,0.02611979842185974
1329,0,1,0.04792418864074589,0.04594693332910538
1330,0,0,0.05406368454596561,0.05869130790233612
1331,0,1,0.027616837410226018,0.02929203398525715
1332,0,0,0.05503648206927039,0.06002990901470184
1333,0,0,0.044741122960091986,0.040761932730674744
1334,0,0,0.09044286180614772,0.10660941898822784
1335,0,1,0.09877460457829113,0.1069297343492508
1336,1,1,0.07975335371220665,0.02630031108856201
1337,0,1,0.05833125390743096,0.05271998047828674
1338,0,1,0.0582733198201837,0.019372835755348206
1339,0,0,0.07246821050075616,0.09245394170284271
1340,0,1,0.057376161260911065,0.013587921857833862
1341,0,1,0.07738751782533246,0.08779151737689972
1342,1,1,0.05054499499888951,0.07931967079639435
1343,0,1,0.04578100258324426,0.08943379670381546
1344,0,0,0.04628891118844171,0.14119108021259308
1345,0,1,0.04585307589978212,0.06778896600008011
1346,0,0,0.057755177600725835,0.051964111626148224
1347,0,0,0.06367300899929844,0.047786012291908264
1348,0,0,0.06972838150658874,0.14326699078083038
1349,1,0,0.057660385951037216,0.06068463623523712
1350,1,1,0.061738025219883766,0.017175443470478058
1351,0,1,0.05182514864360575,0.09390720725059509
1352,1,0,0.06691698594523174,0.042379558086395264
1353,1,0,0.04684235281891645,0.05043365806341171
1354,0,0,0.06381761609752361,0.07453040778636932
1355,1,0,0.0454487958869417,0.1327078938484192
1356,1,1,0.0526820603286724,0.01562073826789856
1357,0,1,0.04085466734491469,0.02631118893623352
1358,0,1,0.04509267376920764,0.07904848456382751
1359,1,1,0.04140423295707377,0.02937106043100357
1360,0,0,0.06909104083989694,0.17905265092849731
1361,0,1,0.04565653347710742,0.015675634145736694
1362,1,1,0.08354871163349759,0.09911897778511047
1363,0,1,0.04766399587316347,0.040233075618743896
1364,0,0,0.08940571876640507,0.13247063755989075
1365,0,1,0.06720657394283024,0.03126348555088043
1366,0,1,0.028943223941595493,0.042307935655117035
1367,0,1,0.06747538522480828,0.10335053503513336
1368,0,1,0.03272205773629999,0.0654769092798233
1369,0,1,0.0646910271602224,0.038581594824790955
1370,1,0,0.09477883866790424,0.09957413375377655
1371,0,1,0.037428896308781455,0.02738957852125168
1372,0,1,0.04469511308735488,0.06644158065319061
1373,0,1,0.07617985363800175,0.06016746163368225
1374,0,1,0.06035599016006313,0.08567248284816742
1375,0,1,0.0949290559451676,0.07001647353172302
1376,1,1,0.08549856081556734,0.09281770884990692
1377,0,1,0.05341605077139548,0.03271845728158951
1378,0,1,0.050414257504696344,0.05727693438529968
1379,0,1,0.06094965409145993,0.03659965097904205
1380,0,1,0.06060801639688507,0.0547303706407547
1381,0,0,0.028414770342145956,0.032038554549217224
1382,0,0,0.03280848033829056,0.05163922905921936
1383,0,0,0.05202479247778227,0.024665750563144684
1384,0,1,0.08869287220659797,0.09968861937522888
1385,0,1,0.0332915190080491,0.05146457254886627
1386,0,1,0.07755967368519884,0.07964356243610382
1387,0,1,0.037546318250384306,0.07194112241268158
1388,1,0,0.04316232411800194,0.10343834012746811
1389,1,1,0.05457750582088018,0.0379105880856514
1390,0,1,0.034270679559060595,0.07714515179395676
1391,1,1,0.08545434006752756,0.2034101039171219
1392,0,1,0.07932854397561154,0.04506538808345795
1393,0,0,0.09535103732665481,0.10168027877807617
1394,0,1,0.06799380137454492,0.05656085163354874
1395,1,1,0.05759402368143285,0.050710439682006836
1396,0,0,0.11331504862918035,0.10576660931110382
1397,0,1,0.03835603283085061,0.06984991580247879
1398,0,1,0.0802538345204456,0.07376691699028015
1399,0,1,0.05104559143509349,0.009781144559383392
1400,0,1,0.033601917331993095,0.055840011686086655
1401,0,0,0.06526595056917574,0.08574498444795609
1402,0,1,0.0735112949405125,0.049068547785282135
1403,1,0,0.0783034465616835,0.06780272722244263
1404,0,0,0.09051553376887969,0.07497687637805939
1405,1,1,0.07085042274877074,0.05558342486619949
1406,0,1,0.06291770027714486,0.09522886574268341
1407,0,0,0.08016116938719944,0.06254778802394867
1408,0,0,0.11480653205929453,-0.039792463183403015
1409,0,1,0.07363707514099238,0.0591111034154892
1410,0,1,0.05086670819711142,0.08112820982933044
1411,0,0,0.057738443149164514,0.016438908874988556
1412,0,0,0.07176686379442485,0.048576027154922485
1413,0,0,0.07497106469176723,0.011354267597198486
1414,1,1,0.06221285788085247,0.0670723021030426
1415,0,1,0.031291822882239764,0.02329644374549389
1416,0,1,0.04068413046072705,0.09036742895841599
1417,1,0,0.07530069083172927,0.08652341365814209
1418,1,0,0.08188513615531193,0.12428759038448334
1419,0,1,0.06946707440650804,0.05173425376415253
1420,0,1,0.07726905706372897,0.05415034294128418
1421,0,1,0.059864488520956854,0.027786463499069214
1422,0,0,0.06144495894159148,0.06492454558610916
1423,0,1,0.0640675557420479,0.015422791242599487
1424,0,1,0.0354213296583505,0.03404230251908302
1425,1,1,0.09027829162735773,0.1223660260438919
1426,0,0,0.037584018803065854,0.05789222568273544
1427,0,1,0.08203378219415444,0.04958315193653107
1428,0,0,0.07482916115015825,0.09007537364959717
1429,0,0,0.08307470345517715,0.12313860654830933
1430,0,1,0.046542179925574814,0.07937955856323242
1431,0,1,0.06334438794013567,0.040631622076034546
1432,0,1,0.03491590008267932,0.029455218464136124
1433,0,0,0.06443640053591158,0.043878570199012756
1434,0,1,0.04898204749924785,0.025351613759994507
1435,0,0,0.08243613955197815,0.041605278849601746
1436,0,0,0.09507200937042054,0.07421562075614929
1437,0,1,0.05759221115747455,0.050710439682006836
1438,1,1,0.10328319600566765,0.08757799863815308
1439,0,1,0.07255293305851293,0.04496033489704132
1440,1,1,0.04395519709476502,0.018372468650341034
1441,0,0,0.057360409796663916,0.022210173308849335
1442,0,1,0.06674443036621856,0.038599178194999695
1443,0,1,0.07699276517561904,0.04134377837181091
1444,1,1,0.06596653175705987,0.057678304612636566
1445,0,1,0.0520392775610727,0.008232884109020233
1446,0,0,0.0824292043060825,0.048261433839797974
1447,0,0,0.09269787074454586,0.06454694271087646
1448,0,1,0.042549411692835215,-0.04104985296726227
1449,0,0,0.10515309533729125,0.0886656790971756
1450,0,1,0.05875133891098702,0.0420125350356102
1451,0,1,0.04572550534764182,0.03623306751251221
1452,0,1,0.05908124057094709,0.0522637814283371
1453,1,1,0.1063415110637253,0.08943960070610046
1454,0,1,0.07491468687888245,0.052387967705726624
1455,0,1,0.03981757467805143,0.03724359720945358
1456,0,1,0.06325613203638547,0.12625059485435486
1457,1,1,0.05327662762615641,0.027171194553375244
1458,0,1,0.0614863367239972,0.08342209458351135
1459,0,0,0.08967919235161206,0.0925900787115097
1460,0,1,0.042020851581384064,0.08026839792728424
1461,0,1,0.10724325347042973,0.044856563210487366
1462,1,1,0.0460863192524842,0.03084792196750641
1463,0,1,0.07203815957364623,0.030333146452903748
1464,0,1,0.08254813730276278,0.08002431690692902
1465,0,0,0.05591103405928864,0.050161704421043396
1466,0,1,0.08281536918014432,0.06317353248596191
1467,0,1,0.03490139284925684,0.06363455206155777
1468,0,0,0.08461853379783535,0.0968887209892273
1469,0,0,0.049711562012499155,0.03478068858385086
1470,1,1,0.032643600428612626,0.05896860361099243
1471,0,1,0.05596370409893976,0.07513992488384247
1472,0,0,0.06186984510917817,0.06374555826187134
1473,0,1,0.06133974003625449,0.061174534261226654
1474,1,1,0.07312685114775508,0.12788647413253784
1475,0,1,0.058843833434643084,0.02327251434326172
1476,0,0,0.050506292507612974,0.08726318180561066
1477,0,1,0.07800026186178,0.04761908948421478
1478,0,1,0.038643671811163995,0.07137569785118103
1479,0,0,0.08601103863604903,0.043752893805503845
1480,0,1,0.0667919043604452,0.022871509194374084
1481,0,1,0.076269507000161,0.08552120625972748
1482,1,1,0.05564732842397754,0.11616364866495132
1483,0,1,0.0765887845544592,0.1156884953379631
1484,0,1,0.0262940832932392,0.035485006868839264
1485,0,1,0.0735579402936915,0.06172014772891998
1486,0,0,0.07246608069213234,0.04630912095308304
1487,0,0,0.07976484270225778,0.07305766642093658
1488,0,1,0.08841754010088432,0.03189980983734131
1489,0,0,0.06397057571071439,0.11424312740564346
1490,0,0,0.0668412016346658,0.10693901777267456
1491,0,1,0.03232916661161644,0.01883605867624283
1492,0,1,0.07813713541843506,0.10088115185499191
1493,0,0,0.04082549653671179,0.07601778209209442
1494,0,0,0.06647961812001003,0.09416662156581879
1495,0,1,0.07937144557540654,0.10532353818416595
1496,0,1,0.059702339078036154,0.08440239727497101
1497,0,0,0.029099399176731572,0.04082510620355606
1498,0,1,0.05455097486097925,0.018284320831298828
1499,0,1,0.037916924779285814,0.17490644752979279
1500,0,0,0.04513956801362323,0.10178791731595993
1501,0,1,0.04328245359402459,0.05702831596136093
1502,0,1,0.06347249528632226,0.049428120255470276
1503,0,1,0.038828707988022404,0.06764127314090729
1504,0,1,0.049350483665982006,0.05451083183288574
1505,1,1,0.07361662589399812,0.07598921656608582
1506,0,1,0.08542112651602557,0.0929376482963562
1507,0,0,0.05761760542582611,0.029874905943870544
1508,0,1,0.10131903818371188,0.025563448667526245
1509,0,0,0.07556620499874422,0.07098552584648132
1510,0,1,0.035117536835637383,0.020292092114686966
1511,1,1,0.09526679819905604,0.012449711561203003
1512,1,0,0.05707126469640951,0.10786483436822891
1513,0,1,0.05686121725977504,0.02881041169166565
1514,0,0,0.050864199768299936,0.027143269777297974
1515,0,1,0.06554520436238243,0.08079526573419571
1516,0,0,0.05896476732012605,0.09916187822818756
1517,0,1,0.06540766697406515,0.08277294784784317
1518,1,1,0.0628518981407067,0.03811594843864441
1519,0,0,0.05815646731360062,0.08102233707904816
1520,0,0,0.03442546756570435,0.031708355993032455
1521,0,0,0.03655642769183103,0.07029503583908081
1522,0,1,0.04474974754048949,0.029113225638866425
1523,0,1,0.08365962723903597,0.03341470658779144
1524,0,1,0.10282640134712853,0.11360225081443787
1525,1,1,0.08882739625992597,0.12853030860424042
1526,1,1,0.06795427372984374,0.061940476298332214
1527,0,1,0.025746053055383515,0.018667183816432953
1528,0,1,0.07563791680692059,0.07264265418052673
1529,0,0,0.09698611224508405,0.09768643975257874
1530,0,1,0.039864568127697786,0.08142702281475067
1531,0,1,0.08268929657037943,0.05881144106388092
1532,0,1,0.07990507223924179,0.03481101989746094
1533,0,0,0.05370487839829842,0.05197705328464508
1534,0,0,0.0844154636222999,0.07629433274269104
1535,0,0,0.07378077279014583,0.1180676594376564
1536,0,1,0.05680206959430116,0.05900859832763672
1537,0,0,0.08936216584646367,0.0019535869359970093
1538,0,1,0.04771291474959813,0.0257277712225914
1539,1,1,0.0727919831082659,0.04952146112918854
1540,0,0,0.07330690357241784,0.04763999581336975
1541,0,0,0.07738335786762712,0.030391305685043335
1542,0,1,0.06852224163197604,0.025333046913146973
1543,0,0,0.06558242270586857,0.06344276666641235
1544,1,1,0.057055987926364904,0.02719937264919281
1545,0,1,0.0535898077467134,0.04136120527982712
1546,0,0,0.10475758274695199,0.0942433625459671
1547,0,1,0.07772835870062239,0.05627495050430298
1548,1,1,0.06957518173671821,0.08925087749958038
1549,0,1,0.02899684268072803,0.03134489804506302
1550,0,1,0.06810642810002976,0.12299809604883194
1551,0,0,0.08182849423574134,0.06865640729665756
1552,0,1,0.032825903987507954,0.024893494322896004
1553,0,0,0.05917820214869764,0.04054801166057587
1554,0,0,0.044748566563591,0.030778206884860992
1555,0,1,0.05770273895648935,0.06512966006994247
1556,0,0,0.025015129631635824,0.0444791242480278
1557,0,0,0.09690969583976294,0.04070913791656494
1558,0,0,0.0711105397425291,0.05340297520160675
1559,0,1,0.030277381112405327,0.06362055242061615
1560,0,1,0.07667202672284013,0.08218088746070862
1561,0,1,0.06473593724921994,0.06223030388355255
1562,0,0,0.09208848434397554,0.08367244899272919
1563,0,0,0.061847972907442095,0.08306127786636353
1564,0,1,0.1038959048397593,0.11768341064453125
1565,1,1,0.09304752414557957,0.09862424433231354
1566,1,1,0.05180643407421398,0.10086546093225479
1567,0,1,0.07195101955141872,0.055530697107315063
1568,0,1,0.05184083351943686,0.08062461763620377
1569,0,1,0.08247455468587966,0.059180885553359985
1570,0,1,0.04565517510748816,0.04153299331665039
1571,1,1,0.06294118505905795,0.03780246526002884
1572,0,1,0.06115700046429494,0.07103347778320312
1573,1,1,0.06570392626539391,0.018660441040992737
1574,0,0,0.036955050431840546,0.08448465168476105
1575,0,1,0.04547592522991663,0.08112233877182007
1576,0,1,0.062485605239882794,0.022130087018013
1577,1,1,0.060445434537614584,0.0816519632935524
1578,1,1,0.04316983217675818,0.07674991339445114
1579,1,1,0.08079582681697625,0.10628686845302582
1580,0,1,0.02899684268072803,0.03134489804506302
1581,0,0,0.09054579724488107,0.05391615629196167
1582,0,1,0.0406464070709726,0.07694325596094131
1583,0,0,0.03867144855241263,0.0479513444006443
1584,1,1,0.07628178652377873,0.03932347893714905
1585,0,1,0.06500257348899144,0.02629546821117401
1586,0,1,0.05404209123310444,0.08388286828994751
1587,0,1,0.08422804735527023,0.08997280895709991
1588,0,0,0.04832335252898266,0.03577454388141632
1589,0,1,0.03815291858681523,0.06032814830541611
1590,1,1,0.07191010088053945,0.056363850831985474
1591,0,1,0.07925261312310258,0.03891529142856598
1592,0,0,0.046476726689081926,0.05199909210205078
1593,0,1,0.08790266738815702,0.06393687427043915
1594,0,1,0.04599742468026623,0.04011278226971626
1595,0,1,0.06976556539411023,0.04313062131404877
1596,0,1,0.09114616966112138,0.10631086677312851
1597,0,1,0.06533026222273682,0.07769814133644104
1598,0,0,0.09966005874876818,-0.013897135853767395
1599,0,1,0.03328037174712201,0.020658787339925766
1600,0,1,0.05675198544689579,0.10023219883441925
1601,0,1,0.034601046203777845,0.042845383286476135
1602,0,1,0.05293908974062207,0.06326739490032196
1603,0,1,0.049716829012795796,0.03570196032524109
1604,0,0,0.043695947569066446,0.01414491981267929
1605,0,1,0.08085127857279681,0.012345314025878906
1606,1,1,0.05774834105148846,0.016587525606155396
1607,0,1,0.03043557021077479,0.02884254790842533
1608,1,1,0.051870842518308855,0.08640070259571075
1609,1,1,0.06169770089538856,0.0297233909368515
1610,0,1,0.0384266747642746,0.030165236443281174
1611,0,0,0.0863261844909351,0.12161867320537567
1612,0,0,0.04217000011556668,0.030176088213920593
1613,0,0,0.05268998159830025,0.024679094552993774
1614,0,0,0.04564329953652414,0.038464874029159546
1615,1,0,0.1011984894497546,0.11107473075389862
1616,0,1,0.039021349829981275,0.04682518169283867
1617,0,1,0.0455561683596369,0.03295218199491501
1618,0,1,0.12274227346046768,0.04019114375114441
1619,0,1,0.03715988506258751,0.08666419237852097
1620,0,1,0.06587339787744521,0.04647570848464966
1621,0,1,0.09060091582012803,0.06573604047298431
1622,0,1,0.05443756677035384,0.05435208976268768
1623,0,0,0.036441386221435855,0.0418514646589756
1624,0,1,0.07063584386454896,0.06045791506767273
1625,0,1,0.045162302315551656,0.08165108412504196
1626,1,1,0.05462549668687139,0.04949171096086502
1627,0,1,0.06145506959879116,0.06531782448291779
1628,0,1,0.031291822882239764,0.02329644374549389
1629,0,1,0.07455270888296378,0.07753938436508179
1630,1,0,0.06655941554190338,0.06699656695127487
1631,0,1,0.05937149763647927,0.06956316530704498
1632,0,0,0.06168752776963325,0.02548704296350479
1633,0,0,0.060466582384524625,0.026610486209392548
1634,0,1,0.06217783058786698,0.02962782233953476
1635,0,0,0.05661021629291593,0.019146129488945007
1636,1,1,0.07191010088053945,0.056363850831985474
1637,0,1,0.06274930985123826,0.0632561594247818
1638,0,1,0.08261035197801597,0.08473408222198486
1639,0,0,0.0519109362357989,0.0742187649011612
1640,0,0,0.07576137469567415,-0.016482099890708923
1641,0,0,0.03459025551570019,0.041203584522008896
1642,0,1,0.03427004465674064,0.07343726605176926
1643,1,1,0.08570552800670639,0.08376827836036682
1644,0,1,0.05768533596097683,0.0748385339975357
1645,0,1,0.07598721288814889,0.0889691710472107
1646,1,1,0.052829148552503924,0.014081321656703949
1647,0,1,0.06970129771582953,0.03686147928237915
1648,0,1,0.04861024046449795,0.025494806468486786
1649,0,1,0.028459292252771655,0.026570666581392288
1650,0,1,0.07397888653533058,0.0981118306517601
1651,0,1,0.0539282425963184,0.067489393055439
1652,1,0,0.043536900195280934,0.04129374772310257
1653,1,1,0.04777896109064811,0.02178560197353363
1654,0,1,0.08388744992334349,0.04153452813625336
1655,0,1,0.04589031264696519,0.04825785756111145
1656,0,1,0.05723718975422308,0.036431849002838135
1657,0,1,0.09855241216958469,0.048195838928222656
1658,0,0,0.031139003280694348,0.054943714290857315
1659,0,1,0.10638951144675807,0.08709661662578583
1660,0,1,0.09203155820793657,0.06900100409984589
1661,1,0,0.09564537066423184,0.034340232610702515
1662,0,1,0.05875133891098702,0.0420125350356102
1663,0,0,0.04318570646647403,0.09411473572254181
1664,0,1,0.0413311004735511,0.09552924335002899
1665,0,1,0.078675918761717,0.06813167780637741
1666,0,0,0.06614318934445311,0.04705250263214111
1667,0,1,0.03500854216512964,0.03261283412575722
1668,0,1,0.11427981993760455,0.11219444870948792
1669,0,1,0.10068557397252903,0.10756039619445801
1670,0,1,0.061933198170290096,0.09807854145765305
1671,0,0,0.04646283926530939,0.050149720162153244
1672,0,1,0.07754867626752021,0.022034108638763428
1673,0,0,0.08908543594619622,0.08531486988067627
1674,0,1,0.12161348778775893,0.0394899845123291
1675,0,1,0.027049391148851888,0.028536945581436157
1676,0,1,0.04148270973329346,0.08600994944572449
1677,0,1,0.09409819166065378,0.026819974184036255
1678,0,1,0.04835900477510799,0.049125753343105316
1679,0,1,0.0571084056841423,0.07304227352142334
1680,1,0,0.07378077279014583,0.1180676594376564
1681,0,0,0.07181255438740658,0.04453733563423157
1682,0,1,0.037860644799156525,0.037496063858270645
1683,1,1,0.08111766091252229,0.06885699927806854
1684,1,0,0.058168943323784875,0.03184401988983154
1685,0,0,0.0758964926476279,0.06777024269104004
1686,0,1,0.04750462384977576,0.08147818595170975
1687,1,1,0.0604328770756829,0.10762879252433777
1688,1,1,0.05586125287816264,0.0517624095082283
1689,1,1,0.05081971736302472,0.08362551033496857
1690,0,0,0.04769441139500094,0.036006711423397064
1691,0,1,0.05532975075322935,0.06368385255336761
1692,0,0,0.11373820907885818,0.09781081974506378
1693,0,0,0.0329610406068116,0.022623658180236816
1694,0,1,0.06621808084398936,0.03193967044353485
1695,0,1,0.055271879576538716,0.0618264377117157
1696,0,1,0.028404951521976862,0.028759347274899483
1697,1,1,0.038833410550460606,0.07038886845111847
1698,0,0,0.041422305015977795,0.016152821481227875
1699,0,1,0.05606435211650668,0.03079179674386978
1700,0,0,0.05563443171510288,0.09866531193256378
1701,1,1,0.031172237884625732,0.0473884642124176
1702,0,1,0.08185183824702041,0.15674321353435516
1703,0,0,0.039853305888983795,0.08327054977416992
1704,1,1,0.08278111935918556,0.18938572704792023
1705,0,0,0.03770535869604275,0.11823047697544098
1706,0,1,0.07228037727600264,0.0783214196562767
1707,0,1,0.059755967497653814,0.06267991662025452
1708,0,1,0.030318091747257803,0.027080528438091278
1709,0,1,0.047585279702878236,0.045470766723155975
1710,1,1,0.053510988574200405,0.03703787177801132
1711,0,1,0.06276970923770916,0.08787206560373306
1712,0,0,0.03849553552993127,0.05102472007274628
1713,0,1,0.03048691913843861,0.049722857773303986
1714,0,1,0.08441598042008258,0.07629433274269104
1715,0,0,0.07620930293044884,0.06541500985622406
1716,0,1,0.034422100684609644,0.016969863325357437
1717,0,1,0.033872863070301955,0.03542191535234451
1718,0,0,0.046348864328173214,0.04590824991464615
1719,1,1,0.059775303678950675,0.04608394205570221
1720,0,0,0.04459465917369322,0.05682237446308136
1721,0,1,0.03952890683243175,0.0350881963968277
1722,0,0,0.034395098043744965,0.024845797568559647
1723,1,1,0.05246774011873663,0.04957792907953262
1724,0,0,0.07472233725435876,0.02999366819858551
1725,1,1,0.06219544145730241,0.09763564169406891
1726,0,0,0.10763450032320737,0.09990286827087402
1727,0,0,0.09717396259456337,0.04844886064529419
1728,1,1,0.06342930660452512,0.06208368390798569
1729,0,1,0.07288744739040343,0.07508634775876999
1730,0,1,0.037824042839938336,0.02895628660917282
1731,0,0,0.05853904324941843,0.04868871718645096
1732,0,0,0.06364308090279239,0.03492794185876846
1733,0,0,0.09061074244015818,0.010451540350914001
1734,0,1,0.0462381955241007,0.029057860374450684
1735,0,1,0.09330479722472487,0.10538826882839203
1736,1,0,0.07833142332463922,0.07088170945644379
1737,0,1,0.06550979452262955,0.07068081945180893
1738,0,1,0.07879919986786302,0.08181867003440857
1739,0,1,0.050449361376607174,0.0900324285030365
1740,1,1,0.04804137923639232,0.041051529347896576
1741,0,0,0.07334821343294787,0.05415824055671692
1742,0,0,0.03818333975775112,0.04472082853317261
1743,0,1,0.08526607648797369,0.11759012937545776
1744,1,1,0.04776202696361079,0.09096547961235046
1745,0,1,0.040247118445564306,0.026011917740106583
1746,1,1,0.03732032948964899,0.02835014835000038
1747,0,1,0.06377140208476258,0.09292344003915787
1748,0,1,0.04979059343023243,0.02362951636314392
1749,0,0,0.044024385489619094,0.04114347696304321
1750,0,1,0.10154726429167346,0.019199952483177185
1751,0,0,0.03177895705792848,0.057178251445293427
1752,0,1,0.09669615633267437,0.12433195114135742
1753,0,1,0.07956155833912315,0.04871198534965515
1754,0,0,0.04205907178625454,0.07522465288639069
1755,0,1,0.07587732470208691,0.14320369064807892
1756,0,1,0.06874529607553617,0.09057585150003433
1757,0,0,0.04885492931694779,0.043728575110435486
1758,0,0,0.03797105732007493,0.02757832035422325
1759,0,1,0.0862015488068715,0.09696856141090393
1760,0,1,0.06314883614223916,0.08251884579658508
1761,0,1,0.05005745137757399,0.045376747846603394
1762,0,0,0.06313241620538103,0.025579705834388733
1763,0,0,0.04566695617104634,0.04443461075425148
1764,1,1,0.06931049339189524,0.04910692572593689
1765,0,1,0.08305634854774005,0.06166943907737732
1766,0,1,0.03583722964656825,0.06786027550697327
1767,1,1,0.10166198618474784,0.009753525257110596
1768,0,1,0.049263052750568845,0.03386472910642624
1769,0,1,0.05359358731926586,0.04613278806209564
1770,1,1,0.08889608611818708,0.07136984169483185
1771,0,1,0.03978759561872569,0.1033935546875
1772,0,1,0.053024201374482396,0.10274256020784378
1773,0,1,0.046884671490690616,0.03705448657274246
1774,0,1,0.028805515407062013,0.13532638549804688
1775,0,1,0.060834280769483134,0.030066683888435364
1776,0,1,0.06533306889623498,0.08450384438037872
1777,0,1,0.056209600319761646,0.06926717609167099
1778,0,1,0.05685009008971048,0.0480714812874794
1779,0,1,0.0474340613423805,0.024664178490638733
1780,0,1,0.0802999630879127,0.08161823451519012
1781,0,1,0.039030110145158066,0.14545850455760956
1782,0,0,0.11148017790071985,0.11445590853691101
1783,0,1,0.06412093877293724,0.06979122757911682
1784,0,1,0.05288461896873059,0.04119279980659485
1785,0,0,0.0564430922818297,0.07962755858898163
1786,0,0,0.07257024694234279,0.04367847740650177
1787,0,1,0.05881351259012342,0.03483608365058899
1788,0,1,0.05881293797320762,0.03483608365058899
1789,0,0,0.05908527427472306,0.10174519568681717
1790,0,1,0.08668453792216993,0.043234214186668396
1791,0,1,0.03056918054564048,0.06314197927713394
1792,1,1,0.0680200633532076,0.04806244373321533
1793,1,1,0.06721414212902187,0.07590766996145248
1794,0,1,0.04327220373941776,0.05702831596136093
1795,0,1,0.09361855783977716,0.11628556251525879
1796,0,1,0.046559880893011135,0.03158322721719742
1797,0,0,0.11298618840183372,0.07076120376586914
1798,0,1,0.04857206981766918,0.03518008440732956
1799,1,0,0.07127509278680766,0.08407946676015854
1800,1,1,0.07544509635381377,0.10211885720491409
1801,0,0,0.07057046610628664,0.06705473363399506
1802,0,0,0.028404951521976862,0.028759347274899483
1803,0,1,0.06586920680339883,0.06325191259384155
1804,0,1,0.05947961158469872,0.07600359618663788
1805,0,1,0.06044499222530042,0.06924780458211899
1806,1,1,0.08922805106879361,0.044564396142959595
1807,1,1,0.09968212460306392,0.0406244695186615
1808,0,1,0.04112167847994873,0.01016729325056076
1809,0,0,0.04886526355460334,0.10034101456403732
1810,0,0,0.053429396107941146,0.05374329537153244
1811,0,1,0.04668783600490903,0.08118358254432678
1812,1,1,0.07202503637867777,0.05155909061431885
1813,0,1,0.0631838390606975,0.07363328337669373
1814,0,1,0.05834067584698739,0.014476649463176727
1815,0,0,0.04968217227000189,0.07797767966985703
1816,0,1,0.0747171199866602,0.034765005111694336
1817,0,1,0.0508420805699966,0.09475450962781906
1818,0,0,0.05572880054764853,0.06703946739435196
1819,0,1,0.03221731862566662,0.03993610292673111
1820,0,1,0.053676129873912806,0.02148989588022232
1821,0,0,0.05527196764227317,0.015846654772758484
1822,0,0,0.06147777161401341,0.09505043178796768
1823,0,1,0.07031294691558442,0.10215669870376587
1824,0,0,0.05047980106483155,-0.0064383819699287415
1825,0,1,0.05767690526309545,0.043679378926754
1826,0,1,0.04835343521781363,0.01198287308216095
1827,1,0,0.05576576609225738,0.18194541335105896
1828,0,1,0.09501276149290422,0.09117007255554199
1829,0,1,0.060414184382613784,0.094234399497509
1830,0,0,0.06050961370113907,0.07564162462949753
1831,0,0,0.03177895705792848,0.057178251445293427
1832,0,1,0.06907185046751924,0.04043349623680115
1833,1,1,0.06430926771857783,0.09494221210479736
1834,0,0,0.058995625231985746,0.01775354892015457
1835,0,1,0.05892033621860812,0.0584365651011467
1836,1,1,0.04719572002012394,0.05134371668100357
1837,0,0,0.04615192875605238,0.04131424427032471
1838,0,1,0.08551776141952924,0.053595930337905884
1839,0,0,0.03047783502529665,0.052148863673210144
1840,0,1,0.07602859376547627,0.09940728545188904
1841,0,1,0.03780516310105874,0.028657563030719757
1842,0,1,0.07674941566204543,0.09984190762042999
1843,0,1,0.04636522857447467,0.03582945466041565
1844,0,1,0.08336461998101843,0.10049671679735184
1845,0,0,0.08414140528162187,0.08550667762756348
1846,0,1,0.03219692865302459,0.031149614602327347
1847,0,1,0.03884434939153586,0.11862308531999588
1848,0,1,0.0597638479368998,0.03838396072387695
1849,0,1,0.04713269087270949,0.059119291603565216
1850,0,1,0.03232024759750244,0.012869369238615036
1851,0,0,0.045516383299102514,0.22449633479118347
1852,1,0,0.04234369030239617,0.041150353848934174
1853,1,0,0.12143396821497171,0.12086214125156403
1854,0,1,0.049534863996138295,0.05730202794075012
1855,0,1,0.026270794672005694,0.03299456834793091
1856,0,1,0.03561559098352214,0.030419953167438507
1857,0,1,0.06316796619905592,0.03560549020767212
1858,0,1,0.06495850672317068,0.03058910369873047
1859,0,1,0.05015627783106551,0.036825358867645264
1860,0,1,0.03116616268831622,0.041883863508701324
1861,0,1,0.05936238623655471,0.05806633085012436
1862,0,1,0.057745684365856184,0.08059465140104294
1863,0,1,0.04318774803112342,0.09126721322536469
1864,1,1,0.04899693246075848,0.03968548774719238
1865,1,1,0.07473670140147187,0.06358566880226135
1866,0,1,0.04776562706724255,0.03870993107557297
1867,0,0,0.06666624005564084,0.052611611783504486
1868,1,1,0.07333499899226106,0.0594249963760376
1869,0,0,0.044774957063930115,0.04080885648727417
1870,0,1,0.0406987965276249,0.023158926516771317
1871,0,0,0.0791506885523787,0.012973368167877197
1872,0,0,0.05019666373211672,0.021667391061782837
1873,0,0,0.06291770027714486,0.09522886574268341
1874,0,1,0.08078864287986351,0.15171685814857483
1875,0,1,0.057812468989943355,0.08217481523752213
1876,0,0,0.06295437341207787,0.045124053955078125
1877,0,0,0.046345837261107484,0.019773446023464203
1878,0,1,0.1067018977620138,0.026432573795318604
1879,0,1,0.08902904891021235,0.06235817074775696
1880,0,0,0.05924782471090051,0.03297264128923416
1881,0,1,0.03960138948014354,0.03628983348608017
1882,0,0,0.09658117751905157,0.09150448441505432
1883,0,0,0.0327657112453201,0.04471369460225105
1884,0,1,0.06670064775832163,0.03580630570650101
1885,0,1,0.05652728112754639,0.029054105281829834
1886,0,1,0.0741366964604635,0.10389748960733414
1887,0,0,0.041799908730220575,0.06113794445991516
1888,1,1,0.09151494825926632,0.03363868594169617
1889,0,0,0.07338267871709708,0.06356412172317505
1890,1,1,0.09925340100021418,0.11912734806537628
1891,0,1,0.05934764737742175,0.05406389385461807
1892,0,0,0.03802090651035066,0.030871987342834473
1893,0,0,0.027049391148851888,0.028536945581436157
1894,1,0,0.10176146421904178,0.03547392785549164
1895,0,0,0.03600552311076171,0.045348357409238815
1896,0,1,0.05293480353059357,0.030592285096645355
1897,1,0,0.07507747651639599,0.053389906883239746
1898,0,1,0.0639201297993368,0.03352827578783035
1899,0,1,0.05256561852114443,0.11046463251113892
1900,0,1,0.062473807270101336,0.04476860165596008
1901,1,1,0.03628403222498682,0.032152220606803894
1902,0,1,0.046250520780490356,0.15351063013076782
1903,0,1,0.051056617255310965,0.023583054542541504
1904,0,1,0.07338244796684174,0.0645904541015625
1905,0,1,0.05274658467528083,0.02132442593574524
1906,0,0,0.08294521843943059,0.11197055876255035
1907,0,1,0.059696547728403285,0.07692722231149673
1908,0,1,0.07328740195311273,0.06999950110912323
1909,0,0,0.04798994937035023,0.03636797517538071
1910,1,0,0.049906849467571915,0.030680976808071136
1911,0,0,0.053565669728905085,0.019758015871047974
1912,0,1,0.08434768389808595,0.09695607423782349
1913,0,1,0.06118420638975282,0.04521438479423523
1914,0,0,0.07955615016238501,0.05209113657474518
1915,0,1,0.0709668610436866,0.0739443302154541
1916,0,1,0.07295982434975778,0.045442476868629456
1917,0,0,0.03177895705792848,0.057178251445293427
1918,0,1,0.048221893661601414,0.17905078828334808
1919,0,1,0.06395181156801173,-0.011700034141540527
1920,0,0,0.06311291354691556,0.034681469202041626
1921,0,1,0.0662662511179393,0.08751565217971802
1922,0,0,0.06944911735759533,0.10400615632534027
1923,0,1,0.06215232273318057,0.026748567819595337
1924,0,0,0.051811249221174624,0.08705291152000427
1925,0,1,0.10293795983141607,0.11390174925327301
1926,0,1,0.04212201683686159,0.06593474745750427
1927,0,1,0.06720113571231823,0.03059425950050354
1928,0,0,0.0937538319461346,-0.005999922752380371
1929,0,1,0.09562085785500835,0.019687876105308533
1930,1,1,0.05340177767386389,0.030873611569404602
1931,0,1,0.05941610631102659,0.0745125263929367
1932,0,1,0.06592500064495846,0.028447642922401428
1933,0,0,0.05659607498294336,0.10584639757871628
1934,0,0,0.045215190203567415,0.07346640527248383
1935,0,0,0.0416868717118892,0.0086473748087883
1936,0,1,0.03126407000992752,0.03459913283586502
1937,1,1,0.04191022206141844,0.014221921563148499
1938,0,1,0.03689377413987414,0.08896006643772125
1939,0,0,0.038497309714836864,0.025561872869729996
1940,0,1,0.06034210288834929,0.08585363626480103
1941,0,0,0.028387365004090954,0.03747759014368057
1942,0,1,0.05203774891130544,0.030617639422416687
1943,0,1,0.10131810648822465,0.09788107872009277
1944,0,0,0.05365079507190426,0.019283227622509003
1945,0,1,0.06040993624702762,0.094234399497509
1946,0,1,0.06339604644719145,0.09932171553373337
1947,0,0,0.037617602942403516,0.10496717691421509
1948,0,1,0.06817869656866901,0.04662345349788666
1949,1,1,0.05242372561651361,0.0019505247473716736
1950,0,1,0.07028417499366203,0.12478245794773102
1951,0,1,0.09253339286109416,0.07227391004562378
1952,1,1,0.05632529048449701,0.062227971851825714
1953,0,0,0.04136222700785348,0.05469486862421036
1954,0,0,0.0614863367239972,0.08342209458351135
1955,0,1,0.048712315924235236,0.0878356322646141
1956,0,0,0.0642408795281713,0.07707832753658295
1957,0,1,0.06500117292338427,0.024590611457824707
1958,1,1,0.0398447788582338,0.08255322277545929
1959,0,1,0.03132357743710294,0.03253151476383209
1960,0,0,0.028415624906481515,0.032038554549217224
1961,0,1,0.05175577994870824,0.08803628385066986
1962,0,1,0.0439968378693094,0.054613690823316574
1963,0,0,0.05665947512582413,0.034400977194309235
1964,0,1,0.04693076457571424,0.018961645662784576
1965,0,0,0.11421738356045713,0.05203816294670105
1966,0,1,0.055411885965550356,-0.01379530131816864
1967,0,0,0.06143938393597578,0.12671011686325073
1968,0,1,0.056472344924314535,0.07413046061992645
1969,0,1,0.06634588270572596,0.05476803332567215
1970,0,1,0.03174168239444239,0.05084753781557083
1971,0,1,0.03661466310749109,0.06712668389081955
1972,0,0,0.0719768495058501,0.05704358220100403
1973,0,1,0.03657046143481769,0.04480956122279167
1974,1,0,0.07710881866513222,0.07753199338912964
1975,0,1,0.05784973936711103,0.12047633528709412
1976,0,1,0.07256909329543484,0.05828765034675598
1977,0,1,0.07545360793099742,0.06897947192192078
1978,0,0,0.08224417403772952,0.07204955816268921
1979,0,0,0.03778979861119636,-0.11369277536869049
1980,0,0,0.05275898513746777,0.08578576892614365
1981,0,1,0.05545712626297693,0.03383234143257141
1982,0,1,0.0648924316908826,0.06282389163970947
1983,0,0,0.09255941390077066,0.11903254687786102
1984,0,1,0.09361910728026293,0.00843675434589386
1985,1,1,0.06114134796653391,0.015434138476848602
1986,0,0,0.03611659386685501,0.09401892870664597
1987,0,0,0.06675098919574586,-0.012753874063491821
1988,0,0,0.09108065671381443,0.06818023324012756
1989,0,0,0.06829739972899775,0.12702804803848267
1990,0,1,0.08792278701678638,0.02035924792289734
1991,0,0,0.09448702555082092,0.11648184061050415
1992,0,1,0.05369093348357988,0.03524739295244217
1993,0,1,0.05007258831312783,0.03317510336637497
1994,1,1,0.06283439816531422,0.10327652841806412
1995,0,1,0.05503554209352973,0.0424032062292099
1996,0,1,0.031224457062651992,0.01674388349056244
1997,0,1,0.0567099995887658,0.029734060168266296
1998,0,1,0.0629399740563264,0.05286186933517456
1999,0,1,0.06417961775311505,0.03340473771095276
2000,0,1,0.03583592376585052,0.06786027550697327
2001,0,1,0.06500257348899144,0.02629546821117401
2002,0,1,0.029702310350453842,0.051895156502723694
2003,0,1,0.066729890099549,-0.004698991775512695
2004,0,0,0.05138539477666032,0.03549838811159134
2005,0,1,0.07674507919655368,0.07452496886253357
2006,0,1,0.07699522714704285,0.04134377837181091
2007,0,0,0.04312515515792101,0.0803961306810379
2008,0,0,0.10184696019153372,0.015708327293395996
2009,0,1,0.0989439834060265,0.10910280048847198
2010,0,1,0.09411821667841724,0.15568235516548157
2011,0,0,0.06449308190445989,0.023940086364746094
2012,0,1,0.04657252363181434,0.07578034698963165
2013,0,1,0.05799496753974781,0.1719779372215271
2014,0,1,0.072549796181864,0.09947353601455688
2015,0,0,0.07411761184569696,0.05710586905479431
2016,0,0,0.04639481713150054,0.02624371647834778
2017,0,1,0.055926242061952194,0.031503044068813324
2018,0,1,0.08166442499495927,0.01591189205646515
2019,1,1,0.06679320084616654,0.06519490480422974
2020,0,1,0.055477601955385175,0.09107091277837753
2021,0,1,0.038118106482923325,0.043370917439460754
2022,0,0,0.07455820840629154,0.06983616948127747
2023,0,1,0.06503112461628421,0.05685900151729584
2024,0,1,0.052305975752831135,0.05186575651168823
2025,1,1,0.10125299962875092,0.093647301197052
2026,0,1,0.08393531663856524,0.08919304609298706
2027,0,0,0.04979959769573476,0.02181333303451538
2028,0,0,0.06389363611470592,0.04126092791557312
2029,0,1,0.045501806646576964,0.07637985795736313
2030,0,1,0.03842333430592526,0.030165236443281174
2031,0,0,0.07405493761782181,0.09899026155471802
2032,0,0,0.098175064591183,0.09779141843318939
2033,1,0,0.06481924016142392,0.04147252440452576
2034,1,1,0.06961227938776587,0.044899821281433105
2035,0,1,0.08416133169522139,0.07596273720264435
2036,0,1,0.04771772562763166,0.018565617501735687
2037,0,0,0.08824286213454016,0.23288369178771973
2038,0,0,0.06043424374085897,0.10269416868686676
2039,0,0,0.07537949284764403,0.08746540546417236
2040,0,1,0.05461397064833075,0.03777855634689331
2041,0,1,0.06448317633187327,0.10972866415977478
2042,0,1,0.04766399587316347,0.040233075618743896
2043,0,0,0.0857935773264584,0.02751399576663971
2044,0,1,0.06318246259079795,0.07243987917900085
2045,0,1,0.06403226902438659,0.041566334664821625
2046,0,0,0.07613087680254235,0.05734629929065704
2047,0,0,0.062419691065825275,0.07385207712650299
2048,0,0,0.06181536157912637,0.09085825085639954
2049,0,0,0.0808189006200899,0.11045589298009872
2050,1,1,0.09429462620639109,0.07871957123279572
2051,0,1,0.03952714459939205,0.03797493875026703
2052,0,1,0.07995807428564106,0.08542574942111969
2053,0,1,0.06489146434322877,0.04058914631605148
2054,0,1,0.0514277807388365,-0.006586313247680664
2055,0,0,0.04949737134079353,0.07854492962360382
2056,0,0,0.059585160221108394,0.0869024246931076
2057,0,1,0.045671095047294594,0.07815520465373993
2058,0,1,0.038923752900351535,0.09079562872648239
2059,0,1,0.03069139764073628,0.033481329679489136
2060,0,0,0.05964096196730781,0.053306013345718384
2061,0,1,0.04373254870411898,0.05038999766111374
2062,0,1,0.08002919330749206,0.1567154824733734
2063,1,1,0.09150531447492524,0.13392487168312073
2064,0,0,0.07806223941602822,0.03402648866176605
2065,1,1,0.0854499160108658,0.033000826835632324
2066,0,1,0.05827366554423012,0.040077269077301025
2067,0,0,0.0566387275907073,0.07309584319591522
2068,0,1,0.05641646447911455,0.07312533259391785
2069,0,1,0.06014677966624378,0.058505699038505554
2070,0,1,0.07212537108892145,0.06286796927452087
2071,1,0,0.09372161944585197,0.07751646637916565
2072,0,1,0.08182555364330132,0.06102879345417023
2073,0,0,0.04771747227867895,0.040459536015987396
2074,0,1,0.036129039199261206,0.029811471700668335
2075,0,1,0.060585845249568324,0.15084058046340942
2076,0,1,0.02451554131187729,0.041500337421894073
2077,1,1,0.047173274769503115,0.06434670835733414
2078,0,1,0.0668965995397465,0.03191918134689331
2079,0,0,0.05154837358141734,0.06874167174100876
2080,0,1,0.11430300468755583,0.04650956392288208
2081,0,1,0.07557786209909947,0.049237266182899475
2082,0,1,0.028220241316030494,0.10711761564016342
2083,0,1,0.05718844632439678,0.08174498379230499
2084,0,1,0.04147982766272619,0.06525277346372604
2085,0,1,0.05130810982093438,0.04257974028587341
2086,0,0,0.05881902518136618,0.0891815796494484
2087,0,0,0.06300157227044209,0.11129921674728394
2088,1,1,0.07602327160259872,0.02424938976764679
2089,0,1,0.08466073593805701,0.09660904109477997
2090,0,1,0.03586652820034,0.04574485495686531
2091,0,1,0.07539888604213676,0.12824858725070953
2092,0,0,0.04806161556562884,0.06005680561065674
2093,0,0,0.05000004342087566,0.04691749066114426
2094,0,1,0.06553851303351158,0.08281314373016357
2095,0,1,0.03784156772467404,0.08415815234184265
2096,0,1,0.08175076703922915,0.021632269024848938
2097,0,1,0.04311998523190115,0.03290042281150818
2098,0,1,0.0831976596404885,0.10023066401481628
2099,1,0,0.06363982352071738,0.0924128070473671
2100,0,0,0.05494112107425114,0.031576190143823624
2101,0,1,0.06423896516958397,0.02380414307117462
2102,1,1,0.06343915264085148,0.04955808073282242
2103,0,0,0.03991608841013343,0.03668840229511261
2104,0,1,0.0851210759602628,0.06475190818309784
2105,1,1,0.04974611946565127,0.03347356617450714
2106,0,1,0.05597669538683306,0.020243488252162933
2107,1,0,0.050131916076457006,0.013497762382030487
2108,0,1,0.05177013698435658,0.0979129821062088
2109,0,1,0.058432886193308525,0.05912603437900543
2110,0,1,0.08080854564546619,0.1230473667383194
2111,0,1,0.08960854571769175,0.08440952003002167
2112,0,1,0.09404040437257127,0.02250756323337555
2113,0,1,0.026533591340488265,0.026926785707473755
2114,1,1,0.07412957247496102,0.05727460980415344
2115,0,1,0.07499154815414324,0.040636688470840454
2116,0,0,0.05238651566610218,0.020514443516731262
2117,0,1,0.054525607163348075,0.0321250781416893
2118,0,1,0.062475338506827155,0.059239938855171204
2119,1,0,0.0638912735308606,0.04859471321105957
2120,0,1,0.027027394382829,0.034294284880161285
2121,0,1,0.08698923071439035,0.039643630385398865
2122,0,1,0.04558980474156919,0.044039614498615265
2123,0,0,0.0616804443416713,0.09182143956422806
2124,0,1,0.0571286104253461,0.007626056671142578
2125,1,1,0.0649699089002463,0.046389155089855194
2126,1,1,0.06545959625203444,-0.030588004738092422
2127,0,1,0.05661848397462016,0.12379879504442215
2128,0,1,0.046535146807075836,0.07937955856323242
2129,0,1,0.058731816124008435,0.05867607891559601
2130,1,0,0.06953296811993737,0.00786234438419342
2131,0,0,0.12636735375311403,0.16738875210285187
2132,0,1,0.06636627440346168,0.05524460971355438
2133,0,1,0.07595879947572856,0.06847205013036728
2134,0,1,0.07348927212867931,0.05006852746009827
2135,1,0,0.07716199959339437,0.04832504689693451
2136,0,0,0.05473595258353006,0.06830025464296341
2137,0,1,0.046771986019023506,0.0508333221077919
2138,0,0,0.07713202194818311,0.07365311682224274
2139,0,0,0.05549265643574712,0.013804420828819275
2140,0,0,0.04205907178625454,0.07522465288639069
2141,0,0,0.05034500572707336,0.06435312330722809
2142,0,0,0.05088056670349149,0.059763915836811066
2143,0,1,0.06029504084710899,0.09012673795223236
2144,0,0,0.06466044206718269,0.0905567854642868
2145,0,1,0.05704177566618489,0.0311322882771492
2146,1,1,0.08291215882725789,0.12171724438667297
2147,0,0,0.051719242113583724,0.10002455115318298
2148,0,0,0.048536298794053745,0.04868046194314957
2149,1,1,0.059716607789061016,0.1065763309597969
2150,0,1,0.03900689625484543,0.022080887109041214
2151,1,1,0.025227048630660574,0.02761259116232395
2152,1,1,0.08771917741767551,0.1320158988237381
2153,0,1,0.03886503797692677,0.08074001222848892
2154,0,0,0.033902652550658954,0.027772925794124603
2155,0,1,0.0632339598070283,0.06323593109846115
2156,0,1,0.046320617241613196,0.0390331894159317
2157,1,0,0.0734781190941817,0.06584905087947845
2158,0,0,0.048007675245805015,0.05580397695302963
2159,0,1,0.040086950114931644,0.07338172942399979
2160,0,1,0.049846001446460966,0.004230126738548279
2161,0,1,0.053442848062840234,0.06335791945457458
2162,0,1,0.051812930953028094,0.08843062072992325
2163,0,0,0.05453207342098622,0.03905242681503296
2164,0,1,0.07627688976012778,0.054834961891174316
2165,0,1,0.03559882501288936,0.028574056923389435
2166,0,1,0.03390648175694738,0.03523556515574455
2167,1,1,0.05266443606109272,0.0966542512178421
2168,0,0,0.05646767744001323,0.02944067120552063
2169,1,1,0.09331011170421694,0.0673338770866394
2170,0,1,0.07951453131344152,0.04026421904563904
2171,0,0,0.08291148651686991,0.06486427783966064
2172,0,0,0.05138600971912387,0.03549838811159134
2173,1,1,0.06662083087164823,0.11014655977487564
2174,0,1,0.03766146176094102,0.10457848757505417
2175,0,1,0.08357097126134366,0.051491156220436096
2176,0,1,0.028007024068171724,0.020665325224399567
2177,0,0,0.03333290432631303,0.055580876767635345
2178,0,1,0.0466791400999715,0.05582910776138306
2179,1,0,0.08170501323011059,-0.030790865421295166
2180,0,0,0.07670539956056135,0.08214922249317169
2181,0,0,0.0680200633532076,0.04806244373321533
2182,0,1,0.06204354543476445,0.04999642074108124
2183,0,1,0.06474381108279782,0.0521649569272995
2184,0,1,0.0640288032514983,0.044367820024490356
2185,0,1,0.06382489709066007,0.04115430265665054
2186,0,0,0.07496827652997307,0.08025334030389786
2187,0,1,0.037749999143882454,0.04202587530016899
2188,0,1,0.06508332068859375,0.08439651876688004
2189,0,1,0.05909713916195963,0.05392280966043472
2190,0,1,0.053362351856583654,0.0019560158252716064
2191,1,1,0.08139980299845628,0.08220255374908447
2192,1,1,0.12699372814460658,0.034885019063949585
2193,0,1,0.06911546772555203,0.046327441930770874
2194,0,1,0.04384040121543628,0.061743468046188354
2195,0,1,0.05665738922285367,0.06481751054525375
2196,0,1,0.054399307478491074,0.028643324971199036
2197,0,0,0.040371565254123276,0.0224900022149086
2198,0,0,0.08381496531224786,0.12307649850845337
2199,0,0,0.042280901096047444,0.0822606012225151
2200,0,1,0.0845476886338615,0.07854565232992172
2201,0,1,0.104206993445664,0.09836289286613464
2202,0,1,0.05875129056500228,0.03928045183420181
2203,0,0,0.06726925366927278,0.05978299677371979
2204,0,1,0.06299734727700745,0.10983911156654358
2205,0,1,0.046633242962737645,0.07007087767124176
2206,0,1,0.10937991785385001,0.08515515923500061
2207,0,1,0.08886857933403275,0.0681648850440979
2208,1,1,0.05390748568437387,0.021356962621212006
2209,0,0,0.062443409166429015,0.0491265207529068
2210,0,0,0.05338220507397988,0.03052249550819397
2211,1,1,0.054320588248241264,0.07119175791740417
2212,0,1,0.04986180072255442,0.031383663415908813
2213,0,0,0.054993962668517,0.04436319321393967
2214,0,0,0.06540241944833484,0.07583270967006683
2215,1,1,0.06002297266833076,0.02266491949558258
2216,0,0,0.07227687066474442,0.08705423772335052
2217,0,1,0.06573483397405232,0.05632656812667847
2218,0,0,0.038373822590321745,0.06110240891575813
2219,0,0,0.07534272080694285,0.01975788176059723
2220,0,1,0.036380851208492763,0.03854386880993843
2221,0,0,0.05367133660985955,0.02148989588022232
2222,0,1,0.08224145251067805,0.07303375005722046
2223,0,1,0.0604866015384775,0.06505678594112396
2224,0,0,0.05973978668068439,0.010854646563529968
2225,0,0,0.10199115166408618,0.10023736953735352
2226,1,0,0.07133871950914542,0.11441294848918915
2227,0,1,0.03533058071351573,0.14640112221240997
2228,0,0,0.03886503797692677,0.08074001222848892
2229,0,1,0.05796847694956407,0.04772181063890457
2230,0,1,0.034598432326383606,0.042845383286476135
2231,0,1,0.02500166419077301,0.05301578715443611
2232,0,1,0.052224713918431045,0.03969354182481766
2233,0,1,0.12302691558875217,0.007084272801876068
2234,0,1,0.03611088836237249,0.0727006047964096
2235,0,1,0.07716199959339437,0.04832504689693451
2236,0,0,0.04143889265218831,0.015541993081569672
2237,0,0,0.10595071692193528,0.10132957994937897
2238,0,0,0.041416569128369204,0.02217402309179306
2239,0,0,0.08639355083103023,0.00880993902683258
2240,1,1,0.10674788608172583,0.02257305383682251
2241,0,1,0.051812930953028094,0.08843062072992325
2242,0,1,0.06835685721051073,0.043056972324848175
2243,1,1,0.054005161228219925,0.0871838629245758
2244,0,0,0.03659988849409208,0.028524693101644516
2245,0,0,0.053841448597677005,0.023611709475517273
2246,0,0,0.07949893700675995,0.04051198065280914
2247,0,0,0.041701203808438975,0.023964010179042816
2248,0,0,0.05265942263758601,0.046444378793239594
2249,0,1,0.031291822882239764,0.02329644374549389
2250,0,0,0.04982377578101935,0.02315472811460495
2251,0,1,0.06710603795807514,0.047128185629844666
2252,0,0,0.04801384804727156,0.06289535760879517
2253,1,1,0.05168941464606594,0.07244459539651871
2254,0,1,0.11374955125545033,0.02745959162712097
2255,0,1,0.08665816396001497,0.04131495952606201
2256,0,1,0.0542081749507448,0.08549658954143524
2257,0,0,0.09521912823558815,0.13178624212741852
2258,0,1,0.05738155493326483,0.03972373902797699
2259,0,0,0.11584617874035702,0.02351173758506775
2260,0,1,0.06367300899929844,0.047786012291908264
2261,1,1,0.06669701153358505,0.07982007414102554
2262,0,0,0.08854248810867155,0.011887043714523315
2263,0,1,0.06728554869823188,0.06620766967535019
2264,0,1,0.0412897781474965,0.026890181005001068
2265,0,0,0.043929342718084574,0.024012356996536255
2266,0,0,0.052404925560015844,0.006568983197212219
2267,0,1,0.038652897346727166,0.07069280743598938
2268,0,1,0.048871417317611535,0.03974750638008118
2269,1,1,0.06390139176432137,0.048921652138233185
2270,0,1,0.08931905723768532,0.09916074573993683
2271,0,1,0.05774278476031182,0.054440438747406006
2272,0,1,0.06474667323504765,0.04523947834968567
2273,0,0,0.04645132781148574,0.056299835443496704
2274,1,1,0.05134203042927793,0.01759013533592224
2275,0,0,0.02981801599678323,0.026259250938892365
2276,0,0,0.03726747434808031,0.03849586844444275
2277,0,0,0.09611526190723538,0.08992204070091248
2278,0,1,0.06142137079810181,0.0795859843492508
2279,0,1,0.0793549898362651,0.04644803702831268
2280,0,1,0.05896050933204855,0.11556672304868698
2281,0,1,0.05475103676198506,0.10945235937833786
2282,0,1,0.05216288726559212,0.08549901098012924
2283,1,0,0.1010360935479743,0.15579530596733093
2284,1,1,0.055338247652349085,0.050009459257125854
2285,0,0,0.0496868941543471,0.062015656381845474
2286,0,0,0.052362896543916126,0.07978226989507675
2287,0,0,0.034521028057141974,0.01652202010154724
2288,0,0,0.10209746831022726,0.0756143108010292
2289,1,1,0.0804119718447438,0.08151639252901077
2290,1,1,0.07407413969051369,0.038424551486968994
2291,1,1,0.06620985296965624,0.04776856303215027
2292,0,1,0.0666150935454255,0.1038738489151001
2293,0,1,0.03177895705792848,0.057178251445293427
2294,0,1,0.09117364020771085,0.011822119355201721
2295,1,1,0.060192378199038735,0.11268222332000732
2296,0,1,0.0401818837223981,0.05336703732609749
2297,0,1,0.0461183359666289,0.05406135320663452
2298,0,1,0.08645068436974729,0.04590429365634918
2299,0,0,0.07037897654511398,0.09976708889007568
2300,1,1,0.07072676485393675,0.07511386275291443
2301,0,0,0.06041035342232626,0.0720200166106224
2302,0,1,0.045379164596035595,0.08044548332691193
2303,0,1,0.02963418392750273,0.050319284200668335
2304,0,0,0.058190240989827044,0.035232074558734894
2305,0,0,0.04069281267068646,0.08316996693611145
2306,0,1,0.037148209855760055,0.06110147759318352
2307,0,1,0.05360998756839286,0.03584592044353485
2308,0,0,0.04521037668115162,0.07366866618394852
2309,0,0,0.048395699567038125,0.08803978562355042
2310,0,0,0.0718532535453063,0.07488633692264557
2311,0,0,0.051736263297362736,0.08866797387599945
2312,0,0,0.09850546608508853,0.10424412786960602
2313,0,1,0.04012245137504748,0.0662507563829422
2314,1,1,0.03993958268639766,0.05345603823661804
2315,0,1,0.06833671241747816,0.028467625379562378
2316,0,1,0.06387149106737881,0.04823548346757889
2317,0,0,0.07215193843500145,0.05234229564666748
2318,0,0,0.05284316199769694,0.036568619310855865
2319,0,1,0.04584353878178982,0.06233225390315056
2320,0,1,0.06516302198832127,0.11682070791721344
2321,0,1,0.05303004814475819,0.09588193893432617
2322,0,0,0.04402978954621109,0.057693030685186386
2323,0,1,0.04205907178625454,0.07522465288639069
2324,0,1,0.035575011397568225,0.03445994853973389
2325,1,1,0.05333585348733208,0.011736929416656494
2326,0,0,0.08776364669388287,0.05332319438457489
2327,0,1,0.04905135898494804,0.06318780034780502
2328,0,0,0.06361695099182582,0.16568365693092346
2329,0,1,0.04253845149701593,0.053138092160224915
2330,1,0,0.05444413815063877,0.07933630049228668
2331,0,1,0.0642339506102373,0.031510040163993835
2332,0,1,0.043150003334875606,0.06841760873794556
2333,0,1,0.039643592291366325,0.06703194230794907
2334,0,1,0.03215939645000271,0.04676256328821182
2335,0,1,0.03880276907096815,0.036159828305244446
2336,1,0,0.03323376305289168,0.028552323579788208
2337,0,1,0.05144187498477082,0.00043013691902160645
2338,0,1,0.03297370264729236,0.01408013328909874
2339,0,1,0.05952299441980298,0.062055572867393494
2340,0,1,0.08354691521711735,0.04453191161155701
2341,1,1,0.05835031754506369,0.02997244894504547
2342,0,0,0.10793083108224433,0.10525435209274292
2343,0,0,0.04312906622988344,0.0803961306810379
2344,0,0,0.053943770724131784,0.07873272895812988
2345,0,0,0.0470978428241408,0.08421105146408081
2346,0,0,0.10372811463247245,0.0982179343700409
2347,1,1,0.0848211144532933,0.10751543939113617
2348,0,1,0.0714409175992892,0.03822307288646698
2349,0,1,0.08157083744197466,0.0948038101196289
2350,0,1,0.03963157366267396,0.08307714760303497
2351,0,0,0.0717165287767089,0.07110647857189178
2352,0,1,0.06150811502232735,0.056477539241313934
2353,1,1,0.061253505893656746,0.07231029868125916
2354,0,1,0.04627199972777832,0.049981214106082916
2355,0,0,0.07326703476143692,0.06455989927053452
2356,0,1,0.06686149055476037,0.08439304679632187
2357,1,1,0.040638281849164085,0.0673719123005867
2358,0,0,0.07938708770172814,0.07104897499084473
2359,0,1,0.04765647987012016,0.043065816164016724
2360,0,0,0.060970499865949115,0.05573783814907074
2361,0,0,0.03628934265907922,0.03890080377459526
2362,0,1,0.046360448285951456,0.032828912138938904
2363,0,1,0.09488846973175849,0.02157054841518402
2364,0,1,0.03838616806458878,0.028677016496658325
2365,0,1,0.0854499160108658,0.033000826835632324
2366,0,1,0.07263988889545697,0.04507063329219818
2367,0,1,0.06571869769875752,0.08204920589923859
2368,0,0,0.08331066206590107,0.07422015070915222
2369,0,1,0.07406917074983557,0.04670347273349762
2370,0,0,0.07338244796684174,0.0645904541015625
2371,0,1,0.03957829967269924,0.06151019036769867
2372,1,0,0.05874997872020926,0.07419639825820923
2373,0,1,0.07918105158259192,0.07260939478874207
2374,0,0,0.09621441136375045,0.11328920722007751
2375,0,0,0.05083965173563049,0.015111498534679413
2376,0,1,0.055374285364859374,0.06391430646181107
2377,0,1,0.060543974721347815,0.0967160239815712
2378,0,1,0.09322749768554187,0.10708919167518616
2379,0,1,0.051354471627499634,0.08040866255760193
2380,0,1,0.08428885046309567,0.06669379025697708
2381,1,1,0.0580603762196282,0.045362070202827454
2382,0,1,0.04992237820121784,0.032265037298202515
2383,0,1,0.06575892154058614,0.0363469272851944
2384,0,1,0.05659710408505357,0.08711013942956924
2385,0,0,0.039368934485402546,0.027449384331703186
2386,0,1,0.06039234560713039,0.0742725059390068
2387,0,0,0.0740116572527694,0.040579140186309814
2388,0,1,0.08427054940287698,0.03153295814990997
2389,0,1,0.045633385729562034,0.04274369031190872
2390,0,1,0.034562570249631754,0.03565693274140358
2391,0,0,0.03487226014154637,0.04006623104214668
2392,0,1,0.02455146059590909,0.06027059257030487
2393,0,1,0.03200537020683362,0.06838038563728333
2394,0,1,0.06929958293187011,0.05093452334403992
2395,0,0,0.052979564713796876,0.018310874700546265
2396,0,0,0.04807266379171472,0.014503464102745056
2397,0,1,0.07920730069539297,0.12972594797611237
2398,0,0,0.06382755906418187,-0.00979265570640564
2399,0,1,0.04201395477111192,0.08026839792728424
2400,0,1,0.08307102748790204,0.09320175647735596
2401,0,0,0.07039293898009312,0.09187914431095123
2402,0,0,0.07038029040021446,0.09976708889007568
2403,0,1,0.03612644395274931,0.029811471700668335
2404,0,1,0.03830114705578933,0.02879829704761505
2405,0,1,0.059407663798311,0.09083841741085052
2406,1,0,0.06362633894456805,0.08597565442323685
2407,0,1,0.04264544746221548,0.08365511894226074
2408,0,1,0.05073080964862259,0.08415264636278152
2409,0,1,0.06318212933783973,0.03469309210777283
2410,1,1,0.11872586960862125,0.10520130395889282
2411,0,1,0.03725264804625795,0.03518516197800636
2412,0,0,0.04640420305215788,0.017249695956707
2413,0,0,0.07199354141049921,0.0644553005695343
2414,1,1,0.07744655736255593,0.13743220269680023
2415,0,0,0.04149518755769152,0.024293653666973114
2416,0,1,0.07058775969219935,0.06672508269548416
2417,1,1,0.04633460600244012,0.08258866518735886
2418,0,1,0.06296651941033837,0.03939250856637955
2419,0,1,0.04714801499115612,0.03039173036813736
2420,0,1,0.07824353705544831,-0.02021707594394684
2421,0,1,0.08644291738077317,0.04590429365634918
2422,0,0,0.03947860352585725,0.06840168684720993
2423,0,0,0.040100560320548775,0.06159285828471184
2424,0,0,0.05020810974707432,0.018143177032470703
2425,0,1,0.04715039752863086,0.07062885165214539
2426,0,1,0.09669198598573078,0.12433195114135742
2427,1,0,0.0514777583579889,0.120296411216259
2428,0,1,0.04742444889379879,0.07073229551315308
2429,0,0,0.045149682140463,0.06594306230545044
2430,0,1,0.10044098125694861,0.09983645379543304
2431,0,0,0.053991269498361735,0.08926066011190414
2432,0,1,0.04718156358128285,0.06647711247205734
2433,0,1,0.09608170511942643,0.09407567977905273
2434,1,1,0.05360268159481582,0.041115812957286835
2435,0,1,0.027029471043034957,0.03507714718580246
2436,0,1,0.028264244365668045,0.07473040372133255
2437,0,0,0.06159388932809662,0.022326871752738953
2438,0,1,0.05082218773637004,0.08029042929410934
2439,0,1,0.04508563806181254,0.06866542994976044
2440,0,1,0.08038403508685915,0.10279074311256409
2441,0,0,0.046289904234064275,0.12342522293329239
2442,0,0,0.09230655999794338,0.14896704256534576
2443,0,1,0.08729395912969651,0.07854458689689636
2444,0,0,0.04657252363181434,0.07578034698963165
2445,0,1,0.05734938579687958,0.03907845914363861
2446,0,0,0.09483789819037816,0.014844074845314026
2447,0,0,0.05967267036115782,0.0745389387011528
2448,0,0,0.0600687251389235,0.06423039734363556
2449,0,1,0.06751241364888623,0.08166106045246124
2450,0,0,0.06860003677859411,0.08026115596294403
2451,0,0,0.08782459298243406,0.05849546194076538
2452,0,0,0.07176505501940528,0.04374335706233978
2453,0,0,0.03965529215534823,0.07045193016529083
2454,0,1,0.03425664155204775,0.06343717873096466
2455,0,0,0.040668355458055486,0.027086101472377777
2456,0,1,0.026523228423794745,0.020766157656908035
2457,0,1,0.03480175195080023,0.04538003355264664
2458,0,0,0.10272731024710849,0.10390874743461609
2459,0,1,0.03401928560182898,0.029328711330890656
2460,0,1,0.055568421326678455,0.022660665214061737
2461,0,1,0.04717634013705069,0.05645746737718582
2462,1,1,0.055596148170470594,0.015667304396629333
2463,1,1,0.05875957684914472,0.10412266850471497
2464,0,0,0.041954817084010845,0.0417017862200737
2465,1,1,0.05360998756839286,0.03584592044353485
2466,0,1,0.04518602070396882,0.07601366937160492
2467,0,1,0.07127844956350976,0.09225115180015564
2468,0,1,0.06673605229306634,0.03548331558704376
2469,0,1,0.06070607896120163,0.03242982178926468
2470,1,1,0.04966302555498385,0.05053883045911789
2471,0,0,0.05197139386274656,0.033476099371910095
2472,0,1,0.06144094763922181,0.08010924607515335
2473,0,1,0.032399727213688945,0.014937419444322586
2474,0,0,0.10505865721117022,0.11538976430892944
2475,0,1,0.06005862502523697,0.06540262699127197
2476,1,1,0.04595625951136209,0.08975355327129364
2477,0,0,0.03471872510091893,0.019976552575826645
2478,0,1,0.06246994097418852,0.046231165528297424
2479,0,1,0.06572944285006886,0.07873764634132385
2480,1,1,0.040939604768380405,0.04587648808956146
2481,0,1,0.08759545845475009,0.04101584851741791
2482,1,1,0.05728146761886484,0.05990859121084213
2483,0,1,0.03457128361806125,0.029873840510845184
2484,0,1,0.04385932492328466,0.04805558919906616
2485,0,0,0.047656993876600065,0.0420662984251976
2486,1,0,0.07328637411793892,0.09292765706777573
2487,0,1,0.09305012706412355,0.11538907885551453
2488,0,0,0.08734579317271804,0.08960054814815521
2489,0,1,0.07342679680098099,0.08181072771549225
2490,0,1,0.0802572320613093,0.06291410326957703
2491,0,1,0.08392732974760547,0.03437517583370209
2492,1,1,0.04365875710350543,0.034750133752822876
2493,1,1,0.044512989725814606,0.07336045801639557
2494,0,0,0.055037380471491607,0.04674002528190613
2495,0,0,0.027049391148851888,0.028536945581436157
2496,0,1,0.07355788680742542,0.06172014772891998
2497,1,0,0.08009108381812724,0.10696704685688019
2498,1,1,0.054744593635325176,0.07491502910852432
2499,0,1,0.06890162423649544,0.09624224156141281
2500,0,1,0.06423896516958397,0.02380414307117462
2501,1,1,0.047226680800124154,0.08411440998315811
2502,0,1,0.0848926701550353,0.07427027821540833
2503,1,1,0.09394083086677885,0.09452708065509796
2504,0,0,0.07137994922212124,0.09701015055179596
2505,0,1,0.09336016099044953,0.0901513397693634
2506,0,0,0.04737567286297022,0.07799683511257172
2507,0,0,0.07247719895976834,0.09123525023460388
2508,0,0,0.05431116616115804,0.03150949627161026
2509,0,0,0.04968503354475523,0.07797767966985703
2510,1,0,0.06115632741959183,0.10123832523822784
2511,0,1,0.046598076219144746,0.06451494246721268
2512,0,1,0.10888697634819741,0.01779693365097046
2513,0,0,0.07590565961739756,0.03014446794986725
2514,0,1,0.06935891232656508,0.06023290753364563
2515,1,0,0.049521632776698146,0.06919944286346436
2516,0,0,0.03359396684587452,0.05750131607055664
2517,0,1,0.0775706396027829,0.024441584944725037
2518,1,0,0.09606941737949348,0.045373111963272095
2519,0,0,0.07194295839154619,0.05753307044506073
2520,0,0,0.10506529160541245,0.09447063505649567
2521,0,1,0.06472047097373801,0.04018360376358032
2522,0,1,0.04539763806270081,0.11700130254030228
2523,0,1,0.0714409175992892,0.03822307288646698
2524,0,0,0.034949340687845554,0.06210152059793472
2525,1,1,0.11080675851716287,0.10792484879493713
2526,0,1,0.0919399909299253,-0.0026202350854873657
2527,0,1,0.06849599184050997,0.042491763830184937
2528,1,1,0.06362542335969351,0.013996422290802002
2529,0,0,0.05653356961347357,0.0521363765001297
2530,0,1,0.06334386292771305,0.04119326174259186
2531,0,1,0.0552131672684083,0.020923949778079987
2532,0,1,0.03605804199583488,0.04457204416394234
2533,0,1,0.06397293517841253,0.042221687734127045
2534,0,1,0.08842538426886129,0.0640765130519867
2535,0,0,0.03596494262242448,0.07272033393383026
2536,0,1,0.03628934265907922,0.03890080377459526
2537,0,1,0.06872593702834508,0.038697972893714905
2538,0,1,0.04712618595596893,0.05288863182067871
2539,1,0,0.09445125410847943,0.010758459568023682
2540,1,1,0.08310275493341657,0.08946633338928223
2541,0,0,0.08588230172282868,0.08412334322929382
2542,0,0,0.05579932683087084,0.06526333838701248
2543,0,1,0.045629768132541174,0.04915454983711243
2544,0,1,0.07881766534160864,0.073410764336586
2545,0,1,0.06069934768538948,0.015480250120162964
2546,1,1,0.061451712535306596,0.16667191684246063
2547,0,0,0.05334950164712536,0.0913827046751976
2548,0,1,0.07378097952538781,0.039535313844680786
2549,0,0,0.025750438836533364,0.02089548110961914
2550,0,1,0.040159979618412195,0.05959584563970566
2551,0,1,0.06655061909966649,0.11688752472400665
2552,0,0,0.07737951546101549,0.10846875607967377
2553,0,1,0.056671664896546875,0.023959197103977203
2554,1,1,0.030387736369386104,0.04198726266622543
2555,0,0,0.03784156772467404,0.08415815234184265
2556,1,1,0.057031666752987625,0.0763552114367485
2557,0,1,0.0890099967787518,0.05682595074176788
2558,0,1,0.034891441307636474,0.02695034071803093
2559,0,1,0.049768317187349254,0.04093460738658905
2560,0,1,0.0874478570553121,0.0875965803861618
2561,0,0,0.06446717511767652,0.06665696203708649
2562,0,1,0.052438174549144095,0.12943106889724731
2563,0,1,0.07846659180803978,0.05681278556585312
2564,0,1,0.03266682504186733,0.05679105222225189
2565,0,0,0.0609178486654377,0.08611644804477692
2566,0,1,0.061833856129320075,0.055062100291252136
2567,0,0,0.0724989184247112,0.10745751857757568
2568,0,1,0.036030235842361244,0.020015977323055267
2569,0,1,0.03301820295375817,0.04233444109559059
2570,0,0,0.035116987905668494,0.020292092114686966
2571,0,1,0.04417192325116141,0.04580599069595337
2572,1,1,0.0440283195798583,0.053810518234968185
2573,0,1,0.049643699266334815,0.08956005424261093
2574,0,0,0.061417654568802896,0.06853443384170532
2575,1,0,0.12066978521097499,0.03632049262523651
2576,0,1,0.03462209327656323,0.03389887139201164
2577,0,1,0.10459829728746359,0.10930715501308441
2578,1,0,0.05049836155619422,0.042506881058216095
2579,0,0,0.09469946664255033,0.09686627984046936
2580,0,1,0.058996504740169056,0.01775354892015457
2581,0,1,0.05255172261307907,0.04866950958967209
2582,0,1,0.08168966077348119,0.06908918917179108
2583,0,1,0.0360651430979464,0.04457204416394234
2584,0,1,0.09135052243537206,0.05607768893241882
2585,1,1,0.09522432858378677,0.1250857561826706
2586,0,1,0.10207318161348816,0.09267255663871765
2587,0,1,0.06108040017346136,0.07219542562961578
2588,0,1,0.04636886557941998,0.06427506357431412
2589,0,0,0.06295382587646489,0.045124053955078125
2590,0,1,0.0454487958869417,0.1327078938484192
2591,0,1,0.05399856312295076,0.08896607160568237
2592,0,1,0.06661239901203056,0.013315737247467041
2593,0,1,0.04715540429225247,0.07088474929332733
2594,0,1,0.03802090651035066,0.030871987342834473
2595,0,1,0.047584434177027235,0.09372274577617645
2596,0,1,0.0722369213412985,0.058905646204948425
2597,0,0,0.03387833524655418,0.041973356157541275
2598,0,0,0.06063953790327539,0.02686275541782379
2599,1,0,0.12080400631929034,0.12195704877376556
2600,0,0,0.07990507223924179,0.03481101989746094
2601,0,1,0.03455887519871686,0.03632591664791107
2602,0,0,0.04808266690763749,0.054600201547145844
2603,1,1,0.11079230092394574,0.10792484879493713
2604,0,1,0.06865209777461125,0.08624391257762909
2605,0,1,0.04654846628238818,0.08281713724136353
2606,0,1,0.04772208810588911,0.03824847191572189
2607,1,1,0.07726255142508426,0.05415034294128418
2608,0,0,0.0629672822325747,0.09917528927326202
2609,0,1,0.08574939425027306,0.039187729358673096
2610,0,1,0.06398178841340116,0.09383958578109741
2611,0,1,0.0685034003014749,0.042491763830184937
2612,0,1,0.04845095908266667,0.04900438338518143
2613,0,1,0.05133910966780558,0.03725028783082962
2614,1,1,0.08041314355074891,0.08151639252901077
2615,0,0,0.04815424874107965,0.13789218664169312
2616,0,0,0.06154443357471458,0.1171460673213005
2617,0,1,0.042686616010721115,0.04958704113960266
2618,0,1,0.048395699567038125,0.08803978562355042
2619,1,0,0.059245604083325076,0.06772947311401367
2620,0,1,0.09647165189073617,0.02512820065021515
2621,0,1,0.06258713922548388,0.07082589715719223
2622,0,0,0.12265800568888069,-0.010074049234390259
2623,0,1,0.09030309413996876,0.1146819144487381
2624,0,0,0.03637031099219602,0.08850853145122528
2625,0,0,0.05368231625145045,0.060060225427150726
2626,0,1,0.08423064330075494,0.19595324993133545
2627,0,1,0.07462500744984443,0.09893375635147095
2628,0,1,0.07275130203673746,0.05004391074180603
2629,0,0,0.05368209923607961,0.03431840240955353
2630,0,0,0.062485605239882794,0.022130087018013
2631,0,1,0.056890282789385224,0.06482710689306259
2632,0,1,0.08278628272180785,0.0689123272895813
2633,0,0,0.06719964558563565,0.0797242820262909
2634,0,1,0.0714409175992892,0.03822307288646698
2635,0,0,0.07440407689867296,0.07282950729131699
2636,0,1,0.05939125849457892,0.06272022426128387
2637,0,1,0.0819843511846535,0.09880901873111725
2638,0,1,0.09815784777637068,0.08425287902355194
2639,0,1,0.057589736117954635,0.010626442730426788
2640,0,0,0.06149797802195581,0.015596345067024231
2641,0,1,0.048904585172024145,0.04679751396179199
2642,0,1,0.05540408541965572,-0.01379530131816864
2643,1,1,0.060357286615443595,0.08567248284816742
2644,0,1,0.07600777116959681,0.04832504689693451
2645,0,1,0.06421268713061898,0.042644038796424866
2646,0,0,0.07169097379564995,0.053533121943473816
2647,0,1,0.0614863367239972,0.08342209458351135
2648,0,1,0.04872337896057444,0.08094093948602676
2649,0,1,0.025774966832184984,0.0228049885481596
2650,0,1,0.03707821203633871,0.06829676032066345
2651,0,0,0.04585718298116909,0.05927060544490814
2652,0,0,0.07217770205687951,0.031205371022224426
2653,0,1,0.05054499499888951,0.07931967079639435
2654,0,1,0.06362109938764632,0.08597565442323685
2655,1,1,0.0604151675639607,0.17197684943675995
2656,0,0,0.0724981101090893,0.12461653351783752
2657,0,1,0.06148604192896717,0.08342209458351135
2658,0,0,0.026493302302426518,0.02747284807264805
2659,0,0,0.07330690357241784,0.04763999581336975
2660,0,1,0.061511214835833244,0.030430227518081665
2661,0,0,0.0529880835307219,0.014236345887184143
2662,0,0,0.031129566324052657,0.05339296534657478
2663,0,0,0.08159926936775166,0.011372804641723633
2664,1,1,0.09141516604295422,-0.02778853476047516
2665,0,1,0.035744730431689097,0.02137795090675354
2666,0,1,0.0527489410216849,0.10340653359889984
2667,1,1,0.07597230220364559,0.06931725889444351
2668,0,0,0.08914343247440801,0.060978204011917114
2669,0,1,0.07755485645200394,0.013203904032707214
2670,0,1,0.03177895705792848,0.057178251445293427
2671,0,1,0.033947267646393574,0.01819094456732273
2672,0,1,0.026998502735284424,0.04066269099712372
2673,0,1,0.039098879342635576,0.07716990262269974
2674,0,1,0.06525476452341902,0.058546245098114014
2675,0,1,0.1147015647645378,0.10406996309757233
2676,0,1,0.04421662252284607,0.040174320340156555
2677,0,1,0.041840800573011774,0.0919969379901886
2678,0,1,0.04643559156897846,0.05900469422340393
2679,1,1,0.045590150197030596,0.058285363018512726
2680,0,1,0.05631697885544898,0.06829468905925751
2681,0,1,0.0933971307253331,0.008919835090637207
2682,0,0,0.0631725917437511,0.018634699285030365
2683,0,1,0.034411385315006635,0.035012561827898026
2684,0,1,0.04272674366875322,0.06699546426534653
2685,0,0,0.04474974754048949,0.029113225638866425
2686,0,1,0.10472872714030151,0.11854580044746399
2687,0,0,0.1228246337211889,0.027864307165145874
2688,0,1,0.07674362839105914,0.09984190762042999
2689,0,0,0.04278829405828717,0.02582976222038269
2690,0,1,0.05877475508291606,0.11941516399383545
2691,0,0,0.028404951521976862,0.028759347274899483
2692,0,0,0.09523520251399697,0.10955102741718292
2693,0,1,0.04015410013630781,0.046144723892211914
2694,0,1,0.06187628604079154,0.018426723778247833
2695,0,0,0.10360869480039678,0.1000996083021164
2696,0,1,0.09791839708527272,-0.007411360740661621
2697,0,0,0.05245276618311222,0.0576905757188797
2698,0,0,0.06462955977882803,0.04887045919895172
2699,0,1,0.06070840402020494,0.01470867544412613
2700,0,0,0.05366449388214847,0.02148989588022232
2701,0,1,0.044611099730980694,0.08135321736335754
2702,0,0,0.06991696111095687,0.05575251579284668
2703,0,1,0.05823862190501074,0.022602662444114685
2704,0,0,0.056486447494352235,0.00493273138999939
2705,0,1,0.03802090651035066,0.030871987342834473
2706,1,1,0.07695593047289795,0.044433534145355225
2707,0,0,0.04499066198443066,0.06536231935024261
2708,0,1,0.04216902301103258,0.030176088213920593
2709,0,0,0.07600777116959681,0.04832504689693451
2710,0,0,0.025789532672032052,0.02910606563091278
2711,0,1,0.06832535375070546,0.05887749791145325
2712,1,0,0.08117533066950569,0.051575541496276855
2713,0,1,0.06669986604779635,0.07982007414102554
2714,0,1,0.03490538950225997,0.030097484588623047
2715,0,0,0.1245798609511905,0.10832816362380981
2716,0,1,0.04059512849749389,0.07501854002475739
2717,0,1,0.04878391733725801,0.04694446921348572
2718,0,1,0.05304430454701961,0.0871838629245758
2719,0,1,0.05337577372919415,0.07359214127063751
2720,0,1,0.03272133276502076,0.0654769092798233
2721,0,0,0.04285021206427189,0.04494086652994156
2722,1,1,0.04938273088057271,0.03153655678033829
2723,0,0,0.04184004373911236,0.08881428837776184
2724,0,1,0.08325949503455107,0.04178905487060547
2725,0,0,0.050260464681803854,0.05582839995622635
2726,0,1,0.036255889526360045,0.04588766023516655
2727,0,1,0.03025264081198467,0.056755200028419495
2728,0,1,0.0403004068332259,0.03751801699399948
2729,0,0,0.08202216910205887,0.03972285985946655
2730,1,0,0.0546475467123607,0.12116903066635132
2731,0,1,0.08355773571202163,0.1005077213048935
2732,0,1,0.03974565181696055,0.040583960711956024
2733,0,1,0.039655546267192004,0.07045193016529083
2734,0,0,0.0625750661664426,0.07082589715719223
2735,1,1,0.07436313825735874,0.06957173347473145
2736,1,1,0.08795017864065682,0.10420583188533783
2737,0,1,0.06536237430782864,0.08290795236825943
2738,0,0,0.06256215101370818,0.06293605268001556
2739,1,1,0.0912912462840468,-0.004811376333236694
2740,0,1,0.06307186846999334,0.1137397289276123
2741,0,1,0.03836858598575445,0.03504431992769241
2742,0,1,0.033245431134078095,0.049171850085258484
2743,0,1,0.06463143101263655,0.06265294551849365
2744,0,0,0.06802164600542729,0.06200273334980011
2745,0,1,0.03710267792686599,0.07627859711647034
2746,0,0,0.07173368324668569,0.0771063044667244
2747,0,0,0.02845897941544253,0.026570666581392288
2748,0,0,0.06692890571711219,0.04923076182603836
2749,0,0,0.061738025219883766,0.017175443470478058
2750,0,1,0.05010973697246936,0.06678296625614166
2751,0,0,0.05807062592600323,0.07112641632556915
2752,0,1,0.05195618392859877,0.033880628645420074
2753,0,1,0.053408403084025224,0.029971346259117126
2754,0,1,0.038884488488628535,0.04358126223087311
2755,0,0,0.07145732504019017,0.08703745156526566
2756,0,1,0.06392703398537404,0.049483880400657654
2757,0,0,0.06730668072838279,0.04002079367637634
2758,0,1,0.086071549591546,0.07199853658676147
2759,0,0,0.06489578681636449,0.06379003822803497
2760,0,1,0.05846902018648083,0.06596211344003677
2761,0,1,0.06967315705845314,0.03609856963157654
2762,1,1,0.08850095551288181,0.016862019896507263
2763,0,1,0.04813314725765605,0.02732091397047043
2764,0,0,0.07625571682123825,0.05513003468513489
2765,0,1,0.039864522813933004,0.05941556766629219
2766,0,1,0.043203863441978255,0.09670232236385345
2767,0,1,0.04462893686665821,0.006635904312133789
2768,1,1,0.040882677678132445,0.03403931483626366
2769,0,1,0.11588297523967794,0.023594588041305542
2770,0,1,0.06903963921324673,0.07014594972133636
2771,0,0,0.04364573265867826,0.07770784944295883
2772,0,1,0.04256006013502478,0.08392743766307831
2773,0,1,0.05019557334771996,0.01859651505947113
2774,0,0,0.05405412888839675,0.08392824232578278
2775,0,0,0.04765339145498343,0.045664042234420776
2776,0,0,0.03805074706471756,0.03612591326236725
2777,0,1,0.06534407688798571,0.08468690514564514
2778,0,1,0.07286373251287678,0.10746897757053375
2779,0,1,0.03276220690259317,0.04471369460225105
2780,0,1,0.05799342374822307,0.06178288906812668
2781,0,1,0.04400074318310801,0.07979189604520798
2782,0,0,0.04218116825151086,0.02257084846496582
2783,0,1,0.04590069313126788,0.05427027493715286
2784,0,0,0.061033485681087116,0.05822068452835083
2785,0,0,0.05360998756839286,0.03584592044353485
2786,0,1,0.053096201662597306,0.08798921853303909
2787,0,1,0.06432732667759886,0.06339980661869049
2788,0,1,0.046380089251755754,0.02175910770893097
2789,1,1,0.08586804560139719,0.03727349638938904
2790,0,0,0.054005161228219925,0.0871838629245758
2791,0,0,0.08747490143948922,0.06887847185134888
2792,0,1,0.03850837472737965,0.049051471054553986
2793,0,1,0.05099738737273882,0.019283384084701538
2794,0,0,0.0773871370988031,0.08779151737689972
2795,0,1,0.08382703140821254,0.060700103640556335
2796,0,1,0.03261316485046653,0.06884584575891495
2797,0,1,0.055984993243672676,0.052015192806720734
2798,0,1,0.04167994889353095,0.0403592512011528
2799,1,1,0.08143739381331214,0.08112406730651855
2800,0,0,0.04630180352484364,0.03636182099580765
2801,0,1,0.059934877265135064,0.08661431074142456
2802,0,1,0.10669279095117182,0.021857380867004395
2803,1,1,0.07191964681207963,0.013918101787567139
2804,1,0,0.05424075221094027,0.022138819098472595
2805,1,1,0.10320968212190096,0.0823802500963211
2806,0,1,0.04260450709677259,0.08314592391252518
2807,0,1,0.03266682504186733,0.05679105222225189
2808,0,0,0.053671788792607505,0.02148989588022232
2809,0,1,0.07016598886049344,0.07833794504404068
2810,0,1,0.027564701230044328,0.04230780526995659
2811,0,1,0.07034655391657195,0.10063324868679047
2812,0,1,0.05422964226516193,0.04062221944332123
2813,0,1,0.05275898513746777,0.08578576892614365
2814,0,1,0.0738956402157995,0.07995269447565079
2815,0,1,0.07761202508747753,0.00797930359840393
2816,1,1,0.061716701535805496,0.06228931248188019
2817,1,1,0.06418450361159375,0.03619927912950516
2818,0,0,0.05635038489978805,0.06254160404205322
2819,0,1,0.08428543649682924,0.06669379025697708
2820,0,0,0.04772520880347869,0.06444334983825684
2821,0,0,0.06612703354749946,0.13712431490421295
2822,0,1,0.07716199959339437,0.04832504689693451
2823,0,1,0.11262055229850898,0.015291601419448853
2824,0,1,0.05207274284117497,0.032358936965465546
2825,1,1,0.06171390013571752,0.10191528499126434
2826,1,1,0.05197524476737041,0.0362241193652153
2827,0,1,0.03733616012448284,0.05465727671980858
2828,0,0,0.07358042362178727,0.032759398221969604
2829,0,0,0.08139615055441268,0.08039388060569763
2830,0,1,0.04535884265031638,0.024546071887016296
2831,0,1,0.07074147624600383,0.07950888574123383
2832,0,0,0.07208109883096314,0.04876329004764557
2833,0,1,0.048940179218379606,0.03905605524778366
2834,1,0,0.10223959015022921,-0.007199585437774658
2835,0,1,0.10645793363860795,0.0801890641450882
2836,0,1,0.06390979255816583,0.03691475838422775
2837,0,1,0.09117314239286828,0.001386404037475586
2838,0,0,0.06395271510022607,-0.011700034141540527
2839,0,1,0.04836340173894742,0.05420598387718201
2840,1,0,0.1144828892372679,0.09817616641521454
2841,0,0,0.07444729750954815,0.04763999581336975
2842,0,1,0.031291822882239764,0.02329644374549389
2843,0,1,0.1067982831184548,0.03717765212059021
2844,0,1,0.09158250679993496,0.08437788486480713
2845,0,0,0.04590902197410397,0.05446413904428482
2846,1,1,0.0956462048575708,0.07953283190727234
2847,1,1,0.0662848778570014,0.07237066328525543
2848,0,1,0.04555632731310716,0.0766848474740982
2849,0,0,0.05990024921595147,0.009986348450183868
2850,0,0,0.07652392129892352,0.007996052503585815
2851,0,1,0.039117148173326295,0.05128980427980423
2852,0,1,0.053442848062840234,0.06335791945457458
2853,0,1,0.09511846580131378,0.10770018398761749
2854,0,0,0.046949437473095434,0.029539737850427628
2855,1,1,0.04084733441177378,0.05235093832015991
2856,0,1,0.035943701883220686,0.06071949750185013
2857,0,1,0.05054499499888951,0.07931967079639435
2858,1,1,0.05685784575523954,0.04855148494243622
2859,0,1,0.04234516328264072,0.06573156267404556
2860,0,1,0.10609153319676934,0.10857981443405151
2861,0,0,0.0312524285634522,0.037112973630428314
2862,0,1,0.0617228518790679,0.017211109399795532
2863,0,1,0.06423896516958397,0.02380414307117462
2864,0,1,0.03686121158612953,0.029088053852319717
2865,1,0,0.058732354857586544,0.113347128033638
2866,0,0,0.06123755587899703,0.07031635195016861
2867,0,1,0.04745106597759606,0.07578034698963165
2868,0,1,0.0766050377293569,0.04697936773300171
2869,0,1,0.038820669986538055,0.010155640542507172
2870,0,1,0.09228790164004586,0.11072902381420135
2871,0,1,0.05453680068571176,0.043392688035964966
2872,0,0,0.06466334957725903,0.06139647960662842
2873,0,1,0.08907087058949958,0.06506489217281342
2874,0,0,0.06577299330759061,0.030131399631500244
2875,0,0,0.06917434326404874,0.10971568524837494
2876,0,0,0.07203815957364623,0.030333146452903748
2877,0,1,0.11195447761467572,0.04729917645454407
2878,0,0,0.04982952411221715,0.02261301875114441
2879,0,1,0.06880528375992688,0.04971671104431152
2880,0,1,0.05189918177616655,0.017333343625068665
2881,0,1,0.032029483508873025,0.04568500816822052
2882,0,1,0.059997000574979906,0.05307285487651825
2883,0,1,0.08289272233007408,0.09546151757240295
2884,0,0,0.047700593383052686,0.037234485149383545
2885,0,1,0.02572261483089968,0.03140038251876831
2886,0,0,0.05550519947403616,0.08966697752475739
2887,0,1,0.03601312009600137,0.041535332798957825
2888,0,1,0.06138440139345652,0.08622873574495316
2889,0,1,0.050767564209098934,0.009629108011722565
2890,0,1,0.035068479222282324,0.032493721693754196
2891,0,1,0.04158893297881354,0.0641830712556839
2892,0,1,0.06563401307464813,0.08999886363744736
2893,0,0,0.0587832756131795,0.11941516399383545
2894,0,1,0.04154424051132252,0.08359229564666748
2895,0,0,0.07619086775244152,0.03424815833568573
2896,0,0,0.039864522813933004,0.05941556766629219
2897,0,1,0.05690473769005515,0.05515427142381668
2898,0,1,0.06979230004888377,0.05523677170276642
2899,1,0,0.10177269137992592,0.11668169498443604
2900,0,1,0.08061377151713375,0.0687052458524704
2901,0,1,0.03298672323314585,0.01830277219414711
2902,1,1,0.09610063745962044,0.11334295570850372
2903,0,1,0.05274581795903986,0.09106206893920898
2904,0,0,0.060518767424564385,0.07631529867649078
2905,0,1,0.07595979187830523,0.08568038046360016
2906,0,0,0.038373822590321745,0.06110240891575813
2907,0,1,0.049847789945378945,0.023173250257968903
2908,0,0,0.09494034056806994,0.07001647353172302
2909,0,0,0.035096803130829114,0.02757110446691513
2910,0,1,0.05792829956484602,0.05778981000185013
2911,0,0,0.062198646580647776,0.04197482764720917
2912,0,1,0.10049565379260617,0.09532921016216278
2913,0,0,0.0421575480649654,0.05647185072302818
2914,0,1,0.056727736935575354,0.05470188707113266
2915,0,0,0.03557479758824359,0.03601771965622902
2916,0,1,0.03680406364445893,0.027752414345741272
2917,0,0,0.064275875960976,0.06402525305747986
2918,0,1,0.06140876831865244,0.0777178481221199
2919,0,1,0.030553886420971538,0.046066660434007645
2920,0,1,0.035352438562243814,0.041611362248659134
2921,0,1,0.06500257348899144,0.02629546821117401
2922,1,1,0.07597001913250861,0.10583792626857758
2923,0,1,0.03898903153363462,0.03836776316165924
2924,0,1,0.036411386580988546,0.007879704236984253
2925,0,1,0.027563492898312773,0.04230780526995659
2926,0,0,0.09010940930891531,0.07358807325363159
2927,0,1,0.03610593594735806,0.10097815096378326
2928,1,1,0.07028648605459613,0.12478245794773102
2929,0,1,0.09025600893821625,0.06566929072141647
2930,0,1,0.06017486005653995,0.05372922867536545
2931,0,0,0.042562449870582136,0.08247603476047516
2932,0,1,0.08345647156697622,0.13262726366519928
2933,0,1,0.06600201954080297,0.08556018769741058
2934,0,0,0.04973384922865462,0.031158633530139923
2935,0,1,0.09646391969328344,0.09562860429286957
2936,1,1,0.09705792458253334,0.08451087772846222
2937,0,0,0.06890817146590662,0.031421199440956116
2938,1,1,0.07097386389998178,0.0826585665345192
2939,0,1,0.05097382712054617,0.016996905207633972
2940,0,0,0.029799354286942442,0.036485809832811356
2941,0,0,0.07088015199876951,0.08686237037181854
2942,0,1,0.06115178834982578,0.10739879310131073
2943,0,1,0.10661165566145239,0.07654908299446106
2944,0,0,0.04034731267524001,0.034215085208415985
2945,0,1,0.05173965643743178,0.10286109149456024
2946,0,1,0.06216066000715492,0.037865281105041504
2947,0,1,0.06383732430942095,0.03608928620815277
2948,0,1,0.0564430922818297,0.07962755858898163
2949,0,1,0.0709123897180558,0.04877428710460663
2950,1,0,0.039454628178632156,0.04859895259141922
2951,1,1,0.05929235378049609,0.02368251234292984
2952,1,0,0.06882965021056942,0.03155401349067688
2953,0,0,0.06544374524798993,0.05664736032485962
2954,0,1,0.07072358750254201,0.07511386275291443
2955,0,1,0.05300307580984011,0.09594764560461044
2956,0,1,0.04143280783926051,0.016751058399677277
2957,0,0,0.07649989366128551,0.03318953514099121
2958,0,1,0.06980994791887195,0.03863859176635742
2959,0,1,0.07364283618814985,0.0591111034154892
2960,0,1,0.1063496745941453,0.09291639924049377
2961,0,1,0.027616837410226018,0.02929203398525715
2962,0,1,0.10451601635046678,0.09754562377929688
2963,0,0,0.07153806865043155,0.09149307012557983
2964,0,1,0.06291437691776385,0.05277453362941742
2965,0,1,0.07090144055879471,0.04947502911090851
2966,0,1,0.05769564361641975,0.035745881497859955
2967,0,1,0.07316058487970051,0.031682103872299194
2968,0,1,0.08912793257825757,0.11671330034732819
2969,1,0,0.07436724452163762,0.08629540354013443
2970,0,1,0.04741535388701121,-0.01249711960554123
2971,1,0,0.07290713854157996,0.09843362867832184
2972,0,0,0.03597071899782957,0.07815924286842346
2973,0,1,0.06398178841340116,0.09383958578109741
2974,0,1,0.050873862496190914,0.08112820982933044
2975,0,1,0.07498453916628636,0.04980471730232239
2976,0,0,0.04351359334978437,0.05761145055294037
2977,1,1,0.09429081839452597,0.14608241617679596
2978,0,1,0.03107440352297522,0.0661182850599289
2979,0,1,0.07820794929953412,0.06559762358665466
2980,0,1,0.04552319524018095,0.03763941675424576
2981,0,1,0.045643254341425216,0.04171651601791382
2982,0,1,0.046740397474685114,0.05219801515340805
2983,0,0,0.024974235199676197,0.0798363983631134
2984,0,0,0.08461566491833486,0.145142063498497
2985,0,0,0.06574075105758975,0.0891689583659172
2986,0,0,0.03957982204312277,0.06151019036769867
2987,1,1,0.04778938752667142,0.06713371723890305
2988,0,0,0.030800130227220293,0.03335017338395119
2989,0,1,0.026514409309348515,0.021521393209695816
2990,0,1,0.0795903220592202,0.040428340435028076
2991,0,1,0.057606070240202326,0.04628458619117737
2992,0,1,0.06018773814325336,0.058833204209804535
2993,0,1,0.07500081110421511,0.04445774853229523
2994,0,0,0.08427054940287698,0.03153295814990997
2995,0,0,0.04795385518717604,0.053003475069999695
2996,0,1,0.059778689272381044,0.051205649971961975
2997,0,1,0.04400074318310801,0.07979189604520798
2998,0,1,0.04835815350831438,0.07487020641565323
2999,0,0,0.031248402749581877,0.037112973630428314
3000,0,1,0.04982477919718076,0.02315472811460495
3001,0,0,0.0651383736856668,0.04556167125701904
3002,0,0,0.09742989131936211,0.0816844254732132
3003,0,1,0.08387992519715196,0.005759328603744507
3004,0,1,0.04928330745527204,0.027510568499565125
3005,0,1,0.03462209327656323,0.03389887139201164
3006,1,1,0.05428650278145722,0.06106345355510712
3007,0,1,0.051704660102906794,0.07183942198753357
3008,0,0,0.10201741009149393,0.04421241581439972
3009,0,1,0.032825903987507954,0.024893494322896004
3010,0,1,0.051804318048291956,0.08752844482660294
3011,0,1,0.09701140518355256,0.11304789781570435
3012,0,1,0.05221595144666738,0.03902234882116318
3013,0,1,0.0854957871518782,0.050365060567855835
3014,0,1,0.03284459717151046,0.03963647410273552
3015,1,0,0.06621458777698729,0.03589963912963867
3016,0,0,0.059990896142238195,0.04798807203769684
3017,0,1,0.05054499499888951,0.07931967079639435
3018,0,0,0.08316409485679219,0.09733723104000092
3019,0,1,0.04347950099797385,0.04250538349151611
3020,0,1,0.07146425353447083,0.025951728224754333
3021,0,0,0.05977402998128134,0.14179006218910217
3022,1,0,0.08291942780828387,0.012113064527511597
3023,0,1,0.06283744193771396,0.04487922787666321
3024,1,0,0.06118317746977975,0.04521438479423523
3025,1,1,0.06020234925883079,0.06958165019750595
3026,0,0,0.03296602156890123,0.02327173948287964
3027,0,0,0.04854892623240163,0.08938932418823242
3028,0,1,0.03658584817523479,0.06307889521121979
3029,0,1,0.06292668461675427,0.05277453362941742
3030,0,1,0.035596471629047735,0.029842998832464218
3031,0,1,0.0662786898287253,0.08751565217971802
3032,0,1,0.06691460999326988,0.07196062803268433
3033,0,1,0.10480731313503333,0.1398836225271225
3034,1,1,0.06883698833808377,0.12188161164522171
3035,0,1,0.06514951052588785,0.08209183812141418
3036,1,1,0.05338958139765858,0.031571969389915466
3037,0,1,0.07628471086725308,0.039738669991493225
3038,0,1,0.058693437161711076,0.05773550271987915
3039,0,0,0.05726359966607193,0.04825524240732193
3040,0,0,0.04858768623407461,0.029742412269115448
3041,1,1,0.08443526733351947,0.026908069849014282
3042,0,1,0.040009050604665336,0.013896971940994263
3043,0,1,0.10131903818371188,0.025563448667526245
3044,0,1,0.07730890244210387,0.018906205892562866
3045,0,1,0.08716017471422383,0.09675857424736023
3046,0,1,0.06020746278232998,0.04666721820831299
3047,0,0,0.03940863323756314,0.05026242509484291
3048,0,0,0.05088168648085868,0.08112820982933044
3049,0,0,0.08427054940287698,0.03153295814990997
3050,0,0,0.08386421657007315,0.059708744287490845
3051,0,1,0.08283046531456156,0.06089857220649719
3052,0,0,0.05677123540367181,0.042016543447971344
3053,0,0,0.03112371662319431,0.05808183550834656
3054,0,0,0.029631259611987044,0.050319284200668335
3055,0,1,0.03904863535065891,0.01907285302877426
3056,0,0,0.04259279346893835,0.040592268109321594
3057,0,0,0.053362218231716566,0.08374819159507751
3058,0,0,0.04962250448946107,0.06285375356674194
3059,0,0,0.05131835392493314,-0.010668560862541199
3060,0,1,0.028849743975922944,0.07635578513145447
3061,0,0,0.06316721895776045,0.08921468257904053
3062,0,1,0.10693228775391386,0.09653942286968231
3063,0,1,0.09684121972442408,0.033896446228027344
3064,0,1,0.0436351561606516,0.040171366184949875
3065,0,0,0.051961863330482,0.033476099371910095
3066,0,1,0.03468744353828113,0.07387769222259521
3067,0,1,0.05133516388694291,-0.010668560862541199
3068,0,1,0.04554182124510793,0.07018601149320602
3069,0,1,0.04708132709013589,0.04281678795814514
3070,0,1,0.06142737714422948,0.06853443384170532
3071,0,0,0.05370180423034239,0.021657615900039673
3072,0,0,0.039889449444320865,0.06849753111600876
3073,0,1,0.0464957892858959,0.0493319109082222
3074,0,1,0.09437513614557819,0.0895809531211853
3075,0,1,0.02710139249661825,0.02554125152528286
3076,0,1,0.05481269593908328,0.049842968583106995
3077,1,1,0.07028687513447085,0.08646420389413834
3078,0,1,0.044269729183546644,0.0439031757414341
3079,0,1,0.05592215633472608,0.031503044068813324
3080,0,1,0.0370729318739742,0.0740150511264801
3081,1,0,0.05760844570150027,0.017371684312820435
3082,0,1,0.10233189891260927,0.1074177473783493
3083,0,0,0.026179716217754452,0.043352775275707245
3084,0,1,0.040882677678132445,0.03403931483626366
3085,0,0,0.060482319551956765,0.05765552818775177
3086,0,0,0.049198107290643306,0.06452541053295135
3087,1,1,0.08043127727446212,0.046381011605262756
3088,0,1,0.07339774911716987,0.05454607307910919
3089,0,1,0.09638473741616449,0.015571027994155884
3090,0,1,0.043950956632042015,0.09640255570411682
3091,0,1,0.06566977267285375,0.02766592800617218
3092,0,0,0.05469149291996592,0.054787375032901764
3093,0,0,0.06044461765556021,0.05655602365732193
3094,0,1,0.040711721201131396,0.01235513761639595
3095,0,1,0.04750511976919035,0.08712172508239746
3096,0,1,0.05298352510359114,0.02140597254037857
3097,0,0,0.08170264606553601,0.0701199620962143
3098,1,0,0.057687123230049556,0.02317523956298828
3099,0,0,0.0792048195901531,0.1366775929927826
3100,0,1,0.08902129672702622,0.06277111172676086
3101,1,1,0.10762094994101762,0.15390893816947937
3102,1,1,0.07132057447821022,0.08372896909713745
3103,1,1,0.07030629287795677,0.09070538729429245
3104,0,0,0.07726876371496402,0.10156230628490448
3105,0,0,0.0934053361774124,0.05904151499271393
3106,0,1,0.09876181485203434,0.12064936757087708
3107,1,0,0.0723528622444711,0.0416087880730629
3108,0,0,0.03659522252353245,0.028524693101644516
3109,1,0,0.07029919682449556,0.06051862984895706
3110,0,0,0.048400875086691164,0.061722926795482635
3111,0,1,0.09307567697575067,0.11517566442489624
3112,1,0,0.04586994277478661,0.052071377635002136
3113,0,0,0.026531322797713607,0.021160617470741272
3114,0,0,0.04354428473655607,0.039596423506736755
3115,0,1,0.02757015271930774,0.042768724262714386
3116,0,0,0.07088413804321825,0.06603962182998657
3117,0,1,0.05520606053507894,0.04605516046285629
3118,1,1,0.0714409175992892,0.03822307288646698
3119,0,1,0.024466718202047558,0.055975016206502914
3120,0,0,0.0949661875361685,0.0668458342552185
3121,0,1,0.03113004308080084,0.05339296534657478
3122,0,1,0.02573225055800453,0.03118330053985119
3123,0,1,0.07512414461343098,0.031941741704940796
3124,0,1,0.06173768419790748,0.11333120614290237
3125,0,0,0.049679254607309445,0.05694688856601715
3126,0,1,0.058073158854380455,0.045142099261283875
3127,0,0,0.06775257645317673,0.10826703906059265
3128,0,0,0.05807428843845998,0.0295284241437912
3129,0,1,0.03043557021077479,0.02884254790842533
3130,0,1,0.049608709299438364,0.07444171607494354
3131,0,0,0.04150954086458017,0.019639551639556885
3132,0,1,0.07633541822773571,0.06412336230278015
3133,0,0,0.10696109951198007,0.09990450739860535
3134,0,1,0.08856498163301188,0.009241759777069092
3135,0,1,0.02401304573613021,0.031542181968688965
3136,0,0,0.09777724690984363,0.09988763928413391
3137,0,1,0.07689845382525143,0.09527935087680817
3138,0,1,0.0645846764817159,0.05758712440729141
3139,0,0,0.07519263533871104,0.06000798940658569
3140,1,1,0.07328432663179638,0.06789875030517578
3141,1,1,0.07110752649864857,0.03998349606990814
3142,0,1,0.054524047480589116,0.018254324793815613
3143,0,1,0.0532175869931267,0.036953575909137726
3144,0,0,0.051921324817394254,0.016876064240932465
3145,0,0,0.040924163523155865,0.04003788158297539
3146,0,1,0.036142928017914716,0.025877229869365692
3147,1,1,0.08385713464710282,0.059708744287490845
3148,1,1,0.06647554986337718,0.09169376641511917
3149,0,0,0.058294652087743856,-0.014934346079826355
3150,1,0,0.08776599853589234,0.08306968212127686
3151,0,0,0.08423611607881287,0.09046368300914764
3152,0,1,0.049748682592944904,0.05045384168624878
3153,1,1,0.07549779308823915,0.0411064475774765
3154,0,1,0.029682587366645023,0.07291708141565323
3155,0,1,0.04634645043515241,0.07119689881801605
3156,0,1,0.041702269860450544,0.008854053914546967
3157,0,1,0.060688438835551056,0.015749916434288025
3158,0,0,0.09481298109825362,0.0969160795211792
3159,0,1,0.03525314650336428,0.06961697340011597
3160,1,0,0.08153776973381024,0.12909986078739166
3161,0,1,0.052298863567988005,0.05368674546480179
3162,0,0,0.051886404072250175,0.11585599929094315
3163,0,0,0.053116214039466536,0.08549901098012924
3164,0,1,0.04449669137679432,0.036327991634607315
3165,0,1,0.07833277841502015,0.0947992131114006
3166,0,1,0.04926706340219844,0.031637631356716156
3167,1,1,0.06996852790134889,0.043865323066711426
3168,0,0,0.07986179410543548,0.010068804025650024
3169,0,1,0.08110329448786044,0.06960129737854004
3170,0,1,0.07910978869975066,0.0849137157201767
3171,0,0,0.04926117618368547,0.026153087615966797
3172,0,0,0.06536457586872524,0.0736875906586647
3173,0,1,0.051430020350682004,0.057110853493213654
3174,1,1,0.08890052565480591,0.07136984169483185
3175,1,1,0.06137816601202942,0.054341040551662445
3176,0,0,0.093408127272954,0.10170644521713257
3177,0,0,0.07339910293869481,0.07493247836828232
3178,0,1,0.06231134026160408,0.07654961198568344
3179,0,1,0.06952272313201964,0.044899821281433105
3180,0,1,0.09999006103066818,0.03311048448085785
3181,0,1,0.08534716076310264,0.08825266361236572
3182,0,0,0.08297840863703981,0.028415128588676453
3183,0,1,0.06072147779177131,0.03494960069656372
3184,0,1,0.0681239912749926,0.08947712182998657
3185,0,1,0.06511790606363002,0.08041646331548691
3186,0,1,0.04193246194554613,0.05216122418642044
3187,0,0,0.06291243872917388,0.0839770957827568
3188,0,1,0.04581839260784132,0.08237826079130173
3189,0,1,0.07040758591413236,0.08142305165529251
3190,0,1,0.04340896019017888,0.08164888620376587
3191,0,1,0.055067543837889116,0.030215546488761902
3192,0,1,0.04044811356924399,0.08334344625473022
3193,0,1,0.06621458777698729,0.03589963912963867
3194,0,1,0.05919348123886409,0.07354480773210526
3195,0,1,0.09082596709538157,0.09212745726108551
3196,0,1,0.05597815024598303,0.04348868131637573
3197,0,0,0.06991696111095687,0.05575251579284668
3198,0,1,0.04756344231135734,0.060137875378131866
3199,0,1,0.04746937258851312,0.06896480917930603
3200,0,1,0.06200204599183132,0.04122944176197052
3201,0,1,0.06200350143047033,0.08160269260406494
3202,0,1,0.032791855709242486,0.05027266964316368
3203,0,1,0.10044191590903273,0.10557955503463745
3204,0,1,0.05296876057192747,0.025752820074558258
3205,0,1,0.06819355813900811,0.021421223878860474
3206,0,1,0.07468506870051614,0.08076485991477966
3207,0,1,0.09789250647724484,0.11060036718845367
3208,0,1,0.039610508796229904,0.0837005227804184
3209,0,0,0.053580999828431605,0.026371970772743225
3210,0,0,0.05597669538683306,0.020243488252162933
3211,0,1,0.04741486045980081,0.07940663397312164
3212,0,1,0.0785040900650586,0.1071869283914566
3213,0,1,0.035117536835637383,0.020292092114686966
3214,0,0,0.04565665352401452,0.054700978100299835
3215,0,1,0.08726347219184227,0.07715113461017609
3216,0,1,0.055972312352529474,0.04348868131637573
3217,0,0,0.06703698074755338,0.1256277710199356
3218,0,0,0.07147442639952287,0.1238841712474823
3219,0,1,0.0453169198777984,0.027312278747558594
3220,0,1,0.11422413353149413,0.016155242919921875
3221,0,1,0.03177895705792848,0.057178251445293427
3222,0,0,0.04121287381967857,0.07717448472976685
3223,0,0,0.0477031651555232,0.03457425534725189
3224,0,1,0.04013626579593266,0.049673862755298615
3225,0,1,0.1212267455773175,0.13241100311279297
3226,0,1,0.08592214802219722,0.10945627093315125
3227,0,0,0.0582733198201837,0.019372835755348206
3228,0,1,0.038308659167780805,0.06466445326805115
3229,0,1,0.03015778187221871,0.09217484295368195
3230,0,0,0.05429648329636487,0.009922914206981659
3231,0,1,0.06016804950990075,0.0548458993434906
3232,1,1,0.040339940860028886,0.03239385038614273
3233,0,0,0.06976496814002785,0.04975917935371399
3234,0,0,0.0893704299898139,0.0768570601940155
3235,0,1,0.03462209327656323,0.03389887139201164
3236,0,0,0.08435779751961389,0.08881285786628723
3237,0,0,0.0744074246590283,0.07707513868808746
3238,0,1,0.03807218407293679,0.04675230383872986
3239,0,0,0.04858402579756828,0.034671276807785034
3240,0,0,0.05653151285936904,0.0521363765001297
3241,0,1,0.050852687752413916,0.08786863088607788
3242,0,1,0.05191027852198338,0.023446954786777496
3243,0,1,0.03708891408259073,0.05286867544054985
3244,0,1,0.09353909351761183,0.10551191866397858
3245,0,0,0.05133849510649875,0.03725028783082962
3246,0,1,0.07273679889480744,0.04095461219549179
3247,0,1,0.04792890616881035,0.06403703987598419
3248,1,1,0.11216566196932681,0.08987292647361755
3249,0,0,0.06608542409321755,0.10108907520771027
3250,1,1,0.09952284053553492,0.09455499053001404
3251,0,0,0.0930922096813413,0.07806260883808136
3252,0,1,0.05188746416564152,0.013158082962036133
3253,0,0,0.09803770381135452,0.08956101536750793
3254,0,0,0.05661617429825251,0.024490267038345337
3255,0,0,0.03332241993781539,0.06832370162010193
3256,0,1,0.1020360888122347,0.10281221568584442
3257,0,1,0.07472233725435876,0.02999366819858551
3258,0,0,0.05602370324029281,0.043990328907966614
3259,0,0,0.07485048969136374,0.08276794850826263
3260,0,0,0.06069669759345145,0.015480250120162964
3261,0,1,0.048849424849847375,0.07617557793855667
3262,0,0,0.028236502296902194,0.1250927746295929
3263,0,0,0.05399632351850281,0.0712541937828064
3264,0,0,0.04634355428157612,0.043549008667469025
3265,0,0,0.043626158545231136,0.038845889270305634
3266,0,1,0.04649965526604852,0.07799683511257172
3267,0,0,0.09204837563328255,0.1063622385263443
3268,1,0,0.059425715689635214,0.039770692586898804
3269,1,1,0.0733367442550697,0.0594249963760376
3270,0,1,0.03733958128932318,0.03640786558389664
3271,0,1,0.04230913648720637,0.06533016264438629
3272,0,1,0.05527121902907288,0.06288526207208633
3273,1,1,0.06002297266833076,0.02266491949558258
3274,0,0,0.06831465123176796,0.04900801181793213
3275,0,1,0.049683016334132385,0.07797767966985703
3276,0,1,0.06928670713578255,0.04655317962169647
3277,1,1,0.09785905113039775,0.10476440191268921
3278,0,1,0.055371867788851156,0.012895926833152771
3279,0,1,0.054261062028523474,0.08765867352485657
3280,0,0,0.08109922284264745,0.06960129737854004
3281,0,0,0.06726507202048157,0.07776044309139252
3282,0,1,0.0262940832932392,0.035485006868839264
3283,0,1,0.07255566621780252,0.05927759408950806
3284,0,1,0.03542027934288846,0.03863184154033661
3285,0,1,0.059763959343234974,0.07236865162849426
3286,0,1,0.05212059401433754,-0.03179295361042023
3287,0,0,0.037626636388136514,0.058608219027519226
3288,0,1,0.028432638098371876,0.02509642019867897
3289,0,1,0.072841003727429,0.06119354069232941
3290,0,0,0.06040067258902894,0.05542764812707901
3291,0,0,0.036979638050397064,0.026451420038938522
3292,0,1,0.03766669496967373,0.02960357442498207
3293,0,1,0.08419531859382123,0.0819716602563858
3294,0,0,0.05660845047859908,0.03762093931436539
3295,0,0,0.10096875628305998,-0.024768948554992676
3296,0,0,0.060452323623096244,0.0550902858376503
3297,0,0,0.031291822882239764,0.02329644374549389
3298,0,1,0.061379650474982936,0.05334169417619705
3299,0,0,0.04275006528445224,0.04393879324197769
3300,0,0,0.05322718003349643,0.06276746094226837
3301,0,0,0.05082218773637004,0.08029042929410934
3302,0,0,0.0918261839254951,0.011265844106674194
3303,0,1,0.08032566032472643,0.08368737995624542
3304,0,0,0.10422204478964903,0.0978533923625946
3305,0,1,0.08243428634010275,0.03017684817314148
3306,0,1,0.07671673740384141,0.09205962717533112
3307,0,1,0.08329776393742244,0.07422015070915222
3308,0,1,0.042253816140408115,0.009281687438488007
3309,1,0,0.06980666846812174,0.09928437322378159
3310,0,1,0.04197630797657936,0.024240054190158844
3311,0,1,0.07742384716183282,0.063839390873909
3312,0,0,0.04900234865799909,0.02688458561897278
3313,0,0,0.08173901427096147,0.06376947462558746
3314,0,0,0.043150674814880025,0.06841760873794556
3315,1,1,0.09624677303759904,0.11212296783924103
3316,0,1,0.05864744251982561,0.06059670448303223
3317,0,1,0.06152777371887301,0.06561906635761261
3318,0,0,0.0657756075428981,0.030131399631500244
3319,0,1,0.09544899745458885,0.09544192254543304
3320,0,1,0.041212749136987664,0.07717448472976685
3321,0,1,0.05046439986135676,0.09200754016637802
3322,0,1,0.05344965093277698,0.0280144065618515
3323,1,1,0.0651933407657747,0.08663470298051834
3324,0,1,0.06313939570404013,0.026483193039894104
3325,0,1,0.05499481678476044,0.05575593560934067
3326,0,1,0.03839828488482196,0.05400252714753151
3327,1,1,0.04824900075763419,0.057977914810180664
3328,0,1,0.06297733535089388,0.13422942161560059
3329,0,1,0.06664567211142373,0.11765281856060028
3330,0,1,0.08795297183355186,0.06520195305347443
3331,0,1,0.051131423158031056,0.01974526047706604
3332,1,1,0.060445434537614584,0.0816519632935524
3333,1,1,0.07746620309326732,0.0442621111869812
3334,1,1,0.07243484642424763,0.05410216748714447
3335,0,0,0.06285506439243374,0.09600252658128738
3336,0,1,0.03868340855886136,0.05197557434439659
3337,0,0,0.08340537987392901,0.07783354818820953
3338,0,1,0.07123344034618884,0.0846060961484909
3339,0,1,0.03751540002154234,0.04355263710021973
3340,0,0,0.07257024694234279,0.04367847740650177
3341,1,1,0.04846224727690272,0.032876595854759216
3342,1,1,0.08307450030298133,0.09428788721561432
3343,0,0,0.07153224298514704,0.042065441608428955
3344,0,1,0.1046004964962245,0.09233419597148895
3345,0,0,0.058427992158066225,0.06050608307123184
3346,0,1,0.04450414794774671,0.06632828712463379
3347,1,1,0.07873957752161967,0.03481101989746094
3348,0,1,0.03628934265907922,0.03890080377459526
3349,0,1,0.030497840676220765,0.0575009286403656
3350,0,1,0.04045709748989375,0.10477939248085022
3351,0,1,0.08149609943923339,0.044191256165504456
3352,0,1,0.06283706233638069,0.03811594843864441
3353,0,0,0.07036694211908145,0.10803036391735077
3354,1,1,0.028404951521976862,0.028759347274899483
3355,0,0,0.04453505360525707,0.08158287405967712
3356,1,0,0.08158310306836647,0.08657315373420715
3357,0,0,0.05963415450395039,0.05049293488264084
3358,1,1,0.07459251894977079,0.02192816138267517
3359,0,1,0.06652959507731156,0.05664736032485962
3360,0,0,0.07547128174330534,0.08210187405347824
3361,0,0,0.060445434537614584,0.0816519632935524
3362,0,0,0.06125146618672113,0.017819315195083618
3363,0,0,0.1009629433699741,-0.024768948554992676
3364,1,0,0.07034261318888782,0.22525744140148163
3365,0,1,0.0704230597298889,-0.007974937558174133
3366,0,0,0.037243459354205664,0.03518516197800636
3367,0,0,0.09331224979650071,0.11691044270992279
3368,1,1,0.057611713649138266,0.048993147909641266
3369,0,1,0.06284745990288326,0.08849683403968811
3370,0,1,0.07229994830213271,0.05498582124710083
3371,0,1,0.040337304320013534,0.031211748719215393
3372,0,1,0.056097264079304085,0.08456025272607803
3373,0,1,0.0978978404929253,0.11717744171619415
3374,0,1,0.034433191055128584,0.032961029559373856
3375,0,1,0.09929596508821734,0.15417452156543732
3376,0,0,0.04809011226003279,0.036791302263736725
3377,0,0,0.06737668777954026,0.08981531858444214
3378,0,1,0.03831293382227942,0.03474191203713417
3379,0,1,0.0667919043604452,0.022871509194374084
3380,0,1,0.07255335873088534,0.04496033489704132
3381,0,1,0.04959674843706062,0.08453395217657089
3382,0,1,0.07257024694234279,0.04367847740650177
3383,0,0,0.034572074846503674,0.029873840510845184
3384,0,1,0.02703740938759941,0.03507714718580246
3385,1,0,0.04838515257236334,0.11913279443979263
3386,0,1,0.04651917156683827,0.04663079231977463
3387,0,1,0.04361489369044408,0.03029649704694748
3388,0,1,0.06397739751828645,0.05483236163854599
3389,0,0,0.03780516310105874,0.028657563030719757
3390,0,1,0.06500257348899144,0.02629546821117401
3391,0,1,0.08672853851755416,0.0036726146936416626
3392,0,0,0.06196499990087595,0.028405457735061646
3393,0,1,0.05299262855640105,0.025487102568149567
3394,0,1,0.10294730206350983,0.1130286157131195
3395,0,1,0.04766399587316347,0.040233075618743896
3396,0,0,0.0657006811960164,0.03237316012382507
3397,0,1,0.04564359459563229,0.053521666675806046
3398,0,1,0.05924469863631211,0.04413013160228729
3399,0,1,0.06875234136376898,0.03398257493972778
3400,0,1,0.06953429005912108,0.013159871101379395
3401,1,1,0.08801072210069075,0.03203347325325012
3402,0,0,0.06280365586102188,0.1012064665555954
3403,0,1,0.09480680026317626,0.0852365493774414
3404,0,1,0.06875688264487193,0.08251439779996872
3405,1,1,0.057246368494576635,0.023260578513145447
3406,0,1,0.056682352322570934,0.010402821004390717
3407,0,1,0.049198107290643306,0.06452541053295135
3408,0,0,0.05974357594330572,0.02356812357902527
3409,0,1,0.05426848341715411,0.024838000535964966
3410,1,1,0.08932077486981882,0.10561743378639221
3411,0,1,0.07783569957248049,0.06575937569141388
3412,1,1,0.09049707430932019,0.05508234351873398
3413,0,0,0.06051621930376758,0.06953278183937073
3414,0,1,0.041692975985020475,0.02116689831018448
3415,0,1,0.04861163529128604,0.023799307644367218
3416,0,1,0.031139003280694348,0.054943714290857315
3417,0,0,0.054922147682517686,0.03710717707872391
3418,0,1,0.048029994967889234,0.07454278320074081
3419,0,1,0.05327200634739597,0.05905401334166527
3420,0,0,0.045429647843994295,0.04731934517621994
3421,0,1,0.06964471201970975,0.046517908573150635
3422,0,1,0.11253858142980133,0.1316460818052292
3423,0,1,0.066672793288036,0.06610263139009476
3424,0,0,0.05736273676280164,0.01088075339794159
3425,0,1,0.042369291349560495,0.08171282708644867
3426,0,1,0.035633663226538666,0.04075359180569649
3427,0,0,0.06422185948879171,0.04133562743663788
3428,0,1,0.03882568507014326,0.04073883593082428
3429,0,1,0.06114127329363711,0.06924029439687729
3430,0,1,0.04069281267068646,0.08316996693611145
3431,0,0,0.06399540629990759,0.05483236163854599
3432,1,0,0.076365301674128,0.061551064252853394
3433,0,1,0.04541847884755014,0.19358663260936737
3434,0,1,0.0310757920003346,0.0661182850599289
3435,0,1,0.07468012943609553,0.11576096713542938
3436,1,1,0.0622322293381181,0.0494912713766098
3437,0,1,0.039371691555360244,0.054435573518276215
3438,0,1,0.07657609700686371,0.09088806807994843
3439,0,1,0.041424182605199325,0.016152821481227875
3440,0,1,0.04603801069349882,0.025034688413143158
3441,0,0,0.06661178405598091,0.013315737247467041
3442,0,1,0.05503648206927039,0.06002990901470184
3443,0,1,0.034850409630464735,0.03639815002679825
3444,0,0,0.07203815957364623,0.030333146452903748
3445,0,1,0.03813200722608846,0.04527052864432335
3446,0,1,0.05390072570972218,0.04162655025720596
3447,0,1,0.037279214161837916,0.0269106924533844
3448,0,1,0.04611290950832883,0.05249595269560814
3449,1,1,0.06687105879336254,0.0009199976921081543
3450,1,1,0.06291770027714486,0.09522886574268341
3451,0,1,0.0764286553440609,0.06252442300319672
3452,0,0,0.08341680786603908,0.08224187791347504
3453,0,0,0.04745106597759606,0.07578034698963165
3454,0,1,0.05532975075322935,0.06368385255336761
3455,1,1,0.044892706310220507,0.024142861366271973
3456,0,0,0.06395867799053558,0.11076987534761429
3457,0,1,0.1269392854223469,-0.014637172222137451
3458,1,1,0.050103259738484715,0.02128887176513672
3459,0,1,0.03658967321845947,0.0617620013654232
3460,0,1,0.08049747486209155,0.04063308238983154
3461,0,1,0.03981757467805143,0.03724359720945358
3462,1,1,0.0443012825873932,-0.00270158052444458
3463,0,1,0.04134276903084855,0.026993155479431152
3464,1,0,0.04327663686358395,-0.021050699055194855
3465,0,1,0.04205907178625454,0.07522465288639069
3466,0,0,0.042531748892434926,0.06794538348913193
3467,0,1,0.08028209056603233,0.019408881664276123
3468,1,1,0.10524265949045669,0.08813735842704773
3469,1,1,0.09502411657782928,0.09515418112277985
3470,0,1,0.0496162952658676,0.09627939015626907
3471,0,1,0.06567140308240352,0.14602403342723846
3472,1,0,0.05654439950409375,0.05504695326089859
3473,1,1,0.0542355145651232,-0.03793615102767944
3474,0,1,0.04382232459294015,0.056469786912202835
3475,0,1,0.041503771797271355,0.08068704605102539
3476,0,0,0.049845305744285445,0.0399840846657753
3477,1,1,0.11012690937867486,-0.003894627094268799
3478,0,1,0.07366878970211582,0.05111084133386612
3479,0,1,0.02571072926877071,0.030606653541326523
3480,0,1,0.08741495439145561,0.06565363705158234
3481,1,0,0.039810279500673534,0.028356458991765976
3482,1,1,0.10762740516581709,0.0992455929517746
3483,0,1,0.05676300162023999,0.02475297451019287
3484,0,1,0.06737161635639223,0.05095067620277405
3485,1,1,0.0656877752040845,0.04053279757499695
3486,0,0,0.05447302726440782,0.07216444611549377
3487,1,1,0.051795643244015616,0.0914737731218338
3488,1,0,0.10226629055837719,0.10223689675331116
3489,0,0,0.049846001446460966,0.004230126738548279
3490,0,1,0.07644031351950678,0.013350367546081543
3491,0,1,0.0680200633532076,0.04806244373321533
3492,0,1,0.05180665889606316,0.10987421870231628
3493,0,0,0.05084448887585498,0.08659861981868744
3494,0,0,0.042829886099632855,0.023310966789722443
3495,0,1,0.05400437226482868,0.0501125305891037
3496,0,1,0.07990507223924179,0.03481101989746094
3497,0,1,0.04592718028818919,0.035157784819602966
3498,0,0,0.06294553259271056,0.0967913344502449
3499,0,1,0.05834067584698739,0.014476649463176727
3500,1,1,0.0875473116699084,0.02594664692878723
3501,1,1,0.0892160659530645,0.043347910046577454
3502,0,0,0.02899684268072803,0.03134489804506302
3503,0,1,0.04063024091468245,0.0867900550365448
3504,0,1,0.03963646790876586,0.0349956750869751
3505,1,1,0.056410637760541615,0.08744630217552185
3506,1,0,0.10524295676749693,0.09906040132045746
3507,0,1,0.08947355264272408,0.11986827850341797
3508,0,1,0.06161769108427642,0.07619823515415192
3509,0,1,0.054509506000220295,0.016620710492134094
3510,0,1,0.1027712883233187,0.112651526927948
3511,1,0,0.047429340288616215,0.08352921158075333
3512,0,1,0.04357294775019126,0.04405064880847931
3513,0,0,0.04833556621877323,0.05746486783027649
3514,0,1,0.09033464845662534,0.025679558515548706
3515,0,1,0.049243130818192926,0.010538876056671143
3516,0,1,0.05667527034124112,0.06448644399642944
3517,0,1,0.0819574853313938,0.10571561753749847
3518,1,1,0.028319782405676543,0.1377028226852417
3519,1,0,0.09698980490098091,0.08183862268924713
3520,0,1,0.06303497382694527,0.04370848089456558
3521,1,1,0.04607213752534822,0.038205161690711975
3522,0,1,0.0632102952226555,0.10189177095890045
3523,0,1,0.0706859562595761,0.13753323256969452
3524,0,1,0.058689694565149886,0.046439945697784424
3525,0,1,0.04370322369111487,0.08821643888950348
3526,0,0,0.04219537390286081,0.023784443736076355
3527,0,1,0.07622147940823226,0.05442327260971069
3528,0,0,0.040351555494535785,0.03305190056562424
3529,0,0,0.0428363025292291,0.029189318418502808
3530,0,1,0.061224764496195794,0.03441464155912399
3531,0,1,0.06617710562974839,0.07298573851585388
3532,0,0,0.027616837410226018,0.02929203398525715
3533,0,1,0.032955997760037485,0.021146468818187714
3534,0,0,0.039907161743068534,0.07402816414833069
3535,0,0,0.06257784451109058,0.07082589715719223
3536,0,0,0.0483238295554001,0.03577454388141632
3537,1,0,0.0573124718630072,0.06958324462175369
3538,0,1,0.05694599679062322,0.04182448983192444
3539,0,1,0.04715109281262732,0.05544939637184143
3540,0,0,0.05275898513746777,0.08578576892614365
3541,0,0,0.06296929223366937,0.06044827401638031
3542,0,0,0.047468569122756404,0.06896480917930603
3543,0,0,0.043631575177189866,0.03966248407959938
3544,0,0,0.04273484374755926,0.050894297659397125
3545,1,1,0.0755480288347187,0.08298955857753754
3546,0,1,0.05961404054445685,0.05006948858499527
3547,0,1,0.03886503797692677,0.08074001222848892
3548,0,1,0.04634932290511487,0.019773446023464203
3549,0,1,0.034597922584941855,0.042845383286476135
3550,0,1,0.048930015721004444,0.03905605524778366
3551,0,1,0.03108751680450958,0.06682579964399338
3552,0,0,0.10743451076618163,0.09374454617500305
3553,1,1,0.05792841986135887,0.09262367337942123
3554,0,0,0.031993385326965176,0.05413564294576645
3555,0,1,0.05376450686511186,0.03974509239196777
3556,0,0,0.05661617429825251,0.024490267038345337
3557,0,1,0.07718342001674194,0.06887686997652054
3558,0,0,0.08310195890551267,-0.012522295117378235
3559,0,0,0.032277131123336585,0.036057788878679276
3560,0,1,0.03572734723258229,0.029155761003494263
3561,1,1,0.04933723926481633,-0.017709389328956604
3562,0,1,0.03973429758539582,0.053527966141700745
3563,0,1,0.06412666876685351,0.06355273723602295
3564,1,1,0.09907700146617424,0.12110279500484467
3565,0,0,0.08505424260518246,-0.00150299072265625
3566,0,0,0.05143402247137069,0.011669039726257324
3567,0,1,0.07323727308593408,0.12637408077716827
3568,0,1,0.03734142734569271,0.016303256154060364
3569,0,1,0.028996160116508844,0.03134489804506302
3570,0,1,0.04067027280873048,0.08358173817396164
3571,1,0,0.06678456671079763,0.026986688375473022
3572,0,1,0.059155770435836336,0.057967379689216614
3573,0,1,0.02830152706645999,0.08979406207799911
3574,0,1,0.034422100684609644,0.016969863325357437
3575,0,1,0.03133475182509803,0.03182175010442734
3576,1,1,0.09431540845305975,0.02002154290676117
3577,0,1,0.08722279250640938,0.029616117477416992
3578,0,0,0.06203500295889991,0.035220250487327576
3579,1,1,0.03709405411962738,0.049066558480262756
3580,0,1,0.06861930908554022,0.04716178774833679
3581,0,0,0.03204712809602064,0.04498831927776337
3582,1,0,0.046381819840290425,0.05830702185630798
3583,0,0,0.11672405520402668,0.10708677768707275
3584,0,1,0.04559365236614425,0.040761932730674744
3585,0,0,0.0599229011230253,0.03440181910991669
3586,0,1,0.06678376528942692,0.09754887223243713
3587,1,0,0.06727736110276224,0.07813075184822083
3588,0,0,0.04536102313356527,0.18408286571502686
3589,0,0,0.07284504869409816,0.0028274357318878174
3590,0,1,0.07531747283861295,0.04466231167316437
3591,1,1,0.05304430454701961,0.0871838629245758
3592,0,1,0.07768536832480497,0.09285050630569458
3593,1,0,0.04827362149910659,0.04358736798167229
3594,0,0,0.08028714334435971,0.056662287563085556
3595,0,1,0.04968697927707279,0.07797767966985703
3596,0,1,0.03904820816053219,0.0313497893512249
3597,1,0,0.07727381916318804,0.21379539370536804
3598,0,1,0.04474974754048949,0.029113225638866425
3599,0,0,0.04339156819678294,0.08339335024356842
3600,1,1,0.06515662791625734,0.01555737853050232
3601,0,1,0.07331159522066324,0.09249410778284073
3602,0,0,0.045978496371704924,0.07908559590578079
3603,1,1,0.0520392775610727,0.008232884109020233
3604,0,0,0.05469802471371395,0.10730277001857758
3605,0,1,0.040882677678132445,0.03403931483626366
3606,1,0,0.06478893448899908,0.05684848129749298
3607,0,0,0.06544200120506496,0.05664736032485962
3608,0,1,0.050474957563035605,0.08779215067625046
3609,0,1,0.053788826143750426,0.07383866608142853
3610,0,1,0.05306260464189286,0.07692909240722656
3611,0,1,0.047801254832811904,0.02556498348712921
3612,0,0,0.06423896516958397,0.02380414307117462
3613,0,1,0.05816157456336657,0.07135746628046036
3614,0,1,0.07759786407412653,0.061098530888557434
3615,1,1,0.05360998756839286,0.03584592044353485
3616,0,0,0.05708267726432195,0.021206915378570557
3617,0,0,0.04677313734143637,0.0508333221077919
3618,0,0,0.07356280277902505,0.05652432143688202
3619,0,1,0.05743617381538674,0.02152419090270996
3620,0,0,0.0464816557731509,0.07993824779987335
3621,0,1,0.059298062045401584,0.04566551744937897
3622,0,1,0.07234268316100145,0.04341620206832886
3623,0,1,0.0554164480495625,0.1288171410560608
3624,0,1,0.03946021608725807,0.0279989130795002
3625,0,1,0.06249444561932031,0.039936184883117676
3626,0,0,0.06213396988266358,0.026347987353801727
3627,0,1,0.03331586989802623,0.0585862398147583
3628,0,0,0.04807912993582164,0.05613899976015091
3629,1,0,0.09968278504592157,0.10343922674655914
3630,0,1,0.045411640870923184,0.1242160052061081
3631,0,0,0.0604417646959054,0.05093345046043396
3632,0,1,0.04418471897415076,0.01884414255619049
3633,0,0,0.09858258583639135,0.07544834911823273
3634,0,1,0.09422150502714532,0.09716145694255829
3635,0,1,0.04210590606566697,0.025431469082832336
3636,0,0,0.0792078039017689,0.027822032570838928
3637,0,0,0.05404446834250032,0.07029667496681213
3638,0,1,0.0683082893896583,-0.022930234670639038
3639,0,1,0.05404787800057752,0.04255995154380798
3640,0,1,0.028401075253594643,0.03265124559402466
3641,1,1,0.0614863367239972,0.08342209458351135
3642,1,1,0.06978842516518938,0.051875367760658264
3643,0,0,0.04772278835291345,-0.012013860046863556
3644,0,1,0.08834176794853399,0.08605699241161346
3645,0,0,0.05141438727837107,-0.023737557232379913
3646,1,1,0.03956684598308102,0.030972979962825775
3647,1,0,0.0862702961726487,0.06215307116508484
3648,0,0,0.025780040835881077,0.022297503426671028
3649,0,0,0.07361084160215467,0.07142354547977448
3650,0,1,0.05426326104853983,0.02454591542482376
3651,0,1,0.07950433793695089,0.03466746211051941
3652,0,0,0.10195353030842033,0.11255243420600891
3653,1,1,0.08041138599314149,0.08151639252901077
3654,0,1,0.06450403990569087,0.026532664895057678
3655,0,0,0.05352497083475545,0.045498594641685486
3656,0,0,0.07507466908533647,0.045609138906002045
3657,0,1,0.061706644174887956,0.03435274958610535
3658,0,0,0.06255447874986628,0.07867322862148285
3659,1,1,0.04172858852728832,0.02967262640595436
3660,0,0,0.06369258739133832,0.08251412212848663
3661,0,1,0.08267005281880666,0.04658830165863037
3662,0,1,0.07331968408446785,0.054718561470508575
3663,0,0,0.0436225745930376,0.03029649704694748
3664,0,0,0.040183546467365175,0.0523533932864666
3665,0,0,0.0391121525099925,0.06937776505947113
3666,0,1,0.04833837595944923,0.03240596503019333
3667,0,0,0.06156490500980319,0.10859376937150955
3668,0,1,0.05277517016102724,0.11508116126060486
3669,0,1,0.05980270423775376,0.055225491523742676
3670,0,1,0.06433479393792921,0.010625571012496948
3671,0,1,0.02810436203083664,0.02262100577354431
3672,0,0,0.06423334686440192,0.031510040163993835
3673,1,0,0.09440209766414498,0.062309443950653076
3674,0,1,0.04024149317006902,0.03381698951125145
3675,0,0,0.042179749082870324,-0.03855125606060028
3676,0,1,0.028296399444181664,0.08979406207799911
3677,0,1,0.04973552427116584,0.031158633530139923
3678,0,0,0.043371277687795584,0.10458754748106003
3679,0,0,0.06283295007274255,0.017690062522888184
3680,0,0,0.06828067162895758,0.03380627930164337
3681,1,0,0.05684561837062002,0.0480714812874794
3682,0,1,0.034422100684609644,0.016969863325357437
3683,0,1,0.060445434537614584,0.0816519632935524
3684,0,1,0.0614863367239972,0.08342209458351135
3685,0,1,0.08910520043625395,0.06284122169017792
3686,0,1,0.08270332153890944,0.06796503067016602
3687,0,1,0.06355899761772173,0.07504494488239288
3688,0,1,0.07666642343451086,0.06225937604904175
3689,0,1,0.0773266122296217,0.05963228642940521
3690,0,0,0.04072147336541662,0.056466616690158844
3691,1,1,0.06069470227417344,0.012784764170646667
3692,1,0,0.05833003287742848,0.02503500133752823
3693,0,1,0.045110317986670825,0.075795017182827
3694,0,1,0.05503648206927039,0.06002990901470184
3695,0,0,0.036428456550829165,0.07718835771083832
3696,0,0,0.06016513779136011,0.0548458993434906
3697,0,1,0.04010735983488027,0.06159285828471184
3698,0,0,0.06075301684687445,0.049956828355789185
3699,0,1,0.10397000017726907,0.033845096826553345
3700,1,1,0.06372656957779253,0.08468495309352875
3701,0,0,0.03266682504186733,0.05679105222225189
3702,0,1,0.06634093869493717,0.05476803332567215
3703,0,1,0.049587457353842804,0.08475329726934433
3704,0,0,0.08570120299208128,0.08376827836036682
3705,0,1,0.06356757013282625,0.07504494488239288
3706,0,0,0.06986683607460385,0.03455093502998352
3707,0,1,0.040180060479741334,0.02936135232448578
3708,0,1,0.05278016820710367,0.035042904317379
3709,0,1,0.08226843347833607,0.04495026171207428
3710,0,1,0.03786921989600993,0.04298347607254982
3711,0,1,0.09459510591797457,0.008596494793891907
3712,0,1,0.037140006795913845,0.06234404817223549
3713,0,0,0.04889261607875646,0.024488653987646103
3714,0,1,0.030226715092829003,0.019753586500883102
3715,0,0,0.0357189537809366,0.04560038447380066
3716,0,1,0.05408688876105179,0.09498250484466553
3717,0,1,0.04520698070097902,0.07366866618394852
3718,0,0,0.04633929913414633,0.05213019996881485
3719,0,1,0.05335431558912204,0.0675199031829834
3720,0,0,0.058976495058332815,0.1199026107788086
3721,1,0,0.10520259480727914,0.06762450933456421
3722,0,1,0.0875473116699084,0.02594664692878723
3723,1,1,0.06144513862708145,0.08864600211381912
3724,0,0,0.050838532753135754,0.03287892043590546
3725,0,0,0.09443463384622469,0.010909467935562134
3726,1,0,0.07152673264321913,0.19461144506931305
3727,0,0,0.05521795757301154,0.033179350197315216
3728,0,1,0.05513178802577515,0.029757194221019745
3729,0,0,0.038892173292714896,0.035376325249671936
3730,0,0,0.03204045190820807,0.03973652422428131
3731,1,1,0.05895002507229105,0.049560241401195526
3732,0,0,0.05637708842402718,0.03881625086069107
3733,0,1,0.09614606564586828,0.04721608757972717
3734,0,1,0.09874190138451222,0.010825872421264648
3735,1,1,0.09164787392575766,0.21744345128536224
3736,0,0,0.05362810439509291,0.015676379203796387
3737,0,1,0.04033886275680046,0.034391358494758606
3738,0,0,0.05303062044257721,0.08926066011190414
3739,0,0,0.08302905710358316,0.1478026658296585
3740,1,1,0.07449402794496934,0.10265016555786133
3741,0,0,0.050745988917360124,0.02389495074748993
3742,0,1,0.05307690767127121,0.077543705701828
3743,0,1,0.04848751539365287,0.04406630992889404
3744,0,1,0.061738025219883766,0.017175443470478058
3745,1,0,0.06650624289871976,0.08720952272415161
3746,0,1,0.05540374695023319,-0.01379530131816864
3747,1,0,0.08819399534670383,0.1035681962966919
3748,0,0,0.08761667864155362,0.039449259638786316
3749,0,1,0.030286298037783065,0.05957949161529541
3750,0,1,0.06658203088123049,0.07485727965831757
3751,1,1,0.05972219671154015,0.010276541113853455
3752,0,1,0.03349467297659584,0.030720222741365433
3753,0,0,0.03604117744435087,0.030623041093349457
3754,0,0,0.0804513237164853,0.028967171907424927
3755,0,0,0.09870238320550984,0.10712876915931702
3756,0,1,0.027713817356306382,0.07635582983493805
3757,0,0,0.03981757467805143,0.03724359720945358
3758,1,0,0.09290345721170853,0.03830459713935852
3759,0,1,0.06465290909032949,0.075608029961586
3760,0,1,0.06805919549861104,0.13386239111423492
3761,1,1,0.07628034241649417,0.03932347893714905
3762,0,0,0.04714801499115612,0.03039173036813736
3763,0,0,0.02843078101901906,0.021610837429761887
3764,0,1,0.058258585880398825,0.02261839061975479
3765,0,1,0.047580825283162265,0.04765734821557999
3766,0,0,0.04360484848085093,0.04311639815568924
3767,1,0,0.048250444300148826,0.057977914810180664
3768,0,0,0.02449672950939412,0.043028805404901505
3769,0,0,0.06429330758634894,0.08802595734596252
3770,1,1,0.04517909752605004,-0.004493348300457001
3771,0,1,0.05690378334628092,0.05515427142381668
3772,1,1,0.05169197249522235,0.07244459539651871
3773,0,0,0.06880237515304438,0.033108338713645935
3774,0,1,0.031753790105367594,0.060861311852931976
3775,0,0,0.051413080004117775,0.07277960330247879
3776,0,1,0.04647451650453907,0.05199909210205078
3777,0,0,0.07253154426765157,0.0534699410200119
3778,0,1,0.0437334096121164,0.05038999766111374
3779,0,1,0.07330428608115974,0.04763999581336975
3780,0,1,0.09678914184405221,0.019170895218849182
3781,0,1,0.08504564745912249,0.04719407856464386
3782,0,1,0.05171110027281833,0.07257793843746185
3783,0,1,0.08838707583016761,0.014921143651008606
3784,1,1,0.04678260911669739,0.03752589225769043
3785,0,1,0.0671696770269063,0.037371084094047546
3786,0,1,0.08840429906061412,0.020976439118385315
3787,0,0,0.04531366543201959,0.0749811977148056
3788,0,1,0.046310914025089314,0.04987872391939163
3789,0,1,0.07559334997733128,0.11774125695228577
3790,0,1,0.03665383991795651,0.056644730269908905
3791,0,1,0.08391904397342179,0.04732707142829895
3792,0,0,0.08241702647074406,0.04429668188095093
3793,0,0,0.03406819563164965,0.032655250281095505
3794,0,1,0.05274272742031544,0.10741535574197769
3795,0,0,0.03983646030811859,0.06524212658405304
3796,0,0,0.03981757467805143,0.03724359720945358
3797,0,1,0.06980897273155433,0.09928437322378159
3798,0,0,0.043627929311660416,0.03966248407959938
3799,0,1,0.07990507223924179,0.03481101989746094
3800,0,1,0.05973526571921682,0.0705757588148117
3801,0,0,0.09424483411583356,0.08643698692321777
3802,0,1,0.10792073586955322,0.10923786461353302
3803,0,1,0.03626200796208531,0.04196314513683319
3804,0,1,0.061569887456782435,0.10859376937150955
3805,0,1,0.0799136571177656,0.06611678004264832
3806,0,1,0.04281487338780526,0.025628753006458282
3807,0,1,0.09659159470214182,0.023177936673164368
3808,0,1,0.048780217810093146,0.07637985050678253
3809,0,1,0.033247551060417206,0.031720634549856186
3810,0,0,0.06555862614404843,0.08079526573419571
3811,0,1,0.037963995371047166,0.031099215149879456
3812,0,1,0.05087891577338907,0.027143269777297974
3813,0,1,0.048033681129993705,0.041051529347896576
3814,1,1,0.06687586572438314,0.08607576787471771
3815,0,0,0.06981377338691884,0.09396928548812866
3816,0,1,0.04434527539444236,0.01280638575553894
3817,0,0,0.11712522352304439,0.030644118785858154
3818,0,0,0.04478168790080235,0.04080885648727417
3819,0,1,0.05299418305296617,0.025487102568149567
3820,0,1,0.051982214079979605,0.006127297878265381
3821,0,1,0.039030084803161336,0.04947023093700409
3822,1,0,0.11250301447798106,0.12109135091304779
3823,0,1,0.058422682041149754,0.0781979188323021
3824,0,1,0.06583970230078415,0.04054158926010132
3825,0,1,0.07101510478204157,0.04457569122314453
3826,0,0,0.043743275314082536,0.06054561957716942
3827,0,1,0.05540649310880437,0.13418510556221008
3828,0,1,0.05092948384782782,0.12756779789924622
3829,0,1,0.040298544268201106,0.03751801699399948
3830,0,0,0.07165971587447037,0.06716219335794449
3831,1,0,0.05875133891098702,0.0420125350356102
3832,0,0,0.0636150888182491,0.09535737335681915
3833,1,1,0.03810044609961903,0.08712959289550781
3834,0,1,0.07392647962009768,0.0919242650270462
3835,0,1,0.07531192435105605,0.021962970495224
3836,0,0,0.07151146791615914,0.04662999510765076
3837,0,0,0.049885674906933436,0.021993838250637054
3838,0,1,0.029107840996031052,0.04732351750135422
3839,0,0,0.03270113216528581,0.04698464274406433
3840,0,1,0.05503046290851146,0.018324077129364014
3841,0,1,0.03628934265907922,0.03890080377459526
3842,0,1,0.042241078602989535,0.10027672350406647
3843,0,1,0.05197293004747022,0.100397028028965
3844,0,1,0.07534721721879709,0.05906170606613159
3845,0,0,0.045914126046028694,-0.013246670365333557
3846,0,0,0.027864405159253897,0.024068359285593033
3847,0,1,0.038783851374198194,0.08231139183044434
3848,1,0,0.10573711530176125,0.10097461938858032
3849,0,1,0.11144546884785494,0.06099960207939148
3850,0,1,0.054207641803259404,0.03500102460384369
3851,0,1,0.04288408188603926,0.029477417469024658
3852,0,1,0.03963157366267396,0.08307714760303497
3853,0,1,0.03115382645309052,0.06789015233516693
3854,0,0,0.059775303678950675,0.04608394205570221
3855,0,0,0.04565517510748816,0.04153299331665039
3856,0,1,0.0637228779146809,0.08392531424760818
3857,0,1,0.04912299803436396,0.054167330265045166
3858,0,1,0.07149687225688428,0.10043012350797653
3859,0,1,0.040725611861752345,0.056466616690158844
3860,0,0,0.03092668791824653,0.027035590261220932
3861,0,1,0.0802019020264807,-0.017219245433807373
3862,0,1,0.036613412299988685,0.04120520502328873
3863,0,0,0.11867446558830536,0.05682370066642761
3864,0,1,0.06121835786148587,0.06184657663106918
3865,1,1,0.05995468070067983,0.0712832659482956
3866,0,0,0.03969183539000401,0.12059775739908218
3867,0,1,0.05875133891098702,0.0420125350356102
3868,0,0,0.09685464189918924,0.10644637048244476
3869,0,1,0.05631697885544898,0.06829468905925751
3870,0,0,0.06652959507731156,0.05664736032485962
3871,0,1,0.053009612786060756,0.09528957307338715
3872,0,0,0.06404609588561731,0.12914195656776428
3873,1,1,0.05697182591111223,0.03909158706665039
3874,0,1,0.06906363250867814,0.06052272766828537
3875,0,0,0.060590392834849766,0.15084058046340942
3876,0,0,0.0748741174260256,0.04852411150932312
3877,0,0,0.04699647408743522,0.05478699877858162
3878,0,1,0.03941361539662701,0.06518974900245667
3879,1,1,0.10584564666667348,0.10768184065818787
3880,0,1,0.05092532506209231,0.08582408726215363
3881,0,1,0.06049877038556087,0.1301599144935608
3882,0,0,0.062445971926276836,0.08076820522546768
3883,0,0,0.05944386601304827,0.05548635870218277
3884,0,1,0.03124765543127099,0.037112973630428314
3885,0,1,0.041380177918648495,0.05786456912755966
3886,1,1,0.07140050181212956,0.08049114793539047
3887,1,1,0.07129693592628819,0.0891503393650055
3888,0,0,0.08755915432613501,0.11904400587081909
3889,0,1,0.037030511002235436,0.07025886327028275
3890,1,1,0.05317617138908935,0.10278649628162384
3891,1,1,0.07254266400570314,0.0534699410200119
3892,0,1,0.07444729750954815,0.04763999581336975
3893,0,1,0.048634340664001005,0.08081332594156265
3894,0,1,0.042797344783087526,0.027591858059167862
3895,0,1,0.09751480042727126,0.08714896440505981
3896,0,1,0.025723145725812413,0.03140038251876831
3897,0,0,0.055425265352751565,0.1288171410560608
3898,0,1,0.04365875710350543,0.034750133752822876
3899,0,1,0.03784156772467404,0.08415815234184265
3900,0,0,0.03458891094005821,0.027456186711788177
3901,0,1,0.06729100735952327,0.06388816982507706
3902,0,1,0.07449702067173414,0.054369181394577026
3903,0,1,0.03387206372215803,0.03542191535234451
3904,0,0,0.06890272969994317,0.04699985682964325
3905,0,0,0.05899862725550721,0.04994671791791916
3906,0,0,0.056976038013533944,0.05275658518075943
3907,1,1,0.11379676802820826,0.12694914638996124
3908,0,1,0.11498846762963949,0.05705153942108154
3909,0,1,0.08149116607572204,0.09272895008325577
3910,0,0,0.06682239013753963,0.10167330503463745
3911,0,1,0.05247667932943323,0.0553489625453949
3912,0,0,0.08225888789293473,0.08480483293533325
3913,0,1,0.05826566901356835,0.027593836188316345
3914,0,1,0.02899684268072803,0.03134489804506302
3915,0,0,0.05343492732849302,0.0792212262749672
3916,0,1,0.059505843662172764,0.061498261988162994
3917,0,1,0.03168666122124445,0.057170622050762177
3918,0,1,0.051684137514893785,0.08113332092761993
3919,0,1,0.05537802765967369,0.07016879320144653
3920,0,1,0.05501915500191258,0.04333346337080002
3921,0,1,0.04984192932697672,0.010628126561641693
3922,0,0,0.07460254756754325,0.02688758075237274
3923,0,0,0.04565517510748816,0.04153299331665039
3924,0,1,0.027100272369407145,0.02554125152528286
3925,0,1,0.0406548564213145,0.02497135102748871
3926,0,1,0.05542267302462635,0.07774845510721207
3927,0,0,0.057545240890485655,0.02033882588148117
3928,0,0,0.0618049805365883,0.09490606933832169
3929,0,1,0.057297228415869456,0.014183953404426575
3930,0,1,0.033934737180530986,0.032269082963466644
3931,0,1,0.05531499310387386,0.08307939022779465
3932,0,1,0.07435551348447864,0.07337963581085205
3933,0,1,0.07386110883552871,0.08834466338157654
3934,1,1,0.04205907178625454,0.07522465288639069
3935,1,1,0.07623824557164369,0.05442327260971069
3936,0,1,0.07230394732543513,0.11190693825483322
3937,0,1,0.05488522282492962,0.041434675455093384
3938,0,1,0.03422840283672612,0.03872981667518616
3939,0,0,0.08857889120865953,0.02271963655948639
3940,0,1,0.05942246931498117,0.07948420941829681
3941,0,0,0.04896428706282348,0.023014314472675323
3942,0,1,0.0641919215876557,0.06028422713279724
3943,0,0,0.037122893095819245,0.0466950461268425
3944,0,1,0.047939056462025315,0.038191020488739014
3945,0,0,0.0878005953244762,0.07681410014629364
3946,0,1,0.07873957752161967,0.03481101989746094
3947,0,1,0.05435872688414872,0.05890612304210663
3948,0,1,0.04651967670730214,0.04663079231977463
3949,0,0,0.05893815575921384,0.06323166936635971
3950,0,1,0.07366666691781534,0.05210380256175995
3951,1,1,0.06496921723083617,0.046389155089855194
3952,0,1,0.06096546861102563,0.06121116876602173
3953,0,1,0.02501984980314268,0.050663530826568604
3954,0,1,0.05729659989166096,0.019393861293792725
3955,0,1,0.03911233206317286,0.06937776505947113
3956,0,1,0.04336430396660787,0.039780739694833755
3957,0,0,0.08891280833591672,0.06575119495391846
3958,0,0,0.045689925922713856,0.046227939426898956
3959,0,1,0.08174855610006126,0.08939836919307709
3960,1,1,0.07336231497211854,0.10520728677511215
3961,0,1,0.04566647194790116,0.05092252045869827
3962,0,1,0.043726108792280796,0.1972002387046814
3963,1,1,0.05022287920768452,0.04458268731832504
3964,1,1,0.075949441820725,0.03914588689804077
3965,0,0,0.028965197422165793,0.03265124931931496
3966,0,0,0.038452734626312046,0.11181598901748657
3967,0,1,0.09231605014576483,0.11366020143032074
3968,0,1,0.04148723364140888,0.08326603472232819
3969,0,0,0.06610337668245367,0.12717348337173462
3970,0,1,0.062139540279852246,0.07807738333940506
3971,0,1,0.0471736370640269,0.05645746737718582
3972,1,1,0.06790192546635301,0.06808371096849442
3973,0,0,0.08301136597933306,0.11074233055114746
3974,0,1,0.07197970578419502,0.0363827645778656
3975,0,1,0.049892433373291786,0.08513091504573822
3976,0,1,0.07273647118675133,0.04593867063522339
3977,0,1,0.059549320192761934,0.08160170912742615
3978,0,1,0.04158893297881354,0.0641830712556839
3979,0,1,0.03174153966117138,0.012284897267818451
3980,1,1,0.041302517629382765,0.0807683914899826
3981,0,1,0.04511276081765135,0.07221511751413345
3982,0,1,0.032718153406217414,0.06071992963552475
3983,0,1,0.058942149770897886,0.05146056413650513
3984,0,0,0.05688974435469023,0.02532447874546051
3985,0,0,0.03963063795612379,0.0349956750869751
3986,0,0,0.04714801499115612,0.03039173036813736
3987,1,1,0.10596168803923539,0.020387649536132812
3988,1,1,0.0718951248285683,0.32069849967956543
3989,0,0,0.09588105632441238,0.07729995250701904
3990,0,0,0.045432838901262027,0.1020997166633606
3991,0,0,0.07897014204215433,0.1511853039264679
3992,0,0,0.039832539481243295,0.06083977222442627
3993,0,0,0.0436197399693435,0.04470352083444595
3994,0,1,0.05064009888478002,0.032516755163669586
3995,1,1,0.1036331720753505,0.02222442626953125
3996,0,1,0.03493158485587218,0.06529303640127182
3997,0,1,0.08928017873362706,0.10687011480331421
3998,0,1,0.02450653864296118,0.03276645392179489
3999,0,1,0.05056513860757038,0.044205956161022186
4000,1,1,0.07084934638355492,0.05492578446865082
4001,0,1,0.058996504740169056,0.01775354892015457
4002,0,1,0.0529508206596991,0.09129127115011215
4003,0,1,0.03462209327656323,0.03389887139201164
4004,0,1,0.04988462248348034,0.028064429759979248
4005,0,0,0.07147567821393899,0.1238841712474823
4006,0,1,0.04354488282159774,0.039596423506736755
4007,0,1,0.08427054940287698,0.03153295814990997
4008,0,1,0.06146468613842816,0.07943082600831985
4009,1,0,0.08697556474044091,0.0929112657904625
4010,0,0,0.06285040455577551,0.04618275165557861
4011,0,0,0.06417069085781851,0.033837445080280304
4012,0,1,0.058419254069007207,-0.014052659273147583
4013,0,0,0.0750391872699448,0.03724148869514465
4014,0,0,0.034949340687845554,0.06210152059793472
4015,0,0,0.04016611476280817,0.05917462334036827
4016,0,1,0.04251295078218871,0.08341501653194427
4017,0,1,0.085326282066547,0.08920499682426453
4018,1,1,0.0970480798761918,0.07005101442337036
4019,0,0,0.05137190235740083,0.030483387410640717
4020,0,0,0.05470510532109388,0.07942242175340652
4021,0,1,0.0535527179992807,0.08862808346748352
4022,0,1,0.056621070914687474,0.022596940398216248
4023,0,0,0.0306232639725805,0.045297473669052124
4024,0,0,0.05137190235740083,0.030483387410640717
4025,0,0,0.046357629786471746,0.07013949006795883
4026,1,0,0.03327368153863403,0.025367606431245804
4027,0,0,0.05750794230609296,0.03798060864210129
4028,0,1,0.0542730532569899,0.027320638298988342
4029,0,0,0.04052431093910479,0.07833021879196167
4030,0,0,0.05087403706259935,0.05785330384969711
4031,0,1,0.06593914709378323,0.0594710037112236
4032,0,0,0.06423465158673465,0.049059510231018066
4033,0,0,0.043856131489686784,0.015138082206249237
4034,0,0,0.0709121835874974,0.02803155779838562
4035,0,1,0.04560313791291899,0.03134830296039581
4036,0,0,0.045126124697288744,0.07173363119363785
4037,0,1,0.08193718699673036,0.1021725982427597
4038,0,1,0.033919739853808535,0.031617745757102966
4039,1,1,0.055978258645505485,0.04348868131637573
4040,0,0,0.05356779972651082,0.09345155209302902
4041,1,1,0.039907587366167604,0.0678001195192337
4042,1,0,0.030421969244799833,0.035949159413576126
4043,1,0,0.07869367629911933,0.07355029135942459
4044,0,0,0.04429466836917646,0.016332201659679413
4045,0,0,0.027616837410226018,0.02929203398525715
4046,1,1,0.07030321105345869,0.05649600178003311
4047,0,1,0.07815693285124434,0.05184812843799591
4048,0,1,0.040652931796001435,0.02497135102748871
4049,0,0,0.06547535770526079,0.03942137956619263
4050,1,1,0.09414050324404552,0.12961699068546295
4051,0,0,0.07624747324201434,0.07795798778533936
4052,0,0,0.05569474748550847,0.10608978569507599
4053,0,1,0.08982531468057778,0.09089356660842896
4054,0,1,0.07329718163781981,0.04577885568141937
4055,0,1,0.049846001446460966,0.004230126738548279
4056,0,0,0.07365331341893569,0.11824141442775726
4057,0,0,0.03177434876836522,0.05844968557357788
4058,0,1,0.04085564391576359,0.05235093832015991
4059,0,1,0.07989139768320092,0.06627000868320465
4060,1,1,0.05968274873048088,0.0745389387011528
4061,1,1,0.07672572485993909,0.09789836406707764
4062,0,0,0.03709391748182398,0.10898809134960175
4063,0,0,0.07194103190683893,0.07488642632961273
4064,0,0,0.0743042290077226,0.06139729917049408
4065,0,1,0.06270756451160858,-0.014492824673652649
4066,1,1,0.07107747153471242,0.11446571350097656
4067,0,0,0.09319707884092401,0.11514230072498322
4068,0,1,0.10830323151377552,0.12317861616611481
4069,0,0,0.059708317205150754,0.021287783980369568
4070,0,1,0.09504871605132736,0.07421562075614929
4071,0,1,0.05909798877160266,0.030277669429779053
4072,0,1,0.05524292363999876,0.02890951931476593
4073,0,1,0.09060790350156778,0.12891064584255219
4074,0,1,0.03171771067880544,0.0688389241695404
4075,0,1,0.10675617116448119,0.03492151200771332
4076,0,1,0.0909629333751763,0.08172644674777985
4077,0,0,0.11388745899785552,0.10526114702224731
4078,1,1,0.042652371893424024,0.0919969379901886
4079,0,1,0.05802525254015832,0.05591866374015808
4080,1,1,0.11035350497152671,0.06849128007888794
4081,0,1,0.04716439780908277,0.05682571977376938
4082,0,1,0.06465698143341413,0.08450240641832352
4083,0,0,0.0644178712779384,0.107229083776474
4084,0,1,0.03983285641163145,0.06527076661586761
4085,0,1,0.036380851208492763,0.03854386880993843
4086,0,1,0.0783880528349597,0.06067414581775665
4087,0,1,0.059682169116775444,0.0745389387011528
4088,0,1,0.06045879426484689,0.05655602365732193
4089,0,1,0.07644700448330691,0.09501972794532776
4090,0,1,0.03612610691882192,0.029811471700668335
4091,1,1,0.08259931091228925,0.008877366781234741
4092,0,1,0.08149609943923339,0.044191256165504456
4093,1,0,0.055131128546957744,0.029757194221019745
4094,0,1,0.04386943938913969,0.059850286692380905
4095,0,0,0.030694528456837226,0.03275281935930252
4096,0,0,0.05961483419339711,0.055818647146224976
4097,0,1,0.0436234634381505,0.03899680823087692
4098,0,0,0.10747898716772855,0.1013331264257431
4099,0,1,0.08090421678507831,0.031683072447776794
4100,0,1,0.08488896044097877,0.08931848406791687
4101,0,1,0.05596326986069279,0.027753576636314392
4102,0,0,0.03610965301462258,0.06788711249828339
4103,0,1,0.06912603500307102,0.04806244373321533
4104,1,1,0.09054197245688567,0.05391615629196167
4105,0,1,0.06034423585566753,0.04986856132745743
4106,0,0,0.10021952300240497,0.12864311039447784
4107,0,1,0.051818097685206926,0.09242133051156998
4108,1,1,0.06678901372449242,0.023499324917793274
4109,1,1,0.09034504783789507,0.11500123143196106
4110,0,0,0.04712463893292493,0.055960603058338165
4111,0,1,0.08140191372181138,0.08349259197711945
4112,0,1,0.08561217413095376,0.036728084087371826
4113,0,0,0.08043701787288837,0.08908187597990036
4114,0,1,0.04180466084956749,0.058658771216869354
4115,0,1,0.062151325044307135,0.10772550106048584
4116,1,0,0.03633399835018806,0.04885607585310936
4117,0,0,0.06452652270657952,0.027084514498710632
4118,0,1,0.11007633576313214,0.1190643459558487
4119,0,0,0.07071912877911662,0.06740403175354004
4120,1,1,0.05502049255125985,0.035744503140449524
4121,0,1,0.038088218983457774,0.06473696231842041
4122,0,0,0.04780199616760002,0.029141653329133987
4123,0,1,0.04472764454598124,0.04018490016460419
4124,0,1,0.04247369860464717,0.02790602296590805
4125,1,1,0.07060161690045383,0.07596009224653244
4126,1,1,0.04667082375626193,0.07630857825279236
4127,0,1,0.04144810882128232,0.011090502142906189
4128,0,0,0.089417538620847,0.11949299275875092
4129,0,1,0.061870091627327484,0.06374555826187134
4130,1,1,0.06843749762090492,0.0700288861989975
4131,0,0,0.046005819348607035,0.07225427776575089
4132,0,0,0.0713218629428071,0.04462989419698715
4133,0,0,0.05623981862836419,0.07396892458200455
4134,0,1,0.0629880284719998,0.08897675573825836
4135,0,0,0.033934737180530986,0.032269082963466644
4136,0,1,0.05827379173581296,0.019564814865589142
4137,0,1,0.06225956717065982,0.03640427440404892
4138,0,1,0.06682357633990732,0.05773115158081055
4139,0,1,0.07670026002018956,0.07767443358898163
4140,0,1,0.0845601309249702,0.10634247958660126
4141,0,1,0.05104559143509349,0.009781144559383392
4142,0,0,0.06111303941884823,0.055233150720596313
4143,0,1,0.04953426627658199,0.07631415128707886
4144,0,0,0.0401193252557185,0.0649285614490509
4145,0,1,0.06369870231866143,-0.0008430927991867065
4146,0,1,0.07407646111134758,0.04563190042972565
4147,0,1,0.06978116428942974,0.05875024199485779
4148,0,1,0.07611723876118268,0.08025334030389786
4149,1,1,0.05942246931498117,0.07948420941829681
4150,0,0,0.06880807157560791,0.09744220972061157
4151,0,0,0.05675558253297763,0.047893308103084564
4152,0,1,0.05297630687972801,0.026579514145851135
4153,1,1,0.09680887478445216,0.03448593616485596
4154,0,0,0.07062876859601108,0.10645195841789246
4155,0,1,0.04565517510748816,0.04153299331665039
4156,0,1,0.06983013160974075,0.09952916204929352
4157,0,1,0.08003182684268079,0.1584770232439041
4158,0,0,0.048864964887227816,0.03994198888540268
4159,1,1,0.05204084415049785,0.04413585364818573
4160,0,1,0.06673923248105527,0.033779293298721313
4161,0,1,0.06369253814276357,0.08479532599449158
4162,0,1,0.07647257722277939,0.03577315807342529
4163,0,1,0.05837841501646429,0.019307062029838562
4164,0,1,0.040656057678348595,0.09041076898574829
4165,0,1,0.037776357265704816,0.07173821330070496
4166,0,1,0.055945419700805965,0.021670356392860413
4167,1,1,0.09112025998295858,0.0889318585395813
4168,0,1,0.04449669137679432,0.036327991634607315
4169,1,1,0.0477762068247634,0.0539897158741951
4170,0,1,0.0929282294481367,0.11078551411628723
4171,0,0,0.03673482362219892,0.04289751872420311
4172,0,1,0.06402595703842273,0.05913446843624115
4173,0,1,0.09392537550438626,0.11248521506786346
4174,0,1,0.037101698070653014,0.043910279870033264
4175,1,1,0.05360998756839286,0.03584592044353485
4176,0,1,0.042248683029620385,0.035311732441186905
4177,0,1,0.07082070817541788,0.030799970030784607
4178,0,0,0.04652116484693446,0.04486929252743721
4179,0,0,0.0497151830335158,0.03570196032524109
4180,0,1,0.047412450242491605,0.038682274520397186
4181,0,1,0.05582578267708323,0.058720946311950684
4182,0,0,0.03219037958131501,0.036407746374607086
4183,0,1,0.0695808200765796,0.019823044538497925
4184,0,1,0.05973457242741147,0.11500875651836395
4185,0,1,0.04170681734578029,0.06596776843070984
4186,0,0,0.05774808901366213,0.054440438747406006
4187,0,0,0.08281928823879522,0.004121184349060059
4188,1,1,0.06002066269668686,0.02637287974357605
4189,1,1,0.09138207343729099,0.15433400869369507
4190,0,1,0.04636772100375104,0.021232247352600098
4191,0,0,0.1184902941928887,-0.05987846851348877
4192,0,1,0.03198403587128522,0.05413564294576645
4193,1,1,0.09744323695709864,0.08022640645503998
4194,0,1,0.05731798900215358,0.04769645631313324
4195,0,1,0.05499703358736585,0.08063046634197235
4196,0,1,0.060589160907423806,0.023191802203655243
4197,0,0,0.0419545207538423,0.010035522282123566
4198,0,0,0.09152314240888312,0.02863067388534546
4199,1,1,0.05405753199070458,0.09202432632446289
4200,0,1,0.04278583554502609,0.06909602135419846
4201,0,1,0.0650942251679119,0.13915152847766876
4202,0,1,0.0477088512095946,0.032737016677856445
4203,0,0,0.0334996147599348,0.04744953289628029
4204,0,1,0.06845455969655054,0.04560607671737671
4205,1,1,0.034401280115294024,0.0359974130988121
4206,0,1,0.04987149729671404,0.05783805251121521
4207,0,1,0.032768987777180514,0.042088281363248825
4208,0,1,0.09018747657317794,0.06308974325656891
4209,0,0,0.07112626871294839,0.04976929724216461
4210,1,0,0.08074720124539944,0.05234614014625549
4211,0,0,0.05057200969448371,0.04447053372859955
4212,0,0,0.047522120486039446,0.03642670810222626
4213,0,0,0.05726989440436116,0.017922744154930115
4214,1,1,0.07252272506784821,0.09919089823961258
4215,0,1,0.05699465432184821,0.05933854728937149
4216,0,0,0.11089899823986119,0.04133099317550659
4217,0,0,0.03386138592473651,0.0362706258893013
4218,0,1,0.03241345253051641,0.02512568235397339
4219,0,1,0.08101025138270138,0.02777831256389618
4220,0,0,0.08773186436721095,0.06496651470661163
4221,0,1,0.07191943105644466,0.0672723799943924
4222,1,1,0.09242513721333773,0.0744083970785141
4223,0,0,0.08777706209795447,0.0723605751991272
4224,0,1,0.08168482050383127,0.10885986685752869
4225,0,0,0.04234688925085732,0.036962658166885376
4226,0,1,0.05436934283909309,0.029115356504917145
4227,0,0,0.0476167744391235,0.04403010010719299
4228,0,1,0.043340082726172374,0.04416672885417938
4229,0,0,0.06296213874013747,0.0423460528254509
4230,0,1,0.04716475259154701,0.06388446688652039
4231,0,0,0.050958378988690795,0.012070298194885254
4232,0,0,0.05784896498426635,0.12047633528709412
4233,1,1,0.04716469743542803,0.06388446688652039
4234,0,1,0.03955809032672557,0.08160196244716644
4235,0,1,0.0374226777664433,0.02738957852125168
4236,1,1,0.06528997130092154,0.05702345818281174
4237,0,0,0.06206993219104284,0.05371634662151337
4238,1,0,0.06263585419854133,0.10415791720151901
4239,0,1,0.03424471318168526,0.08136716485023499
4240,0,1,0.06863413855720292,0.04942785203456879
4241,0,1,0.05309840173241756,0.08798921853303909
4242,0,0,0.04340896019017888,0.08164888620376587
4243,0,1,0.03430365396936112,0.05802483111619949
4244,0,0,0.06433815250913151,0.06417908519506454
4245,0,1,0.08453998409520352,0.0864918977022171
4246,0,1,0.07322364173467102,0.06957173347473145
4247,0,1,0.08428872128570353,0.06669379025697708
4248,1,0,0.060346293755119226,0.04986856132745743
4249,0,0,0.03332039067809137,0.0585862398147583
4250,0,0,0.05798426001380408,0.06280405074357986
4251,0,0,0.061955359245090935,0.05595087260007858
4252,1,0,0.0631476553145337,0.027751222252845764
4253,1,1,0.049614869141158494,0.08474181592464447
4254,0,1,0.05494483973923871,0.031576190143823624
4255,0,1,0.04563894588727645,0.04849918931722641
4256,0,1,0.043666596629183305,0.03228320926427841
4257,0,1,0.06929264030958653,0.049219489097595215
4258,0,0,0.0406464070709726,0.07694325596094131
4259,0,0,0.05103691558868573,0.015873730182647705
4260,0,0,0.06479604154567635,0.04762162268161774
4261,0,1,0.07602269457782523,0.02424938976764679
4262,0,1,0.024450612658574476,0.07738295197486877
4263,0,0,0.06908173723053725,0.0677838996052742
4264,0,1,0.030509439291177796,0.05615759640932083
4265,0,1,0.03626478012490444,0.047352999448776245
4266,0,0,0.04652116484693446,0.04486929252743721
4267,0,0,0.07461482606768932,0.06346572935581207
4268,0,0,0.04490958752112814,0.023224979639053345
4269,1,1,0.05136146560013623,0.05988997220993042
4270,1,1,0.06821970151410006,0.04205305874347687
4271,0,1,0.07257024694234279,0.04367847740650177
4272,1,0,0.04564311969771802,0.04171651601791382
4273,0,1,0.06960778119245227,0.0531235933303833
4274,0,0,0.0716557094516721,0.06923165917396545
4275,0,0,0.03656818977313825,0.015894394367933273
4276,0,0,0.045925070321508735,0.035157784819602966
4277,0,0,0.055201747303353435,0.04026738554239273
4278,0,1,0.06115840608894463,0.04528980702161789
4279,0,1,0.046478711569358955,0.04602144658565521
4280,1,0,0.08364034270702947,0.03314833343029022
4281,0,0,0.0874235849951647,0.08944207429885864
4282,0,1,0.07364834768511164,0.0591111034154892
4283,0,0,0.05690473769005515,0.05515427142381668
4284,1,0,0.04979848387453373,0.021850980818271637
4285,0,1,0.07464181532910111,0.059012070298194885
4286,0,1,0.09430303130345882,0.07871957123279572
4287,0,1,0.03624126725653785,0.030849307775497437
4288,0,1,0.06387781173927586,0.04823548346757889
4289,0,0,0.03957625342939458,0.03709009289741516
4290,1,0,0.05998125512774061,0.031017988920211792
4291,0,0,0.049884479739489354,0.05783805251121521
4292,1,1,0.07452818365501884,0.0912925973534584
4293,0,1,0.03390432067165274,0.050181224942207336
4294,0,0,0.07203815957364623,0.030333146452903748
4295,0,1,0.09360072611416795,0.11628556251525879
4296,0,0,0.028264244365668045,0.07473040372133255
4297,1,1,0.0495652196910429,0.07717679440975189
4298,1,1,0.05834067584698739,0.014476649463176727
4299,0,0,0.06939306870861438,0.03471074998378754
4300,0,1,0.04845974487657634,0.03255690634250641
4301,1,0,0.09429491089712991,0.16012178361415863
4302,0,1,0.08890628702797268,-0.02238433063030243
4303,0,1,0.05773948047044085,0.07678811997175217
4304,0,1,0.0284100233796801,0.02053181268274784
4305,0,0,0.027616837410226018,0.02929203398525715
4306,0,1,0.0564430922818297,0.07962755858898163
4307,0,1,0.060364541109549044,0.02466796338558197
4308,1,1,0.05767617534433095,0.05694352090358734
4309,0,0,0.08580319450585183,0.10453589260578156
4310,1,1,0.05884988038732389,0.07844986021518707
4311,0,0,0.032600680191095355,0.0681178867816925
4312,0,0,0.03554612923894612,0.04094301909208298
4313,1,1,0.0589254176285719,0.06472621113061905
4314,0,1,0.0947472906967835,0.02434159815311432
4315,1,1,0.04903849089578555,0.09023071825504303
4316,0,1,0.11476177954371408,0.13125662505626678
4317,0,0,0.041632668126191125,0.038880426436662674
4318,1,1,0.07812975483260903,0.10088115185499191
4319,1,0,0.06951155395191778,0.07723104953765869
4320,0,0,0.04377458199344393,0.048571985214948654
4321,0,0,0.06576470958095651,0.030131399631500244
4322,0,0,0.08466367375492231,0.05697569251060486
4323,0,1,0.04663694944287082,0.08132632076740265
4324,0,1,0.04234136992155588,0.09922667592763901
4325,0,1,0.040736818321584295,0.06627695262432098
4326,1,1,0.12087354366641923,0.03384298086166382
4327,0,0,0.058689694565149886,0.046439945697784424
4328,0,0,0.07126009297154987,0.10582335293292999
4329,0,1,0.03777465712081296,0.07493793219327927
4330,0,1,0.08107523927918348,0.07391880452632904
4331,0,1,0.031134870589951374,0.06516580283641815
4332,0,1,0.05831070603355265,0.05181349813938141
4333,1,1,0.06665184292016307,0.08590317517518997
4334,1,1,0.05638041377104057,0.12192784994840622
4335,0,1,0.061628332892968304,0.07857991755008698
4336,0,1,0.06638157019916065,0.07141656428575516
4337,0,0,0.05426144067462159,0.022752568125724792
4338,0,1,0.072522996529124,0.06176024675369263
4339,0,1,0.04875923310515916,0.0976080596446991
4340,1,1,0.08221124725756473,0.10893413424491882
4341,0,1,0.06049507406643383,0.10499855875968933
4342,0,1,0.07754943605727588,0.13261733949184418
4343,1,1,0.07064852299854191,0.03482672572135925
4344,1,0,0.080613620844322,0.07121327519416809
4345,1,0,0.04492930020422127,0.06961523741483688
4346,0,1,0.036251765968893616,0.030035514384508133
4347,0,1,0.0654410463194228,0.08227843791246414
4348,0,0,0.06077288027625574,0.04207410663366318
4349,0,1,0.036579184828678196,0.02160678058862686
4350,0,0,0.04766399587316347,0.040233075618743896
4351,0,1,0.05748631484158295,0.0117153599858284
4352,0,1,0.09400620655982811,0.05939570069313049
4353,0,0,0.11268280955588755,0.07629823684692383
4354,0,1,0.062183549226760226,0.02962782233953476
4355,1,1,0.10349236127494027,0.11155077815055847
4356,0,1,0.028388889103725272,0.03747759014368057
4357,0,1,0.08511679926416524,0.003494828939437866
4358,0,0,0.03563944080771304,0.03322668746113777
4359,0,0,0.10649906543781343,0.09098662436008453
4360,0,1,0.048395699567038125,0.08803978562355042
4361,0,1,0.06317222237471137,0.07833580672740936
4362,0,1,0.060396783186242475,0.08111393451690674
4363,0,1,0.07638323349067871,0.051426127552986145
4364,0,0,0.07529076238895635,0.03594142198562622
4365,0,1,0.06200717992916882,0.05145329236984253
4366,0,1,0.08210507737161518,0.11200195550918579
4367,0,0,0.04201132105745953,0.01710622012615204
4368,0,0,0.03886429952963377,0.08074001222848892
4369,0,0,0.04470976442621091,0.06503859162330627
4370,0,0,0.07953442013409767,0.09413553774356842
4371,0,0,0.10285210771844741,0.12521015107631683
4372,0,0,0.05875133891098702,0.0420125350356102
4373,0,0,0.04598044568592059,0.0774490237236023
4374,0,0,0.07730890244210387,0.018906205892562866
4375,0,1,0.05360998756839286,0.03584592044353485
4376,0,1,0.034351914940341524,0.030048947781324387
4377,0,1,0.05429648329636487,0.009922914206981659
4378,0,0,0.05424094761924678,0.02131391316652298
4379,0,0,0.04678260911669739,0.03752589225769043
4380,0,1,0.0702521125339541,0.025948360562324524
4381,0,0,0.06320194722983366,0.025580815970897675
4382,0,1,0.05795525521866765,0.0581839457154274
4383,0,0,0.06850429006461248,0.019531607627868652
4384,0,1,0.02654521378264245,0.022473495453596115
4385,0,1,0.05997173066561584,0.02015720307826996
4386,0,1,0.0504657186013759,0.05280745029449463
4387,0,1,0.02891381635330445,0.03307235240936279
4388,0,1,0.03935796254968282,0.029154904186725616
4389,0,1,0.0666254451980143,0.11738219112157822
4390,0,1,0.05429162581609931,0.06666164100170135
4391,0,1,0.05680514211564899,0.04905739426612854
4392,0,0,0.06293536050369974,0.05277453362941742
4393,0,1,0.038555161243740615,0.032090023159980774
4394,0,1,0.07297162691777398,0.03004373610019684
4395,0,0,0.06460099675243093,0.07111354172229767
4396,1,0,0.02984675393298171,0.028023015707731247
4397,0,1,0.030858920803586362,0.02063274383544922
4398,0,1,0.06908329376009743,0.0042263418436050415
4399,1,1,0.06904779761363392,0.07461220771074295
4400,0,1,0.05955694569857098,0.040169596672058105
4401,0,0,0.04396765802182584,0.03462275490164757
4402,0,1,0.08267005281880666,0.04658830165863037
4403,0,1,0.032825883219109314,0.024893494322896004
4404,0,0,0.03680406364445893,0.027752414345741272
4405,0,0,0.049372631249074386,0.03153655678033829
4406,0,0,0.05039337781616994,0.031225383281707764
4407,0,1,0.06593683984366254,0.06328770518302917
4408,0,1,0.061331889652468316,0.0612168163061142
4409,0,1,0.04705786471871411,0.049962207674980164
4410,0,0,0.04975711721844826,0.043651267886161804
4411,0,1,0.04803746720330547,0.041051529347896576
4412,0,0,0.10131903818371188,0.025563448667526245
4413,0,0,0.058703921994983574,0.08192457258701324
4414,0,0,0.04365164102766107,0.02817647159099579
4415,0,1,0.04198363000111767,0.029357247054576874
4416,0,1,0.03622688621158661,0.039720337837934494
4417,0,0,0.051004403689516906,0.047347038984298706
4418,0,0,0.0244937188426846,0.043028805404901505
4419,0,1,0.03272831375885869,0.06561847031116486
4420,0,0,0.05229567811177571,0.05368674546480179
4421,0,0,0.07846179648945087,0.1657668650150299
4422,0,1,0.0640555404346583,0.12585091590881348
4423,0,0,0.08055565362172606,0.06911848485469818
4424,0,1,0.04437187967215599,0.07253909111022949
4425,1,1,0.07608853046706493,0.08108779788017273
4426,0,1,0.08938101849855717,0.10520242899656296
4427,0,0,0.05267612000880664,0.02405303716659546
4428,1,0,0.06318064977508014,0.03469309210777283
4429,0,1,0.03885392348435337,0.07549133896827698
4430,1,1,0.07058433941897585,0.07003384828567505
4431,0,0,0.026994696495444788,0.040699899196624756
4432,0,0,0.05430589556500143,0.030483350157737732
4433,0,0,0.07238667450703976,0.03455318510532379
4434,0,1,0.07608055089529656,0.06322136521339417
4435,0,1,0.043220190250624735,0.08502618968486786
4436,0,0,0.07283113627056609,0.08955791592597961
4437,0,0,0.04761964843406795,0.04403010010719299
4438,0,1,0.08765552408680272,0.02973923832178116
4439,0,1,0.07141553340993967,0.03952263295650482
4440,0,1,0.03355765367496238,0.06679316610097885
4441,0,0,0.10065139547574803,0.10902421176433563
4442,0,1,0.0296865844944433,0.09048643708229065
4443,0,1,0.058691422781018965,0.08671396225690842
4444,0,1,0.05359507811506771,0.04613278806209564
4445,0,0,0.04766399587316347,0.040233075618743896
4446,0,0,0.060406612444007385,0.08688624203205109
4447,0,0,0.05301370922049635,0.0966155081987381
4448,0,0,0.04015698563980305,0.05959584563970566
4449,0,0,0.039789366939035384,0.1033935546875
4450,0,0,0.07493302716006517,0.07839341461658478
4451,0,1,0.04766399587316347,0.040233075618743896
4452,0,1,0.03493265611920901,0.06529303640127182
4453,0,0,0.0290966607261891,0.041740532964468
4454,1,1,0.037227933334836906,0.02837347239255905
4455,0,1,0.05772409087850677,0.06697365641593933
4456,0,1,0.07472333372836751,0.02236287295818329
4457,0,0,0.05448419716318802,0.03348179906606674
4458,0,1,0.048834020924863095,0.03687874972820282
4459,0,1,0.09198355494890967,0.02495001256465912
4460,0,1,0.07797730566940117,0.05056332051753998
4461,0,0,0.04275121930722657,0.04393879324197769
4462,0,1,0.054742119178500484,0.040418654680252075
4463,0,1,0.037141902331888695,0.06110147759318352
4464,1,1,0.06344779200071382,0.03640925884246826
4465,0,1,0.06374383946100391,0.05355799198150635
4466,0,1,0.05308688838649156,0.07599028199911118
4467,0,0,0.051447501757044004,0.03145032376050949
4468,0,0,0.06956135953639657,0.0541427806019783
4469,0,1,0.05661416392762923,0.105600506067276
4470,0,0,0.06077255210917226,0.02281581610441208
4471,0,1,0.0520392775610727,0.008232884109020233
4472,1,1,0.08531897564667063,0.032937534153461456
4473,0,1,0.066454149942302,0.12784713506698608
4474,0,1,0.027049391148851888,0.028536945581436157
4475,0,1,0.05053111099307829,0.0819888785481453
4476,0,1,0.08073675388470516,0.12269258499145508
4477,0,1,0.06668360692248758,0.03393013775348663
4478,0,1,0.043697418853108794,0.03268137201666832
4479,0,0,0.0878173734986343,0.0529170036315918
4480,0,1,0.036945771983653904,0.07377394288778305
4481,0,0,0.04289262963640374,0.042413562536239624
4482,0,1,0.04963386266199936,0.08470983803272247
4483,0,1,0.03221084785526688,0.03518715500831604
4484,0,0,0.03349467297659584,0.030720222741365433
4485,0,1,0.0524674728490202,0.04957792907953262
4486,1,1,0.07093323479762229,0.10883994400501251
4487,0,0,0.04565517510748816,0.04153299331665039
4488,0,0,0.058824611606463253,0.018892690539360046
4489,0,0,0.08414612852876971,0.08550667762756348
4490,0,1,0.040882677678132445,0.03403931483626366
4491,0,1,0.051208832222634115,0.044900402426719666
4492,1,1,0.10108815925627898,0.09123219549655914
4493,0,1,0.10033895795537648,0.09465581178665161
4494,0,1,0.08212375796249902,0.12538237869739532
4495,0,1,0.04444413680954633,0.04212261736392975
4496,0,1,0.07623854026553575,0.15977472066879272
4497,0,1,0.04599321062558079,0.04928723722696304
4498,0,1,0.09571608298394926,0.07531614601612091
4499,0,1,0.06286522712122619,0.08198471367359161
4500,0,0,0.077302251177221,0.03370484709739685
4501,0,1,0.05360998756839286,0.03584592044353485
4502,1,1,0.06557460868268632,0.08266457915306091
4503,0,0,0.03780516310105874,0.028657563030719757
4504,0,1,0.08271277738565214,0.019808337092399597
4505,0,0,0.053024896453063214,0.02498210221529007
4506,0,0,0.08304296934882341,0.11074233055114746
4507,1,1,0.0990511563214935,-0.007129013538360596
4508,1,0,0.06983358704562569,0.12023930996656418
4509,1,0,0.05482111892150421,0.06858690828084946
4510,1,1,0.05756345185125929,0.05295068025588989
4511,0,1,0.069045408312866,0.06574952602386475
4512,0,0,0.07513902721817528,0.055448129773139954
4513,0,0,0.053542705755689354,0.028421558439731598
4514,0,1,0.06161919722032298,0.13220715522766113
4515,0,1,0.08321786476429269,0.037125736474990845
4516,0,1,0.028404951521976862,0.028759347274899483
4517,0,1,0.05231255510011776,0.05505853146314621
4518,0,1,0.0669306484089941,0.01578119397163391
4519,1,1,0.07373369603706159,0.08170339465141296
4520,0,1,0.07659586977366414,0.06609423458576202
4521,0,0,0.05642768315717088,0.12112904340028763
4522,0,1,0.05661617429825251,0.024490267038345337
4523,1,1,0.07073146955070914,0.07702112197875977
4524,0,1,0.025730699553167695,0.03118330053985119
4525,0,1,0.09304962021551755,0.06624025106430054
4526,0,1,0.08267005281880666,0.04658830165863037
4527,0,0,0.048056820007804896,0.03803175687789917
4528,0,1,0.03332767756406932,0.05606786161661148
4529,0,1,0.04145658876390611,0.078733891248703
4530,0,1,0.06142584889658287,0.05081479251384735
4531,0,1,0.04970452086836194,0.033098235726356506
4532,1,1,0.0474620018467531,0.09303168207406998
4533,0,1,0.06161919722032298,0.13220715522766113
4534,0,1,0.05627054426958454,0.06935268640518188
4535,0,1,0.0667160890480236,0.10340273380279541
4536,1,1,0.09861576091013918,0.10905678570270538
4537,1,1,0.07152469992863517,0.08986350893974304
4538,0,1,0.027028819871933958,0.03507714718580246
4539,0,1,0.029707732073773835,0.05077817291021347
4540,0,1,0.07641441243500688,0.013229548931121826
4541,0,1,0.03604737867951026,0.03271413594484329
4542,0,1,0.03885598243279591,0.053564414381980896
4543,0,1,0.03462209327656323,0.03389887139201164
4544,0,1,0.06730668072838279,0.04002079367637634
4545,0,0,0.030562979971475827,0.06729018688201904
4546,0,1,0.04217652304815546,0.022079385817050934
4547,0,1,0.07108059229479793,0.10169099271297455
4548,0,1,0.05269264364908981,0.06840721517801285
4549,0,0,0.0342454122254002,0.08136716485023499
4550,0,1,0.025750438836533364,0.02089548110961914
4551,0,0,0.02757720792100072,0.03199067711830139
4552,1,1,0.06250847997353441,0.0767117366194725
4553,0,0,0.10579715720182603,0.10768184065818787
4554,0,1,0.0764875243734554,0.10235291719436646
4555,0,1,0.03961893610828672,0.09741432964801788
4556,0,1,0.04354571495018747,0.03762055188417435
4557,0,0,0.04965378033401577,0.07209432125091553
4558,0,1,0.04775403329542202,0.04270529747009277
4559,0,0,0.04833972007104198,0.009816430509090424
4560,0,1,0.05137190235740083,0.030483387410640717
4561,0,1,0.04786958024227023,0.023311831057071686
4562,0,1,0.08142270950190764,0.07612711936235428
4563,0,1,0.07023887012062349,0.07470893114805222
4564,0,1,0.040183546467365175,0.0523533932864666
4565,0,1,0.07056802831082254,0.06705473363399506
4566,1,1,0.04521061734829987,0.07366866618394852
4567,0,1,0.030517476551711983,0.05556903034448624
4568,0,0,0.04669700778377604,0.07777689397335052
4569,1,1,0.04365875710350543,0.034750133752822876
4570,0,0,0.04810966081775357,0.026683412492275238
4571,0,1,0.07495820734658096,0.04776652157306671
4572,0,1,0.05707515528154859,0.07651743292808533
4573,1,0,0.0981348633560375,0.09837062656879425
4574,1,1,0.03628564445596302,0.04019807651638985
4575,0,1,0.05427054816439143,0.027320638298988342
4576,1,1,0.0582733198201837,0.019372835755348206
4577,0,0,0.11674425044803105,0.17234396934509277
4578,0,1,0.0557393074329466,0.05749422311782837
4579,0,0,0.06893218520238482,0.044346779584884644
4580,0,1,0.051812930953028094,0.08843062072992325
4581,0,1,0.02702376697858322,0.03180954232811928
4582,0,1,0.0496937000026858,0.08876049518585205
4583,0,1,0.07378735248838228,0.03719256818294525
4584,0,0,0.03688045586563482,0.030889354646205902
4585,0,0,0.03779903133067606,0.0455700121819973
4586,0,0,0.049807210987352024,0.01771537959575653
4587,0,1,0.07118102489969105,0.1019848883152008
4588,0,1,0.03236310564167434,0.010882638394832611
4589,0,1,0.024483389821280947,0.04628537967801094
4590,0,1,0.053131544764725896,0.10513517260551453
4591,1,1,0.08957359632867443,0.08440952003002167
4592,1,0,0.06919723450273337,0.10239086300134659
4593,0,1,0.061738025219883766,0.017175443470478058
4594,0,1,0.046307304125596166,0.06264632940292358
4595,0,1,0.043737587376890916,0.05853357911109924
4596,0,1,0.09926064456361236,0.0872807651758194
4597,0,0,0.07562160615014274,0.07509401440620422
4598,1,1,0.07059884069522793,0.045821160078048706
4599,0,1,0.042718492696515606,0.04252482205629349
4600,1,1,0.057938148180209426,0.04473107308149338
4601,0,0,0.09477729658469741,0.006505072116851807
4602,1,1,0.05137343325801655,0.16472381353378296
4603,0,1,0.03188469058077285,0.043819695711135864
4604,0,1,0.08399797580359125,0.05898673087358475
4605,0,1,0.07074964004308681,0.07854336500167847
4606,0,1,0.06873166920895793,0.12780208885669708
4607,0,1,0.10718081442603575,0.0518818199634552
4608,0,0,0.047741356004302946,0.07866387069225311
4609,0,0,0.055412724828572166,0.022557318210601807
4610,0,1,0.04510349379942091,0.02929840236902237
4611,0,0,0.03882946217467174,0.06315451860427856
4612,0,0,0.07556681689458519,0.07098552584648132
4613,0,1,0.05942462475632733,0.05214973911643028
4614,1,0,0.09202628418981526,0.014943450689315796
4615,0,1,0.02836071384232721,0.036357276141643524
4616,0,1,0.030249402859997956,0.05311998724937439
4617,0,1,0.0483648305755502,0.04034429043531418
4618,0,1,0.06991696111095687,0.05575251579284668
4619,0,0,0.056010767055821545,0.04279382526874542
4620,0,1,0.04714801499115612,0.03039173036813736
4621,0,1,0.03564102977607058,0.03322668746113777
4622,1,1,0.0358861554309821,0.062361493706703186
4623,0,1,0.04148695336523882,0.024293653666973114
4624,0,0,0.0450629316388749,0.014802180230617523
4625,0,1,0.0683301075713008,0.028467625379562378
4626,0,1,0.037839639436320634,0.042408257722854614
4627,1,0,0.05181588649706144,0.09221326559782028
4628,0,1,0.0802683198607376,0.0993543267250061
4629,0,1,0.04530828173394906,0.0749811977148056
4630,0,0,0.05329320406906361,0.00583580881357193
4631,0,0,0.07819476831711897,0.09250842034816742
4632,0,0,0.07816971369940892,0.0922086238861084
4633,0,0,0.09914272322032325,0.11451329290866852
4634,0,1,0.08364359585789227,0.09011493623256683
4635,1,1,0.0949956774127935,0.0676097422838211
4636,0,1,0.05803020983795913,0.047128915786743164
4637,0,0,0.0262940832932392,0.035485006868839264
4638,0,1,0.07442388640446812,0.09431984275579453
4639,0,1,0.08631650544321395,0.0624881386756897
4640,0,0,0.07742384056935284,0.13261733949184418
4641,0,1,0.03056339070208841,0.06729018688201904
4642,0,1,0.025750438836533364,0.02089548110961914
4643,0,1,0.07556206791639605,0.04948773980140686
4644,0,0,0.04012420990061402,0.06290346384048462
4645,0,0,0.029646807985170998,0.05509680137038231
4646,0,1,0.06220471243402666,0.03093312680721283
4647,0,1,0.05656199076844706,0.040631622076034546
4648,0,1,0.0831845614016212,0.07820289582014084
4649,0,0,0.0904297974959622,0.11483035981655121
4650,0,1,0.04250366558089523,0.02521875500679016
4651,0,1,0.042098040426761366,0.06098586320877075
4652,0,1,0.049653309141650906,0.09322832524776459
4653,0,1,0.05457750582088018,0.0379105880856514
4654,0,1,0.05435416368872788,-0.029058009386062622
4655,0,0,0.027023353471269863,0.03180954232811928
4656,0,1,0.0608057374803994,0.07941551506519318
4657,0,1,0.06457212684536488,0.026546210050582886
4658,0,1,0.05669471685169969,0.023315131664276123
4659,0,0,0.06573301380177984,0.08930648863315582
4660,0,1,0.07985308424031945,0.1241493970155716
4661,0,0,0.09817371399149499,0.008140087127685547
4662,1,1,0.08082450891659002,0.11045589298009872
4663,1,1,0.06398178841340116,0.09383958578109741
4664,1,0,0.07535655886493717,0.03344406187534332
4665,0,1,0.02836062289478044,0.015257487073540688
4666,1,1,0.09454479972742308,0.1449727863073349
4667,0,1,0.027605784938655273,0.038352686911821365
4668,1,1,0.07989233756724337,0.11388291418552399
4669,0,0,0.031124362130374006,0.05808183550834656
4670,0,0,0.04205907178625454,0.07522465288639069
4671,0,1,0.0695425367951894,0.05690917372703552
4672,0,1,0.05527260157603442,0.0618264377117157
4673,0,0,0.12066854281020739,0.036457717418670654
4674,0,0,0.04966217516110784,0.07430889457464218
4675,0,1,0.08537764812576262,0.08423440158367157
4676,0,1,0.05668428637942724,0.10570086538791656
4677,0,0,0.052059625179608784,-0.012306749820709229
4678,0,0,0.06186913683818024,0.018741130828857422
4679,1,1,0.031476571972403465,0.04525723308324814
4680,0,1,0.05695609063039886,0.0704924464225769
4681,0,1,0.038115898967711934,0.042559511959552765
4682,0,1,0.04745106597759606,0.07578034698963165
4683,0,1,0.05316996943497117,0.07818223536014557
4684,0,1,0.05894192540277425,0.034715548157691956
4685,1,1,0.06187118918415872,0.07569052278995514
4686,0,0,0.04865365207795792,0.07593202590942383
4687,0,1,0.1049199021570889,0.034886568784713745
4688,0,0,0.06809326679038981,0.07715170085430145
4689,0,1,0.037248813446372264,0.03518516197800636
4690,0,1,0.10696853116257815,0.08247831463813782
4691,0,1,0.055883629748855704,0.042742982506752014
4692,0,1,0.050525713573974854,0.0769081711769104
4693,0,1,0.10288975647446524,0.1091490089893341
4694,0,1,0.08927176348362473,0.10687011480331421
4695,0,1,0.05326557936194873,0.0888788104057312
4696,0,1,0.04781480963244199,0.06545202434062958
4697,0,1,0.04084233535349435,0.04204665124416351
4698,0,1,0.05190786081023441,0.023446954786777496
4699,0,0,0.06726446897591594,0.03712411969900131
4700,0,1,0.06959263111246991,0.06590911746025085
4701,0,0,0.09612200809203886,0.11630807816982269
4702,0,1,0.07662644482791983,0.004036128520965576
4703,1,0,0.0614863367239972,0.08342209458351135
4704,0,1,0.04770193167400373,0.03542347252368927
4705,1,1,0.05488794499213637,0.041434675455093384
4706,1,1,0.041941456080485315,0.047018423676490784
4707,0,1,0.08241266680521997,0.04128432273864746
4708,0,1,0.07337304202504238,0.06741888076066971
4709,0,0,0.05173296659503833,0.046664074063301086
4710,0,1,0.07562157418428864,0.0889279842376709
4711,0,1,0.052509660080199666,0.13937774300575256
4712,1,1,0.06680146266192948,0.07819006592035294
4713,0,1,0.05008422625628328,0.03471320867538452
4714,1,1,0.05645763140261213,0.08646789193153381
4715,0,1,0.05053689738350388,0.03517059236764908
4716,0,1,0.047392067386767336,0.06793022155761719
4717,0,1,0.05661108960541304,0.018663525581359863
4718,0,1,0.04600355778020962,0.07390858232975006
4719,0,1,0.052913105564026175,0.019323870539665222
4720,0,1,0.03775543466155382,0.04568146541714668
4721,0,1,0.07534220114565565,0.0752541571855545
4722,0,1,0.028892873712324817,0.025157509371638298
4723,0,1,0.0492532268516082,0.027946263551712036
4724,0,1,0.07237148404268715,0.046817027032375336
4725,0,1,0.061477165694701685,0.07968610525131226
4726,1,1,0.06766611547180608,0.08977354317903519
4727,0,1,0.08786923596897109,0.06262357532978058
4728,0,1,0.06698560285615292,0.17532864212989807
4729,0,0,0.08040878628792064,0.08958831429481506
4730,0,0,0.02699669185626489,0.04066269099712372
4731,0,1,0.045943782474422226,0.057802215218544006
4732,0,1,0.047589370330302055,0.014469251036643982
4733,0,0,0.06922387671941656,0.11769532412290573
4734,0,0,0.06836124974796984,0.02963411808013916
4735,1,0,0.03962755832709193,0.0891266018152237
4736,0,1,0.07555594179337716,0.00011624395847320557
4737,0,0,0.05842661559479351,0.029526986181735992
4738,0,0,0.03904820816053219,0.0313497893512249
4739,0,0,0.05613301333900812,0.08176848292350769
4740,0,0,0.027011252203629446,0.03195039927959442
4741,0,0,0.06676363960094436,0.0008656680583953857
4742,0,1,0.0595629030029743,0.028227075934410095
4743,0,1,0.05173924456733846,0.10286109149456024
4744,0,0,0.07624419551470207,0.05739469826221466
4745,0,1,0.03590958213415222,0.05513739585876465
4746,0,1,0.06159884999218475,0.11934523284435272
4747,0,1,0.04511147570800893,0.08690101653337479
4748,0,1,0.05493624017702285,0.07965385913848877
4749,0,1,0.05648210063820365,-0.01943393051624298
4750,0,1,0.09557172610026957,0.08149349689483643
4751,0,1,0.06876676155420726,0.09705321490764618
4752,1,0,0.050491144167674584,0.0764286145567894
4753,0,1,0.08789360186387679,0.06351394951343536
4754,0,1,0.0468092418067681,0.031534530222415924
4755,0,0,0.03612653122100808,0.03758585825562477
4756,0,0,0.10668362290198816,0.0008598864078521729
4757,0,0,0.03999402844290295,0.0493081696331501
4758,0,1,0.06946120656639115,0.07736478000879288
4759,0,1,0.0664909670096434,0.03183090686798096
4760,0,0,0.07351331990170504,0.06279531121253967
4761,0,1,0.04632251878267944,0.07671227306127548
4762,1,1,0.08727693798845285,0.07180503010749817
4763,0,0,0.07253539660355371,0.0347307026386261
4764,1,1,0.0924316423695292,0.0744083970785141
4765,0,1,0.06488473755239141,0.04058914631605148
4766,0,0,0.0941495901530765,0.09591268002986908
4767,0,1,0.0559795466044954,0.057316794991493225
4768,0,0,0.061010778052330586,0.09050702303647995
4769,0,1,0.08476570615413317,0.05912795662879944
4770,0,1,0.03361986722731546,0.057829082012176514
4771,0,0,0.03936816612460045,0.054435573518276215
4772,0,0,0.03964033878779111,0.0349956750869751
4773,0,0,0.0436563174967646,0.02985496073961258
4774,0,0,0.06485500235175619,0.0434851348400116
4775,0,1,0.11372555109501664,0.099733367562294
4776,0,1,0.06157407127815814,0.019173890352249146
4777,0,1,0.03377151606994111,0.011300243437290192
4778,1,1,0.11424536990016348,0.1033473014831543
4779,1,0,0.043169415323268054,0.09164957702159882
4780,0,1,0.06651897011705495,0.08539504557847977
4781,0,1,0.07876607823811863,0.01134239137172699
4782,0,1,0.06195902166704666,0.12168798595666885
4783,0,0,0.06082451813204516,0.06299111992120743
4784,0,1,0.05532609041744804,0.08307939022779465
4785,0,1,0.03848331425203396,0.048465847969055176
4786,1,1,0.07452866812322578,0.07330556213855743
4787,0,1,0.0523023751283509,0.058958202600479126
4788,0,1,0.053169609916043636,0.07818223536014557
4789,0,1,0.04973720715109031,-0.0032866597175598145
4790,0,0,0.050478067312773184,0.08779215067625046
4791,1,0,0.0591862606702432,0.04054801166057587
4792,0,0,0.041417023082764515,0.015834927558898926
4793,0,1,0.061214992431671306,0.06184657663106918
4794,0,0,0.031409981130721194,0.04223359376192093
4795,0,1,0.08671405652983905,0.0034903138875961304
4796,0,1,0.08123220546509591,0.20689083635807037
4797,0,1,0.03448275244856952,0.027850277721881866
4798,0,1,0.05634025812633857,0.06958078593015671
4799,0,1,0.042815579431382145,0.029216811060905457
4800,0,0,0.04566880219894505,0.04777415469288826
4801,1,1,0.04960681899780267,0.09445144236087799
4802,0,0,0.06979394085851638,0.051456958055496216
4803,0,0,0.05375103871259282,0.06265700608491898
4804,0,0,0.06705399668051543,0.12200365960597992
4805,0,1,0.07235465756525872,0.03592690825462341
4806,1,1,0.07175877557779373,0.058792293071746826
4807,1,1,0.03285323147963674,0.03794516623020172
4808,0,1,0.046462580098419456,0.050149720162153244
4809,0,1,0.059248801026123774,0.04685268551111221
4810,0,0,0.0713589914276111,0.02469964325428009
4811,0,1,0.10194571664787183,0.09325103461742401
4812,0,0,0.06771453892596638,0.10850541293621063
4813,0,1,0.07469942524299383,0.059793487191200256
4814,0,1,0.1282920363795586,-0.030611693859100342
4815,0,0,0.08755700052457285,0.12898030877113342
4816,0,0,0.06185717481210194,0.08669424802064896
4817,0,0,0.04230736498463501,0.000979296863079071
4818,0,0,0.06198195258053635,0.15188059210777283
4819,1,1,0.08756262466714584,0.12898030877113342
4820,0,1,0.052565707722086324,0.11046463251113892
4821,1,1,0.04979059343023243,0.02362951636314392
4822,0,0,0.03693066273174811,0.05357636883854866
4823,0,0,0.09726951645225998,0.08176936209201813
4824,0,1,0.0998736251768744,0.05233380198478699
4825,1,0,0.1087494234511015,-0.018566638231277466
4826,1,1,0.06462532936836907,0.02829553186893463
4827,0,1,0.04678118346417262,0.039627984166145325
4828,0,1,0.04352063932302823,0.04611321538686752
4829,1,1,0.054950643365388116,0.025797560811042786
4830,0,1,0.07703589694150739,0.06477542221546173
4831,0,1,0.04680085379061007,0.0628671646118164
4832,0,1,0.030873130909993288,0.021443426609039307
4833,0,1,0.05844497375746009,0.0658116415143013
4834,0,1,0.07479438196818397,0.0685747042298317
4835,0,1,0.03487880776749764,0.021292351186275482
4836,1,1,0.058497988268132475,0.08710047602653503
4837,0,0,0.05775587227916322,0.051964111626148224
4838,0,1,0.06593485126865233,0.06328770518302917
4839,0,1,0.039375250078027196,0.07178289443254471
4840,0,1,0.035198360378246196,0.01573903113603592
4841,0,1,0.07484889134361003,0.021860063076019287
4842,0,1,0.06918067135614885,0.06897121667861938
4843,0,0,0.05104838521022641,0.07621100544929504
4844,0,0,0.06012600319086786,0.019767701625823975
4845,0,0,0.07597113525305985,0.07824215292930603
4846,0,1,0.06423896516958397,0.02380414307117462
4847,0,0,0.04381628058438572,0.035924576222896576
4848,0,0,0.04397307441759381,0.08766777813434601
4849,0,0,0.07744020834311119,0.03859701752662659
4850,0,1,0.048558209359917726,-0.020788460969924927
4851,1,0,0.03963157366267396,0.08307714760303497
4852,0,1,0.051162527000777946,0.04800335317850113
4853,0,0,0.04928701184687062,0.0688021257519722
4854,0,0,0.046230887711746674,0.05563763529062271
4855,0,0,0.04796747563955171,0.11285829544067383
4856,1,1,0.06293896044048196,0.05277453362941742
4857,0,1,0.06187118918415872,0.07569052278995514
4858,0,1,0.06954673476538956,0.0969468355178833
4859,0,0,0.06991696111095687,0.05575251579284668
4860,1,1,0.052559155061020296,0.046339571475982666
4861,0,0,0.027060820198285263,0.034208692610263824
4862,0,1,0.05723804633061569,0.022400297224521637
4863,0,0,0.05084670307978345,0.08570709079504013
4864,0,0,0.08397794342155934,0.07405117154121399
4865,1,1,0.06907614226198598,0.08497707545757294
4866,1,1,0.06808793212536343,0.05002230405807495
4867,0,1,0.06726853086620536,0.04627978801727295
4868,0,1,0.05593834558437892,0.03751232475042343
4869,0,1,0.08426490266853257,0.04144375026226044
4870,0,0,0.04591543160851494,0.05335260182619095
4871,0,1,0.0551662979254148,0.04354776442050934
4872,0,0,0.06167358595608287,0.11056891828775406
4873,0,1,0.05554585780016982,0.12858498096466064
4874,0,1,0.0661905918635923,0.07333260029554367
4875,0,0,0.040631594132837026,0.05351961776614189
4876,0,1,0.0631725917437511,0.018634699285030365
4877,1,1,0.08860834076990562,0.16356393694877625
4878,0,0,0.047183315261304676,0.06647711247205734
4879,0,1,0.035567001451791785,0.04343904182314873
4880,0,1,0.0602496071841835,0.10518947243690491
4881,0,0,0.0631766610951961,0.05091134458780289
4882,0,1,0.07144294958250333,0.14633344113826752
4883,0,1,0.02924480004872334,0.027486832812428474
4884,1,1,0.0878203932540835,0.05992928147315979
4885,0,0,0.03425664155204775,0.06343717873096466
4886,0,0,0.05461718083053976,0.0735357403755188
4887,0,1,0.03571502449748944,0.03556784987449646
4888,0,0,0.05772014523153947,0.06697365641593933
4889,0,0,0.05753439115980297,0.02358737587928772
4890,0,0,0.047193319638522496,0.05467318743467331
4891,0,1,0.07767266377530072,0.08021819591522217
4892,0,1,0.06570392626539391,0.018660441040992737
4893,0,1,0.07034450472641321,0.22074875235557556
4894,0,1,0.04893741879027651,0.03905605524778366
4895,0,1,0.04570310603316914,0.05919009819626808
4896,0,1,0.07959127379794953,0.05745531618595123
4897,0,0,0.07987761398642892,0.07816563546657562
4898,0,1,0.05591103405928864,0.050161704421043396
4899,1,0,0.06672352490799091,0.07934645563364029
4900,0,0,0.04148723364140888,0.08326603472232819
4901,0,0,0.04692150192296128,0.043489620089530945
4902,0,0,0.05934461212164971,0.08717746287584305
4903,0,1,0.07777638687220736,0.09132745862007141
4904,0,0,0.04449669137679432,0.036327991634607315
4905,0,1,0.04595186179373735,0.08975355327129364
4906,0,1,0.031934413656453775,0.028801091015338898
4907,0,1,0.0550434541878302,0.019707247614860535
4908,0,0,0.05250049230245643,0.05829305946826935
4909,1,0,0.04246345379116484,0.027658507227897644
4910,0,1,0.042028064007226223,0.02485133707523346
4911,0,1,0.08132316419153665,0.00962117314338684
4912,1,1,0.0736819907120213,0.06364011764526367
4913,0,1,0.07011108043380962,0.09857452660799026
4914,0,1,0.07483624157721691,0.014971956610679626
4915,1,1,0.06071531466941116,-0.02655501663684845
4916,1,1,0.04561424899710875,0.05693017691373825
4917,0,1,0.047311303648667175,0.05272099748253822
4918,0,0,0.0646954879101784,0.038581594824790955
4919,0,1,0.06357867862701677,0.07658429443836212
4920,0,0,0.08517825054319073,0.10296231508255005
4921,0,1,0.05357518801837663,0.04564017057418823
4922,0,0,0.06893905338334709,0.0031983554363250732
4923,0,0,0.08656390938175135,0.1207062304019928
4924,0,0,0.03608152898421614,0.02472745254635811
4925,0,1,0.05243096827890849,0.053543753921985626
4926,1,0,0.04662763138836956,0.05694377422332764
4927,0,1,0.06094735409899325,0.0395427867770195
4928,0,0,0.0802569370290834,0.10498858243227005
4929,0,1,0.04253615111923889,-0.04104985296726227
4930,0,1,0.033864135032030916,0.03541192039847374
4931,0,0,0.03388855343889577,0.06824250519275665
4932,0,0,0.08446621003458307,-0.005047053098678589
4933,0,0,0.03377586468089278,0.011300243437290192
4934,1,1,0.07640228316086209,0.08027727156877518
4935,1,1,0.03376806092982894,0.020555373281240463
4936,0,1,0.045426049373141666,0.1359524428844452
4937,0,1,0.04474974754048949,0.029113225638866425
4938,1,0,0.07739758007994915,0.07929743826389313
4939,0,1,0.06264044600384248,0.023155443370342255
4940,0,0,0.06164798073524469,0.09238287806510925
4941,0,1,0.05494747407259394,0.08706212043762207
4942,0,1,0.06521000491088111,0.07856427133083344
4943,0,1,0.04013863451964106,0.05390799418091774
4944,0,1,0.040882677678132445,0.03403931483626366
4945,0,1,0.038662622773386196,0.08357707411050797
4946,0,0,0.07084546404554459,0.05492578446865082
4947,0,1,0.03539740385083017,0.11247290670871735
4948,0,0,0.08259656877329094,0.0780443400144577
4949,0,1,0.0735080081910941,0.06279531121253967
4950,1,1,0.07437346423852853,-0.003956228494644165
4951,0,1,0.06842915920691355,0.02799159288406372
4952,0,0,0.036143689644213696,0.03802243992686272
4953,0,1,0.04118746949605932,0.08592810481786728
4954,1,1,0.10123722239011176,0.004481181502342224
4955,0,0,0.04230638825681381,0.10157336294651031
4956,0,1,0.05484887260220425,0.028128765523433685
4957,1,1,0.0699110641044519,0.15199925005435944
4958,0,1,0.06443112597405037,0.04362581670284271
4959,0,1,0.06383631361020163,0.05807371437549591
4960,0,0,0.06618668768707951,0.08387555927038193
4961,0,1,0.04717071345744339,0.05645746737718582
4962,0,0,0.03888054470415501,0.07497169077396393
4963,0,1,0.03614988528832064,0.03049609810113907
4964,0,0,0.04911888206109641,0.054167330265045166
4965,0,0,0.0535996862012577,0.05080296844244003
4966,0,1,0.06543825470273289,0.06625919789075851
4967,0,1,0.02787526700095659,0.037857577204704285
4968,0,1,0.047442521627311635,0.061473745852708817
4969,0,0,0.049198107290643306,0.06452541053295135
4970,0,1,0.03884694920617188,0.08210117369890213
4971,0,1,0.040149018367786296,0.05136745423078537
4972,0,1,0.12274887824139746,0.04019114375114441
4973,0,1,0.06798038126356729,0.05964501202106476
4974,1,0,0.11335748975165699,0.09308013319969177
4975,0,1,0.05406407678880999,0.08797076344490051
4976,0,1,0.04403916128272954,0.02444867044687271
4977,0,1,0.0836049344209738,0.0023149698972702026
4978,0,1,0.06722748821747623,0.045359328389167786
4979,0,1,0.04021975583024602,0.02998318523168564
4980,0,1,0.06411755178995829,0.10242404043674469
4981,0,1,0.04925840304130047,0.022469207644462585
4982,0,1,0.08026659960270446,0.0993543267250061
4983,1,1,0.08667581138874061,0.1017669141292572
4984,0,1,0.048736000962198295,0.05587311089038849
4985,0,0,0.060473931581068896,0.057281725108623505
4986,0,1,0.113435482876304,0.09673415124416351
4987,0,0,0.07176686379442485,0.048576027154922485
4988,0,0,0.07564588126518645,0.059341102838516235
4989,0,1,0.04660771371330159,0.061940282583236694
4990,0,1,0.0303793194718636,0.04154222831130028
4991,0,1,0.033264567052055334,0.016252409666776657
4992,0,1,0.037158034759770094,0.07998242229223251
4993,0,1,0.052960050866550964,0.028044775128364563
4994,1,0,0.0639577181133999,0.07427554577589035
4995,0,0,0.06149759542074067,0.1107209175825119
4996,0,0,0.09374514310327373,0.07861441373825073
4997,0,1,0.03172961755355612,0.010785602033138275
4998,0,1,0.0664564962125225,0.03609885275363922
4999,1,1,0.03849006377627264,0.027758337557315826
5000,0,1,0.04272078473457108,0.06392230093479156
5001,1,1,0.08204775572674622,0.10085205733776093
5002,0,0,0.043211399308217005,0.08502618968486786
5003,0,0,0.08364688257619676,0.08502750098705292
5004,1,1,0.049548867961604,0.0904134139418602
5005,0,1,0.04903858496020605,0.06318780034780502
5006,0,1,0.050767564209098934,0.009629108011722565
5007,0,1,0.05104559143509349,0.009781144559383392
5008,0,0,0.05731330471028942,0.06958324462175369
5009,1,1,0.055662939361392993,0.08434443920850754
5010,0,0,0.03112740113136911,0.05808183550834656
5011,1,0,0.06579513886160608,0.04838721454143524
5012,0,1,0.04759384246307659,0.04883833974599838
5013,0,1,0.04000617461280416,0.05568838119506836
5014,1,1,0.06930014334240346,0.03189632296562195
5015,0,0,0.051532493367021356,0.042326897382736206
5016,0,0,0.060998923073160155,0.12511086463928223
5017,0,0,0.054937953449826785,0.031576190143823624
5018,0,1,0.03542828449248621,0.03906823694705963
5019,0,1,0.05175277860032319,0.08803628385066986
5020,0,1,0.05356934688109177,0.03824456036090851
5021,1,1,0.04857374926321763,0.07606734335422516
5022,0,1,0.037557618286884684,0.07194112241268158
5023,0,0,0.059369279125903895,0.08699154108762741
5024,0,1,0.05224273425632599,0.05488026142120361
5025,0,1,0.05303280376054077,0.0910147875547409
5026,0,1,0.05260694249224028,0.03874817490577698
5027,0,1,0.07034497306627609,0.10184438526630402
5028,0,1,0.05486503052865983,0.07082464545965195
5029,0,1,0.09215887827008012,0.11648567020893097
5030,0,0,0.07925780499837734,0.10140931606292725
5031,0,0,0.0614863367239972,0.08342209458351135
5032,0,1,0.03716582721790513,0.08837765455245972
5033,0,0,0.06919893863281792,0.10239086300134659
5034,0,1,0.04066378174174763,0.08225297927856445
5035,0,1,0.09835363522103932,0.0953710675239563
5036,0,0,0.08149609943923339,0.044191256165504456
5037,0,1,0.061580178449790565,0.13707977533340454
5038,0,1,0.049848869225356626,0.0900527834892273
5039,0,1,0.08527539077544213,0.032937534153461456
5040,0,0,0.061925045928777275,0.0876016765832901
5041,0,1,0.037802421779528486,0.0486585833132267
5042,0,1,0.05531396057975706,0.05838574469089508
5043,1,1,0.07670587595116155,0.06502653658390045
5044,1,0,0.06551558939466638,0.050142720341682434
5045,0,1,0.0344085917888889,0.02640526369214058
5046,0,1,0.10387377585953106,0.10394309461116791
5047,0,1,0.06280652258743398,0.1012064665555954
5048,1,1,0.06652959507731156,0.05664736032485962
5049,0,0,0.03624230350071386,0.030849307775497437
5050,0,0,0.05197046647324144,0.09715588390827179
5051,0,0,0.029867845322161767,0.03650858625769615
5052,0,1,0.06492952848256384,0.07308828830718994
5053,0,1,0.04146141110823416,0.08518780767917633
5054,0,1,0.05256760394481359,0.06116568297147751
5055,0,0,0.0799676908214827,0.06570999324321747
5056,1,0,0.06879719905297824,0.055137790739536285
5057,1,1,0.05441350305853357,-0.012957915663719177
5058,0,1,0.08857214344868208,0.05550815165042877
5059,1,1,0.05199922502375931,0.02212473750114441
5060,0,0,0.027877391000103238,0.025657733902335167
5061,0,0,0.02963613678350477,0.050319284200668335
5062,0,0,0.07566044210558068,0.08821874856948853
5063,0,1,0.06237009064368365,0.09176389873027802
5064,0,1,0.0709565937349993,0.07650332152843475
5065,0,1,0.0377806851705602,0.04790223017334938
5066,0,1,0.07206815322303475,0.06543061137199402
5067,0,1,0.027616837410226018,0.02929203398525715
5068,1,1,0.08051666308677163,0.10064153373241425
5069,0,0,0.040080299719882806,0.054712794721126556
5070,0,1,0.07064315557757622,0.06766188144683838
5071,0,1,0.04278310531861365,0.03204577416181564
5072,0,1,0.039020624222741634,0.04651747643947601
5073,0,1,0.04036430146975467,0.024714238941669464
5074,0,0,0.058798733746730295,0.07739786803722382
5075,0,1,0.06392536113740728,0.0461922287940979
5076,0,1,0.03558354137734652,0.022013122215867043
5077,0,1,0.07138968120157377,0.08049114793539047
5078,0,1,0.057965352526967426,0.04991894215345383
5079,0,1,0.0552855985945475,0.08991456031799316
5080,0,0,0.04956763349622166,0.07717679440975189
5081,0,1,0.08837715955415673,0.021676331758499146
5082,0,1,0.03610658725397436,0.10097815096378326
5083,0,0,0.072526046714644,0.06176024675369263
5084,1,0,0.04144762160283527,0.06262115389108658
5085,0,0,0.05231255510011776,0.05505853146314621
5086,1,1,0.03206655265825353,0.06637661159038544
5087,0,1,0.028963329166663547,0.030604176223278046
5088,0,0,0.064042805321556,0.08191205561161041
5089,1,1,0.0429231720299785,0.032498329877853394
5090,0,1,0.04062647985821563,0.08270354568958282
5091,1,1,0.06836446586782331,0.07730339467525482
5092,0,0,0.057722706505807006,0.03881198167800903
5093,0,1,0.03808069181055686,0.053682487457990646
5094,0,0,0.08826991033322551,0.1436673104763031
5095,1,1,0.07444729750954815,0.04763999581336975
5096,1,1,0.05191995359217663,0.016876064240932465
5097,0,0,0.029658537982614704,0.07106364518404007
5098,0,1,0.05897169110973746,0.05936606228351593
5099,0,1,0.07029874165324027,0.026892423629760742
5100,0,0,0.04991343998992816,0.05822543799877167
5101,0,1,0.027048096790594868,0.030919132754206657
5102,1,1,0.03938696326297931,0.056827910244464874
5103,0,1,0.03233673400902812,0.025251738727092743
5104,0,1,0.050532024354567814,0.08008529245853424
5105,0,1,0.06043703321928871,0.09592672437429428
5106,0,1,0.06991619400526176,0.043283045291900635
5107,1,1,0.08427054940287698,0.03153295814990997
5108,0,0,0.0632268575038909,0.04500555992126465
5109,0,0,0.05296019898990556,0.026581265032291412
5110,0,1,0.025727260661149623,0.030623333528637886
5111,0,0,0.052124441335919855,0.10079532116651535
5112,0,1,0.036576428820549664,0.06914866715669632
5113,0,0,0.06510650603850573,0.07665473967790604
5114,0,1,0.08214646010469917,0.0988227128982544
5115,0,1,0.034595460728985984,0.03781292214989662
5116,0,1,0.04932431830015166,0.03260771930217743
5117,0,1,0.05569631635599516,0.05142141878604889
5118,1,1,0.09641877459513157,0.009613454341888428
5119,0,1,0.06462625468489655,0.02829553186893463
5120,1,0,0.06982934595786311,0.09952916204929352
5121,1,1,0.059775303678950675,0.04608394205570221
5122,1,1,0.11177014857228801,0.010495483875274658
5123,0,1,0.028956501572172832,0.03197533264756203
5124,0,1,0.05249640154208242,0.04308444261550903
5125,0,1,0.04712152395946097,0.012533307075500488
5126,0,0,0.03329179217736856,0.05146457254886627
5127,0,1,0.02899684268072803,0.03134489804506302
5128,0,0,0.08627286640034068,0.06726609170436859
5129,0,1,0.039427791619653776,0.03945332020521164
5130,0,1,0.029803491851756445,0.03520924597978592
5131,1,1,0.04216879569109927,0.029646359384059906
5132,0,1,0.0750560935141121,0.09076990187168121
5133,0,0,0.055052432798435344,0.021176934242248535
5134,0,1,0.04465800545678,0.03941957652568817
5135,1,1,0.08794420430417646,0.1041974276304245
5136,0,1,0.06479221579274236,0.040988750755786896
5137,0,1,0.07211919551215679,0.07280220836400986
5138,0,1,0.04067211951999897,0.0999029353260994
5139,0,1,0.03961259597064931,0.05054624378681183
5140,0,1,0.059080217176739655,0.050217293202877045
5141,1,0,0.043096050823308266,0.017368853092193604
5142,0,0,0.08760176715218326,0.04101584851741791
5143,0,1,0.07996225014835923,0.03350277245044708
5144,0,1,0.04752768017122916,0.03642670810222626
5145,1,1,0.04864468143892871,0.0138249471783638
5146,0,1,0.044413146133675335,0.04964766651391983
5147,0,1,0.06196234052438648,0.07366431504487991
5148,0,0,0.05802832565052246,0.05036213994026184
5149,0,0,0.06726072755698238,0.04327741265296936
5150,0,1,0.07600777116959681,0.04832504689693451
5151,0,0,0.06879854950306119,0.10242269933223724
5152,1,1,0.07125239991356791,0.034098997712135315
5153,1,1,0.06579740577070117,0.08110494166612625
5154,0,1,0.05426991051642677,0.024838000535964966
5155,0,0,0.09762646328768454,0.105239138007164
5156,0,1,0.04475166380241108,0.04262520372867584
5157,0,0,0.09161461874665514,0.023977994918823242
5158,0,1,0.0631337788367391,0.025579705834388733
5159,0,1,0.05365272988592114,0.05569138377904892
5160,0,1,0.04979059343023243,0.02362951636314392
5161,0,1,0.06326113837148084,0.03312118351459503
5162,0,1,0.05825013116705795,0.04168754816055298
5163,0,1,0.03508724638539143,0.02595651149749756
5164,0,1,0.06550075981246863,0.1108151227235794
5165,0,1,0.0713425208032902,0.08336592465639114
5166,0,1,0.10212029192971706,0.10599653422832489
5167,0,1,0.05690473769005515,0.05515427142381668
5168,0,1,0.08504382892413095,0.09958383440971375
5169,0,1,0.05078765667252291,0.04870706796646118
5170,0,1,0.07594082707632199,0.0837053582072258
5171,0,1,0.04449669137679432,0.036327991634607315
5172,0,0,0.04959296196386469,0.08453395217657089
5173,0,1,0.057707472883109664,0.06512966006994247
5174,0,1,0.07262131113185663,0.19673015177249908
5175,0,1,0.0436084189793072,0.03621821850538254
5176,0,0,0.042253816140408115,0.009281687438488007
5177,0,1,0.05044753961581608,0.0900324285030365
5178,0,1,0.10358279254281536,-0.007014662027359009
5179,1,1,0.09313517644261138,0.11531361937522888
5180,0,1,0.045854684071817656,0.03376021236181259
5181,0,0,0.056613002653411404,0.14107896387577057
5182,0,1,0.07413536137523405,0.06885452568531036
5183,1,1,0.09070010041286261,0.041993871331214905
5184,0,1,0.043683471892962636,0.03322848677635193
5185,0,1,0.032959748576651036,0.022623658180236816
5186,0,1,0.05898833550319668,0.07699118554592133
5187,0,0,0.10377914845962224,0.08249056339263916
5188,0,1,0.04719572002012394,0.05134371668100357
5189,0,1,0.0749363818198879,0.09539981931447983
5190,0,1,0.09208630661663031,0.015224188566207886
5191,0,0,0.05467581710261858,0.024937152862548828
5192,0,0,0.04828452816440898,0.03804820775985718
5193,0,1,0.04475220787299038,0.04262520372867584
5194,0,1,0.06240195527261401,0.06715472042560577
5195,1,1,0.06888105923940822,0.10002201050519943
5196,0,0,0.06125102121994046,0.026456281542778015
5197,0,0,0.04896315872026076,0.03644772619009018
5198,0,0,0.0800156873713104,0.07456791400909424
5199,0,0,0.11317739298440549,-0.01430666446685791
5200,0,0,0.04518432336491213,0.08646354079246521
5201,0,1,0.03022090285928894,0.018490005284547806
5202,0,0,0.049043291654310386,0.06318780034780502
5203,0,1,0.04151742740514981,0.019807472825050354
5204,0,0,0.05010778047638868,0.03471320867538452
5205,0,0,0.06987465578310026,0.046678610146045685
5206,0,0,0.049633619623549244,0.08470983803272247
5207,0,1,0.08342342220373289,0.07418037950992584
5208,1,1,0.07619271921744658,0.06765866279602051
5209,0,0,0.09140728544450255,0.10531748831272125
5210,1,0,0.08152779453372844,0.17530401051044464
5211,0,1,0.05296562670487347,0.09230237454175949
5212,0,1,0.05269342328942886,0.08215311914682388
5213,0,1,0.040817516054925354,0.04681362211704254
5214,1,1,0.0915430316371249,0.10798953473567963
5215,0,0,0.03522191315870504,0.0609956718981266
5216,1,1,0.05865151677854086,0.07035191357135773
5217,1,1,0.11149500200485352,0.14254188537597656
5218,0,1,0.04007053923062524,0.05183860659599304
5219,0,1,0.09343058105698962,0.035837650299072266
5220,0,0,0.08747438625781018,0.0940653383731842
5221,0,0,0.045447789227004445,0.11974720656871796
5222,0,1,0.04044854368059099,0.0880153626203537
5223,1,1,0.10787832669095687,0.10206541419029236
5224,1,1,0.07631039477794227,-0.016913682222366333
5225,0,1,0.04643737772403628,0.055763207376003265
5226,0,1,0.04093530066470481,0.02673063427209854
5227,1,1,0.10775851680350043,0.04177328944206238
5228,0,1,0.040871845635376755,0.056937746703624725
5229,0,1,0.05565664391983796,0.08887970447540283
5230,0,0,0.07996503116961992,0.10922856628894806
5231,1,1,0.08100991911319683,0.07300665974617004
5232,0,1,0.04598154168074464,0.051848139613866806
5233,1,1,0.09427441123630606,0.15086278319358826
5234,0,0,0.08640389804168852,0.03324835002422333
5235,0,1,0.05946886253638006,0.0628754124045372
5236,1,1,0.09040326083540645,0.11483035981655121
5237,0,1,0.09353296033595662,0.08494880795478821
5238,0,1,0.0532973900196972,0.02184433490037918
5239,0,1,0.0762495308194244,0.07795798778533936
5240,0,1,0.051875411192502247,0.05892059952020645
5241,0,1,0.052315949444629584,0.027700915932655334
5242,0,1,0.05974704185934093,0.07092490047216415
5243,0,1,0.04323463359432733,0.08076202869415283
5244,1,1,0.040638442187091756,0.0673719123005867
5245,1,1,0.09761088977816029,0.10140565037727356
5246,0,1,0.0667057120049419,0.07982007414102554
5247,0,0,0.07989353825844867,0.15906576812267303
5248,0,1,0.04949782795007156,0.07854492962360382
5249,0,1,0.06670291841746911,0.0385432243347168
5250,0,1,0.10993825963995413,0.10573701560497284
5251,0,0,0.03390179929426849,0.027772925794124603
5252,0,1,0.05028576397987719,0.055474452674388885
5253,0,1,0.02898110045996026,0.038324132561683655
5254,0,0,0.06947716097093995,0.0560932457447052
5255,0,1,0.05583161705326703,0.04813513159751892
5256,0,0,0.034949340687845554,0.06210152059793472
5257,0,1,0.05358580249405008,0.04771383851766586
5258,0,1,0.028404951521976862,0.028759347274899483
5259,0,1,0.07601909002544344,0.04781563580036163
5260,0,1,0.0680200633532076,0.04806244373321533
5261,0,1,0.06682226105074045,0.03236237168312073
5262,0,1,0.1052705017631958,0.08427734673023224
5263,0,1,0.09910121027713001,0.10156562924385071
5264,0,1,0.03333114797424036,0.059318408370018005
5265,1,1,0.07345973058650834,0.0778067484498024
5266,0,1,0.06139644314145329,0.04506366699934006
5267,0,1,0.09049105414956116,0.11527140438556671
5268,0,0,0.09381764793763575,0.03554907441139221
5269,0,1,0.05712035431120671,0.06581080704927444
5270,1,1,0.0787066445124176,0.0733332708477974
5271,0,0,0.038115898967711934,0.042559511959552765
5272,0,1,0.06187118918415872,0.07569052278995514
5273,0,0,0.0665647770882517,0.11738219112157822
5274,1,0,0.07163334693431933,0.052314549684524536
5275,1,1,0.05680361673780039,0.056502096354961395
5276,0,1,0.03676388116540796,0.034022871404886246
5277,0,1,0.06686896125501977,0.0741569995880127
5278,0,1,0.05402982491140343,0.07403109967708588
5279,0,1,0.03623103000161027,0.04089538753032684
5280,0,1,0.056682352322570934,0.010402821004390717
5281,0,1,0.029785691968749237,0.0327928364276886
5282,0,0,0.037112168593610294,0.049536388367414474
5283,0,0,0.061413659494900366,0.040891215205192566
5284,0,1,0.054528333068239426,0.0321250781416893
5285,0,0,0.06708935850093561,0.03397759795188904
5286,0,1,0.04770064968701046,0.036722324788570404
5287,0,0,0.03391507365748277,0.058956049382686615
5288,0,0,0.04595786982948981,0.08827683329582214
5289,0,0,0.053256596995377464,0.07978413999080658
5290,0,1,0.04554557418658074,0.03323511779308319
5291,0,0,0.03604158111509041,0.03271413594484329
5292,1,0,0.059745586165195,0.06372307986021042
5293,0,1,0.05793373493587578,0.04473107308149338
5294,0,1,0.04688066246779253,0.037774235010147095
5295,0,1,0.03126004293168903,0.032818593084812164
5296,0,0,0.04508644326844334,0.04322277754545212
5297,0,0,0.045406490043441994,0.1431102454662323
5298,0,1,0.05410196987214434,0.10212622582912445
5299,0,1,0.05622601402105999,0.011542029678821564
5300,0,1,0.046006631907973314,0.07185063511133194
5301,0,1,0.1100454035344374,0.09404328465461731
5302,0,1,0.05585094228776752,0.09052717685699463
5303,0,1,0.034612631643680856,0.040162939578294754
5304,0,1,0.06494276792713459,0.05385330319404602
5305,0,1,0.05104559143509349,0.009781144559383392
5306,0,1,0.06771009897630954,0.037046611309051514
5307,0,1,0.02899684268072803,0.03134489804506302
5308,0,0,0.04624813229918924,0.07569613307714462
5309,1,1,0.06147420840996139,0.09657351672649384
5310,0,0,0.0288449486544752,0.019585691392421722
5311,0,1,0.05090706452348184,0.07337816059589386
5312,0,1,0.05667943667223681,0.024702228605747223
5313,0,1,0.04716235707464318,0.05682571977376938
5314,1,0,0.08137434667594207,0.07815931737422943
5315,0,1,0.10715467853932681,0.053760379552841187
5316,1,1,0.08662300112963783,0.13730216026306152
5317,0,1,0.07179762834311035,0.03856009244918823
5318,0,0,0.04884309425021466,0.03783663362264633
5319,0,0,0.04450951365432258,0.09130394458770752
5320,0,0,0.03392827850523686,0.059357304126024246
5321,0,0,0.05473326579217369,0.06830025464296341
5322,0,1,0.027046247800805272,0.032410603016614914
5323,0,1,0.04769489068111395,0.037630923092365265
5324,1,1,0.060386699870103144,0.08553766459226608
5325,0,1,0.0370787022527145,0.07186265289783478
5326,0,0,0.0704595534254727,0.1383117437362671
5327,0,1,0.0688345809791706,0.048994868993759155
5328,0,1,0.053077211728487506,0.10395176708698273
5329,0,0,0.08886867182534333,0.0681648850440979
5330,0,0,0.08635633636053608,0.0633515864610672
5331,0,1,0.08052341881674738,0.048425450921058655
5332,0,1,0.02449409011364386,0.043028805404901505
5333,0,1,0.0369085740395939,0.12967775762081146
5334,1,1,0.05923025812549447,0.0974397212266922
5335,0,0,0.0502809947402995,0.07141251862049103
5336,0,0,0.11100326323574539,0.11292785406112671
5337,0,1,0.04046446029860529,0.0942147895693779
5338,0,1,0.09951714335588943,0.08471472561359406
5339,0,1,0.07353130590633458,0.07211069762706757
5340,0,1,0.05457750582088018,0.0379105880856514
5341,0,1,0.06324741594899885,0.05870019644498825
5342,0,1,0.09910256248669772,0.11915236711502075
5343,0,1,0.10385872971897184,0.016256988048553467
5344,0,1,0.045962971697748045,0.07716629654169083
5345,0,1,0.043565221386666825,0.03815904259681702
5346,1,1,0.04449669137679432,0.036327991634607315
5347,0,0,0.031197921842175486,0.0676557645201683
5348,0,0,0.047936638368416676,0.05050032585859299
5349,1,1,0.05715671654074114,0.06463529914617538
5350,0,1,0.07958390936403417,-0.01186642050743103
5351,0,1,0.041407261631625614,0.01560521125793457
5352,0,0,0.03488569733249002,0.02184392139315605
5353,0,1,0.11190872487091352,0.0519462525844574
5354,0,1,0.05359179538857815,0.04136120527982712
5355,0,1,0.0656716066293263,0.14602403342723846
5356,0,0,0.07731575140632521,0.09059450030326843
5357,0,0,0.09212795921816594,-0.0038689523935317993
5358,0,0,0.06663013143608992,0.013315737247467041
5359,0,1,0.0794341048255533,0.06483857333660126
5360,0,0,0.04246990039297034,0.03031957894563675
5361,0,1,0.04799498227801566,0.06671963632106781
5362,0,1,0.054005161228219925,0.0871838629245758
5363,0,0,0.057123215623596416,0.007626056671142578
5364,0,1,0.04897384267907867,0.03920309245586395
5365,0,1,0.058805744456319045,0.07085135579109192
5366,0,1,0.042182983286738765,0.02114265412092209
5367,0,1,0.029689322648923933,0.05184701085090637
5368,0,1,0.03610493654708513,0.11786498129367828
5369,0,0,0.12389502256013879,0.029945164918899536
5370,1,0,0.07878112645450555,0.1078830137848854
5371,0,1,0.03266682504186733,0.05679105222225189
5372,0,1,0.06365047508369231,0.07761699706315994
5373,1,1,0.045681858832231956,0.07815520465373993
5374,0,1,0.07929909501065543,0.060048654675483704
5375,0,1,0.07977358336847526,0.04351392388343811
5376,0,1,0.044791225479526686,0.04007738083600998
5377,0,0,0.03043557021077479,0.02884254790842533
5378,1,0,0.07330690357241784,0.04763999581336975
5379,0,1,0.047424494868589004,0.08405768126249313
5380,1,0,0.053413090775543126,0.03271845728158951
5381,1,1,0.05497027452264103,0.06301245838403702
5382,0,1,0.051679742633382666,0.085149846971035
5383,0,0,0.03441924599134816,0.16508255898952484
5384,1,0,0.0664857551053365,0.09169376641511917
5385,0,1,0.04634051432933782,0.1592569202184677
5386,0,1,0.10024950198208524,0.11667206883430481
5387,0,0,0.06304034355626421,0.04708617925643921
5388,0,1,0.07461287891752222,0.08241139352321625
5389,0,1,0.07940651854206535,0.16322949528694153
5390,0,1,0.04750462384977576,0.08147818595170975
5391,1,1,0.0634107605313566,0.02177378535270691
5392,1,0,0.06599435228652428,0.11827768385410309
5393,0,0,0.05251733103363662,0.06884317845106125
5394,0,1,0.0800535078717294,0.037666648626327515
5395,0,1,0.07943844573279912,0.06668788194656372
5396,0,1,0.04771329015246824,0.0257277712225914
5397,0,1,0.06277382678574746,0.00036631524562835693
5398,0,0,0.04314503599210652,0.08434930443763733
5399,0,0,0.031117070834370493,0.05947785824537277
5400,0,1,0.06008579257052474,0.07622772455215454
5401,1,1,0.09654534476740087,0.13170887529850006
5402,0,1,0.07283683159074203,0.03879694640636444
5403,0,1,0.10439868349071008,0.09426239132881165
5404,0,0,0.03431974693909816,0.07781201601028442
5405,1,1,0.07977959584682118,0.041761428117752075
5406,0,0,0.040666356295622236,0.027086101472377777
5407,0,0,0.10728190304746157,0.022664934396743774
5408,0,1,0.06744027465089017,0.05222001671791077
5409,0,0,0.07272264983736693,0.047781944274902344
5410,1,1,0.054442951500411965,0.07933630049228668
5411,0,0,0.048255055432468524,0.057977914810180664
5412,1,1,0.043514220988042945,0.06128304824233055
5413,0,0,0.0820062113908695,0.013508081436157227
5414,0,1,0.038905344559404885,0.06443968415260315
5415,0,0,0.08963973271954381,0.09400862455368042
5416,0,1,0.03386847217669301,0.034332964569330215
5417,1,1,0.06209319652112759,0.06517414003610611
5418,0,1,0.07958655548449303,0.05813828110694885
5419,0,0,0.027870865797076434,0.03309836983680725
5420,0,0,0.07330711242811422,0.0672639012336731
5421,0,0,0.06991696111095687,0.05575251579284668
5422,0,0,0.05593371757222518,0.0033215880393981934
5423,0,1,0.02501147080552537,0.05373028665781021
5424,0,1,0.056616947466320774,0.10017534345388412
5425,0,1,0.0447045796991616,0.06503859162330627
5426,0,1,0.045396931582173686,0.07324114441871643
5427,0,1,0.034848882212166775,0.03639815002679825
5428,0,0,0.028226535593311577,0.07497003674507141
5429,0,0,0.06137237579610706,0.08813858032226562
5430,0,1,0.05833627779191518,0.05103907734155655
5431,1,1,0.046008663352233276,0.07074829936027527
5432,0,1,0.06138104718195142,0.08622873574495316
5433,0,0,0.07948310203108108,0.07448424398899078
5434,0,1,0.04347254793624346,0.07922174781560898
5435,0,0,0.0657903432966308,0.03185325115919113
5436,0,1,0.09992853469888402,0.07970033586025238
5437,1,1,0.07999098160713877,0.10380932688713074
5438,0,1,0.028264244365668045,0.07473040372133255
5439,0,1,0.04652116484693446,0.04486929252743721
5440,0,0,0.07088573952021868,0.08686237037181854
5441,0,0,0.04071542062928778,0.0589180663228035
5442,0,1,0.08469406205455862,0.08193280547857285
5443,0,0,0.030286298037783065,0.05957949161529541
5444,0,1,0.05969976829967469,0.07692722231149673
5445,0,1,0.061346560516585796,0.05832970142364502
5446,0,1,0.09963820897965384,0.12654264271259308
5447,0,1,0.06288650022898769,0.08563324809074402
5448,0,0,0.06388658037397575,0.08787068724632263
5449,0,1,0.05795276554117755,0.04550039768218994
5450,0,1,0.05243732836667368,0.042179450392723083
5451,1,1,0.0786953701494067,0.07355029135942459
5452,1,1,0.0642393642873734,0.04988349974155426
5453,0,1,0.042842762395692374,0.03159164637327194
5454,0,0,0.04678512779216505,0.050141818821430206
5455,0,0,0.0841515820613418,0.10045863687992096
5456,0,1,0.042540396611508796,0.06671072542667389
5457,1,1,0.06695592660530196,0.07737424969673157
5458,0,1,0.034398023118381874,0.025385145097970963
5459,0,1,0.055997091195257684,0.04933617264032364
5460,0,1,0.04914519149235605,0.12416855245828629
5461,0,1,0.028381505491889662,0.03303663432598114
5462,0,1,0.03606798161202316,0.04703869670629501
5463,0,1,0.06018154157847151,0.057155855000019073
5464,0,1,0.0453466340024776,0.028877541422843933
5465,0,1,0.02838594196264535,0.03747759014368057
5466,1,1,0.06323039983216633,0.02947220951318741
5467,0,1,0.09595243519880584,0.0406905859708786
5468,0,0,0.04750462384977576,0.08147818595170975
5469,0,1,0.060672190039402954,0.10217075049877167
5470,0,1,0.06316294627025863,0.02386118471622467
5471,0,1,0.03392377340694881,0.034642305225133896
5472,0,0,0.05143402247137069,0.011669039726257324
5473,1,0,0.06967443031541806,0.03609856963157654
5474,0,0,0.07135255433319396,0.07732526957988739
5475,0,0,0.0740484482342322,0.023755133152008057
5476,0,0,0.057510682295360535,0.03798060864210129
5477,0,0,0.05406338165564463,0.05869130790233612
5478,1,1,0.04168430577782191,0.0086473748087883
5479,0,1,0.07005740579307994,0.04328890144824982
5480,1,1,0.038373822590321745,0.06110240891575813
5481,0,1,0.04168371802759785,0.024415209889411926
5482,0,0,0.030657819725393574,0.045643992722034454
5483,0,1,0.025015417424492807,0.0444791242480278
5484,0,1,0.059258255372212895,0.027316786348819733
5485,0,1,0.05701180362749343,0.10246092826128006
5486,0,1,0.05213159675277994,0.10079532116651535
5487,0,1,0.0546996716068448,0.09117130190134048
5488,1,0,0.10026545643831528,0.10973447561264038
5489,0,1,0.07709927688240104,0.07081218808889389
5490,1,0,0.09518645897133021,0.10770018398761749
5491,0,1,0.03177895705792848,0.057178251445293427
5492,0,0,0.07484867780490578,0.08276794850826263
5493,0,1,0.052252768608476205,0.0012406408786773682
5494,1,1,0.07357543107044898,0.04099857807159424
5495,0,1,0.07136293146711187,0.07765143364667892
5496,0,1,0.03322576594116979,0.04594118148088455
5497,0,1,0.07590506485524967,0.03014446794986725
5498,0,0,0.058629613182382356,0.04976353049278259
5499,0,0,0.04895794766948636,0.03619880974292755
5500,0,0,0.0660888675900569,0.1598052829504013
5501,0,1,0.027616837410226018,0.02929203398525715
5502,0,1,0.05609377715168022,0.03079179674386978
5503,0,1,0.05455031103360895,0.04868018627166748
5504,0,1,0.028990232672525422,0.03782004117965698
5505,0,1,0.05636389090432342,0.06767170131206512
5506,0,0,0.03680406364445893,0.027752414345741272
5507,0,1,0.0798985091160524,0.04507504403591156
5508,0,0,0.027995872931251498,0.01839173026382923
5509,0,1,0.0457581341831709,0.07007087767124176
5510,0,1,0.028371923510362433,0.03386253863573074
5511,0,1,0.029663457121614015,0.0718822181224823
5512,0,0,0.05453596302386003,0.03653933107852936
5513,0,1,0.036571447567064895,0.07295815646648407
5514,0,1,0.06012393421140205,0.04205799102783203
5515,0,0,0.059699301310545586,0.07692722231149673
5516,0,0,0.04148723364140888,0.08326603472232819
5517,0,0,0.07740109375284229,0.05472429096698761
5518,1,1,0.08096857644295474,0.11835871636867523
5519,0,0,0.039885378996025345,0.07736804336309433
5520,1,1,0.08435512145674318,0.09695607423782349
5521,0,0,0.036554488176502295,0.07029503583908081
5522,1,1,0.08026345246334199,0.09097611904144287
5523,0,1,0.07444000990399713,0.0578954815864563
5524,0,0,0.05804381191922431,0.04034900665283203
5525,0,1,0.06669974182304332,0.03580630570650101
5526,0,1,0.0714372842628049,0.03952263295650482
5527,0,0,0.03552338301146392,0.03512521833181381
5528,0,1,0.06492430054844997,0.060088202357292175
5529,0,1,0.05866352197435365,0.0549190416932106
5530,0,0,0.04678747205346913,0.03274758905172348
5531,0,1,0.10431150997365535,0.07457329332828522
5532,0,1,0.041689655014569685,0.024415209889411926
5533,0,1,0.03794356370176766,0.03419254720211029
5534,0,1,0.05401066118582874,0.09106417745351791
5535,0,1,0.06271373666879616,0.035914599895477295
5536,0,1,0.06544032491411528,0.06013131141662598
5537,0,1,0.06724605460331619,0.04327741265296936
5538,0,1,0.045149682140463,0.06594306230545044
5539,1,1,0.08730366233078404,0.1616104245185852
5540,0,1,0.06786885731693193,0.06930714845657349
5541,0,1,0.046481542972754475,0.04477587714791298
5542,0,1,0.05054150601805735,0.08349944651126862
5543,0,1,0.039232326344439426,0.02028689533472061
5544,0,0,0.09214060701169338,0.10545191168785095
5545,0,0,0.06186341780690664,0.018741130828857422
5546,0,0,0.037254965894156826,0.0394916906952858
5547,0,1,0.040651443525165934,0.06391249597072601
5548,0,1,0.1013023956112177,0.0985209196805954
5549,0,0,0.05900307208039171,0.050300195813179016
5550,0,1,0.061738025219883766,0.017175443470478058
5551,0,1,0.06589756248282505,0.07085731625556946
5552,0,0,0.07982641439808907,0.06612105667591095
5553,1,1,0.06986587411191586,0.0917927548289299
5554,0,1,0.054224194130787176,0.023577727377414703
5555,1,0,0.059046069262502554,0.05451984703540802
5556,0,0,0.07068916800103714,0.14347898960113525
5557,0,1,0.06939306870861438,0.03471074998378754
5558,1,1,0.06885152685567329,0.129229336977005
5559,0,1,0.061634642627334285,0.024783536791801453
5560,0,1,0.033285898436736266,0.05146457254886627
5561,0,0,0.07404571959692513,0.047254353761672974
5562,0,0,0.053125136645112606,0.09387873113155365
5563,0,1,0.06831811004545464,0.08574461936950684
5564,0,1,0.04860838450338466,0.0670434758067131
5565,0,1,0.06881666941575161,0.14420086145401
5566,0,1,0.08504020445691612,0.08135689795017242
5567,0,1,0.040863933306221165,0.0515916645526886
5568,0,1,0.049952897555426215,0.03943789005279541
5569,0,1,0.05707111862551362,0.024117574095726013
5570,0,1,0.08425488259113537,0.07582001388072968
5571,0,0,0.029818619305326415,0.026259250938892365
5572,0,0,0.07635070402862243,0.23465651273727417
5573,1,1,0.06187142124607739,0.018426723778247833
5574,1,1,0.0886245996527267,0.0747053325176239
5575,0,1,0.05192588099885205,0.016876064240932465
5576,0,1,0.03051520093611544,0.05556903034448624
5577,0,1,0.04486933677588821,0.059764035046100616
5578,0,1,0.06651991558982993,0.046678364276885986
5579,0,1,0.04626519152923449,0.14708739519119263
5580,0,1,0.06641070812051823,0.07769814133644104
5581,0,1,0.06195564994312726,0.10702317953109741
5582,0,1,0.08662429338393188,0.13831298053264618
5583,0,1,0.03618616156697933,0.03211072087287903
5584,0,0,0.043587111246906576,0.047481536865234375
5585,0,1,0.03177895705792848,0.057178251445293427
5586,0,0,0.03556602226877291,0.060335855931043625
5587,0,1,0.04625370029906857,0.014731191098690033
5588,0,1,0.04253845149701593,0.053138092160224915
5589,1,1,0.09033464845662534,0.025679558515548706
5590,0,1,0.06118420638975282,0.04521438479423523
5591,0,1,0.09295995875052182,0.07962915301322937
5592,1,1,0.06394138797033495,0.047107912600040436
5593,0,0,0.08108329875785822,0.0454840213060379
5594,0,0,0.06883275542699652,0.12534967064857483
5595,0,1,0.04530154620768538,0.0329548716545105
5596,0,1,0.0868784318038196,0.02988414466381073
5597,0,0,0.04543626078414459,0.1242540031671524
5598,0,0,0.09203709042918706,0.07177333533763885
5599,0,1,0.05805819004115098,0.09361819922924042
5600,0,1,0.057822027023868086,0.08895299583673477
5601,0,0,0.0377861750491761,0.0627996176481247
5602,0,1,0.05763001337254385,0.061957165598869324
5603,0,1,0.03471016481947808,0.04482527822256088
5604,0,1,0.039593814364694294,0.021632637828588486
5605,0,0,0.11129039321639078,0.03863075375556946
5606,0,1,0.06356136583850845,0.07504494488239288
5607,0,1,0.07879448100071035,0.08181867003440857
5608,0,1,0.05310438862199991,0.08798921853303909
5609,1,1,0.07679587715967123,0.11241089552640915
5610,0,0,0.060452356879799427,0.07467267662286758
5611,0,1,0.03611659386685501,0.09401892870664597
5612,1,0,0.07910652134923069,0.1154438778758049
5613,0,0,0.04251956515768601,0.0815022811293602
5614,0,1,0.07433406201636406,0.0695238783955574
5615,0,1,0.07818082080523744,0.06625436246395111
5616,1,1,0.08790868023724904,0.06393687427043915
5617,0,1,0.06695484346055594,0.14119745790958405
5618,0,0,0.08399088780057254,-0.00215853750705719
5619,0,1,0.06906135653786367,0.06052272766828537
5620,0,1,0.031081227401247392,0.0661182850599289
5621,0,1,0.08287212626624751,0.11535099148750305
5622,0,0,0.0345543245552378,0.03735105320811272
5623,0,1,0.11654031509061819,0.007177293300628662
5624,0,1,0.040846260471177565,0.05616352707147598
5625,0,1,0.05596232341662716,0.05445694178342819
5626,0,1,0.06291770027714486,0.09522886574268341
5627,1,1,0.05833841747958557,0.050357215106487274
5628,0,0,0.06652959507731156,0.05664736032485962
5629,0,1,0.05046382140106628,0.09200754016637802
5630,0,0,0.04567895866241892,0.04370426386594772
5631,0,1,0.03462209327656323,0.03389887139201164
5632,0,1,0.09307142401208279,0.18197692930698395
5633,0,1,0.04822477799699783,0.035254865884780884
5634,1,1,0.043954216812644525,0.0835958868265152
5635,0,1,0.05436092734553334,0.024261437356472015
5636,0,1,0.04148723364140888,0.08326603472232819
5637,0,0,0.04552874648577164,0.21024063229560852
5638,0,0,0.047308940500767935,0.05272099748253822
5639,0,1,0.06553907012047942,0.08079526573419571
5640,0,0,0.04044980945745687,0.0880153626203537
5641,0,1,0.04596527055814925,0.04993896186351776
5642,0,0,0.035452343064817336,0.044518813490867615
5643,1,1,0.0594254490222179,0.07070580869913101
5644,0,1,0.07441740403327304,0.07702542841434479
5645,0,1,0.07720971490147827,0.06537286937236786
5646,0,0,0.030483533062001765,0.05084953457117081
5647,1,1,0.05373232655311458,0.0502132922410965
5648,0,1,0.030286298037783065,0.05957949161529541
5649,1,0,0.052028597752111064,0.05473867803812027
5650,0,0,0.07607131645399082,0.09142440557479858
5651,1,0,0.07248279902687238,0.07377046346664429
5652,0,1,0.04076347878114682,0.09243402630090714
5653,1,1,0.06596952765710178,0.10066557675600052
5654,0,1,0.051275441362339816,0.024013549089431763
5655,1,1,0.07873957752161967,0.03481101989746094
5656,0,1,0.04557726558824193,0.07758039236068726
5657,0,0,0.04251532415331591,0.06570569425821304
5658,0,1,0.06544374524798993,0.05664736032485962
5659,0,0,0.06143975258227333,0.09406829625368118
5660,0,1,0.05355247315879791,0.028421558439731598
5661,0,0,0.08981323913807557,0.12587392330169678
5662,0,1,0.03991608841013343,0.03668840229511261
5663,0,0,0.04123805321094366,0.08044173568487167
5664,0,1,0.05082218773637004,0.08029042929410934
5665,0,0,0.04714801499115612,0.03039173036813736
5666,0,1,0.06140953074932144,0.05334169417619705
5667,0,1,0.08100550002754109,0.07300665974617004
5668,0,1,0.03174170258756171,0.05084753781557083
5669,0,1,0.09425946225103277,0.08959946036338806
5670,0,1,0.06328755870735532,0.037388935685157776
5671,0,1,0.059999261567531256,0.05307285487651825
5672,1,1,0.06503060427490984,0.028026849031448364
5673,0,1,0.07665608264601587,0.10058869421482086
5674,0,0,0.05661617429825251,0.024490267038345337
5675,0,1,0.027082426324291226,0.02291642501950264
5676,0,1,0.028908323011754215,0.026422597467899323
5677,0,0,0.06413231165839295,0.03484480082988739
5678,1,1,0.04171646757863626,0.04819817841053009
5679,0,0,0.06189706038963945,0.10294529050588608
5680,0,0,0.05586638970549228,0.08456648141145706
5681,0,0,0.04239753349342405,0.08674459159374237
5682,1,1,0.0619542318705196,0.12481328099966049
5683,0,0,0.04449669137679432,0.036327991634607315
5684,0,0,0.0262940832932392,0.035485006868839264
5685,0,1,0.06406403433675058,0.10879834741353989
5686,0,0,0.03965728371501277,0.09494751691818237
5687,0,1,0.06337432135891616,0.022949524223804474
5688,0,0,0.03542947875714391,0.03906823694705963
5689,0,1,0.06064673395792883,0.05263734608888626
5690,0,1,0.06797449529099876,0.12535613775253296
5691,0,0,0.04572563003475455,0.059953853487968445
5692,0,1,0.097537524855868,0.08714896440505981
5693,0,1,0.05666489451132263,0.12135404348373413
5694,0,0,0.032854201597683166,0.03650083392858505
5695,1,1,0.05580700190683252,0.06180883198976517
5696,0,1,0.046948475425142966,0.029539737850427628
5697,0,0,0.053755733839691705,0.06207481026649475
5698,0,0,0.056844852258782885,0.0480714812874794
5699,0,1,0.06293838135837405,0.066439688205719
5700,0,1,0.03402321610867419,0.052419912070035934
5701,0,1,0.09804160640748816,0.10485684871673584
5702,0,1,0.10393495942246095,0.1383003443479538
5703,0,0,0.038373822590321745,0.06110240891575813
5704,0,1,0.051408731234850055,0.08970324695110321
5705,0,1,0.03780391634090302,0.03207942470908165
5706,0,1,0.052500324134114665,0.05886908620595932
5707,1,1,0.06796732457809423,0.0694994181394577
5708,0,0,0.09658989262743756,0.04618711769580841
5709,0,1,0.09107158180665745,0.02973237633705139
5710,0,0,0.05533883130386341,-0.00966481864452362
5711,0,1,0.08565922000261558,0.12656259536743164
5712,0,0,0.06762560203886143,0.11655230075120926
5713,0,1,0.07730794184523984,0.018906205892562866
5714,0,1,0.0665214350150071,0.06928952038288116
5715,0,1,0.09098949744051865,0.005360007286071777
5716,0,0,0.040741884870163364,0.06627695262432098
5717,1,1,0.07087344462607212,0.04935444891452789
5718,1,1,0.07804240208208127,0.09916292130947113
5719,0,1,0.048783890081297035,0.07637985050678253
5720,0,1,0.0641144371815261,0.12750044465065002
5721,0,1,0.058352144485225896,0.030749350786209106
5722,0,1,0.05584609822014708,0.05338077247142792
5723,0,1,0.04925840304130047,0.022469207644462585
5724,0,1,0.11552529023538993,0.14394055306911469
5725,0,0,0.05180166413418556,0.12053743004798889
5726,0,1,0.0310818523254204,0.0661182850599289
5727,0,0,0.04902971632170085,0.17343872785568237
5728,0,1,0.07743384359140323,0.029910027980804443
5729,0,1,0.037304913022687874,0.02631271630525589
5730,0,1,0.04574571185287736,0.07149121165275574
5731,0,1,0.03842732399667544,0.030165236443281174
5732,0,0,0.03958623825131789,0.06036246940493584
5733,0,0,0.0403670631343853,0.03191740810871124
5734,0,1,0.06803330989477283,0.04923076182603836
5735,0,1,0.03710267792686599,0.07627859711647034
5736,0,1,0.031139003280694348,0.054943714290857315
5737,1,1,0.10486039947401693,0.08336992561817169
5738,0,1,0.0349176936610315,0.06938395649194717
5739,0,0,0.043834985009829894,0.059200651943683624
5740,0,1,0.0558444128112939,0.05338077247142792
5741,0,0,0.03326376905884932,0.01630478911101818
5742,0,1,0.06748091152211388,0.0361318439245224
5743,1,1,0.09131184731855091,0.0733053982257843
5744,0,1,0.06505575513621534,0.025747716426849365
5745,0,1,0.06361628314648766,0.04910916090011597
5746,0,1,0.03824813633589487,0.04929954558610916
5747,0,0,0.04926276831586818,0.03386472910642624
5748,1,0,0.07854863051775979,0.08085628598928452
5749,0,1,0.05505584696724092,0.08284774422645569
5750,0,1,0.03958365120023315,0.03215210139751434
5751,0,0,0.031227593078961037,0.040828950703144073
5752,0,1,0.03590958213415222,0.05513739585876465
5753,0,1,0.06801055323914565,0.11149545013904572
5754,0,1,0.056476870265225465,0.005293883383274078
5755,0,1,0.04311777261019799,0.08923391252756119
5756,0,0,0.04399842497943904,0.05714298039674759
5757,0,1,0.06244438376234801,0.0491265207529068
5758,0,1,0.08307811033237025,0.10002502799034119
5759,0,1,0.043489886409307815,0.08438777923583984
5760,0,1,0.04979059343023243,0.02362951636314392
5761,0,1,0.05156604179563312,0.05642344057559967
5762,1,1,0.09007360392641997,0.08317045867443085
5763,0,1,0.050247199393069764,0.05648413300514221
5764,0,1,0.06391012865613545,0.08182153850793839
5765,0,1,0.026995988630762295,0.04066269099712372
5766,0,1,0.08668037033676951,0.10541532933712006
5767,0,1,0.07213230396475648,0.03373216092586517
5768,0,1,0.03815104064668721,0.06032814830541611
5769,1,1,0.05293698423559669,0.030592285096645355
5770,0,1,0.05028491066477009,0.07873061299324036
5771,0,0,0.04685667283184927,0.048511803150177
5772,0,1,0.041308598164702406,0.026890181005001068
5773,0,1,0.0875473116699084,0.02594664692878723
5774,0,1,0.066684552216028,0.047043636441230774
5775,0,0,0.05674266544709784,0.017751052975654602
5776,0,0,0.05809735491700031,0.07330967485904694
5777,0,1,0.027671031756246106,0.09236255288124084
5778,0,1,0.031749922083058324,0.058686062693595886
5779,0,0,0.07191010088053945,0.056363850831985474
5780,0,1,0.03840892102444424,0.044918958097696304
5781,0,1,0.037293708492013494,0.02240530401468277
5782,0,0,0.06192709018851458,0.06865235418081284
5783,0,1,0.062432144103962986,0.05771276354789734
5784,0,1,0.04632314486611604,0.07671227306127548
5785,0,0,0.054000031004631036,0.09115736186504364
5786,0,1,0.055034810691359334,0.08237758278846741
5787,0,1,0.04953205346740529,0.07977121323347092
5788,0,1,0.07841147557944098,-0.036752864718437195
5789,0,1,0.043658740550658034,0.02985496073961258
5790,0,1,0.05959301722555775,0.06755982339382172
5791,0,1,0.06262272477060009,-0.0008233487606048584
5792,0,1,0.06206651510501722,0.05590721219778061
5793,0,1,0.06745952956141868,0.08958999812602997
5794,0,0,0.07656328132160325,0.0458989292383194
5795,0,0,0.0622322293381181,0.0494912713766098
5796,0,1,0.06534588844455047,0.08238004148006439
5797,0,0,0.03834376257307998,0.035363659262657166
5798,0,0,0.06655176638327351,0.08636908233165741
5799,1,0,0.08257822241691093,0.08877673745155334
5800,0,1,0.03802090651035066,0.030871987342834473
5801,1,1,0.04267876498071439,0.08587627857923508
5802,0,1,0.04087203151716187,0.02466389536857605
5803,0,1,0.11340285331161504,0.09973770380020142
5804,0,1,0.04658040001193285,0.061833254992961884
5805,0,0,0.07068437673713202,0.1450461596250534
5806,0,0,0.06994275580432702,0.043865323066711426
5807,0,1,0.07064006753588092,0.06973914802074432
5808,0,0,0.05623881978421341,0.030665166676044464
5809,0,0,0.03494853145616118,0.0629642903804779
5810,0,1,0.033272872907709604,0.025367606431245804
5811,1,1,0.04144810882128232,0.011090502142906189
5812,0,1,0.05175603478959506,0.08029042929410934
5813,0,1,0.06721125985680218,0.08132293820381165
5814,0,1,0.07743884111815261,0.10668744146823883
5815,0,1,0.053695387088778246,0.08313242346048355
5816,0,1,0.05441350359131428,0.06546668708324432
5817,0,1,0.07911510477622177,0.04298099875450134
5818,1,1,0.11429684966010994,0.04650956392288208
5819,1,1,0.034456045795861034,0.023040462285280228
5820,0,1,0.06012513076682033,0.04205799102783203
5821,0,1,0.04449669137679432,0.036327991634607315
5822,0,0,0.05899228317183343,0.021439775824546814
5823,0,1,0.0563170500308971,0.07255516201257706
5824,1,1,0.10141943224506714,0.10022671520709991
5825,0,1,0.09299940839216722,0.08329653739929199
5826,0,0,0.05401484546519232,0.04766221344470978
5827,0,0,0.09920437514228103,0.09233406186103821
5828,0,0,0.04960696577507541,0.08975653350353241
5829,0,0,0.06726908750634547,0.04857231676578522
5830,0,0,0.0630699626734338,0.03943197429180145
5831,0,1,0.0912778704290691,0.006954982876777649
5832,0,1,0.0844373355508907,0.06493103504180908
5833,0,0,0.04961879131883998,0.07393793761730194
5834,0,0,0.03680406364445893,0.027752414345741272
5835,0,0,0.04462035451936866,0.08433008193969727
5836,0,1,0.04768607188154032,0.0862462967634201
5837,0,1,0.059334118037721,0.09279420971870422
5838,0,1,0.07109413711073828,0.025612160563468933
5839,0,1,0.03457384161570761,0.025096997618675232
5840,0,1,0.0436084189793072,0.03621821850538254
5841,0,1,0.08549711940840046,0.09281770884990692
5842,0,1,0.0664823634301173,0.04511110484600067
5843,0,1,0.0771700220019152,0.07340246438980103
5844,0,1,0.05909867709324683,0.030277669429779053
5845,0,1,0.05538959395133655,-0.013678297400474548
5846,0,1,0.09033464845662534,0.025679558515548706
5847,0,1,0.031226895973117855,0.040828950703144073
5848,0,0,0.04709405076930963,0.05033630132675171
5849,0,1,0.06912603500307102,0.04806244373321533
5850,0,0,0.025801570767646748,0.024175450205802917
5851,0,1,0.06672798246924487,0.0331803634762764
5852,1,0,0.07628471086725308,0.039738669991493225
5853,1,1,0.04392888469933744,0.018392391502857208
5854,0,1,0.10020238217539279,0.2069825679063797
5855,0,1,0.10815949950581139,0.12764209508895874
5856,0,1,0.027066237944417385,0.026734881103038788
5857,0,1,0.07628471086725308,0.039738669991493225
5858,0,1,0.07202157003281123,0.054114922881126404
5859,0,1,0.027033307949792945,0.03507714718580246
5860,1,1,0.03122909688054154,0.041693370789289474
5861,0,0,0.06939306870861438,0.03471074998378754
5862,0,1,0.038335797332569276,0.02298353612422943
5863,0,1,0.06979971857672633,0.03985535353422165
5864,0,1,0.07214982767044781,0.051589131355285645
5865,1,1,0.0944261248403799,0.027841180562973022
5866,0,0,0.04844100789700698,0.0379050150513649
5867,1,1,0.07123751538237102,0.06114916503429413
5868,0,1,0.10583407579689577,0.10768184065818787
5869,0,0,0.05865067732233335,0.06059670448303223
5870,0,1,0.07648566352870062,0.10447345674037933
5871,0,1,0.0749181282777189,0.10164213180541992
5872,0,0,0.028813846836401216,0.07476780563592911
5873,0,1,0.03780023451162552,0.03284492716193199
5874,1,1,0.0777881338998182,0.09132745862007141
5875,0,1,0.06488781221672296,0.086785688996315
5876,0,1,0.0505044838022784,0.08109700679779053
5877,0,1,0.050508839240230655,0.08726318180561066
5878,0,1,0.02525727614451389,0.027717391029000282
5879,0,1,0.05861473398247946,0.05790272355079651
5880,0,0,0.06704784510198725,0.05794423073530197
5881,0,0,0.08226655366726657,0.03349107503890991
5882,0,1,0.06221549331573076,0.03137291967868805
5883,0,1,0.09615874749419442,0.01787629723548889
5884,1,1,0.04945988247123334,0.03637659549713135
5885,1,1,0.07428218494926683,0.07678882777690887
5886,0,1,0.05466793764715247,0.054488405585289
5887,0,1,0.04861889367987181,0.06366237252950668
5888,0,1,0.03113013247337716,0.05339296534657478
5889,0,1,0.05573631389187468,0.041357509791851044
5890,0,0,0.03603929369600347,0.03943052887916565
5891,0,0,0.06196702835155475,0.07366431504487991
5892,0,1,0.032999320469134855,0.027325265109539032
5893,0,0,0.045594836298568905,0.028234630823135376
5894,0,0,0.04960071701121395,0.08378290385007858
5895,0,1,0.07329618454352932,0.04577885568141937
5896,0,1,0.04278310531861365,0.03204577416181564
5897,0,1,0.03680406364445893,0.027752414345741272
5898,0,1,0.07381182453501142,0.08816667646169662
5899,0,1,0.08852029040585768,0.07957881689071655
5900,0,1,0.04473224756343476,0.044039614498615265
5901,0,0,0.05239762635800821,0.006976217031478882
5902,0,1,0.10220317844978599,0.09862890839576721
5903,0,1,0.03376827354710807,0.020555373281240463
5904,0,0,0.059358834101487665,0.07765308022499084
5905,0,1,0.060342411149455114,0.09316877275705338
5906,0,1,0.03912116424337784,0.05460954084992409
5907,0,1,0.06625379652182725,0.10916168242692947
5908,0,1,0.08850389763126618,0.09681187570095062
5909,0,1,0.0478267723071748,0.06588412076234818
5910,0,1,0.041880132567620895,0.048604823648929596
5911,0,0,0.03908064883733122,0.03539922833442688
5912,0,0,0.07716199959339437,0.04832504689693451
5913,0,0,0.06374383946100391,0.05355799198150635
5914,0,1,0.04678260911669739,0.03752589225769043
5915,0,0,0.03423189587765979,0.06719151139259338
5916,0,0,0.04405104352524379,0.06712941825389862
5917,0,0,0.060445434537614584,0.0816519632935524
5918,1,0,0.052748598292385096,0.10340653359889984
5919,0,1,0.06438500702343798,0.0976463109254837
5920,1,1,0.037679538215545906,0.063050776720047
5921,0,1,0.07084870809751673,0.0432562455534935
5922,0,1,0.03991608841013343,0.03668840229511261
5923,0,0,0.09227046544333892,0.1012721061706543
5924,0,1,0.06222716770877193,0.056613512337207794
5925,0,0,0.0629125750718363,0.10357445478439331
5926,0,1,0.03801295944257833,0.037034034729003906
5927,0,1,0.04569714866144006,0.04404814913868904
5928,0,1,0.0529880835307219,0.014236345887184143
5929,0,0,0.05994003990197716,0.0646563321352005
5930,0,1,0.04306698205990438,0.06975215673446655
5931,0,0,0.04719572002012394,0.05134371668100357
5932,1,1,0.05502564623335185,0.01679225265979767
5933,0,0,0.06398178841340116,0.09383958578109741
5934,0,0,0.059640613161497366,0.054543159902095795
5935,0,1,0.03282217712845059,0.025699889287352562
5936,0,1,0.08159696658390822,0.0874868854880333
5937,0,1,0.033317015815071384,0.0585862398147583
5938,0,1,0.028261488824521307,0.11469046026468277
5939,0,1,0.034745501783198206,0.09355569630861282
5940,0,1,0.03329069807343471,0.02308465912938118
5941,0,0,0.04373209565200817,0.061002444475889206
5942,0,1,0.0725293831222148,0.08998680859804153
5943,0,0,0.0854499160108658,0.033000826835632324
5944,0,0,0.07134004539780678,0.08017440885305405
5945,0,0,0.04808266690763749,0.054600201547145844
5946,1,1,0.0647498843862966,0.08353067934513092
5947,1,1,0.10218294093437069,0.008379817008972168
5948,0,1,0.046825156393312,0.049296967685222626
5949,1,1,0.040717755173492465,0.0589180663228035
5950,0,1,0.0629754349911043,0.09933771193027496
5951,0,1,0.08964517701759783,0.0794026255607605
5952,0,1,0.03589712654086663,0.07770698517560959
5953,0,0,0.04034796167086423,0.03305190056562424
5954,0,1,0.06652923657056518,0.05664736032485962
5955,1,1,0.058351795049479405,0.02054762840270996
5956,0,0,0.057967967077796015,0.1470494270324707
5957,0,1,0.058752435258711266,0.07419639825820923
5958,1,1,0.05166028472176448,0.08415264636278152
5959,0,1,0.04749777982060702,0.041168391704559326
5960,0,0,0.06367387053281075,0.06226545572280884
5961,0,1,0.07081244617391053,0.05577831715345383
5962,0,1,0.10128779299700624,0.09888021647930145
5963,0,0,0.050767564209098934,0.009629108011722565
5964,0,1,0.0582733198201837,0.019372835755348206
5965,0,0,0.04719690763485079,0.06115138530731201
5966,0,1,0.059636278769941764,0.05049293488264084
5967,0,0,0.05147854037007435,0.039070867002010345
5968,0,1,0.05362658286822512,0.015676379203796387
5969,0,1,0.07660570650724693,0.04697936773300171
5970,0,1,0.038555161243740615,0.032090023159980774
5971,0,1,0.039633468181181714,0.0349956750869751
5972,0,1,0.04455624480137359,0.14652858674526215
5973,0,0,0.038373822590321745,0.06110240891575813
5974,0,0,0.06311425684406967,0.0809132382273674
5975,0,1,0.04429883333832432,0.07804995775222778
5976,0,0,0.09372259349848505,0.07751646637916565
5977,0,1,0.055942617876353046,0.021670356392860413
5978,0,1,0.04445373556511846,0.04367176443338394
5979,0,0,0.046612658499425405,0.06050654500722885
5980,0,1,0.05292788840094348,0.03977341204881668
5981,0,1,0.06462807403637193,0.07945515215396881
5982,1,1,0.06088696085040704,0.06795965880155563
5983,0,1,0.054447257616859285,0.05435208976268768
5984,0,1,0.0406464070709726,0.07694325596094131
5985,1,1,0.0631725917437511,0.018634699285030365
5986,0,1,0.029802602465707567,0.012333985418081284
5987,0,1,0.03349018630839671,0.02569563314318657
5988,0,1,0.06935346401166774,0.06023290753364563
5989,0,0,0.05175491189959941,0.08803628385066986
5990,0,1,0.06146945279864641,0.11239932477474213
5991,0,1,0.053244211566394514,0.027806997299194336
5992,0,1,0.03349467297659584,0.030720222741365433
5993,0,1,0.11481483147956711,0.12830066680908203
5994,0,0,0.0680923510373262,0.06338479369878769
5995,0,1,0.061016344020860785,0.03347231447696686
5996,0,1,0.0364150218148722,0.05178475379943848
5997,0,1,0.06931355611443672,0.054061487317085266
5998,0,1,0.0583087369584256,0.053526557981967926
5999,1,1,0.06477991481097575,0.08052879571914673
6000,0,1,0.04871233456378113,0.06545202434062958
6001,0,1,0.03759829771945524,0.0675150454044342
6002,0,1,0.08738362517134807,0.08929498493671417
6003,0,1,0.0436084189793072,0.03621821850538254
6004,0,1,0.042358293080167295,0.03814247250556946
6005,0,1,0.035368274771528964,0.09445090591907501
6006,0,0,0.05928469737844069,0.02629207819700241
6007,0,1,0.07053590184803718,0.06716219335794449
6008,0,0,0.07472233725435876,0.02999366819858551
6009,1,1,0.04432384852106799,0.08327922224998474
6010,0,1,0.06053230470619286,0.10833555459976196
6011,0,1,0.06002297266833076,0.02266491949558258
6012,1,0,0.049699856782960586,0.11969199031591415
6013,0,0,0.04742222456536507,0.08405768126249313
6014,0,1,0.04146937374663705,0.0393700934946537
6015,0,1,0.027049391148851888,0.028536945581436157
6016,0,1,0.0780284819174337,0.11439934372901917
6017,0,0,0.032788424464970274,0.0326642170548439
6018,0,0,0.05207302427910153,0.06596534699201584
6019,0,1,0.04628099278186275,0.021418355405330658
6020,1,0,0.049198107290643306,0.06452541053295135
6021,1,1,0.04264237485975712,-0.05290761590003967
6022,0,1,0.07036587360257564,0.12227445840835571
6023,0,1,0.06142791731267565,0.06853443384170532
6024,0,0,0.07514666167747958,0.04359430819749832
6025,0,1,0.0641959337943123,0.06715141981840134
6026,0,0,0.053371073175064246,0.0675199031829834
6027,0,1,0.10640017365041196,0.09710931777954102
6028,0,1,0.07203815957364623,0.030333146452903748
6029,0,1,0.10488535664815493,0.018831700086593628
6030,0,0,0.0794411700827378,0.06642429530620575
6031,0,0,0.054950150211251145,0.05025351047515869
6032,0,1,0.03301820295375817,0.04233444109559059
6033,0,1,0.07143417915465325,0.09347856789827347
6034,1,1,0.06981392682378261,0.02744421362876892
6035,0,0,0.05211948515975241,0.038286030292510986
6036,0,1,0.08895561230722804,0.08879981935024261
6037,0,0,0.0876496884762469,0.12765349447727203
6038,0,0,0.05098024900973504,0.01671396940946579
6039,0,0,0.032718060204143626,0.06071992963552475
6040,0,0,0.05322551609147974,0.06276746094226837
6041,0,0,0.051908896215515046,0.018242403864860535
6042,0,1,0.056857970851986184,0.04855148494243622
6043,0,0,0.030520690005043517,0.061350978910923004
6044,0,1,0.03386566305749355,0.04781404137611389
6045,1,1,0.04742501909073717,0.034567542374134064
6046,0,1,0.06388501904624574,0.04823548346757889
6047,0,1,0.061256316033147046,0.07496430724859238
6048,0,1,0.0971587132141262,0.09213906526565552
6049,0,1,0.03189405709734698,0.020243048667907715
6050,0,1,0.11483089263032226,0.03413030505180359
6051,0,0,0.05360733868842278,0.05801275372505188
6052,0,1,0.05407175364275772,0.07301730662584305
6053,0,0,0.05737311761281222,0.06034819036722183
6054,0,1,0.06288839063016838,0.08563324809074402
6055,0,1,0.0687602464650693,0.08251439779996872
6056,0,0,0.029083937331747647,0.036493930965662
6057,1,1,0.05275898513746777,0.08578576892614365
6058,0,1,0.026533790495455456,0.026926785707473755
6059,1,1,0.0406464070709726,0.07694325596094131
6060,0,1,0.06113432320495776,0.07068748027086258
6061,1,1,0.053259139708238507,0.01869746297597885
6062,0,0,0.04969610775838228,0.11462246626615524
6063,0,1,0.07461609042467673,0.10161243379116058
6064,1,1,0.06459956556887766,0.0001588761806488037
6065,0,1,0.0520179662522372,0.11020096391439438
6066,0,0,0.08438155030523817,0.09296636283397675
6067,0,1,0.04987046765083737,0.08211994171142578
6068,0,1,0.05503664855695639,0.013938568532466888
6069,1,0,0.08528836504780118,0.023496121168136597
6070,0,0,0.07701435210048646,0.07147829234600067
6071,0,0,0.06185635318250188,0.09480725228786469
6072,1,0,0.039523845085865,0.05672147870063782
6073,0,0,0.04460507633540964,0.057060837745666504
6074,0,0,0.03995988348081307,0.06808078289031982
6075,0,1,0.07187471456329705,0.021708175539970398
6076,0,0,0.046008663352233276,0.07074829936027527
6077,0,1,0.05799899093749181,0.04882627725601196
6078,0,0,0.05364267928338039,0.056936562061309814
6079,1,0,0.08217566881551733,0.13228650391101837
6080,0,0,0.050517404190135284,-0.0019269734621047974
6081,1,1,0.10655831904859944,0.09785528481006622
6082,0,1,0.03626366447779854,0.047352999448776245
6083,0,1,0.07091126499425862,0.04877428710460663
6084,0,0,0.058920783012993375,0.038261108100414276
6085,1,0,0.06126249386687109,0.07251489162445068
6086,0,1,0.06389328635032139,0.03027622401714325
6087,0,0,0.03662933872732695,0.057498570531606674
6088,0,1,0.055072773377695464,0.10319913923740387
6089,0,1,0.060034201578086296,0.011266238987445831
6090,0,1,0.09566836448424385,0.034340232610702515
6091,0,0,0.040313912432967336,0.036803051829338074
6092,0,1,0.04756532831442793,0.06436368077993393
6093,0,1,0.07723430177587576,0.0504370778799057
6094,0,1,0.06809326679038981,0.07715170085430145
6095,0,1,0.04396462703391983,0.08766777813434601
6096,0,0,0.04916723558662085,0.04765899479389191
6097,0,1,0.06084327458299303,0.08109898865222931
6098,0,0,0.07999989246240424,0.04864226281642914
6099,0,0,0.04957715258155003,0.06022772938013077
6100,0,1,0.031080741356446923,0.0661182850599289
6101,0,0,0.0873905458190658,0.09146508574485779
6102,1,1,0.029265178897855,0.03598096966743469
6103,0,1,0.08305193815101858,0.08806876838207245
6104,0,1,0.060445434537614584,0.0816519632935524
6105,0,0,0.03703830073587967,0.04509928449988365
6106,0,1,0.025764298242190835,0.02007324993610382
6107,0,1,0.0552142885056372,0.04605516046285629
6108,0,1,0.05051969278383185,0.0877254381775856
6109,1,0,0.06617089786791143,0.07717858999967575
6110,0,1,0.07560576560718985,0.0748434066772461
6111,0,1,0.06957087504467993,0.09783677756786346
6112,0,1,0.09029451867015481,0.16070713102817535
6113,0,0,0.04442335334437579,0.04380615055561066
6114,0,1,0.060592640998852795,0.07394605875015259
6115,1,1,0.08427054940287698,0.03153295814990997
6116,0,0,0.03611659386685501,0.09401892870664597
6117,0,1,0.059356313302174155,0.05406389385461807
6118,0,1,0.07802564109140966,0.04997697472572327
6119,0,0,0.05136950162935465,0.03171297162771225
6120,0,1,0.04350317626406726,0.1096976101398468
6121,0,1,0.06288220548471894,0.08563324809074402
6122,0,1,0.06359221391853827,0.05767562985420227
6123,0,1,0.04422535591299766,0.042361073195934296
6124,0,1,0.04363534862429219,0.06367113441228867
6125,0,0,0.06906797605782838,0.06477367877960205
6126,1,1,0.0492184531553236,-0.030665196478366852
6127,1,0,0.03778189953221721,0.039326149970293045
6128,0,1,0.037249984131818126,0.052465569227933884
6129,0,0,0.04205907178625454,0.07522465288639069
6130,0,0,0.06311909433809261,0.036256782710552216
6131,0,1,0.08858069899875759,0.08989807963371277
6132,0,0,0.03807495204912931,0.06957307457923889
6133,0,1,0.043382802857402564,0.08392743766307831
6134,0,1,0.06844475636565232,0.04968976974487305
6135,0,1,0.057781763394632105,0.0922267884016037
6136,0,1,0.06145123934436142,0.05462571978569031
6137,1,1,0.06567557122879958,0.06481026113033295
6138,0,1,0.06770550024949884,0.10928928852081299
6139,0,1,0.04914311300897556,0.046733297407627106
6140,0,0,0.04684157374959107,0.0385284423828125
6141,0,0,0.03475800867385475,0.17581169307231903
6142,0,1,0.056344627327736915,0.07036101073026657
6143,0,1,0.0613580433418177,0.08733989298343658
6144,0,1,0.03203393967745254,0.04368159919977188
6145,0,1,0.03540502902038092,0.09783440828323364
6146,0,1,0.09493101612568436,0.07001647353172302
6147,1,0,0.07805170680222703,0.11281131207942963
6148,1,1,0.055024640663607544,0.08468811213970184
6149,1,1,0.041439719037806105,0.014802925288677216
6150,0,1,0.045645327891301435,0.0626077875494957
6151,0,1,0.03363945701435462,0.07526189833879471
6152,0,1,0.05205495771854733,0.035022951662540436
6153,0,0,0.06323037313467754,0.11542021483182907
6154,0,1,0.05735531812950667,0.059023015201091766
6155,0,0,0.07111258513378249,0.09496095776557922
6156,0,1,0.07354148502830615,0.07794550061225891
6157,0,1,0.0667919043604452,0.022871509194374084
6158,0,1,0.03240086738060829,0.014937419444322586
6159,0,1,0.07990507223924179,0.03481101989746094
6160,0,0,0.06405893998175279,0.13989391922950745
6161,0,0,0.09332196257264588,0.11691044270992279
6162,0,1,0.059735617906780045,0.022935442626476288
6163,1,0,0.05212997046379189,0.10079532116651535
6164,0,1,0.04989310180297643,0.026835329830646515
6165,0,0,0.053066798352529476,0.09457024186849594
6166,0,1,0.055396778388271894,0.07016879320144653
6167,0,1,0.06443931977793599,0.0728517547249794
6168,0,1,0.06939306870861438,0.03471074998378754
6169,0,0,0.06512971249692165,0.08608944714069366
6170,0,1,0.058675190255986276,-0.03007727861404419
6171,0,0,0.04147992349754635,-0.07232142984867096
6172,0,1,0.05707487818217295,0.09961749613285065
6173,0,1,0.045587383281850025,0.044039614498615265
6174,0,1,0.03735082527910828,0.05320587381720543
6175,0,1,0.034828961693353665,0.04559065401554108
6176,0,0,0.03043557021077479,0.02884254790842533
6177,0,1,0.02899684268072803,0.03134489804506302
6178,0,0,0.0519525157147379,0.022065788507461548
6179,0,1,0.04084020422203696,0.02639152854681015
6180,0,1,0.056409976641054516,0.07838919013738632
6181,0,1,0.04808266690763749,0.054600201547145844
6182,1,1,0.040371565254123276,0.0224900022149086
6183,0,1,0.056682352322570934,0.010402821004390717
6184,0,0,0.05440546591916723,0.028643324971199036
6185,0,0,0.10159940505548923,0.1039545089006424
6186,0,1,0.027028115918524553,0.03507714718580246
6187,0,1,0.033193555916804646,0.043775640428066254
6188,0,0,0.06146468777776161,0.08402245491743088
6189,0,1,0.0477307240919244,0.03824847191572189
6190,1,1,0.07061812426454481,0.08153751492500305
6191,0,1,0.07197060305201705,0.11811482906341553
6192,0,1,0.044479846168656384,0.04198969900608063
6193,0,1,0.04066185344969778,0.07058043777942657
6194,0,0,0.06056354948246623,0.047421202063560486
6195,0,1,0.047076174366317114,0.05033630132675171
6196,0,0,0.04994463065545772,0.03704515099525452
6197,0,1,0.08029595094562841,0.03508874773979187
6198,0,1,0.05818699934344927,0.044165536761283875
6199,0,0,0.048050810962270166,0.03562060743570328
6200,0,1,0.05845935665067345,0.029526986181735992
6201,0,1,0.05760406411853887,0.04994819313287735
6202,0,0,0.057807631563831494,0.12692362070083618
6203,0,1,0.056697245585647094,0.023968420922756195
6204,0,1,0.026495576655475285,0.027175987139344215
6205,1,0,0.04366838165728924,0.03228320926427841
6206,0,1,0.04739804502585834,0.027729548513889313
6207,0,0,0.0651494724683102,0.04317496716976166
6208,0,1,0.061738025219883766,0.017175443470478058
6209,0,1,0.040533135675487705,0.08925826847553253
6210,0,1,0.055665982633260766,0.0620364248752594
6211,0,1,0.0436084189793072,0.03621821850538254
6212,0,1,0.04629610591600884,0.014951080083847046
6213,0,1,0.058380010911890615,-0.014052659273147583
6214,0,1,0.06447541239016347,0.03253566473722458
6215,1,1,0.06828804748588492,0.024567730724811554
6216,0,1,0.05073450692025386,0.0214664489030838
6217,0,0,0.05178771332762905,0.09508548676967621
6218,0,0,0.09777533688286769,0.07090020179748535
6219,0,0,0.07910856844236636,0.06159857660531998
6220,0,1,0.07600777116959681,0.04832504689693451
6221,0,0,0.055034304651888216,0.013938568532466888
6222,0,1,0.0633965423514134,0.0640517920255661
6223,1,0,0.06641959487459498,0.037386372685432434
6224,0,0,0.06818016211145854,0.11433243006467819
6225,0,1,0.05287660499473436,0.0264412984251976
6226,0,0,0.08155607508558291,0.0948038101196289
6227,0,1,0.03262376290039166,0.0545593798160553
6228,0,1,0.03393413654423857,0.029977917671203613
6229,0,1,0.07535618952346695,0.03547638654708862
6230,0,1,0.06974491720956798,0.048874348402023315
6231,0,1,0.05819092297344196,0.035232074558734894
6232,0,0,0.06423896516958397,0.02380414307117462
6233,0,1,0.09794548818536442,0.11121821403503418
6234,0,1,0.06182555932201508,0.07814070582389832
6235,0,1,0.1139207731954674,0.10001157224178314
6236,0,0,0.053132195466723584,0.08521956205368042
6237,0,0,0.07472130775478175,0.02236287295818329
6238,0,1,0.05038703274542437,0.03440692275762558
6239,0,1,0.03301602214189411,0.04375382512807846
6240,0,1,0.06689606722436678,0.04069587588310242
6241,0,1,0.03710002334109257,0.07641293853521347
6242,0,0,0.03301820295375817,0.04233444109559059
6243,0,1,0.06374449004811909,0.08392531424760818
6244,0,1,0.05878159256927519,-0.0026545003056526184
6245,0,0,0.06683435509552353,0.05621825158596039
6246,0,1,0.05997263575602334,0.08936251699924469
6247,0,1,0.05429648329636487,0.009922914206981659
6248,0,0,0.04321397181203039,0.08502618968486786
6249,0,0,0.08437957549166036,0.10076278448104858
6250,0,1,0.07459251894977079,0.02192816138267517
6251,0,1,0.049238865687411135,0.02771656960248947
6252,0,0,0.045419958218124265,0.1242160052061081
6253,0,1,0.08000418989627656,0.05066139996051788
6254,0,0,0.04888141666539188,0.024698704481124878
6255,0,0,0.03836970604840797,0.03504431992769241
6256,0,1,0.0717336848658372,0.292533278465271
6257,0,1,0.05429648329636487,0.009922914206981659
6258,0,1,0.04398082700737775,0.014127179980278015
6259,0,0,0.09394832640998019,-0.001797303557395935
6260,0,1,0.07055550667128273,0.07374560087919235
6261,0,1,0.07452823164287292,0.10575267672538757
6262,0,1,0.055308171328452324,0.07682382315397263
6263,0,1,0.09337531711060384,0.06931519508361816
6264,0,1,0.06963098445366693,0.13138794898986816
6265,0,0,0.07221712693895435,0.05796410143375397
6266,0,1,0.04034477282078307,0.03305190056562424
6267,0,1,0.04586345869201504,0.05516154319047928
6268,0,0,0.028939340615433275,0.042307935655117035
6269,0,0,0.06769913047591537,0.10928928852081299
6270,0,0,0.05194705824121108,0.021355092525482178
6271,0,1,0.06988878463442733,0.047922007739543915
6272,0,1,0.05457750582088018,0.0379105880856514
6273,0,0,0.05565284612951822,0.03996121883392334
6274,0,1,0.07016956465854683,0.041678667068481445
6275,1,1,0.11249235293036752,0.12109135091304779
6276,0,1,0.09105078480433823,0.017445296049118042
6277,0,0,0.10160999908340793,0.018847733736038208
6278,1,1,0.06303237377521988,0.04708617925643921
6279,0,0,0.044325169860967226,0.04806526005268097
6280,0,0,0.05946127819850153,0.030022650957107544
6281,0,1,0.04148723364140888,0.08326603472232819
6282,0,1,0.05437337915792459,0.15402451157569885
6283,0,1,0.03439540025600791,0.025385145097970963
6284,0,1,0.06615457591426271,0.09202036261558533
6285,1,0,0.06021126223175735,0.11463025212287903
6286,0,0,0.06826557967581563,0.12702804803848267
6287,0,1,0.04719572002012394,0.05134371668100357
6288,0,0,0.07435530034740637,0.09545939415693283
6289,1,1,0.08772218244189192,0.04577083885669708
6290,0,1,0.056467159886713844,0.08125106245279312
6291,1,0,0.034351127853370675,0.03164657577872276
6292,0,0,0.033934737180530986,0.032269082963466644
6293,0,0,0.042114208852480656,0.025431469082832336
6294,0,1,0.05275898513746777,0.08578576892614365
6295,0,1,0.04678178662102196,0.03752589225769043
6296,0,1,0.05756993009339478,0.09438925981521606
6297,1,1,0.05930217953994686,0.02629207819700241
6298,0,0,0.031291822882239764,0.02329644374549389
6299,0,1,0.046478705005388615,0.05199909210205078
6300,0,1,0.05272353687052493,0.0849619135260582
6301,0,0,0.05718024613841945,0.049587182700634
6302,0,0,0.10974201043225304,0.03645317256450653
6303,0,1,0.0589842999307402,0.07044924050569534
6304,0,1,0.029818619305326415,0.026259250938892365
6305,1,0,0.09941595949221063,0.004984736442565918
6306,0,0,0.06291675041685856,0.048663362860679626
6307,1,0,0.03721237487311658,0.03236205130815506
6308,0,0,0.059650473865563755,0.06141521781682968
6309,0,1,0.06621458777698729,0.03589963912963867
6310,0,0,0.031103182775994304,0.06312918663024902
6311,0,1,0.08149609943923339,0.044191256165504456
6312,0,0,0.045565661629851165,0.050881221890449524
6313,0,1,0.07350380170202633,0.06279531121253967
6314,0,0,0.051269502127394104,0.0575992614030838
6315,0,0,0.08445108657919148,0.06740416586399078
6316,0,1,0.04394689623382872,0.04031161218881607
6317,0,1,0.04363299452241813,0.03966248407959938
6318,0,1,0.04068812121176986,0.0891672670841217
6319,0,1,0.04647257809004243,-0.01993539184331894
6320,0,1,0.07330482026021731,0.04763999581336975
6321,0,1,0.03886270039684162,0.03678850829601288
6322,0,1,0.03635239057308931,0.05549991503357887
6323,0,1,0.05275898513746777,0.08578576892614365
6324,0,1,0.0791167826954925,0.04298099875450134
6325,0,1,0.09318018714322049,0.11514230072498322
6326,0,0,0.06573527942009588,0.028364919126033783
6327,0,1,0.06801222585171088,0.07787029445171356
6328,1,1,0.06570000707475691,0.019608601927757263
6329,0,1,0.0667919043604452,0.022871509194374084
6330,0,1,0.062485605239882794,0.022130087018013
6331,1,1,0.061491971539321524,0.07379290461540222
6332,1,1,0.08345521601284056,0.047861188650131226
6333,0,0,0.10409216114226205,0.02732551097869873
6334,0,1,0.05609142934200531,0.04820633679628372
6335,0,1,0.03332969667534984,0.059684447944164276
6336,0,0,0.06148520668069056,0.08342209458351135
6337,0,1,0.046827414985763774,0.07209033519029617
6338,0,1,0.07961436182309986,0.07445906102657318
6339,0,0,0.09116130693807484,0.056569844484329224
6340,1,1,0.05409574283137511,0.12613074481487274
6341,0,1,0.056615831191037594,0.024490267038345337
6342,0,0,0.0505337613617373,0.09826485067605972
6343,1,1,0.07758412549656094,-0.018764793872833252
6344,0,1,0.05667859029481806,0.048554956912994385
6345,0,1,0.08119527953157768,0.0570879727602005
6346,0,1,0.07380461235383545,0.03947755694389343
6347,1,0,0.08213395117922839,0.08873958885669708
6348,0,1,0.032661206802312236,0.0647045373916626
6349,0,1,0.08743088967672588,0.07196199893951416
6350,1,1,0.08114089032002766,0.001515507698059082
6351,0,1,0.05932284989889404,0.08618739992380142
6352,1,1,0.048708181851323404,0.08320572972297668
6353,0,1,0.0669391088581186,0.030438527464866638
6354,1,1,0.0827530329845747,0.012304127216339111
6355,0,1,0.07830072641648067,0.0639878660440445
6356,1,1,0.04382197813888873,0.06301070004701614
6357,0,1,0.027616837410226018,0.02929203398525715
6358,0,1,0.06453713103494058,0.1065925657749176
6359,0,1,0.033329949071392445,0.059684447944164276
6360,0,0,0.04778725407031868,0.048032015562057495
6361,0,1,0.07556195949684882,0.11402858793735504
6362,0,1,0.04756344231135734,0.060137875378131866
6363,1,1,0.04249312352883171,0.060378409922122955
6364,0,0,0.049766436170743,0.07694748789072037
6365,0,0,0.07428867142217413,0.13349482417106628
6366,0,1,0.03777898487033144,0.04790223017334938
6367,1,1,0.06723426821354613,0.0897759273648262
6368,0,1,0.06043711430988537,0.09592672437429428
6369,0,1,0.0729170283493944,0.04480898380279541
6370,0,1,0.056598381216051846,0.044363029301166534
6371,0,1,0.08130954819406605,0.009271875023841858
6372,0,1,0.06480045390349931,0.037414222955703735
6373,0,0,0.03456905091657108,0.03694494441151619
6374,0,0,0.06871903763950371,0.03707364946603775
6375,0,1,0.06860733741530999,0.018565505743026733
6376,0,1,0.03264884399069076,0.059865012764930725
6377,0,0,0.07984734297574098,0.06725934147834778
6378,0,1,0.050900348177290694,0.0500740110874176
6379,0,0,0.11863444733140271,0.010114818811416626
6380,0,1,0.04316983217675818,0.07674991339445114
6381,0,0,0.059929048562870554,0.06194482743740082
6382,1,0,0.043223965598736036,0.08502618968486786
6383,0,1,0.05443619063032837,0.06842254102230072
6384,0,1,0.03279690120250361,0.037228699773550034
6385,0,1,0.05054057951154314,0.08494792878627777
6386,0,1,0.03550843592856537,0.041608668863773346
6387,0,0,0.06364934015418218,0.07761699706315994
6388,0,1,0.08814740150731451,0.09550178050994873
6389,0,0,0.08894525773477066,0.11233296990394592
6390,0,0,0.03780516310105874,0.028657563030719757
6391,0,1,0.08310195890551267,-0.012522295117378235
6392,0,1,0.05490782861452058,0.06473861634731293
6393,0,1,0.0595084100581368,0.10609322786331177
6394,1,0,0.07017502550603365,0.05655306577682495
6395,0,1,0.05449941859480521,0.03872550278902054
6396,0,1,0.12069921169068148,0.05345439910888672
6397,0,1,0.06902437955562202,0.029196500778198242
6398,0,1,0.053645189618697714,0.0186956524848938
6399,1,1,0.06187691217943071,0.06374555826187134
6400,0,1,0.04355864048163585,0.03602117672562599
6401,0,0,0.09968178329347943,0.0406244695186615
6402,0,1,0.056794859399973086,0.04183357208967209
6403,0,1,0.03460130651579184,0.04122338443994522
6404,0,0,0.05666392705900457,0.12135404348373413
6405,0,1,0.05104559143509349,0.009781144559383392
6406,1,1,0.10227065431838026,0.10564671456813812
6407,0,1,0.04474974754048949,0.029113225638866425
6408,0,0,0.025008223478782628,0.0490945428609848
6409,0,1,0.04678260911669739,0.03752589225769043
6410,1,0,0.0529880835307219,0.014236345887184143
6411,0,1,0.03386709745466673,0.034332964569330215
6412,0,1,0.03494352185995872,0.024973027408123016
6413,1,1,0.08537949587390894,0.08423440158367157
6414,0,1,0.07840348763184804,0.04893767833709717
6415,0,0,0.04807109325410264,0.05262501537799835
6416,1,0,0.09196101764166001,0.10711744427680969
6417,0,1,0.038084538564403476,0.06473696231842041
6418,0,1,0.031934413656453775,0.028801091015338898
6419,1,1,0.0725872400017504,0.05846704542636871
6420,0,1,0.03146292961405007,0.01919129490852356
6421,1,1,0.06370799358104981,0.09219568222761154
6422,1,1,0.05339153480747573,0.08035311847925186
6423,0,1,0.07358042362178727,0.032759398221969604
6424,1,1,0.09587553822823278,0.027635976672172546
6425,0,1,0.05009075723096294,0.019212841987609863
6426,0,1,0.05751707724728347,0.06175461411476135
6427,0,1,0.06948258050346305,0.044899821281433105
6428,0,1,0.0360994305377297,0.030683476477861404
6429,0,0,0.03762063030266252,0.048101019114255905
6430,1,0,0.06423896516958397,0.02380414307117462
6431,0,1,0.07117125135596405,0.04353019595146179
6432,0,1,0.05890680304179921,0.05927814543247223
6433,0,0,0.06393374233778593,0.049483880400657654
6434,0,0,0.04167994889353095,0.0403592512011528
6435,0,0,0.03968788076517253,0.026445284485816956
6436,0,1,0.03686174499499667,0.07623208314180374
6437,0,1,0.050214963584392355,0.01596081256866455
6438,0,1,0.10120396904321655,0.13354820013046265
6439,0,0,0.07222999829307644,0.06741888076066971
6440,0,1,0.07322975631840795,0.123192198574543
6441,0,0,0.07270509353863716,0.04862436652183533
6442,0,1,0.08975039604703869,0.11628693342208862
6443,0,1,0.07042284743747913,0.09998920559883118
6444,0,1,0.11250115357387663,0.12109135091304779
6445,1,1,0.058367150454779665,0.09094981104135513
6446,0,1,0.024989757782682392,0.06091499328613281
6447,0,1,0.03997770808254894,0.08906038850545883
6448,0,0,0.04174729939530063,0.06065750867128372
6449,0,1,0.051779790982303384,0.09338962286710739
6450,0,1,0.05756428692937231,0.05295068025588989
6451,0,1,0.07405493761782181,0.09899026155471802
6452,0,1,0.04361646089044861,0.0989011898636818
6453,0,0,0.07557808326731213,0.06856440007686615
6454,0,0,0.03335824941247358,0.07400589436292648
6455,0,1,0.07622384479344854,0.05183498561382294
6456,0,1,0.05408917338363958,0.07292091846466064
6457,0,0,0.06477541191802566,0.04924805462360382
6458,0,1,0.09429547039488323,0.07871957123279572
6459,0,0,0.0381739330502268,0.09165593236684799
6460,0,1,0.025704159745753803,0.03763497620820999
6461,0,0,0.0750922026038787,0.053757622838020325
6462,0,0,0.08102299329315354,0.07359138131141663
6463,1,1,0.047394431680891275,0.036142610013484955
6464,0,1,0.06500257348899144,0.02629546821117401
6465,0,1,0.05360998756839286,0.03584592044353485
6466,0,1,0.0804669263022704,0.04485525190830231
6467,0,1,0.0283806542955009,0.0366426445543766
6468,0,1,0.07361178556505205,0.07864987105131149
6469,0,0,0.046008663352233276,0.07074829936027527
6470,0,1,0.06239257798798718,0.019502878189086914
6471,0,0,0.05940395473001661,0.09083841741085052
6472,0,0,0.08785277004021541,0.062090352177619934
6473,0,0,0.049369494067436334,0.04063574969768524
6474,0,1,0.0435991391940687,0.04423939436674118
6475,0,1,0.03710313952866191,0.007956303656101227
6476,0,0,0.0675573348623804,0.04452383518218994
6477,0,1,0.04986446795958775,0.07088737189769745
6478,0,1,0.06433596684194712,0.06349535286426544
6479,0,0,0.0563040934981173,0.07995971292257309
6480,0,0,0.04565517510748816,0.04153299331665039
6481,0,1,0.07020815509900603,0.08510859310626984
6482,0,0,0.03853937537856265,0.044220488518476486
6483,0,1,0.050536717096612366,0.057852067053318024
6484,0,1,0.06314441455289527,0.027062758803367615
6485,0,1,0.047955914198006766,0.06040880084037781
6486,0,1,0.08538781840788784,0.12312808632850647
6487,0,1,0.04988089630616545,0.09976787120103836
6488,1,1,0.03776843920889465,0.03901755064725876
6489,0,0,0.04736516037423584,0.07948435097932816
6490,0,1,0.056732183301521896,-0.011738091707229614
6491,0,1,0.05312865505879022,0.09387873113155365
6492,0,0,0.054005161228219925,0.0871838629245758
6493,1,0,0.040183546467365175,0.0523533932864666
6494,0,1,0.08147125648422887,0.10116909444332123
6495,0,0,0.08378595082755619,0.0167924165725708
6496,0,1,0.11202217242773224,0.09211038053035736
6497,1,1,0.07257024694234279,0.04367847740650177
6498,0,1,0.05447380199470786,0.03291929513216019
6499,0,1,0.06621325928898117,0.03976871073246002
6500,0,0,0.03989680134317322,0.06050264835357666
6501,0,0,0.03892653143957367,0.09414683282375336
6502,0,0,0.051514435119656074,0.05968125909566879
6503,0,1,0.07839352063927563,0.1469261348247528
6504,0,1,0.0628940001726785,0.1120486781001091
6505,0,1,0.05703718386628326,0.04066844284534454
6506,0,0,0.03141193269191327,0.03866942226886749
6507,0,0,0.09012321321784206,-0.03716747462749481
6508,0,0,0.06915632362045555,0.11721527576446533
6509,0,0,0.0436145602980048,0.0989011898636818
6510,0,0,0.0614863367239972,0.08342209458351135
6511,0,1,0.08966123779154775,0.09400862455368042
6512,0,1,0.056928765469719825,0.02791452407836914
6513,0,0,0.031322059816853196,0.03253151476383209
6514,0,1,0.046008663352233276,0.07074829936027527
6515,0,1,0.052681317932761415,0.09755636006593704
6516,0,1,0.09587851536626116,0.0172957181930542
6517,0,0,0.08544954643597605,0.033000826835632324
6518,0,1,0.0667919043604452,0.022871509194374084
6519,0,0,0.09477852215524435,0.02435840666294098
6520,1,1,0.0847607183456959,0.05171586573123932
6521,0,1,0.03043557021077479,0.02884254790842533
6522,0,1,0.03981757467805143,0.03724359720945358
6523,0,1,0.056513798657224404,0.05622582137584686
6524,0,1,0.05421944546880891,0.03519119322299957
6525,0,1,0.05088143924198757,0.08112820982933044
6526,1,1,0.038555161243740615,0.032090023159980774
6527,0,0,0.04984790465917134,0.023173250257968903
6528,0,0,0.056391567614276494,0.11305655539035797
6529,0,0,0.04363610678605216,0.040171366184949875
6530,1,1,0.07668390689889265,0.0636940598487854
6531,0,1,0.07756596489950135,0.009770914912223816
6532,0,1,0.0519874627006678,0.027270406484603882
6533,0,0,0.0370887867269813,0.040801022201776505
6534,1,1,0.07948298099571055,0.11563237011432648
6535,0,1,0.0791084567446656,0.06643359363079071
6536,0,1,0.041423582946884405,0.08658739924430847
6537,0,0,0.05929235378049609,0.02368251234292984
6538,0,1,0.09722402910609115,0.090690478682518
6539,0,1,0.04922800548648089,0.058462731540203094
6540,0,1,0.04051059063752491,0.08241690695285797
6541,0,0,0.04183686567043664,0.014656215906143188
6542,0,0,0.030568388299312667,0.06513360142707825
6543,0,1,0.09931522404720156,0.10333822667598724
6544,0,0,0.03332120934217456,0.025925688445568085
6545,0,0,0.0802927520686803,0.08867128193378448
6546,0,0,0.030409483502776453,0.03516422212123871
6547,0,1,0.10035879214681229,0.09917689859867096
6548,0,1,0.0873063917393522,0.09531956911087036
6549,0,1,0.0563505828436099,0.07189355045557022
6550,0,1,0.08537543252676272,0.10548372566699982
6551,0,1,0.0665863474552665,0.0328507274389267
6552,0,1,0.03563701862310174,0.022776786237955093
6553,0,1,0.09879825557486391,0.004810333251953125
6554,0,0,0.06143364056673442,0.05333767831325531
6555,0,1,0.04513922440060622,0.06907079368829727
6556,0,0,0.0487968999625413,0.1059253066778183
6557,0,0,0.04148723364140888,0.08326603472232819
6558,0,1,0.0713817688339102,0.08049114793539047
6559,0,0,0.04565517510748816,0.04153299331665039
6560,0,0,0.046689611048356755,0.08084618300199509
6561,0,1,0.048691582033862896,0.058714430779218674
6562,0,1,0.059738517593982673,0.03910014033317566
6563,1,1,0.0436084189793072,0.03621821850538254
6564,0,1,0.06139713197351529,0.08620022982358932
6565,0,0,0.03333290432631303,0.055580876767635345
6566,0,0,0.060445434537614584,0.0816519632935524
6567,0,1,0.08274346375138791,0.07546880841255188
6568,0,1,0.07608426641543131,0.038187503814697266
6569,0,0,0.04883696100770529,0.035046882927417755
6570,0,1,0.03301820295375817,0.04233444109559059
6571,0,0,0.09806803162716701,0.056996703147888184
6572,0,1,0.06395124268081233,-0.011700034141540527
6573,0,1,0.0508703504715943,0.027143269777297974
6574,0,1,0.08275933023827348,-0.0038441717624664307
6575,1,1,0.07257024694234279,0.04367847740650177
6576,0,0,0.053945177143464196,0.07873272895812988
6577,1,1,0.06469060622645743,0.008698157966136932
6578,0,0,0.051827228580645174,0.03821779042482376
6579,0,0,0.054933561882373874,0.01717999577522278
6580,0,1,0.05272624957764979,0.09192691743373871
6581,0,1,0.08459795327458003,0.108547642827034
6582,1,1,0.07321148565653773,0.0704457238316536
6583,0,1,0.048095370303469984,0.06503942608833313
6584,1,1,0.05113965749537072,0.0803656354546547
6585,0,1,0.03549233554807791,0.05089201778173447
6586,1,1,0.1085488093162717,0.05799168348312378
6587,1,0,0.04253845149701593,0.053138092160224915
6588,0,1,0.07405493761782181,0.09899026155471802
6589,0,1,0.057140287863759964,0.062287621200084686
6590,0,0,0.04899244522409717,0.08352819085121155
6591,1,1,0.08370924816454031,0.08560991287231445
6592,0,0,0.06449813295831262,0.031224071979522705
6593,1,1,0.07401003569311806,0.11215241998434067
6594,0,1,0.058938008274179624,0.01068936288356781
6595,0,1,0.05610054693925609,0.04820633679628372
6596,0,0,0.05962399689433262,0.016535691916942596
6597,0,1,0.04269375046661575,0.05046706646680832
6598,0,1,0.05656635931808672,0.04881574213504791
6599,0,1,0.06438096161497482,0.05122131109237671
6600,0,0,0.031724793248372525,0.011260706931352615
6601,0,0,0.06724068343888671,0.037087053060531616
6602,1,1,0.08928674445317206,0.11058367788791656
6603,0,1,0.059485674740307026,0.07737148553133011
6604,0,0,0.07064263395093764,0.048576027154922485
6605,0,0,0.07736931607788011,0.06500987708568573
6606,0,1,0.067078902714508,0.03224299103021622
6607,0,0,0.05904645907592357,0.08888762444257736
6608,0,0,0.06557486509884869,0.03404153138399124
6609,0,1,0.048058538972637024,0.03803175687789917
6610,0,1,0.07580491389167401,-0.011449083685874939
6611,0,1,0.0586603467506725,0.055577680468559265
6612,0,0,0.06076368634677699,0.028102688491344452
6613,0,1,0.039593814364694294,0.021632637828588486
6614,1,1,0.07731551211012458,0.014631196856498718
6615,0,1,0.05130657405739926,0.04257974028587341
6616,0,1,0.08925952006597945,0.09041433036327362
6617,0,0,0.08701681718331697,0.18985143303871155
6618,1,1,0.08074428998595495,0.043469980359077454
6619,1,1,0.039949963321235474,0.06519297510385513
6620,0,1,0.04362718714563141,0.03966248407959938
6621,0,0,0.07921742599357784,0.10927882790565491
6622,0,0,0.04518456703216685,0.049440979957580566
6623,0,0,0.04829994977034757,0.01918209344148636
6624,0,0,0.06340099645948996,0.00432625412940979
6625,1,0,0.06157121264618534,0.1564982831478119
6626,0,1,0.04962623265954355,0.0767623633146286
6627,0,0,0.06706759077878645,0.024810120463371277
6628,0,1,0.056484207035278886,0.08285168558359146
6629,0,0,0.05050442865174355,0.07254666090011597
6630,0,0,0.05672006570802089,0.1145349070429802
6631,0,1,0.03510927069235175,0.02637786790728569
6632,1,1,0.07219676807525874,0.05483013391494751
6633,0,0,0.059920366072413245,0.06501176953315735
6634,0,0,0.05631697885544898,0.06829468905925751
6635,0,0,0.04574929937317314,0.07149121165275574
6636,0,0,0.041609637259648335,0.07726386934518814
6637,0,1,0.0617224163663086,0.022853374481201172
6638,0,1,0.04987736860435958,0.015358082950115204
6639,0,1,0.08032402147485404,0.013073250651359558
6640,0,1,0.05466432214420225,0.026086002588272095
6641,0,0,0.060740489492897565,0.02824541926383972
6642,0,1,0.0765009044894189,0.04031708836555481
6643,0,1,0.09143188977689859,0.10853275656700134
6644,0,0,0.06880528375992688,0.04971671104431152
6645,0,1,0.06119922340934969,0.08847703039646149
6646,0,1,0.03215841650801834,0.04676256328821182
6647,0,1,0.05847034700905958,0.029526986181735992
6648,0,1,0.06370761868616369,0.03821151703596115
6649,0,1,0.08187655532242336,0.12811581790447235
6650,0,0,0.0454487958869417,0.1327078938484192
6651,0,1,0.08885135963169907,0.030400782823562622
6652,0,1,0.08044585660957057,0.04560066759586334
6653,0,1,0.03784156772467404,0.08415815234184265
6654,0,1,0.05062266208363801,0.02622414380311966
6655,1,1,0.08638021797207443,0.00843210518360138
6656,0,1,0.06690944933303186,0.08607576787471771
6657,1,1,0.04460410993444318,0.0657961517572403
6658,0,1,0.04611821386619701,0.05406135320663452
6659,0,1,0.05643163822988731,0.06341619789600372
6660,0,1,0.0700863356488143,0.04992614686489105
6661,0,1,0.06041162250928325,0.094234399497509
6662,0,1,0.06203167831786166,0.02702966332435608
6663,1,0,0.07085821931854747,0.06477907299995422
6664,0,1,0.04849597926750933,0.02048274129629135
6665,0,1,0.05503648206927039,0.06002990901470184
6666,0,1,0.04148723364140888,0.08326603472232819
6667,0,1,0.06118420638975282,0.04521438479423523
6668,0,1,0.0626934824254284,0.03518621623516083
6669,0,1,0.03888621510701942,0.033934127539396286
6670,0,1,0.029805540376892398,0.03520924597978592
6671,0,1,0.07756787373480911,0.08971016108989716
6672,0,0,0.06981618249731349,0.09396928548812866
6673,0,1,0.06614962652813368,0.08173932135105133
6674,0,0,0.05218640841037195,0.05236964672803879
6675,0,1,0.03815838855660695,0.045545730739831924
6676,0,0,0.06281326713174407,0.0999303087592125
6677,0,0,0.033837476419281934,0.0460016243159771
6678,1,1,0.1139052496514239,0.08006598055362701
6679,0,0,0.0657511222704301,0.08930648863315582
6680,0,1,0.034949340687845554,0.06210152059793472
6681,0,0,0.026264151449327047,0.032195135951042175
6682,0,1,0.0373916142526721,0.044228725135326385
6683,0,1,0.059116525870514816,0.03834100067615509
6684,0,1,0.06730178797823963,0.050803691148757935
6685,0,1,0.03192245106031613,0.03990691155195236
6686,0,0,0.05765387362506291,0.01660919189453125
6687,0,1,0.043680669869469224,0.0220131017267704
6688,0,1,0.09437328070716516,0.0632583349943161
6689,0,1,0.09682434698177028,0.033896446228027344
6690,0,0,0.06559937664781584,0.030462592840194702
6691,0,0,0.06837287130398359,0.037945136427879333
6692,0,0,0.04771772562763166,0.018565617501735687
6693,0,0,0.04074910245532323,0.0669722706079483
6694,0,1,0.031739520411355485,0.012546863406896591
6695,0,1,0.06310465389401397,0.0823441743850708
6696,0,1,0.0628758908496477,0.09048711508512497
6697,0,0,0.03542984367788626,0.03906823694705963
6698,0,1,0.09699045088911057,0.10758143663406372
6699,0,0,0.06435273731606045,0.00271037220954895
6700,0,1,0.06666807410092786,0.0941888839006424
6701,0,1,0.05934883252778071,0.08717746287584305
6702,0,1,0.08855159765059797,0.011960595846176147
6703,0,0,0.05557243574287493,0.10244131088256836
6704,1,1,0.05147485587723105,0.120296411216259
6705,0,0,0.07358042362178727,0.032759398221969604
6706,0,0,0.052986065834222495,0.015872716903686523
6707,0,0,0.0672831970759869,0.07824742048978806
6708,1,0,0.059418711527226914,0.07929466664791107
6709,0,1,0.032633865012638805,0.0604095458984375
6710,0,0,0.0692670148058953,0.09421151131391525
6711,0,1,0.03863975916141061,0.05561298131942749
6712,0,0,0.07272144919415899,0.09076149016618729
6713,0,1,0.037087563087117005,0.08435403555631638
6714,0,0,0.04271841388312109,0.06392230093479156
6715,0,0,0.04766399587316347,0.040233075618743896
6716,0,1,0.07325962461443991,0.09670699387788773
6717,0,1,0.031226568198741658,0.016665462404489517
6718,0,1,0.03988817303909291,0.06849753111600876
6719,0,1,0.04278310531861365,0.03204577416181564
6720,0,1,0.06389490714386663,0.04126092791557312
6721,0,0,0.04252380331339742,0.06725073605775833
6722,0,0,0.03260820768458036,0.06984105706214905
6723,0,1,0.09579230391196566,0.09007418155670166
6724,1,1,0.08470944237732511,0.12008082866668701
6725,0,1,0.04767956793451322,0.031762704253196716
6726,0,0,0.04921265701596331,0.09939847886562347
6727,0,0,0.07870465917413971,0.07746413350105286
6728,0,0,0.02704318400258298,0.03507714718580246
6729,1,1,0.03440452161720663,0.025385145097970963
6730,0,0,0.07923377588159358,0.09348367154598236
6731,0,1,0.0832761953906554,0.059052541851997375
6732,0,0,0.09711060421570947,0.021610930562019348
6733,0,0,0.04720272479960942,0.07049937546253204
6734,0,0,0.025748791809342066,0.027506450191140175
6735,0,1,0.06476248469711056,0.09923668205738068
6736,0,1,0.06638050462771068,0.0455268993973732
6737,0,0,0.07940171008872718,0.10532353818416595
6738,1,1,0.08305967419169183,0.11375801265239716
6739,0,1,0.05356411925769959,0.019758015871047974
6740,0,0,0.045712325206136675,0.028128433972597122
6741,1,1,0.05518943944372527,0.02355486899614334
6742,0,0,0.05312477252013807,0.14682140946388245
6743,0,1,0.04489018776664287,0.0671817883849144
6744,0,1,0.038891066136519686,0.054785195738077164
6745,0,1,0.05802693232564014,0.05036213994026184
6746,0,0,0.04450688360505353,0.06266817450523376
6747,0,0,0.05563172811048098,0.15098950266838074
6748,0,1,0.0830569477903719,0.08806876838207245
6749,1,1,0.05590887901970926,0.041662491858005524
6750,0,1,0.09809890755505904,0.09509478509426117
6751,0,1,0.06123459834587294,0.07031635195016861
6752,0,1,0.10462796929321022,0.04796364903450012
6753,0,1,0.06292202341809798,0.020207062363624573
6754,0,1,0.05299495897515302,0.09594764560461044
6755,0,1,0.04429535658634219,0.10733386874198914
6756,0,0,0.04427814685542175,0.07642750442028046
6757,1,0,0.03842552977559176,0.030165236443281174
6758,0,0,0.042715453662777014,0.06670983135700226
6759,0,1,0.05577543749410592,0.10407906770706177
6760,0,0,0.03118591017926875,0.013588592410087585
6761,1,1,0.03177895705792848,0.057178251445293427
6762,0,0,0.03540502902038092,0.09783440828323364
6763,0,1,0.07931330758587804,0.09288832545280457
6764,0,0,0.030289955373684584,0.024988196790218353
6765,0,0,0.07035594198528868,0.12227445840835571
6766,1,0,0.06014967660419257,0.04235042631626129
6767,0,1,0.04719572002012394,0.05134371668100357
6768,0,1,0.061506673036373624,0.09951604902744293
6769,0,1,0.05022265500870847,0.07471949607133865
6770,0,1,0.046619731846267526,0.07007087767124176
6771,0,0,0.10703396043239521,0.018791139125823975
6772,0,0,0.05555857236189607,0.022660665214061737
6773,1,1,0.06747788622803999,0.011019319295883179
6774,0,1,0.06143308996995822,0.07240764051675797
6775,0,1,0.05995044445814934,0.10934808850288391
6776,0,1,0.07218186170476171,0.030705109238624573
6777,0,0,0.050767564209098934,0.009629108011722565
6778,0,1,0.06305204136003921,0.06698186695575714
6779,1,1,0.036438071402041736,0.08529431372880936
6780,0,1,0.043574556614881674,0.04557684063911438
6781,0,0,0.03612253451570375,0.025997333228588104
6782,1,1,0.11580659821065425,0.02575969696044922
6783,0,0,0.04694220871808745,0.029539737850427628
6784,0,0,0.08149609943923339,0.044191256165504456
6785,0,1,0.052019108361300886,0.07810349762439728
6786,0,1,0.062416027143486805,0.08596286922693253
6787,0,0,0.06676940048121556,0.09736871719360352
6788,0,0,0.04454639937324047,0.07324114441871643
6789,1,1,0.060694747465423096,0.060188762843608856
6790,0,1,0.11147135319634999,0.154937744140625
6791,0,1,0.03993858489345417,0.05345603823661804
6792,0,0,0.06481354501750748,0.04147252440452576
6793,0,1,0.1063934899194108,0.08709661662578583
6794,0,1,0.05054499499888951,0.07931967079639435
6795,0,1,0.06100451691667115,-0.007933661341667175
6796,0,1,0.08089901063193047,0.025825664401054382
6797,0,1,0.060686866340295645,0.020107470452785492
6798,0,1,0.07626176997113726,0.033260270953178406
6799,0,1,0.04750462384977576,0.08147818595170975
6800,0,1,0.0873909785001491,0.08115735650062561
6801,0,1,0.07009985046069046,0.07934702187776566
6802,0,1,0.06147747684203757,0.07968610525131226
6803,0,0,0.11312611350873403,0.09450089931488037
6804,0,1,0.11824721107449038,0.01297527551651001
6805,0,0,0.032335124018646674,0.025251738727092743
6806,0,1,0.07917440272189386,0.04048497974872589
6807,0,0,0.114314491536954,0.11243349313735962
6808,0,1,0.05607777865318084,0.029890432953834534
6809,0,1,0.08173251089084765,0.06487902998924255
6810,1,1,0.043134333046944015,0.08434930443763733
6811,0,1,0.0615315092695321,0.047924838960170746
6812,0,1,0.04400074318310801,0.07979189604520798
6813,0,1,0.055700567100171794,0.09609786421060562
6814,1,1,0.07622392063775832,0.0737701803445816
6815,0,0,0.062060012256932445,0.025361105799674988
6816,0,1,0.02881922245019116,0.07307130098342896
6817,0,0,0.031119029586908147,0.05852208286523819
6818,0,0,0.10805164473107731,0.04027825593948364
6819,0,1,0.06156829719991337,0.11479611694812775
6820,0,0,0.04048740705047145,0.031021546572446823
6821,0,0,0.04645676957952306,0.053273238241672516
6822,1,1,0.058689694565149886,0.046439945697784424
6823,0,0,0.05483555759810439,0.10172700881958008
6824,1,1,0.09109764144860172,0.0418425053358078
6825,0,1,0.050948408129289594,0.1153651550412178
6826,0,1,0.06576248029932383,0.06203353404998779
6827,0,1,0.05956648707390379,0.05410822480916977
6828,1,1,0.06767682127879623,0.08977354317903519
6829,0,0,0.0342394086763565,0.07155223190784454
6830,0,1,0.05237870717942612,0.06846484541893005
6831,0,1,0.09409228954965967,0.01253703236579895
6832,0,1,0.05803599009558301,0.07234789431095123
6833,0,1,0.04923957471367657,0.06193864345550537
6834,0,0,0.05656244277876622,0.040631622076034546
6835,0,1,0.047838764856917806,0.07533270120620728
6836,0,0,0.061718551820216155,-0.0028062015771865845
6837,0,1,0.07617682229683456,0.06016746163368225
6838,0,1,0.07594909504442143,0.14320369064807892
6839,0,0,0.03040132434651452,0.032012566924095154
6840,0,0,0.036417939119394296,0.055781297385692596
6841,0,0,0.052357145138873434,0.05910149961709976
6842,0,1,0.08493248838348721,0.07217147201299667
6843,0,1,0.08194423536370105,0.10628940165042877
6844,0,0,0.07598312424056303,0.0822998434305191
6845,0,0,0.03902122163228454,0.04924114793539047
6846,0,1,0.04317605524504339,0.09079468250274658
6847,0,1,0.06147025300615523,0.030480004847049713
6848,0,1,0.06801105735703086,0.06164298951625824
6849,0,1,0.07195963277899908,0.06660217046737671
6850,0,1,0.06912603500307102,0.04806244373321533
6851,1,1,0.07015103780571029,0.030655458569526672
6852,1,1,0.08104171597267507,0.0696379542350769
6853,0,1,0.03173290950494576,0.06154479831457138
6854,0,1,0.04089517839782865,0.031976331025362015
6855,0,0,0.05044960717319609,0.0900324285030365
6856,0,1,0.05589229709093717,0.05937571823596954
6857,0,1,0.06423896516958397,0.02380414307117462
6858,0,1,0.06043711073667707,0.08321844041347504
6859,1,1,0.11801405208428445,0.023404672741889954
6860,0,1,0.03590958213415222,0.05513739585876465
6861,0,1,0.06547285109740418,0.03942137956619263
6862,0,1,0.0655964540790209,0.032369062304496765
6863,1,0,0.08904061187744988,0.11984539031982422
6864,0,1,0.03377345111926171,0.023703683167696
6865,0,0,0.06006124754392246,0.04885505139827728
6866,0,0,0.06474381108279782,0.0521649569272995
6867,0,0,0.08337215319713165,0.0884285569190979
6868,0,0,0.04983417409842257,0.01830555498600006
6869,0,1,0.0667919043604452,0.022871509194374084
6870,0,0,0.047756106264647005,0.04270529747009277
6871,0,1,0.036478680013846125,0.04889111965894699
6872,0,0,0.07506457747746106,0.10677273571491241
6873,0,1,0.05608734057335009,0.08456025272607803
6874,0,1,0.061659933784408386,0.02603977918624878
6875,0,0,0.03109322184540529,0.06137409806251526
6876,0,1,0.03885543468331537,0.040913134813308716
6877,0,0,0.058945793205683134,0.034715548157691956
6878,0,1,0.034244863743954655,0.08136716485023499
6879,1,1,0.043746347612000025,0.041411347687244415
6880,0,1,0.07927525771208702,0.09315197914838791
6881,0,1,0.05624923092891747,0.06354794651269913
6882,0,1,0.06822058731326673,0.048435524106025696
6883,1,0,0.03408295979309029,0.0679236501455307
6884,0,1,0.033934737180530986,0.032269082963466644
6885,0,1,0.03380698936208724,0.04001271724700928
6886,0,0,0.06827484352824999,0.07618757337331772
6887,0,1,0.044823204651494405,0.030896835029125214
6888,0,0,0.05586814130526327,0.06210925430059433
6889,0,1,0.0774042340668532,0.07869760692119598
6890,0,1,0.06567850840436945,0.02838103473186493
6891,0,0,0.04980538708181767,0.02181333303451538
6892,1,1,0.05308093753163562,0.10395176708698273
6893,1,0,0.061251611575951145,0.037309758365154266
6894,0,1,0.03882772452475097,0.06315451860427856
6895,0,1,0.06574768660247855,0.07873764634132385
6896,0,1,0.08144244166336898,0.09926187992095947
6897,0,0,0.032825903987507954,0.024893494322896004
6898,0,1,0.10051400374956226,0.13256588578224182
6899,0,0,0.0459082532201501,0.04825785756111145
6900,0,1,0.09746907272218433,0.08426065742969513
6901,0,1,0.08550294048765164,0.09710462391376495
6902,0,0,0.09246254541931273,0.07389914989471436
6903,0,1,0.058133374119179945,0.06460446864366531
6904,0,1,0.07015334909672129,0.038703784346580505
6905,0,1,0.07218161176556928,0.010516032576560974
6906,1,1,0.05180386774107466,0.07922415435314178
6907,1,0,0.10217378137764571,0.14115028083324432
6908,1,1,0.05668073257929564,0.04440014064311981
6909,1,0,0.062134219238174346,0.07651166617870331
6910,0,0,0.052079248675158174,0.03491818159818649
6911,0,1,0.05083645545073008,0.05511730909347534
6912,0,1,0.10336727677601681,0.10390409827232361
6913,0,1,0.046813410994040405,0.031534530222415924
6914,0,0,0.09337598608692702,0.14495570957660675
6915,0,1,0.03263551841574536,0.0604095458984375
6916,0,1,0.057359547237274044,0.0825214758515358
6917,0,0,0.05672914228695371,0.05470188707113266
6918,0,0,0.034404942651099286,0.025385145097970963
6919,0,0,0.07716199959339437,0.04832504689693451
6920,0,0,0.12282795952948461,-0.04691865295171738
6921,0,1,0.03710691061634252,0.049536388367414474
6922,0,1,0.07034371653744831,0.06639693677425385
6923,0,1,0.04449669137679432,0.036327991634607315
6924,0,1,0.033354671432478784,0.07115261256694794
6925,0,1,0.0441008097798954,0.05529511719942093
6926,0,1,0.040183546467365175,0.0523533932864666
6927,0,1,0.07481832645891129,0.0675736740231514
6928,0,1,0.054964065159372605,0.08770207315683365
6929,1,0,0.08257100918670446,0.08562436699867249
6930,0,1,0.03570204305852445,0.032357290387153625
6931,0,0,0.039796129109238784,0.04679185152053833
6932,0,0,0.059375972876181626,0.04403065890073776
6933,0,1,0.06560819026844152,0.07679549604654312
6934,0,0,0.024493299151073643,0.051564253866672516
6935,0,0,0.08189271766084472,0.0986374169588089
6936,1,1,0.06616614201737588,0.045358411967754364
6937,0,1,0.055693512603474285,0.10608978569507599
6938,0,1,0.04273338588286943,0.037026457488536835
6939,0,1,0.04201170065769877,0.01710622012615204
6940,0,1,0.10238592129401444,0.04543487727642059
6941,0,1,0.04859394516527145,0.07854492962360382
6942,0,0,0.04010845858402469,0.06159285828471184
6943,0,0,0.05961210622738357,0.016535691916942596
6944,0,1,0.07806888135262399,0.0985054224729538
6945,0,1,0.0507224462091703,0.02501281350851059
6946,0,1,0.054005161228219925,0.0871838629245758
6947,0,0,0.07100315583498781,0.03108169138431549
6948,1,0,0.05872618218117612,0.07518861442804337
6949,0,0,0.055732110140467014,0.06834344565868378
6950,0,0,0.027019493783318395,0.03262431174516678
6951,0,0,0.04130321702771515,0.0807683914899826
6952,1,1,0.05376281875416987,0.017883792519569397
6953,0,0,0.11579464091542507,0.10759775340557098
6954,0,1,0.07061115974746209,0.07726309448480606
6955,1,1,0.04246688553051041,0.02824285626411438
6956,0,1,0.042893400925438196,0.04563475400209427
6957,0,1,0.07184639606498344,0.07974940538406372
6958,0,1,0.06673495529925098,0.037021562457084656
6959,0,1,0.036217440254138755,0.04195868596434593
6960,0,0,0.07472233725435876,0.02999366819858551
6961,0,1,0.08198887454044285,0.06548593938350677
6962,0,0,0.06829112415196154,0.029877670109272003
6963,0,0,0.04782643798906962,0.06545202434062958
6964,0,1,0.09346178046483819,0.105933278799057
6965,0,1,0.04860842676930838,0.0670434758067131
6966,0,0,0.05594032694742801,0.021670356392860413
6967,0,0,0.03963157366267396,0.08307714760303497
6968,0,1,0.03892137993707683,0.08349071443080902
6969,0,1,0.05414265128132355,0.11036153882741928
6970,0,1,0.04066407789461672,0.08225297927856445
6971,1,1,0.09059833894529301,0.013199448585510254
6972,0,0,0.10911102162400874,0.1000550389289856
6973,0,0,0.06887902342673874,0.13949327170848846
6974,1,1,0.04197896345254522,0.03347994387149811
6975,0,1,0.06562851264208316,0.12768061459064484
6976,1,0,0.10342675740214452,0.016256988048553467
6977,0,0,0.07292146131479102,0.08847561478614807
6978,0,1,0.05088280633779799,0.08112820982933044
6979,1,1,0.06398178841340116,0.09383958578109741
6980,0,1,0.06034164324173498,0.025710172951221466
6981,0,0,0.03898027992652958,0.03821367397904396
6982,0,0,0.08563907863403294,0.09473824501037598
6983,0,0,0.07527094311612481,0.010701633989810944
6984,1,1,0.0814887695925087,0.1134968101978302
6985,0,1,0.05535314572570174,0.07859932631254196
6986,0,1,0.04250490391497361,0.02805175632238388
6987,0,1,0.06384036669371562,0.03608928620815277
6988,0,1,0.049854052894078904,0.04749440401792526
6989,0,1,0.06838553161439671,0.03138160705566406
6990,0,1,0.03733007551252339,0.02835014835000038
6991,0,0,0.07763130546857111,0.08181867003440857
6992,0,1,0.07012798488403474,0.0430542528629303
6993,0,1,0.05378669384333032,0.017478108406066895
6994,0,1,0.04749000283141562,0.10348109900951385
6995,0,1,0.0755112849802829,0.07157841324806213
6996,0,1,0.056191681679107,0.08021999895572662
6997,0,0,0.077374428395701,0.07082799077033997
6998,0,1,0.04693397123453433,0.06088581681251526
6999,0,1,0.03636582923189866,0.07693976163864136
7000,0,0,0.056858809092219645,0.02881041169166565
7001,0,0,0.07032602359001755,0.07304785400629044
7002,0,1,0.03785394913296032,0.042408257722854614
7003,0,1,0.09115438283739133,0.06599976122379303
7004,0,1,0.05767206048648699,0.08703616261482239
7005,0,0,0.06809326679038981,0.07715170085430145
7006,0,1,0.07910792565600294,0.1154438778758049
7007,0,0,0.10254498147770164,0.04146897792816162
7008,0,0,0.049846001446460966,0.004230126738548279
7009,0,1,0.05173130651310823,0.08229033648967743
7010,0,1,0.06288281740696257,0.02134014666080475
7011,1,1,0.08502521862861073,0.045488134026527405
7012,0,0,0.04044398468111579,0.08334344625473022
7013,0,1,0.06489769202779307,0.06379003822803497
7014,0,1,0.02759628628250249,0.038352686911821365
7015,0,0,0.10262725410029763,0.09024833142757416
7016,0,0,0.07350467762551638,0.0998910441994667
7017,0,0,0.05072134715905205,0.08490506559610367
7018,0,1,0.0245230462460237,0.038769327104091644
7019,0,1,0.06363745742082234,0.07350596785545349
7020,1,1,0.042071661038835764,0.05610821768641472
7021,0,1,0.05621097847864023,0.0390758216381073
7022,1,1,0.07164429076052412,0.07232014089822769
7023,0,1,0.03084176235894758,0.03995757922530174
7024,0,1,0.08029767531246543,0.08161823451519012
7025,0,1,0.060204291089661854,0.06958165019750595
7026,0,1,0.03758902926967319,0.06415002048015594
7027,0,1,0.036241560105723526,0.030849307775497437
7028,0,1,0.06002786677244766,0.04550793766975403
7029,1,1,0.05771962441840743,0.06697365641593933
7030,0,1,0.042761616802094046,0.07214952260255814
7031,0,0,0.04011323064016545,0.07486192882061005
7032,0,0,0.07213344030607532,0.051589131355285645
7033,0,0,0.035098372351958694,0.02757110446691513
7034,0,1,0.04254100979446242,0.06671072542667389
7035,0,1,0.05510015743639919,0.009909294545650482
7036,0,1,0.047776732652423146,0.013404306024312973
7037,0,0,0.0631725917437511,0.018634699285030365
7038,1,1,0.04063725363490292,0.04942946881055832
7039,0,1,0.07330326460521089,0.031662218272686005
7040,0,0,0.10994620576667191,0.10237118601799011
7041,0,1,0.07322606970781206,0.08310926705598831
7042,0,1,0.06987799055778081,0.10462657362222672
7043,0,1,0.057445048667925255,0.0050664618611335754
7044,0,1,0.027049391148851888,0.028536945581436157
7045,0,0,0.02500321756924532,0.054340463131666183
7046,0,1,0.05064627987173684,0.022993996739387512
7047,0,1,0.06834943873951065,0.043056972324848175
7048,0,1,0.04251879897374815,0.07928016781806946
7049,0,1,0.08600337917939038,0.133522629737854
7050,0,1,0.05598064767251988,0.0670820027589798
7051,0,0,0.07918967283154504,0.04891394078731537
7052,0,1,0.05881902518136618,0.0891815796494484
7053,0,1,0.0504538725981805,0.0900324285030365
7054,1,1,0.07391499250770009,0.03828674554824829
7055,0,1,0.051884812405322236,0.11585599929094315
7056,0,0,0.04449669137679432,0.036327991634607315
7057,0,1,0.07632384501509301,0.09679292887449265
7058,0,1,0.05369066211027461,0.03524739295244217
7059,1,0,0.05779479689513796,0.03211413323879242
7060,0,1,0.07940627712394985,0.0629265159368515
7061,0,1,0.05935732201682441,0.08257143944501877
7062,0,1,0.03852616131581706,0.042593467980623245
7063,0,1,0.04514244415261648,0.042910169810056686
7064,0,1,0.06871841209847647,0.08502871543169022
7065,1,1,0.07503320835343155,0.05482042580842972
7066,0,0,0.0400890125223064,0.06226145476102829
7067,1,1,0.026491140527871264,0.02818671055138111
7068,1,1,0.06403228576749043,0.041566334664821625
7069,0,1,0.058996504740169056,0.01775354892015457
7070,0,1,0.07495926622502541,0.07682930678129196
7071,1,1,0.07990507223924179,0.03481101989746094
7072,0,1,0.050174759385658005,0.08353360742330551
7073,0,1,0.028287519564770623,0.09002278000116348
7074,0,1,0.04434261303038564,0.008671365678310394
7075,0,0,0.05944018648495383,0.04598279297351837
7076,0,1,0.04127552283130059,0.10026365518569946
7077,1,1,0.07225316666085269,0.03649824857711792
7078,0,1,0.03461690647653974,0.0263039693236351
7079,0,1,0.0829954499379969,0.051473066210746765
7080,0,1,0.08259138706074484,0.13658404350280762
7081,0,0,0.062212245684044945,0.026921413838863373
7082,0,1,0.05336041637134653,0.08374819159507751
7083,1,1,0.040724634726487505,0.025348655879497528
7084,0,1,0.06742948347326673,0.051773712038993835
7085,0,1,0.032825903987507954,0.024893494322896004
7086,0,1,0.05077039976770267,0.07366669178009033
7087,0,1,0.06743338401125529,0.051773712038993835
7088,1,1,0.08433349184033972,0.09695607423782349
7089,1,1,0.05088351898280785,0.08112820982933044
7090,0,1,0.06652959507731156,0.05664736032485962
7091,0,0,0.06586678138005556,0.07691135257482529
7092,0,1,0.05231255510011776,0.05505853146314621
7093,0,0,0.07484277590093988,0.08098708093166351
7094,0,1,0.031139003280694348,0.054943714290857315
7095,0,1,0.04804071840980012,0.07246460020542145
7096,0,1,0.03172861832677977,0.011260706931352615
7097,1,0,0.06844318088038394,-0.015497222542762756
7098,1,0,0.05469761271377244,0.10730277001857758
7099,0,1,0.06501984479246034,0.08372053503990173
7100,1,1,0.053669332721068205,0.03648018091917038
7101,1,1,0.08653815280626481,0.09265556931495667
7102,0,0,0.045187517608925046,0.07601366937160492
7103,1,1,0.07284480734007798,0.04131811857223511
7104,0,1,0.048697107141599486,0.07202067226171494
7105,1,1,0.06825683888838716,0.05514806509017944
7106,1,1,0.07148765024187265,0.13115987181663513
7107,0,1,0.045725215690084,0.11216112226247787
7108,0,1,0.03129774996703963,0.024219589307904243
7109,0,0,0.04962404557745104,0.07700224220752716
7110,1,1,0.054611912949597746,0.024259351193904877
7111,0,1,0.04218602963363338,0.019564524292945862
7112,0,1,0.0605690763811188,0.09834771603345871
7113,0,0,0.05543454864840673,0.06850151717662811
7114,0,0,0.059489171546704925,0.02983267605304718
7115,1,0,0.06688763190677631,0.059671588242053986
7116,0,1,0.05457750582088018,0.0379105880856514
7117,0,1,0.050456605492413306,0.0900324285030365
7118,0,0,0.04648349610007241,0.06896117329597473
7119,1,1,0.06247532975168668,0.08271775394678116
7120,1,1,0.05607507272034104,0.04810161143541336
7121,0,0,0.044111574151377037,0.0569806769490242
7122,0,1,0.06217892924008574,0.05120251327753067
7123,0,1,0.038822071636470334,0.06100268289446831
7124,0,1,0.043949593212009266,0.04031161218881607
7125,0,1,0.07312711156422422,0.026468336582183838
7126,0,0,0.06549261518514533,0.09393259882926941
7127,1,1,0.07712051323528565,-0.0009905248880386353
7128,1,1,0.06617148215920128,0.08312077075242996
7129,0,1,0.04625973889074253,0.12068323791027069
7130,0,1,0.04070597118159225,0.02452109009027481
7131,0,0,0.056951723327172715,0.07251505553722382
7132,0,1,0.06601303575016157,0.045332543551921844
7133,0,1,0.04470064371525831,0.03354564309120178
7134,0,0,0.07846078619670818,0.05681278556585312
7135,1,1,0.05516054584733755,0.03148774802684784
7136,0,0,0.047110629148166744,0.05508536845445633
7137,1,1,0.07132247909275796,0.05129246413707733
7138,0,1,0.04904663088668913,0.058269351720809937
7139,0,1,0.05862399086633768,-0.023085802793502808
7140,0,0,0.053637842776395536,0.05844852328300476
7141,0,1,0.08149609943923339,0.044191256165504456
7142,1,1,0.1002445058424423,0.11667206883430481
7143,1,0,0.06306255552167647,0.03943197429180145
7144,0,0,0.04582260544095092,0.07241049408912659
7145,0,1,0.0539700258208905,0.046073734760284424
7146,0,1,0.07110038298644059,0.0841803103685379
7147,1,1,0.05427485942239055,0.02307194471359253
7148,0,1,0.031088786719749836,0.0682782456278801
7149,0,0,0.04793240227955632,0.04294651001691818
7150,0,1,0.05635684839048992,-0.024434566497802734
7151,0,1,0.039360413049749916,0.028066568076610565
7152,0,1,0.07495059729571141,0.07453612983226776
7153,0,1,0.058477450564036554,0.09570717066526413
7154,0,1,0.10696160877523128,0.09990450739860535
7155,0,1,0.05011920571473241,0.021886497735977173
7156,1,1,0.046487928859211686,0.04871473088860512
7157,0,0,0.11659005415122281,0.12467457354068756
7158,0,1,0.03222117298203971,0.04598443955183029
7159,0,1,0.09305376374802804,0.10404928028583527
7160,0,1,0.04836630966643174,0.07487020641565323
7161,0,0,0.03036751968771345,0.04815095663070679
7162,1,1,0.0971355169502211,0.05398465692996979
7163,1,1,0.07964727288287768,0.06139618158340454
7164,0,1,0.027038712103391503,0.03507714718580246
7165,0,1,0.06729785445827845,0.023904234170913696
7166,0,1,0.054279475745888345,0.026887819170951843
7167,0,1,0.09191000098881277,-0.0029021650552749634
7168,0,1,0.05700058942731641,0.06633275002241135
7169,1,1,0.06744914110761298,0.10335053503513336
7170,0,0,0.03295115348075208,0.021310828626155853
7171,0,1,0.06662626343917875,0.1143757626414299
7172,1,1,0.07461948532624621,0.06346572935581207
7173,0,1,0.03330916325937109,0.05903089791536331
7174,0,0,0.04336562614142249,0.0694991871714592
7175,0,0,0.08313723764348988,0.11671288311481476
7176,1,0,0.07097876157693309,0.05280140042304993
7177,1,0,0.04718771908966121,0.03955867886543274
7178,0,0,0.07357350540538027,0.04618696868419647
7179,0,1,0.04166591499438109,0.05245361477136612
7180,0,1,0.04456266020495417,0.14347600936889648
7181,0,1,0.03612405969315803,0.03758585825562477
7182,0,1,0.04371252641907068,0.041161030530929565
7183,0,1,0.07723401186569684,0.0504370778799057
7184,0,0,0.05820529174227383,0.04882875084877014
7185,0,1,0.0819843511846535,0.09880901873111725
7186,0,1,0.09470293130343721,0.09317250549793243
7187,0,0,0.04750462384977576,0.08147818595170975
7188,0,1,0.07340388545665227,0.0765477865934372
7189,0,1,0.09166046695689209,0.007269114255905151
7190,1,1,0.04347633987704626,0.08571997284889221
7191,0,0,0.11416159576748841,0.04079906642436981
7192,0,0,0.03329900031654713,0.05397898703813553
7193,0,1,0.0439451563345192,0.04684126749634743
7194,0,0,0.05677623468294915,0.042016543447971344
7195,1,1,0.08098104008636697,0.07002255320549011
7196,0,1,0.040618292787103424,0.0878138616681099
7197,1,1,0.05964146446719072,0.05222197622060776
7198,0,1,0.07794989026991439,0.03811103105545044
7199,0,1,0.05523289642734655,0.02804025262594223
7200,0,1,0.05257173235878235,0.047340139746665955
7201,0,1,0.0602304161137234,0.010662570595741272
7202,0,1,0.05861048092172996,0.054694123566150665
7203,1,1,0.04531691998538301,0.07731352746486664
7204,0,1,0.03393296246824575,0.016116149723529816
7205,0,1,0.07584754049667652,0.12654225528240204
7206,0,0,0.05205648515346559,0.08484788239002228
7207,0,1,0.07373598932017239,0.03118850290775299
7208,0,0,0.040905168909994405,0.04109816998243332
7209,0,1,0.10189746528320545,0.03606210649013519
7210,0,0,0.06460692540679737,0.017832189798355103
7211,0,0,0.06823992836723677,0.0371873676776886
7212,0,0,0.059256321713131055,0.042776450514793396
7213,0,1,0.05806166071626995,0.06738679856061935
7214,0,0,0.03753090319858588,0.03248616307973862
7215,0,0,0.07628471086725308,0.039738669991493225
7216,0,1,0.054252968986473096,0.09007314592599869
7217,0,1,0.027022194541774257,0.03262431174516678
7218,0,1,0.06718566273871156,0.05674174427986145
7219,0,1,0.04512921882361533,0.0812651664018631
7220,1,0,0.07343192007014504,0.05868463218212128
7221,1,1,0.04793900995382688,0.05235213786363602
7222,0,1,0.032013392724313215,0.058673933148384094
7223,0,0,0.03177895705792848,0.057178251445293427
7224,0,1,0.07183904667950519,0.08318311721086502
7225,0,1,0.06914796115544376,0.10494141280651093
7226,1,1,0.09668754838126181,-0.006495341658592224
7227,1,1,0.05384370456628611,-0.003174334764480591
7228,0,1,0.05944111815009305,0.0301065593957901
7229,0,1,0.04035326050136273,0.03305190056562424
7230,0,1,0.049940886904719886,0.056315310299396515
7231,1,1,0.04378614836280023,0.08142609894275665
7232,0,1,0.0645053730785055,0.07579448819160461
7233,0,0,0.05973745590645704,0.11500875651836395
7234,0,1,0.045145415570892564,0.05379097908735275
7235,0,0,0.08305206702694562,0.0652470737695694
7236,0,0,0.051076931313233015,0.054173633456230164
7237,0,0,0.057121708042547056,0.06533629447221756
7238,0,1,0.04550575629351428,0.05716570466756821
7239,0,1,0.05005935589485605,0.03547985106706619
7240,1,0,0.04567164373758835,0.04715576022863388
7241,0,1,0.07163282714440361,-0.017865166068077087
7242,0,1,0.03606406868491076,0.016516856849193573
7243,0,1,0.038112277602588326,0.07028897106647491
7244,0,0,0.03981757467805143,0.03724359720945358
7245,0,1,0.07599660544097855,0.08909842371940613
7246,0,1,0.060556638461004036,0.0967160239815712
7247,0,1,0.041731782580908275,0.009059011936187744
7248,0,1,0.09319415319852001,0.11514230072498322
7249,0,1,0.09797573835955839,0.12072121351957321
7250,0,1,0.08392491397487553,0.08638913929462433
7251,0,1,0.05275514020710442,0.08918751776218414
7252,0,0,0.08621963213106235,0.05350273847579956
7253,0,1,0.03537800032663508,0.03204862028360367
7254,0,1,0.07627061296690865,0.04792356491088867
7255,0,1,0.08799881754157476,0.05913960933685303
7256,1,1,0.058016894651562206,0.0859413892030716
7257,0,1,0.08500125035322739,0.06548503786325455
7258,0,1,0.052755482964653586,0.08918751776218414
7259,0,1,0.04340896019017888,0.08164888620376587
7260,0,1,0.06666807410092786,0.0941888839006424
7261,0,0,0.0510427474632075,0.03508004546165466
7262,0,1,0.06042364980907111,0.09581775963306427
7263,0,0,0.06398178841340116,0.09383958578109741
7264,0,1,0.060602662831310494,0.08979959040880203
7265,0,1,0.10971285501056263,0.10005547106266022
7266,0,0,0.0709121835874974,0.02803155779838562
7267,0,1,0.09577211684663195,0.01471419632434845
7268,1,1,0.08003879483316251,0.19108515977859497
7269,0,1,0.035543944998183884,0.03965883329510689
7270,0,0,0.044175392810323566,0.046514786779880524
7271,1,1,0.04247132541705989,0.02790602296590805
7272,0,1,0.0570220304594892,0.049568600952625275
7273,0,0,0.07524182130935897,0.0367186963558197
7274,0,1,0.10732884137357043,0.10308592021465302
7275,0,1,0.07591294106921476,0.024970009922981262
7276,0,1,0.031291822882239764,0.02329644374549389
7277,0,1,0.03989223069751287,0.056232791393995285
7278,0,1,0.07856316376106853,0.12798717617988586
7279,0,1,0.06984631689527258,0.10507191717624664
7280,0,0,0.0311023589884422,0.06312918663024902
7281,0,1,0.056651973667016325,0.047475866973400116
7282,0,1,0.0520392775610727,0.008232884109020233
7283,0,1,0.054766261188596885,0.07845835387706757
7284,0,1,0.04861163529128604,0.023799307644367218
7285,0,1,0.06993477920762892,0.05975727736949921
7286,0,1,0.07948936310102195,0.012591049075126648
7287,0,1,0.06841867498066492,0.02799159288406372
7288,0,1,0.04125621866231856,0.07232506573200226
7289,0,1,0.059410283031800015,0.022937603294849396
7290,0,1,0.06615568268771482,0.10282465815544128
7291,0,1,0.04449669137679432,0.036327991634607315
7292,0,1,0.08842202668586069,0.1397927701473236
7293,0,0,0.054273219681565996,0.02307194471359253
7294,0,0,0.05297502570803113,0.09329358488321304
7295,0,1,0.04347248831656661,0.04250538349151611
7296,0,1,0.056705062748877155,0.05598394572734833
7297,0,1,0.0529880835307219,0.014236345887184143
7298,1,1,0.03881864017817605,0.043391622602939606
7299,0,0,0.07744020834311119,0.03859701752662659
7300,0,1,0.08770087778768579,0.09101198613643646
7301,0,1,0.03886503797692677,0.08074001222848892
7302,1,0,0.0873797604108554,0.08812464773654938
7303,0,0,0.061709387084973324,0.10191528499126434
7304,0,1,0.11200880658067985,0.1157330572605133
7305,0,0,0.06867458098160804,0.10720950365066528
7306,0,1,0.07355422927195307,0.08500469475984573
7307,0,0,0.029838359259299868,0.03141195327043533
7308,0,1,0.0747417835107956,0.02168908715248108
7309,0,1,0.04880961456867003,0.03734242916107178
7310,0,1,0.02899684268072803,0.03134489804506302
7311,0,1,0.06248425165045114,0.025982916355133057
7312,0,1,0.03593267544733526,0.04924594983458519
7313,0,1,0.0562099884657931,0.06926717609167099
7314,0,1,0.0654693906868605,0.12393596768379211
7315,1,1,0.07707666004298788,0.07795725762844086
7316,0,0,0.04964508622231696,0.04415348172187805
7317,0,1,0.09337982338273071,0.06136175990104675
7318,0,0,0.04550575629351428,0.05716570466756821
7319,0,1,0.03518923977929485,0.0720495656132698
7320,1,0,0.057653698730699435,0.048706986010074615
7321,0,0,0.08752491051350339,0.08893029391765594
7322,0,1,0.03783066588458498,0.08471442759037018
7323,0,1,0.05364213089072445,0.0186956524848938
7324,1,1,0.0651524670302631,0.10424228012561798
7325,0,0,0.0676768168092618,0.03446079045534134
7326,1,1,0.07990507223924179,0.03481101989746094
7327,0,1,0.08434714869202126,0.09695607423782349
7328,0,0,0.06985637220498118,0.053400471806526184
7329,0,1,0.06903845971248339,0.06945817917585373
7330,0,1,0.0552523684006669,0.028024204075336456
7331,0,0,0.0679451510856612,0.061940476298332214
7332,0,0,0.025743801380113653,0.038526955991983414
7333,1,0,0.04095033567454305,0.05054568499326706
7334,0,1,0.04957228994354622,0.07717679440975189
7335,0,0,0.057962343412945386,0.04635094106197357
7336,0,0,0.07468877682520542,0.07440926134586334
7337,0,0,0.032345831200818555,0.04232463240623474
7338,0,1,0.06151378672098068,0.02878411114215851
7339,0,1,0.03193717488180502,0.02689206786453724
7340,0,1,0.038238524945368356,0.051697082817554474
7341,0,0,0.05767032729279692,0.051712073385715485
7342,0,1,0.08146249438819561,0.15453320741653442
7343,0,1,0.05599064803240683,0.05423329025506973
7344,1,1,0.08829627477235244,0.09064491093158722
7345,0,1,0.05903602657071179,0.09652628004550934
7346,1,1,0.09056568536967632,0.14970314502716064
7347,0,1,0.04537094658182726,0.07960309833288193
7348,0,0,0.03286299262280202,0.048008374869823456
7349,0,1,0.05643642945433437,0.0680403932929039
7350,0,0,0.07144765085413249,0.057228997349739075
7351,0,1,0.0825873495083376,0.0780443400144577
7352,0,1,0.06403229955246736,0.09606198966503143
7353,0,0,0.09714484345206892,0.06964121758937836
7354,0,0,0.033322271340580537,0.019360054284334183
7355,0,1,0.05706542939525845,0.020614109933376312
7356,0,1,0.09779677772136394,0.15911328792572021
7357,1,1,0.08093397637357269,0.06624710559844971
7358,0,0,0.0867473072769809,0.13326112926006317
7359,0,0,0.0762608297567769,0.0619262158870697
7360,1,1,0.09326231910129182,0.10497520864009857
7361,0,1,0.08855518136763815,0.09418532252311707
7362,0,1,0.04988868267584777,0.026835329830646515
7363,0,0,0.04290769738282299,0.026695039123296738
7364,0,1,0.0676523987479966,0.09848304837942123
7365,0,0,0.04876752172707424,0.0719367265701294
7366,0,0,0.02844303783393226,0.024529816582798958
7367,0,1,0.07362120190347721,0.08805868774652481
7368,0,1,0.060445434537614584,0.0816519632935524
7369,0,1,0.0657497396022504,0.026034802198410034
7370,0,0,0.05258092516284611,-0.001633085310459137
7371,0,1,0.07134245444911724,0.11618444323539734
7372,0,0,0.0334851704627027,0.042906083166599274
7373,0,1,0.07532011244860423,0.0900217667222023
7374,0,1,0.044333796908635245,0.08949439972639084
7375,0,1,0.08865391193134989,0.05983723700046539
7376,0,0,0.04362127619678202,0.038503192365169525
7377,0,1,0.05644517738016541,0.0680403932929039
7378,0,0,0.07280271845490063,0.09030574560165405
7379,0,0,0.08001948902810951,0.06292401254177094
7380,0,0,0.046137922061786296,0.0243605375289917
7381,0,1,0.07623313799546441,0.05442327260971069
7382,0,0,0.03881291694672092,0.038123972713947296
7383,0,1,0.08305755553253386,0.0652470737695694
7384,0,1,0.04550575629351428,0.05716570466756821
7385,0,0,0.06377729215901638,0.1493247151374817
7386,0,1,0.042848096785621015,0.040204860270023346
7387,0,0,0.04307984240794227,0.08837790787220001
7388,0,1,0.04516884854113666,-0.0028287917375564575
7389,0,1,0.08110186919832355,0.0723695158958435
7390,1,1,0.10132159362709059,0.10470354557037354
7391,1,1,0.10225845647987253,-0.0008770525455474854
7392,0,0,0.06291770027714486,0.09522886574268341
7393,0,1,0.040882677678132445,0.03403931483626366
7394,1,0,0.07638308901965127,0.051426127552986145
7395,0,1,0.06324312425252436,0.046559177339076996
7396,0,1,0.03199829470826535,0.06255315989255905
7397,1,1,0.09688235037656753,0.07412031292915344
7398,0,0,0.036058572246512835,0.035004597157239914
7399,0,1,0.07969467224477667,0.03312331438064575
7400,1,1,0.05633902595202635,0.07225894182920456
7401,0,0,0.032226316132619295,0.05346626788377762
7402,1,1,0.03708529949322235,0.06491171568632126
7403,0,1,0.06644790741355516,0.0881982073187828
7404,0,1,0.04842872236227147,0.052690595388412476
7405,0,0,0.04771772562763166,0.018565617501735687
7406,0,0,0.0529210979542139,0.07190849632024765
7407,0,0,0.03886503797692677,0.08074001222848892
7408,0,0,0.04562793739993325,0.04853697866201401
7409,0,1,0.050954739460908144,0.012347251176834106
7410,0,1,0.04526030450084691,0.02741605043411255
7411,0,0,0.04597528825681625,0.07908559590578079
7412,0,0,0.06627878667356549,0.13351058959960938
7413,0,0,0.03720305610272604,0.03235317021608353
7414,0,1,0.02755812309034939,0.046616241335868835
7415,0,1,0.08781258583245641,0.09888437390327454
7416,0,0,0.10683522437832213,-0.019661501049995422
7417,0,0,0.043088690533127985,0.08837790787220001
7418,0,0,0.05453083099402563,0.027338258922100067
7419,0,1,0.025750438836533364,0.02089548110961914
7420,1,1,0.03906795430600343,0.07473628968000412
7421,1,0,0.043626484049717265,0.038845889270305634
7422,1,1,0.07811583040279413,0.10255138576030731
7423,0,1,0.08146852127362578,0.0834980234503746
7424,0,0,0.0641606004865802,0.03542809933423996
7425,0,1,0.07784742685093043,0.03582543134689331
7426,0,0,0.03129751692436468,0.04347190633416176
7427,0,1,0.0683372319301393,0.05783963203430176
7428,0,1,0.0957202678169489,0.07531614601612091
7429,1,1,0.06494509486497678,0.024627014994621277
7430,0,1,0.07097578946908895,0.0723334401845932
7431,0,0,0.03628724546990827,0.04019807651638985
7432,0,0,0.04756175865719907,0.2433510720729828
7433,1,1,0.09810138339110075,0.056996703147888184
7434,0,0,0.09605492220490627,0.07920509576797485
7435,0,1,0.08259023187832665,0.05035293102264404
7436,0,0,0.05770722422652387,0.03238020837306976
7437,0,0,0.047735945353330686,0.07866387069225311
7438,0,0,0.07987417486557671,0.07120998203754425
7439,0,1,0.03110749327780824,0.05550510808825493
7440,0,1,0.054763189881132365,0.029531322419643402
7441,0,1,0.05931002301291732,0.02390783280134201
7442,0,0,0.06397378879724289,0.10548678040504456
7443,0,1,0.06799944699804002,0.06517301499843597
7444,0,1,0.04558932044207421,0.044039614498615265
7445,1,1,0.04881659501166356,0.03880928456783295
7446,0,1,0.07717201465628623,0.07340246438980103
7447,0,1,0.07720190105717595,0.06183069944381714
7448,0,1,0.07153147234694021,0.09149307012557983
7449,0,0,0.04987382416431975,0.08211994171142578
7450,1,1,0.06048266027954076,0.05765552818775177
7451,1,1,0.034591025412998,0.03915028274059296
7452,0,0,0.1148913523417262,0.10286164283752441
7453,0,1,0.09411358755184598,0.14444364607334137
7454,0,0,0.032641618740459684,0.06031826138496399
7455,0,1,0.053563110714563586,0.019758015871047974
7456,0,1,0.07294385846671295,0.053848594427108765
7457,0,0,0.09707915339181827,0.03308179974555969
7458,0,1,0.042811741228141464,0.025628753006458282
7459,0,1,0.04699947072334283,0.11724954843521118
7460,0,0,0.08602083705052418,0.043752893805503845
7461,0,1,0.06543100263903143,0.10874833166599274
7462,1,1,0.08720399847686874,0.09888271987438202
7463,0,1,0.03112270100891113,0.05947785824537277
7464,0,1,0.09428175148692547,0.0896192193031311
7465,1,1,0.04936084210691925,0.07141251862049103
7466,0,1,0.07247111948786786,0.042207151651382446
7467,0,1,0.03954910122200167,0.040341299027204514
7468,0,0,0.04092203904834042,-0.0003619268536567688
7469,0,0,0.058768048205006376,0.09875112771987915
7470,0,0,0.04063807217722966,0.0673719123005867
7471,0,1,0.0756375575239221,0.11527353525161743
7472,0,1,0.06300037716605397,0.11129921674728394
7473,1,0,0.06457982908694963,0.02091851830482483
7474,1,0,0.07483882540857834,0.025587305426597595
7475,0,1,0.03496332824548206,0.03337091952562332
7476,0,0,0.04454639937324047,0.07324114441871643
7477,0,1,0.037784543338665696,0.039326149970293045
7478,1,1,0.03730691906544,0.02631271630525589
7479,1,1,0.09808732194442948,0.10411246120929718
7480,0,1,0.04148723364140888,0.08326603472232819
7481,1,1,0.0850447091742837,0.027537867426872253
7482,0,1,0.0499890733740955,0.0509265661239624
7483,0,1,0.06568221101438085,0.0366361141204834
7484,1,1,0.05660662672596757,0.04120234400033951
7485,1,1,0.055654807834266906,0.08887970447540283
7486,0,1,0.058708805260634295,0.0661485344171524
7487,1,1,0.05767690526309545,0.043679378926754
7488,1,1,0.06783189234266165,-0.0008735954761505127
7489,0,1,0.0512447160955877,0.06441663205623627
7490,0,1,0.03262943217033378,0.06115715205669403
7491,1,1,0.06285244356515926,0.04714807868003845
7492,0,0,0.07272326295799142,0.03484608232975006
7493,1,1,0.11171054133306066,0.0640484094619751
7494,0,1,0.10264761635634831,0.08941042423248291
7495,0,1,0.048070882380484084,0.06379702687263489
7496,0,0,0.0655112345326903,0.07068081945180893
7497,0,1,0.0701502701955632,0.038703784346580505
7498,0,1,0.05311277101686232,0.08798921853303909
7499,0,1,0.05443394567447171,0.0669998824596405
7500,0,1,0.05490514138413448,0.04549015313386917
7501,0,1,0.04257347975727076,0.10070523619651794
7502,0,1,0.05436092734553334,0.024261437356472015
7503,0,0,0.045972295018490913,0.04993896186351776
7504,0,0,0.10532118347774447,0.12279219925403595
7505,0,0,0.09361616806390871,0.11628556251525879
7506,0,0,0.06509581196228663,0.017678409814834595
7507,0,0,0.08271622189631767,0.06902258098125458
7508,0,1,0.0517818661618,0.09338962286710739
7509,0,1,0.048761393416918264,0.07335822284221649
7510,1,1,0.052101941301927676,0.0406399741768837
7511,0,1,0.044074089882489884,0.022030986845493317
7512,0,0,0.027859607957114486,0.023620720952749252
7513,0,0,0.05531084350308857,0.08359722048044205
7514,0,1,0.07022279513110406,0.03088894486427307
7515,0,1,0.07436784570779198,0.06528051197528839
7516,0,0,0.07208872383929071,0.0483366996049881
7517,0,1,0.043342818198047056,0.08310531079769135
7518,0,1,0.07501083822543275,0.04094526171684265
7519,0,1,0.027616837410226018,0.02929203398525715
7520,0,0,0.03628934265907922,0.03890080377459526
7521,0,1,0.08188947492231627,0.13225048780441284
7522,0,1,0.032226009364813867,0.05346626788377762
7523,0,1,0.05305775775005797,0.08416234701871872
7524,0,1,0.10288187524902082,0.21240608394145966
7525,1,0,0.08421081305004369,0.10118608176708221
7526,0,1,0.07919834326651631,0.13680070638656616
7527,0,0,0.09686433377500664,0.02628389000892639
7528,0,1,0.05469666333812412,0.08496420830488205
7529,0,1,0.06886935829442771,0.048975810408592224
7530,0,1,0.062131517629189184,0.07651166617870331
7531,0,0,0.0520392775610727,0.008232884109020233
7532,1,0,0.03808327447008793,0.15339627861976624
7533,0,1,0.04952740934732107,0.08795517683029175
7534,0,1,0.051563400107655186,0.056100934743881226
7535,0,1,0.03951123900999946,0.05142267793416977
7536,1,1,0.05782820471026062,0.08942528814077377
7537,1,1,0.05907333544710637,0.0474231019616127
7538,0,1,0.05992139281887625,0.11027906090021133
7539,0,0,0.05132339023913114,0.00911228358745575
7540,0,1,0.06010574041005429,0.062784843146801
7541,1,1,0.030236328020324686,0.06931958347558975
7542,0,0,0.04984102215597479,0.02187197655439377
7543,0,1,0.06644006607922824,0.07789953052997589
7544,0,1,0.06914728400059275,0.11721527576446533
7545,0,1,0.05102374599444201,0.020570263266563416
7546,0,1,0.05818309465684711,0.055733680725097656
7547,0,0,0.05554668267992953,0.081486776471138
7548,0,0,0.08032126357596142,0.00886465609073639
7549,0,1,0.05202582598209897,0.024665750563144684
7550,0,0,0.04095213470972145,0.05054568499326706
7551,0,1,0.07225415067840099,0.1161702573299408
7552,0,1,0.030806368857815965,0.052537038922309875
7553,0,1,0.0750447493399897,0.10509490966796875
7554,0,0,0.05102127469387764,0.04824076592922211
7555,0,1,0.09133075193476634,0.0025551915168762207
7556,0,0,0.07814757036393433,0.13547226786613464
7557,0,1,0.05802209460030154,0.04991894215345383
7558,0,1,0.05391171689607745,0.08830222487449646
7559,1,0,0.04643114685008508,0.060722194612026215
7560,0,0,0.038424952499764305,0.11618532985448837
7561,1,1,0.04122997966642837,0.08953063189983368
7562,0,1,0.06510866769868333,0.06972463428974152
7563,0,1,0.06440800219200238,0.04221314191818237
7564,0,1,0.03861965564640008,0.06288286298513412
7565,0,1,0.06618576610769411,0.07129748165607452
7566,0,0,0.03963157366267396,0.08307714760303497
7567,0,0,0.03591051822360728,0.0774303451180458
7568,0,0,0.05773776493648847,0.054440438747406006
7569,0,1,0.04866463521465257,0.07249507308006287
7570,0,0,0.043949868153633054,0.04031161218881607
7571,1,0,0.07072702824874616,0.054803550243377686
7572,1,1,0.036079991433126304,0.02995215728878975
7573,0,1,0.08714955646651878,0.10974673926830292
7574,0,0,0.05527196764227317,0.015846654772758484
7575,0,1,0.038373822590321745,0.06110240891575813
7576,0,1,0.04279242580302019,0.02582976222038269
7577,1,0,0.05531903722073228,0.07094559073448181
7578,0,1,0.08035272994369935,0.018879562616348267
7579,0,1,0.04858044864338072,0.034671276807785034
7580,0,1,0.09841375368359573,0.09377872943878174
7581,0,0,0.028818013327043993,0.07476780563592911
7582,0,1,0.04803668673585684,0.060889579355716705
7583,0,0,0.07766577561348659,0.039468199014663696
7584,0,1,0.0317736313000862,0.05844968557357788
7585,0,0,0.027049391148851888,0.028536945581436157
7586,1,1,0.061654687164476266,0.12157486379146576
7587,0,1,0.07889750871041926,0.10336361825466156
7588,0,1,0.05077897866410287,0.08867987990379333
7589,0,1,0.07145503323207406,0.08703745156526566
7590,0,1,0.07181970193795004,0.11078368872404099
7591,0,1,0.06753348296297304,0.03304252028465271
7592,0,1,0.0456945534142989,0.0703083872795105
7593,0,1,0.04920330471248542,0.037470683455467224
7594,0,1,0.06340214973001046,0.05227985233068466
7595,0,0,0.08553459746834938,0.06314027309417725
7596,0,1,0.07556632115693823,0.08019590377807617
7597,0,1,0.06161919722032298,0.13220715522766113
7598,0,0,0.02629106815219035,0.035009145736694336
7599,0,0,0.08581537756179114,0.07905317842960358
7600,0,0,0.0762584603547273,0.056426167488098145
7601,0,1,0.07979475892773893,0.07087625563144684
7602,0,1,0.05268285147336767,0.09939993917942047
7603,1,1,0.062142223423455586,0.036972492933273315
7604,1,1,0.08452218978480933,0.07256956398487091
7605,0,1,0.05341714912814105,0.04803215712308884
7606,0,0,0.04820473457173759,0.03737924247980118
7607,0,1,0.07065024513469417,0.11178609728813171
7608,0,0,0.03177895705792848,0.057178251445293427
7609,0,1,0.05333876236396411,0.07194187492132187
7610,0,1,0.04600572455069686,0.07225427776575089
7611,0,1,0.039019270870493644,0.04682518169283867
7612,1,0,0.0391156239865018,0.047182586044073105
7613,0,0,0.04019373032912206,0.037675149738788605
7614,0,1,0.04839616119266425,0.03462985157966614
7615,0,1,0.03213488499657696,0.04682416468858719
7616,0,0,0.04657252363181434,0.07578034698963165
7617,0,1,0.0394570962048211,0.05087762326002121
7618,0,1,0.0484006072513478,0.16008010506629944
7619,0,0,0.059185065379048385,0.03789155185222626
7620,0,1,0.06904870096878415,0.07461220771074295
7621,0,1,0.0750976622794162,0.053757622838020325
7622,1,1,0.07241263020300279,0.11119392514228821
7623,0,0,0.08729595706869697,0.07854458689689636
7624,0,1,0.02783616524801362,0.036847226321697235
7625,0,1,0.06939306870861438,0.03471074998378754
7626,0,1,0.053673899769803926,0.020687095820903778
7627,0,1,0.08736620006413667,0.08812464773654938
7628,0,1,0.05361759062396261,0.04318089783191681
7629,0,1,0.04863848440924862,0.07944346219301224
7630,1,1,0.03776183703539524,0.04484742879867554
7631,0,1,0.07546709938733168,0.0664118081331253
7632,0,1,0.036380851208492763,0.03854386880993843
7633,0,1,0.0436084189793072,0.03621821850538254
7634,0,1,0.046735741853153434,0.049582429230213165
7635,0,1,0.06143520012335581,0.02112402766942978
7636,1,1,0.05338573618036366,0.031571969389915466
7637,0,1,0.03322655614379438,0.029766380786895752
7638,0,1,0.08312576122539733,0.11239650845527649
7639,0,1,0.037588553716358386,0.06415002048015594
7640,1,0,0.05774576781329309,0.016587525606155396
7641,0,0,0.06649809128295184,0.11262418329715729
7642,0,0,0.06363451578183141,0.07695655524730682
7643,0,0,0.07812516561587335,0.02173769474029541
7644,1,1,0.07434724467624931,0.0704457238316536
7645,0,1,0.06511117208904897,0.02588820457458496
7646,0,0,0.05734961149535246,0.06684637814760208
7647,1,1,0.08427029105459707,0.03153295814990997
7648,0,1,0.06423896516958397,0.02380414307117462
7649,0,1,0.06895740198002233,0.036007359623909
7650,0,1,0.05049821879137939,0.08109700679779053
7651,0,1,0.06370806566163587,0.09656956791877747
7652,1,1,0.08215121180974833,0.07744716107845306
7653,0,1,0.04265194256220432,0.08844731748104095
7654,0,1,0.05687154486103019,0.0688219666481018
7655,0,1,0.027806155337560715,0.030460746958851814
7656,0,1,0.051186193008668834,0.023860178887844086
7657,0,0,0.06696333911129049,0.0590398907661438
7658,0,1,0.07244633507716239,0.09234108775854111
7659,0,1,0.06015816265289996,0.11975812911987305
7660,0,1,0.08149609943923339,0.044191256165504456
7661,0,1,0.09810756163134884,0.09166219830513
7662,0,0,0.04804594821910112,0.041051529347896576
7663,0,1,0.03349467297659584,0.030720222741365433
7664,0,1,0.10352036423576338,0.026487082242965698
7665,0,0,0.0486431952472523,0.03347969800233841
7666,0,1,0.06219375346392844,0.07533697038888931
7667,0,1,0.0527421612170413,0.10741535574197769
7668,0,1,0.08081750595076106,0.01668223738670349
7669,0,1,0.08088943183288946,0.03416280448436737
7670,0,0,0.04080948477835426,0.046220503747463226
7671,0,1,0.06044161947214602,0.07992967218160629
7672,0,0,0.0679763106257969,0.05964501202106476
7673,0,0,0.07981956033820303,0.0766834020614624
7674,0,1,0.03960942072346682,0.08349490910768509
7675,1,0,0.06887463866910813,0.10002201050519943
7676,0,1,0.09482550796662492,0.11839370429515839
7677,1,1,0.031139003280694348,0.054943714290857315
7678,0,0,0.10891268625487951,-0.03601297736167908
7679,1,1,0.03989446703311712,0.06050264835357666
7680,0,0,0.03980906186588594,0.10992751270532608
7681,1,0,0.04691003566941457,0.04540055990219116
7682,0,1,0.08569887940662244,0.027096286416053772
7683,0,0,0.07705051102099583,0.06777024269104004
7684,0,1,0.05177230019841868,0.0979129821062088
7685,0,0,0.06600523036227661,0.03831310570240021
7686,1,1,0.07159883493205038,0.04475577175617218
7687,0,1,0.028984128678662638,0.038324132561683655
7688,0,1,0.08736186941854113,0.08929498493671417
7689,0,1,0.03987792648519084,0.06849753111600876
7690,0,1,0.030286298037783065,0.05957949161529541
7691,0,1,0.07085055853446029,0.048978328704833984
7692,0,1,0.07218612944201072,0.05407652258872986
7693,0,1,0.04866463521465257,0.07249507308006287
7694,0,1,0.08421215015263822,0.0652141273021698
7695,0,1,0.05585555382093761,0.07704392075538635
7696,0,1,0.10489275148546778,0.034249961376190186
7697,0,1,0.05370364387073971,0.023615695536136627
7698,0,1,0.045396931582173686,0.07324114441871643
7699,0,0,0.03628934265907922,0.03890080377459526
7700,0,1,0.0529807602825112,0.01831573247909546
7701,1,0,0.06852511637750465,0.03436502069234848
7702,0,1,0.058697304082330815,-0.03430645167827606
7703,0,1,0.03782563713641387,0.04863211512565613
7704,0,1,0.06770467880821038,0.013426810503005981
7705,1,1,0.1050604327248644,0.09447063505649567
7706,0,1,0.08223632617376325,0.0854467898607254
7707,0,1,0.06411755178995829,0.10242404043674469
7708,1,1,0.027035305792886148,0.03507714718580246
7709,0,1,0.08379069948333903,0.12474922835826874
7710,0,1,0.03563350768680565,0.04075359180569649
7711,0,1,0.03628565573050944,0.04019807651638985
7712,0,0,0.1012095639042011,0.1007428765296936
7713,0,0,0.06811672690295059,0.07502132654190063
7714,0,0,0.03504321066250752,0.01863989233970642
7715,0,1,0.06306977340912291,0.0332312136888504
7716,0,1,0.04522008433864208,0.0764523446559906
7717,0,1,0.0479770711018158,0.036814525723457336
7718,0,1,0.07175718623331076,0.046751394867897034
7719,0,0,0.05837310902805071,0.09094981104135513
7720,0,1,0.07064263395093764,0.048576027154922485
7721,0,1,0.04796219079403587,0.03924386948347092
7722,0,1,0.04258650625468001,0.08164888620376587
7723,0,0,0.09897675771341818,0.11093728244304657
7724,0,1,0.04766399587316347,0.040233075618743896
7725,0,1,0.02899684268072803,0.03134489804506302
7726,1,1,0.06142901248688941,0.03170908987522125
7727,1,1,0.030286298037783065,0.05957949161529541
7728,0,1,0.0396484564986645,0.0349956750869751
7729,0,1,0.06503745900498806,0.11365311592817307
7730,0,1,0.058060156765196935,0.09452828019857407
7731,0,0,0.051675186333923984,0.08289816975593567
7732,0,1,0.06418334690131598,0.03619927912950516
7733,0,1,0.06316459870465421,0.1024821400642395
7734,0,1,0.05074394330806868,0.01580965518951416
7735,1,1,0.07435128717838224,0.07059170305728912
7736,0,1,0.05358341442764186,0.07353831827640533
7737,0,1,0.034406518451398665,0.02161606028676033
7738,0,1,0.07219914031737582,0.056604787707328796
7739,0,1,0.04720229425502247,0.031353503465652466
7740,0,1,0.046280504930143504,0.12932266294956207
7741,0,0,0.05922780348762366,0.031123802065849304
7742,0,1,0.05270397958566103,0.020269259810447693
7743,1,1,0.047858011621375804,0.04504960775375366
7744,0,0,0.05825834889171007,0.16421213746070862
7745,0,0,0.025027046697425975,0.042541246861219406
7746,0,1,0.07404670073498196,0.04159565269947052
7747,0,0,0.0585458260593158,0.0443817675113678
7748,1,1,0.07104340142791807,0.10794771462678909
7749,0,1,0.028398439283988976,0.03698328137397766
7750,0,1,0.02569689287488358,0.036498405039310455
7751,1,1,0.05862346368897092,0.050555773079395294
7752,0,1,0.05205503767830273,0.08484788239002228
7753,0,0,0.04767050642890672,0.02753184735774994
7754,1,1,0.09015109155316942,0.12067438662052155
7755,0,0,0.026236993040241373,0.04243883863091469
7756,0,1,0.08534374253993621,0.08214633166790009
7757,0,1,0.058044142984382055,0.053880997002124786
7758,0,1,0.04293534563212387,0.0646781474351883
7759,0,1,0.06043175807609465,0.10762879252433777
7760,0,1,0.07872348816014085,0.07803769409656525
7761,0,1,0.04962623265954355,0.0767623633146286
7762,0,1,0.049977825119381813,0.06123606860637665
7763,0,0,0.057754540969726265,0.07633084058761597
7764,1,1,0.08471699698396024,0.09766608476638794
7765,1,1,0.08556645780702915,0.05200950801372528
7766,0,0,0.04885775716924742,0.03955671936273575
7767,0,1,0.031897117791317,0.03210699185729027
7768,0,1,0.06420912900078941,0.050247922539711
7769,1,1,0.051526323415904796,0.11900722235441208
7770,0,1,0.0945019536758468,0.034809648990631104
7771,0,1,0.036452180710853814,0.07586272805929184
7772,1,1,0.0404681236529357,0.0942147895693779
7773,1,1,0.05770967145642793,0.08245135098695755
7774,1,0,0.11380170162551223,0.11223714053630829
7775,0,1,0.060690324637044185,0.015749916434288025
7776,0,1,0.060680734514648685,0.060333251953125
7777,0,0,0.04139970515712607,0.084624744951725
7778,0,0,0.0678527435190967,-0.031676724553108215
7779,0,1,0.05519052908849746,0.02355486899614334
7780,0,0,0.040323167394560294,0.040888600051403046
7781,0,0,0.038985353998455666,0.041219353675842285
7782,0,0,0.06983407738631167,0.09952916204929352
7783,0,1,0.06454319072276825,0.028318583965301514
7784,1,1,0.07136818446996146,0.07668538391590118
7785,0,1,0.10845295236567609,0.00799742341041565
7786,0,0,0.08081423710224489,0.03619509935379028
7787,0,1,0.033934737180530986,0.032269082963466644
7788,0,1,0.06824834937073028,0.03702618181705475
7789,0,1,0.07136187495441199,0.0905643031001091
7790,0,1,0.0642091491648476,0.04233124852180481
7791,0,1,0.06314544493918725,0.027062758803367615
7792,0,0,0.059368350544675166,0.05166971683502197
7793,0,0,0.042298849261314,0.03725976496934891
7794,0,0,0.06053527534937274,0.09923774003982544
7795,0,1,0.0662322870809117,0.06360513716936111
7796,0,0,0.06311012677398688,0.0810866504907608
7797,0,0,0.034574502818328356,0.025096997618675232
7798,0,1,0.07766868918696326,0.07785890996456146
7799,0,1,0.07705462686650785,0.05501261353492737
7800,1,1,0.08297728530828075,0.028415128588676453
7801,0,0,0.042286118665085956,0.03200133889913559
7802,0,1,0.08215558232576903,0.12748144567012787
7803,0,0,0.04013648461652175,0.06557346135377884
7804,0,0,0.08033318321196212,0.08135630935430527
7805,1,0,0.0841454643202263,0.08550667762756348
7806,0,0,0.0717897610598793,0.1025739535689354
7807,1,1,0.058088289452191896,0.04996033012866974
7808,0,1,0.04924840651184778,0.07144129276275635
7809,0,1,0.10197378011543087,0.10144157707691193
7810,0,1,0.0380677692803966,0.07120975106954575
7811,0,0,0.07328683310811931,0.10781994462013245
7812,0,1,0.06713097611629498,0.05763458460569382
7813,0,0,0.05568353593716176,0.0582132488489151
7814,0,1,0.033934737180530986,0.032269082963466644
7815,0,1,0.03424659524920959,0.06395546346902847
7816,1,1,0.06150603103685283,0.1030568853020668
7817,1,1,0.06880786746278955,0.05829152464866638
7818,0,1,0.11028245288797306,0.02818465232849121
7819,0,1,0.05457750582088018,0.0379105880856514
7820,0,1,0.03327849309167399,0.06752373278141022
7821,0,1,0.06119037651647058,0.10403502732515335
7822,0,0,0.06271063853870609,0.09223968535661697
7823,0,1,0.051530573522250295,0.04476109892129898
7824,0,0,0.04167994889353095,0.0403592512011528
7825,0,1,0.04719079519400822,0.05772305279970169
7826,0,1,0.055970206469084766,0.04348868131637573
7827,0,0,0.04962623265954355,0.0767623633146286
7828,0,1,0.06218295959824009,0.052376046776771545
7829,0,1,0.09665498224233474,0.023985430598258972
7830,1,0,0.0705937712883453,0.07301817089319229
7831,1,0,0.10686447707449623,0.0546875
7832,0,1,0.12063021423267822,-0.016194850206375122
7833,0,0,0.08338637981006805,0.07862338423728943
7834,0,0,0.07716199959339437,0.04832504689693451
7835,0,0,0.06980855138310997,0.03863859176635742
7836,0,0,0.0870433801814664,0.1397501826286316
7837,0,1,0.05063317005300942,0.027561187744140625
7838,0,1,0.040371565254123276,0.0224900022149086
7839,0,1,0.05140123845901709,0.0359414741396904
7840,0,1,0.06882764411208035,0.024581357836723328
7841,0,0,0.05257861652824915,0.0453629270195961
7842,0,1,0.07716199959339437,0.04832504689693451
7843,0,0,0.0672744236939674,0.038140252232551575
7844,1,0,0.05263276749856684,0.10980195552110672
7845,1,0,0.05468815104902387,0.023416668176651
7846,0,0,0.03266682504186733,0.05679105222225189
7847,0,1,0.07254108731027667,0.04533550888299942
7848,0,1,0.10281810736491595,0.12240380048751831
7849,1,1,0.056711369819145846,0.03217201679944992
7850,0,1,0.052353271934017453,0.07836340367794037
7851,0,1,0.049918160668199374,0.01572062075138092
7852,0,0,0.0398904193285259,0.056232791393995285
7853,0,0,0.04794183272011966,0.038191020488739014
7854,0,1,0.10562088188742308,0.14510640501976013
7855,0,1,0.04316834668583333,0.07967735826969147
7856,0,1,0.08080038182599875,0.03521624207496643
7857,0,1,0.0631725917437511,0.018634699285030365
7858,1,0,0.08254981171768966,0.08002431690692902
7859,0,1,0.10163461792221132,0.1042991578578949
7860,0,0,0.06128500684565291,0.0954422727227211
7861,0,0,0.049570994692514914,0.07249507308006287
7862,0,1,0.042108065877445325,0.06472928822040558
7863,0,1,0.03609527908691472,0.020486030727624893
7864,0,0,0.0875473116699084,0.02594664692878723
7865,0,1,0.047186156668554705,0.0730038434267044
7866,0,1,0.03391444418890777,0.058956049382686615
7867,0,0,0.029248030835490615,0.027486832812428474
7868,0,0,0.06361190568825945,0.09071668237447739
7869,0,0,0.11316352059621743,0.09450089931488037
7870,1,0,0.06359064078794759,0.16568365693092346
7871,0,0,0.02975811050429643,0.04256964474916458
7872,1,1,0.06764104576927843,0.028582021594047546
7873,0,0,0.05523878158736191,0.06711950153112411
7874,0,1,0.07180936793163026,0.11078368872404099
7875,0,1,0.053421477375248036,0.10843880474567413
7876,0,1,0.05269483589734601,0.027971431612968445
7877,0,1,0.03987631898193712,0.059815697371959686
7878,1,1,0.054005161228219925,0.0871838629245758
7879,0,1,0.06617667534227076,0.08387555927038193
7880,1,0,0.050792865623954825,0.017395518720149994
7881,1,1,0.08075828756240613,0.040428340435028076
7882,0,1,0.066650729753292,0.1196327656507492
7883,0,1,0.04085378958939141,0.0526762381196022
7884,1,1,0.07984366895837161,0.07048548758029938
7885,0,0,0.050767564209098934,0.009629108011722565
7886,0,1,0.08317197927082431,0.09014737606048584
7887,0,1,0.07093859556831042,0.07800404727458954
7888,0,0,0.031197523813632458,0.0676557645201683
7889,0,0,0.11561466071685961,0.05831730365753174
7890,0,1,0.06880528375992688,0.04971671104431152
7891,0,1,0.024030966778651804,0.03102131187915802
7892,0,0,0.057990155996600526,0.13943101465702057
7893,0,1,0.027604575046784985,0.038352686911821365
7894,0,0,0.08593011562573766,0.10945627093315125
7895,0,1,0.06991696111095687,0.05575251579284668
7896,0,1,0.0774834480644275,0.13261733949184418
7897,0,1,0.06361419604817795,0.07350596785545349
7898,0,1,0.0376447222745069,0.12661758065223694
7899,0,1,0.037757948945114084,0.04568146541714668
7900,0,0,0.02894412015727573,0.04340251162648201
7901,0,1,0.032485466668698885,0.026486333459615707
7902,0,1,0.04350658920726007,0.0617687813937664
7903,0,1,0.056369358052936025,0.05312894284725189
7904,0,0,0.09691284832918526,0.07143010199069977
7905,0,1,0.08063155439076414,0.05707670748233795
7906,0,1,0.02701192939077874,0.03195039927959442
7907,0,0,0.05202607697808731,0.024665750563144684
7908,0,0,0.06775081985903689,0.11175329983234406
7909,0,1,0.05052103873497235,0.0877254381775856
7910,0,1,0.10207270765499918,0.03887936472892761
7911,0,0,0.09818979243342169,0.08425287902355194
7912,1,1,0.06914670063701948,0.08570785075426102
7913,0,1,0.05661617429825251,0.024490267038345337
7914,0,0,0.044508165574436445,0.09570851922035217
7915,0,0,0.03520522134016214,0.08326494693756104
7916,0,1,0.02759865172074312,0.038352686911821365
7917,0,0,0.0474899889741604,0.10348109900951385
7918,0,0,0.0666896939160035,0.1081494688987732
7919,0,1,0.03523853436864074,0.06073717772960663
7920,0,1,0.0670054086719683,0.044214650988578796
7921,0,1,0.049627243734350346,0.08272992074489594
7922,0,1,0.028995832864578602,0.032986633479595184
7923,0,1,0.08740027505515571,0.08944207429885864
7924,0,1,0.029818619305326415,0.026259250938892365
7925,0,0,0.07218161176556928,0.010516032576560974
7926,0,1,0.07203815957364623,0.030333146452903748
7927,0,0,0.0849969811013418,0.060200050473213196
7928,0,0,0.06674508011569592,0.038599178194999695
7929,0,1,0.07482716779569179,0.02324025332927704
7930,0,0,0.05430032231251118,0.06274684518575668
7931,0,1,0.0529880835307219,0.014236345887184143
7932,0,1,0.05764515058037138,0.014302253723144531
7933,0,1,0.08235346122801646,0.017039000988006592
7934,0,1,0.04261347304161868,0.06212851405143738
7935,0,0,0.09157315416910114,0.02770209312438965
7936,0,1,0.05120946100715683,0.06585194170475006
7937,0,1,0.04426673009170852,0.015300914645195007
7938,0,1,0.06390929077280674,0.03691475838422775
7939,1,1,0.03262020923805728,0.0545593798160553
7940,1,1,0.09363521032436947,0.00843675434589386
7941,0,0,0.044226038325209244,0.045168742537498474
7942,1,0,0.05914829554665685,0.046113163232803345
7943,0,0,0.04362213732266566,0.06497900187969208
7944,0,1,0.048060844969757585,0.03803175687789917
7945,0,1,0.05760666503386226,0.049163252115249634
7946,0,1,0.08014837665045274,0.01514524221420288
7947,1,1,0.054671430210097544,0.03777855634689331
7948,0,1,0.06470436161456164,0.07826076447963715
7949,0,0,0.03359855062453885,0.055056460201740265
7950,0,0,0.06495880825650835,0.02861003577709198
7951,0,1,0.06516618590126673,0.09080956876277924
7952,1,0,0.05502960171478191,0.045881032943725586
7953,0,1,0.04565479803363774,0.04153299331665039
7954,0,1,0.06276227708649104,0.07999184727668762
7955,1,1,0.05597376869751587,0.03227582573890686
7956,0,0,0.07188809763765516,0.09810697287321091
7957,0,1,0.07637427767633875,0.05462221801280975
7958,0,1,0.04719844786225538,0.0654408410191536
7959,0,1,0.08518759823320232,0.06284964084625244
7960,0,1,0.03391777946171159,0.039085812866687775
7961,0,0,0.06288542238246145,0.08563324809074402
7962,1,0,0.03713804241325124,0.06234404817223549
7963,0,0,0.030803821715552883,0.03335017338395119
7964,0,1,0.10331580859303222,-0.04662823677062988
7965,0,1,0.05783989411117944,0.12530691921710968
7966,0,1,0.03641080969529245,0.036185331642627716
7967,0,1,0.03979411098418138,0.10331514477729797
7968,0,1,0.06613770380567369,0.07129748165607452
7969,0,0,0.1090702539794727,0.14063574373722076
7970,0,0,0.07867944704473498,0.08469875901937485
7971,0,1,0.03939991074515441,0.031316570937633514
7972,0,1,0.06445075479185873,0.02262905240058899
7973,0,0,0.04278310531861365,0.03204577416181564
7974,0,0,0.05032343861147588,0.03885988891124725
7975,0,1,0.06392953109877952,0.025086477398872375
7976,1,1,0.050120299610655186,0.021562665700912476
7977,1,1,0.09778927201277901,0.12450142204761505
7978,0,1,0.04263517123825504,0.04443221911787987
7979,0,0,0.07137172469641156,0.09384764730930328
7980,0,1,0.07435424271580093,0.07215549796819687
7981,0,1,0.07559461868139675,0.04836121201515198
7982,0,1,0.03991608841013343,0.03668840229511261
7983,0,1,0.04148784605807497,0.03747105598449707
7984,0,1,0.06580041920211223,0.04838721454143524
7985,0,1,0.051744265429860464,0.08970513194799423
7986,0,1,0.04365296017870464,0.03926169499754906
7987,0,0,0.06143520012335581,0.02112402766942978
7988,1,0,0.05642954614298312,0.08137702196836472
7989,0,0,0.04744177387606481,0.07900428026914597
7990,0,1,0.06470028708125082,0.02982945740222931
7991,0,1,0.04170791633340484,0.03808031976222992
7992,0,1,0.07822011431193679,0.06397812068462372
7993,0,0,0.024500507430965608,0.0489327497780323
7994,0,1,0.07348785698630902,0.03876255452632904
7995,0,0,0.09921962664071979,0.04983395338058472
7996,0,0,0.07172481966386351,0.07596009224653244
7997,0,1,0.042340842667927606,0.036962658166885376
7998,0,1,0.10490310870495356,0.0918508768081665
7999,0,1,0.033771005777578855,0.023703683167696
8000,0,1,0.06757888085899388,0.02130843698978424
8001,0,0,0.025797202692511616,0.03387933969497681
8002,0,1,0.036251833565138274,0.030035514384508133
8003,0,0,0.04888141666539188,0.024698704481124878
8004,0,1,0.06393891797126229,0.0970599353313446
8005,0,0,0.06881410773398039,0.09546761959791183
8006,0,0,0.027591753016787714,0.03448217734694481
8007,0,0,0.08863792368298909,0.022279798984527588
8008,0,1,0.10381601157642303,0.11053475737571716
8009,0,1,0.05730290250931443,0.07389992475509644
8010,0,0,0.060855045124330334,0.03240088373422623
8011,0,0,0.060944781512843466,0.03659965097904205
8012,0,0,0.07461349998950337,0.06023707985877991
8013,0,1,0.06317014368186205,0.026158884167671204
8014,1,0,0.06571667250420934,0.08930648863315582
8015,0,1,0.04984632931522999,0.010314002633094788
8016,0,1,0.03127457835731077,0.03522446006536484
8017,0,0,0.05861210192138927,0.05477644503116608
8018,0,0,0.05032539500493324,0.05419939383864403
8019,0,0,0.02895789313123387,0.03197533264756203
8020,0,1,0.05632113564473884,0.08362313359975815
8021,0,0,0.028383123603885063,0.03747759014368057
8022,0,1,0.10604516359202212,0.1290680319070816
8023,0,1,0.04574707000329174,0.07069095224142075
8024,0,1,0.05397949815529085,0.0892450138926506
8025,0,0,0.0914715260357308,0.07067342102527618
8026,0,1,0.07420496963201872,0.025186464190483093
8027,0,1,0.03536319145132306,0.04911010339856148
8028,0,1,0.07378077279014583,0.1180676594376564
8029,0,0,0.08845334460993318,0.09683540463447571
8030,0,1,0.04172050759486581,0.05385047197341919
8031,0,1,0.06032018861099944,0.07545655220746994
8032,0,1,0.039794867172795054,0.04745239019393921
8033,0,1,0.05054499499888951,0.07931967079639435
8034,0,1,0.07355328704212333,0.07457029819488525
8035,0,0,0.03607571680438922,0.07577082514762878
8036,0,0,0.08813672643072792,0.09550178050994873
8037,0,1,0.05541998011646809,0.08157037943601608
8038,0,1,0.035575011397568225,0.03445994853973389
8039,0,1,0.1188158504415826,0.11253480613231659
8040,0,1,0.02403823694828372,0.05663790553808212
8041,0,1,0.03673041705730622,0.04462633654475212
8042,0,1,0.034047420033045,0.0337572880089283
8043,0,1,0.0699135541338895,0.05915294587612152
8044,0,1,0.06042233624786203,0.0656435489654541
8045,1,1,0.09135257144870071,0.05607768893241882
8046,0,1,0.053586193976256094,0.04771383851766586
8047,0,1,0.056682352322570934,0.010402821004390717
8048,0,0,0.04978242245890235,0.030723057687282562
8049,0,0,0.08757922736477272,0.11965222656726837
8050,0,0,0.04128332520350689,0.08767728507518768
8051,1,0,0.06746061279535093,0.04934856295585632
8052,0,0,0.06059177582706769,0.023597024381160736
8053,1,1,0.09876614999383376,-0.014366209506988525
8054,1,1,0.07434309012454562,0.07487399876117706
8055,0,1,0.07474861908913424,0.07471516728401184
8056,1,1,0.061419977202642084,0.041248224675655365
8057,1,0,0.09417961556650006,0.08200632035732269
8058,0,1,0.10220753166034688,0.0933145135641098
8059,0,1,0.0631725917437511,0.018634699285030365
8060,0,0,0.05440885742955019,0.012542225420475006
8061,0,1,0.07750920892404142,0.08879762887954712
8062,0,1,0.05928934219419302,0.0983414575457573
8063,0,1,0.027869871768502086,0.03309836983680725
8064,0,1,0.028404951521976862,0.028759347274899483
8065,0,1,0.047776732652423146,0.013404306024312973
8066,0,1,0.06828690668820371,0.024567730724811554
8067,0,0,0.03710772459869368,0.043910279870033264
8068,0,0,0.07758726426402338,-0.024173066020011902
8069,0,1,0.0406464070709726,0.07694325596094131
8070,0,1,0.07949587163446256,0.06079988181591034
8071,0,0,0.03276108723760995,0.0447533056139946
8072,0,1,0.07157251267617812,0.043169066309928894
8073,1,1,0.05163132253859118,0.10417555272579193
8074,0,0,0.09128426796725439,-0.02164575457572937
8075,0,0,0.06398178841340116,0.09383958578109741
8076,0,1,0.041568282756613464,0.0799194723367691
8077,0,1,0.058055325315488654,0.013414204120635986
8078,0,0,0.04622325497009992,0.19667506217956543
8079,0,1,0.045396931582173686,0.07324114441871643
8080,0,1,0.0522078153690249,0.005694061517715454
8081,0,1,0.03888814660110864,0.05716300383210182
8082,0,0,0.06615568268771482,0.10282465815544128
8083,0,1,0.04713410625116694,0.01765703409910202
8084,0,1,0.04955243788730593,0.08878164738416672
8085,0,0,0.050933241777850594,0.08417396247386932
8086,0,1,0.0950459141510232,0.07421562075614929
8087,0,0,0.09735729748104954,0.09755612909793854
8088,0,1,0.04669271542518105,0.08602719753980637
8089,0,1,0.06441309967839977,0.07818464934825897
8090,0,1,0.0427588286995227,0.05632352456450462
8091,0,0,0.041197440312775696,0.08191558718681335
8092,0,0,0.07589753795023763,0.06777024269104004
8093,0,1,0.02965784211412826,0.07106364518404007
8094,0,1,0.056375248774990575,0.07094384729862213
8095,0,1,0.03462209327656323,0.03389887139201164
8096,1,1,0.06466976916937862,0.027622677385807037
8097,0,1,0.0679656154520161,0.04550674557685852
8098,0,0,0.0873280722290048,0.08630302548408508
8099,0,0,0.04963998178541311,0.08956005424261093
8100,0,1,0.056603974970389076,0.06057669222354889
8101,0,1,0.1047601256382859,0.023560792207717896
8102,0,0,0.06687262163347792,0.06855879724025726
8103,0,1,0.08901534248869902,0.05682595074176788
8104,0,1,0.04009964483521662,0.06159285828471184
8105,0,1,0.04400074318310801,0.07979189604520798
8106,0,1,0.05724037018082395,0.02300635725259781
8107,0,1,0.036854175010037155,0.09470372647047043
8108,0,1,0.033934737180530986,0.032269082963466644
8109,0,1,0.054648170499700305,0.044602617621421814
8110,0,1,0.04660477446625054,0.061940282583236694
8111,0,0,0.035369706304827685,0.04369592294096947
8112,1,1,0.07350741999024371,0.06279531121253967
8113,0,0,0.058508248516445455,0.06448879837989807
8114,0,1,0.09576883466618649,0.0774918794631958
8115,0,0,0.03333290432631303,0.055580876767635345
8116,0,0,0.03235447910541047,0.025437574833631516
8117,0,1,0.04714980878957277,0.04002756625413895
8118,0,0,0.04763698776693878,0.046155184507369995
8119,0,1,0.07257024694234279,0.04367847740650177
8120,0,1,0.03890915919525786,0.06443968415260315
8121,0,1,0.0529880835307219,0.014236345887184143
8122,0,1,0.11486468540707995,0.12424108386039734
8123,0,0,0.033959388276488464,0.023037414997816086
8124,0,1,0.03832904827700535,0.06826043128967285
8125,1,1,0.03462209327656323,0.03389887139201164
8126,0,0,0.11538094436434865,0.0675707757472992
8127,0,1,0.06671302377556397,0.03473156690597534
8128,0,0,0.061152151147103026,0.07068748027086258
8129,0,1,0.09072711352514229,0.1155642718076706
8130,0,1,0.06662083338208431,0.083952397108078
8131,0,1,0.06366158760797444,0.08329952508211136
8132,0,1,0.045220819829847186,0.0764523446559906
8133,0,1,0.03199210472264838,0.05413564294576645
8134,0,1,0.07019201531341128,0.03796858340501785
8135,0,1,0.06310823277099384,0.0810866504907608
8136,0,0,0.05222351421588761,0.0055455416440963745
8137,1,1,0.03963157366267396,0.08307714760303497
8138,0,1,0.048960015050596176,0.03619880974292755
8139,0,1,0.035931910840326244,0.06069932132959366
8140,0,1,0.09735257497433289,0.09755612909793854
8141,0,1,0.04449156653672422,0.045154862105846405
8142,0,0,0.07393124385845148,0.12328903377056122
8143,0,1,0.06907443934624242,0.04043349623680115
8144,1,1,0.033960413621270925,0.023037414997816086
8145,0,0,0.07674371168349658,0.021704182028770447
8146,1,0,0.06470412362777682,0.03115563839673996
8147,0,0,0.06697829294878659,0.0645042359828949
8148,0,1,0.052736974136009404,0.030566230416297913
8149,1,1,0.053012916828148585,0.0966155081987381
8150,0,1,0.08979143861531078,-0.05416882038116455
8151,0,1,0.05207104466273342,0.06596534699201584
8152,0,1,0.07065513982393612,0.05423658341169357
8153,0,1,0.054553982200191614,0.049068085849285126
8154,0,0,0.0709121835874974,0.02803155779838562
8155,1,0,0.04365875710350543,0.034750133752822876
8156,0,1,0.04807738248839294,0.05929330736398697
8157,0,1,0.04315879776513096,0.09916363656520844
8158,0,0,0.07630622170293999,0.060336723923683167
8159,1,0,0.04647985109245287,0.05199909210205078
8160,1,1,0.031227473574170148,0.040828950703144073
8161,0,0,0.08221784428542825,0.07885338366031647
8162,1,1,0.05255001324917635,0.04866950958967209
8163,0,0,0.04065880909125877,0.07380911707878113
8164,0,0,0.04745106597759606,0.07578034698963165
8165,0,1,0.08261296512429717,0.08116143941879272
8166,0,1,0.09061829907933305,0.0012476146221160889
8167,0,1,0.06332154863684569,0.07050647586584091
8168,0,0,0.0801763364275904,0.05945344269275665
8169,0,1,0.06900552588213871,0.07153233140707016
8170,1,1,0.0598028422371029,0.012648805975914001
8171,0,1,0.06942701414033278,0.04987052083015442
8172,0,1,0.051143312779073774,0.029794424772262573
8173,0,0,0.054509626314833,0.0813874751329422
8174,0,1,0.04586128297654718,0.02192264050245285
8175,0,1,0.0839362279708682,0.09277079254388809
8176,0,1,0.05897725478919065,0.0473032221198082
8177,1,1,0.03800286073245898,0.037842877209186554
8178,0,1,0.04713439631982659,0.0600852444767952
8179,0,1,0.041974906049447924,0.08680188655853271
8180,1,1,0.10543437701675837,0.11502252519130707
8181,0,1,0.07191126891300528,0.03022266924381256
8182,0,1,0.06474257955078107,0.03158755600452423
8183,0,0,0.07137304626044022,0.09384764730930328
8184,0,1,0.07358042362178727,0.032759398221969604
8185,0,0,0.0767650057813539,0.058215945959091187
8186,0,1,0.056325414850984884,0.062227971851825714
8187,0,1,0.06421002107110295,0.04233124852180481
8188,0,1,0.07684674017567886,0.042980387806892395
8189,0,1,0.04226390752731543,0.03491631895303726
8190,0,1,0.04668409476817981,0.05915297567844391
8191,0,0,0.043721644969661896,0.04897463321685791
8192,0,0,0.04205907178625454,0.07522465288639069
8193,0,0,0.06700720358514321,0.12637943029403687
8194,0,1,0.060348973373736264,0.08821938186883926
8195,0,1,0.05661617429825251,0.024490267038345337
8196,1,1,0.03462209327656323,0.03389887139201164
8197,0,1,0.027018400609324554,0.03180954232811928
8198,0,1,0.03425664155204775,0.06343717873096466
8199,0,0,0.06301906867393953,0.10288514941930771
8200,0,1,0.06489631999387085,0.04058914631605148
8201,1,1,0.0698137455405492,0.06258013844490051
8202,0,1,0.07203815957364623,0.030333146452903748
8203,0,0,0.07438910179962005,0.11329025030136108
8204,0,0,0.04128446132364548,0.08767728507518768
8205,0,1,0.04361307477512644,0.04470352083444595
8206,1,1,0.07181867046435494,0.23927654325962067
8207,0,0,0.03975900001683247,0.036333758383989334
8208,0,1,0.0510646936915824,0.023583054542541504
8209,1,1,0.047867867266229394,-0.04722854495048523
8210,0,1,0.07546576819488007,0.0664118081331253
8211,0,1,0.07723195614473044,0.08780061453580856
8212,0,1,0.03507344717001314,0.032493721693754196
8213,0,1,0.058996504740169056,0.01775354892015457
8214,0,1,0.05964789505752996,0.029849663376808167
8215,1,0,0.06253049730543228,0.07625461369752884
8216,0,1,0.07989456033319939,0.032665789127349854
8217,0,0,0.07513800337547435,0.05964308977127075
8218,1,1,0.09587995156067763,0.12921342253684998
8219,0,0,0.028021002429888663,0.012083888053894043
8220,0,0,0.03800940183179339,0.03849586844444275
8221,0,1,0.04057344361782393,0.10615638643503189
8222,0,1,0.029220649475881336,0.0352477952837944
8223,1,1,0.06961713219766508,0.02682950347661972
8224,0,1,0.07361866943566381,0.08805868774652481
8225,0,0,0.07471833913073281,0.02840939164161682
8226,0,1,0.038917683588479,0.06443968415260315
8227,0,1,0.052070379134575864,0.032358936965465546
8228,0,0,0.11254312038432152,0.137473464012146
8229,0,1,0.05208709307911445,0.11681437492370605
8230,0,1,0.07511664647074073,0.05759599804878235
8231,0,0,0.0646427096842472,0.023312419652938843
8232,0,1,0.06960201838221693,0.019431322813034058
8233,0,0,0.0771064666805259,0.06750894337892532
8234,1,1,0.04612228400761528,0.05406135320663452
8235,0,0,0.10220825461350885,0.09862890839576721
8236,0,1,0.025731186166932152,0.030399637296795845
8237,0,0,0.05165240545622661,0.06670476496219635
8238,0,0,0.06034443621019821,0.08585363626480103
8239,0,1,0.06392953109877952,0.025086477398872375
8240,1,1,0.0733536286187646,0.12015721201896667
8241,0,1,0.04254444284101609,0.07900230586528778
8242,0,1,0.05666025812772843,0.08722101151943207
8243,0,1,0.06143910816270233,0.05333767831325531
8244,0,0,0.051508649754328326,0.05817852169275284
8245,0,1,0.07257024694234279,0.04367847740650177
8246,0,1,0.036448050438886874,0.046968456357717514
8247,0,0,0.03301820295375817,0.04233444109559059
8248,0,0,0.034949340687845554,0.06210152059793472
8249,0,1,0.03556341853010981,0.04423859342932701
8250,0,0,0.0780231333787468,0.04997697472572327
8251,1,1,0.06828659639065912,0.12702804803848267
8252,1,1,0.07314694551082992,0.027342095971107483
8253,0,1,0.09986766219339993,0.04015401005744934
8254,0,0,0.0996264648852711,0.038778215646743774
8255,1,1,0.06496609633044878,0.046389155089855194
8256,1,1,0.10892477300189327,0.10006946325302124
8257,1,1,0.07041527782623501,0.08345728367567062
8258,0,1,0.03594775228214436,0.059433285146951675
8259,0,1,0.06075000485655163,0.042347803711891174
8260,0,1,0.06291770027714486,0.09522886574268341
8261,0,0,0.05093957284499839,0.08932989090681076
8262,0,1,0.047226658118367335,0.0635017529129982
8263,0,1,0.049697967936828,0.10853977501392365
8264,0,1,0.04831494634916207,0.07539352029561996
8265,0,1,0.04963097484692769,0.08470983803272247
8266,0,1,0.06669378175720471,0.047043636441230774
8267,0,1,0.06729032220053997,0.02138274908065796
8268,0,0,0.05104559143509349,0.009781144559383392
8269,0,0,0.05725486299001406,0.04580056667327881
8270,0,1,0.05823445301124858,0.036850884556770325
8271,0,1,0.06180873834750948,0.08222464472055435
8272,0,1,0.0667919043604452,0.022871509194374084
8273,0,1,0.028404951521976862,0.028759347274899483
8274,0,1,0.04633963954446445,-5.114823579788208e-05
8275,0,1,0.08894608598549045,0.08398044109344482
8276,0,1,0.048059293653939794,0.03803175687789917
8277,0,0,0.11322656225954325,0.04171037673950195
8278,0,0,0.08165302558861892,-0.009268686175346375
8279,1,0,0.04675744177670936,0.05219801515340805
8280,0,1,0.03462209327656323,0.03389887139201164
8281,0,0,0.03911235984641858,0.044594258069992065
8282,0,1,0.05573806629450884,0.05401294678449631
8283,0,0,0.05882232431906695,0.07844986021518707
8284,0,0,0.03780516310105874,0.028657563030719757
8285,0,0,0.07070473528190777,0.06740403175354004
8286,0,1,0.10416131237265758,0.10918569564819336
8287,0,1,0.035349800426937,0.041611362248659134
8288,1,0,0.04924496735445498,0.08797924220561981
8289,0,0,0.0575650905020884,0.05295068025588989
8290,0,1,0.07600777116959681,0.04832504689693451
8291,0,1,0.03963610502903814,0.0349956750869751
8292,0,1,0.07994417690927477,0.10409057140350342
8293,0,0,0.033267674955358345,0.01630478911101818
8294,0,0,0.07675938963047435,0.025161340832710266
8295,0,0,0.049775149742111974,0.04155411571264267
8296,0,0,0.06787116729506394,0.03268048167228699
8297,0,1,0.031122197243202927,0.05808183550834656
8298,0,0,0.039203482452444094,0.04757995158433914
8299,1,1,0.02760475428712649,0.038352686911821365
8300,0,0,0.04217142930119465,0.05647185072302818
8301,0,1,0.0829357421880054,0.0015164762735366821
8302,0,1,0.028404951521976862,0.028759347274899483
8303,0,0,0.05261270424452637,0.050902970135211945
8304,0,0,0.03888769266990302,0.03182756528258324
8305,0,1,0.05188755362993182,0.10961097478866577
8306,0,1,0.06672444809652679,0.07934645563364029
8307,0,1,0.08848369249668361,0.008972957730293274
8308,0,1,0.06766003997842245,0.06816525012254715
8309,0,0,0.06442358073888733,0.08130961656570435
8310,0,1,0.1001415429228443,0.12240332365036011
8311,0,0,0.05875133891098702,0.0420125350356102
8312,0,1,0.05595544928311072,0.041260018944740295
8313,1,1,0.07616155520050974,0.06811872869729996
8314,0,1,0.04270315503741039,0.040238432586193085
8315,0,1,0.05734224032895138,0.044852420687675476
8316,0,1,0.045190244208341904,0.07366866618394852
8317,0,1,0.06845352144461007,0.04560607671737671
8318,0,0,0.032597603526140086,0.0681178867816925
8319,0,1,0.06474381108279782,0.0521649569272995
8320,0,0,0.08427061822293402,0.09486490488052368
8321,0,1,0.04295917036632731,0.035760752856731415
8322,0,1,0.03713824918644835,0.06234404817223549
8323,0,1,0.05313401532103783,0.10513517260551453
8324,0,1,0.06148053923404151,0.09505043178796768
8325,0,0,0.09033445827317782,0.11500123143196106
8326,0,1,0.056314626696758366,0.0652768611907959
8327,0,1,0.05542418108951783,0.07774845510721207
8328,0,0,0.04625379727121513,0.12068323791027069
8329,0,1,0.0446647019940475,0.060819923877716064
8330,0,0,0.08734148275143605,0.08960054814815521
8331,0,1,0.04806662041068149,0.0573633573949337
8332,0,1,0.11272639347491581,0.07629823684692383
8333,0,1,0.05490429511031454,0.04333772510290146
8334,0,1,0.0639574899559746,0.10546581447124481
8335,1,0,0.06325355286281531,0.04331055283546448
8336,0,1,0.08302985575973179,0.09900795668363571
8337,0,0,0.07517536940463868,0.07800038158893585
8338,0,0,0.046864125408995636,0.048853762447834015
8339,0,1,0.04649606223470479,0.0493319109082222
8340,0,1,0.04801215761436223,0.07217361778020859
8341,0,1,0.06808829454088532,0.06338479369878769
8342,0,1,0.10635471575930436,0.11058856546878815
8343,0,0,0.07184230433366343,0.029800012707710266
8344,0,0,0.10011104756301525,0.09209847450256348
8345,0,1,0.041782010483250115,0.03142872452735901
8346,0,1,0.06201866050044588,0.03590920567512512
8347,0,1,0.03390020726534656,0.03189849480986595
8348,0,0,0.08430959295699611,0.13484469056129456
8349,0,1,0.03551708887874394,0.04159487038850784
8350,0,1,0.0453170136329145,0.027312278747558594
8351,0,1,0.05939817699478911,0.04197864234447479
8352,0,0,0.045535473478731825,0.03666076064109802
8353,0,1,0.04537933458472171,0.1856970638036728
8354,0,1,0.04486158582505649,0.04336334764957428
8355,0,0,0.050913247869940836,0.07337816059589386
8356,0,0,0.0527476148165249,0.10355088114738464
8357,0,1,0.08383082540467646,0.03834940493106842
8358,0,0,0.03177895705792848,0.057178251445293427
8359,0,0,0.05452860718644795,0.0321250781416893
8360,0,0,0.07669858888451792,0.06468565762042999
8361,1,0,0.06000990504699706,0.04403821378946304
8362,1,0,0.0762888759400468,0.05767582356929779
8363,0,1,0.045354111787413,0.06632828712463379
8364,0,1,0.031476571972403465,0.04525723308324814
8365,0,1,0.0876037698593577,0.12765349447727203
8366,0,1,0.05294694752866942,0.024864256381988525
8367,0,1,0.05434421392602247,0.10477264970541
8368,0,1,0.03878847280768073,0.036159828305244446
8369,0,1,0.06542745263265179,0.06625919789075851
8370,0,0,0.03040864608136757,0.03376247361302376
8371,0,0,0.053049587594118194,0.018116839230060577
8372,0,0,0.06874696259382383,0.041312724351882935
8373,0,1,0.06069470227417344,0.012784764170646667
8374,0,1,0.05956194499343778,-0.023854956030845642
8375,0,1,0.031983314432419384,0.05545133724808693
8376,1,0,0.04644216377476848,0.055763207376003265
8377,0,1,0.06547643948929097,0.0832328349351883
8378,0,1,0.087308333213927,0.08586724102497101
8379,0,1,0.07982606469989395,0.07316143810749054
8380,0,0,0.08444935153644903,0.06740416586399078
8381,0,1,0.06773786994351193,0.12086240947246552
8382,0,0,0.04143203281437309,0.06312830746173859
8383,0,1,0.08901313944756536,0.06277111172676086
8384,1,1,0.048320080940450025,0.07736232131719589
8385,0,0,0.07252842305644147,0.05448475480079651
8386,0,1,0.044364851840672,0.06551302224397659
8387,1,1,0.03690112206499408,0.08809880912303925
8388,0,0,0.08421334096827587,0.10118608176708221
8389,0,0,0.06473431314165923,0.04476349055767059
8390,0,1,0.03282090950273186,0.02375384233891964
8391,0,0,0.05469547538292541,0.054787375032901764
8392,0,1,0.06117521966582849,0.0797584280371666
8393,0,0,0.05830038194966283,0.025907129049301147
8394,0,0,0.07676499169528267,0.03842422366142273
8395,0,1,0.04650692849395009,0.07021383941173553
8396,0,1,0.0477221819930793,0.037630923092365265
8397,0,0,0.08281928823879522,0.004121184349060059
8398,0,1,0.04766399587316347,0.040233075618743896
8399,0,0,0.0803994292416007,-0.10907423496246338
8400,0,1,0.07519481340025472,0.051488786935806274
8401,0,0,0.04467655833975581,0.19564522802829742
8402,0,1,0.05562643601697603,0.04175739735364914
8403,0,1,0.07261897923916577,0.031002573668956757
8404,0,1,0.06378107973044475,0.044713497161865234
8405,0,1,0.05405066125911011,0.07947030663490295
8406,0,0,0.03980627037758737,0.07951267808675766
8407,0,1,0.07752988315924614,0.02590884268283844
8408,0,1,0.047038584033647066,0.0402112752199173
8409,0,0,0.08214324548809288,0.12538237869739532
8410,0,1,0.054287276458660536,0.02207668125629425
8411,0,0,0.061956258490644164,0.12001877278089523
8412,0,1,0.0641816202381852,0.03619927912950516
8413,0,1,0.052895859598142816,0.03650981932878494
8414,0,1,0.056177872603563064,0.011640086770057678
8415,0,0,0.0628607386365996,0.08587360382080078
8416,0,1,0.041782010483250115,0.03142872452735901
8417,1,0,0.06643034897442875,0.04887433350086212
8418,0,1,0.08296420313305247,0.013935670256614685
8419,0,1,0.0407217069154603,0.019995495676994324
8420,0,0,0.055091051212877606,0.026114553213119507
8421,0,0,0.06679161358366843,0.022871509194374084
8422,0,0,0.038880162328047536,0.036714475601911545
8423,0,0,0.05351351586680468,0.03603532910346985
8424,0,1,0.041126774759405765,0.022573817521333694
8425,0,1,0.05494508800609464,0.038853734731674194
8426,0,1,0.05690473769005515,0.05515427142381668
8427,0,1,0.07608426641543131,0.038187503814697266
8428,0,0,0.0842589791806441,0.06389312446117401
8429,0,0,0.06873074634182788,0.11627701669931412
8430,0,0,0.05845927713016491,0.029526986181735992
8431,0,0,0.047619898352536605,0.041699670255184174
8432,0,0,0.06786318356798665,0.03282272815704346
8433,0,1,0.040143629276059245,0.04027885943651199
8434,0,1,0.08492244099743762,0.07739874720573425
8435,0,0,0.05631697885544898,0.06829468905925751
8436,0,0,0.11238173150666392,0.09689246118068695
8437,0,1,0.03660402381763149,0.05269878730177879
8438,0,1,0.05617635842111428,0.07249448448419571
8439,0,1,0.059473923568669235,0.07193470746278763
8440,1,1,0.06779012446381984,0.08978892862796783
8441,0,1,0.0933971307253331,0.008919835090637207
8442,0,1,0.08292421003055253,0.07084202766418457
8443,0,1,0.054827751290864646,0.06055811792612076
8444,0,1,0.05574256545436164,0.07180647552013397
8445,0,1,0.09986054287408935,0.05233380198478699
8446,0,1,0.07047635860622758,-0.0033013522624969482
8447,0,1,0.03780516310105874,0.028657563030719757
8448,0,1,0.10097229561679796,0.1127660870552063
8449,0,1,0.06880528375992688,0.04971671104431152
8450,0,1,0.04148723364140888,0.08326603472232819
8451,1,0,0.11914911671861478,0.03986194729804993
8452,0,1,0.04476512103555061,0.03952261433005333
8453,0,1,0.036366692830638835,0.028916433453559875
8454,0,1,0.0825079443579532,0.05835442990064621
8455,0,1,0.07339436441186797,0.0612429678440094
8456,0,0,0.05658821676887388,0.12175771594047546
8457,0,1,0.046284706594091396,0.060155704617500305
8458,0,1,0.0761912985769285,0.07731018960475922
8459,0,1,0.0631517482854295,0.03733840584754944
8460,0,0,0.09095695599720943,0.006090909242630005
8461,0,0,0.04033666666534884,0.031211748719215393
8462,0,0,0.06435626118330205,0.07180600613355637
8463,0,1,0.06572699895968967,0.139817476272583
8464,0,0,0.11042990764915203,0.10344703495502472
8465,0,1,0.035575011397568225,0.03445994853973389
8466,0,1,0.08304617398740968,0.11074233055114746
8467,0,0,0.06297890057492027,0.08897675573825836
8468,0,1,0.08721761374353643,0.0907602310180664
8469,0,0,0.08677817689074724,0.1387762427330017
8470,0,1,0.05555468856740259,0.022660665214061737
8471,1,1,0.09201734016930363,0.06311440467834473
8472,1,1,0.07149247601686484,0.08880475163459778
8473,0,1,0.07072153366644163,0.06740403175354004
8474,0,1,0.09297103208518209,0.11891919374465942
8475,0,1,0.0734785788464811,0.02312318980693817
8476,0,1,0.06900878072418017,0.03842166066169739
8477,0,0,0.06966610130230501,-0.08017131686210632
8478,0,1,0.05616771625795883,0.026397928595542908
8479,1,1,0.08104988058735271,0.14719441533088684
8480,0,0,0.07696496256149166,0.021455898880958557
8481,0,1,0.09570980813576127,0.13947005569934845
8482,0,0,0.06403374192866418,0.10274696350097656
8483,0,1,0.061725384741671385,0.03971732407808304
8484,0,1,0.04625719886181216,0.04548780620098114
8485,0,1,0.10255879845782487,0.0391094833612442
8486,1,1,0.09704507455636421,0.04466703534126282
8487,1,1,0.038292554737554996,0.07450404018163681
8488,1,1,0.06257707195903961,0.028871089220046997
8489,0,1,0.05074166687835224,0.08289816975593567
8490,0,1,0.04521757036256181,0.06908438354730606
8491,0,1,0.03458380411212936,0.024617325514554977
8492,0,0,0.034422100684609644,0.016969863325357437
8493,0,0,0.07579217734391172,-0.011449083685874939
8494,0,0,0.0684967786144285,0.04290478676557541
8495,0,1,0.05786923622504088,0.01828356832265854
8496,0,0,0.029818619305326415,0.026259250938892365
8497,0,0,0.08725094820113957,0.07833828032016754
8498,0,1,0.053725245406315264,0.023198924958705902
8499,0,0,0.05181046814357185,0.09221326559782028
8500,1,0,0.06953429005912108,0.013159871101379395
8501,0,1,0.05234438649193755,0.010067030787467957
8502,0,0,0.04466123674085527,0.06468243151903152
8503,0,1,0.05075263796729368,0.02351611852645874
8504,0,1,0.07846494498374795,0.15600703656673431
8505,0,1,0.061381318879132576,0.09847932308912277
8506,1,1,0.034880292587505295,0.021292351186275482
8507,0,1,0.05991978650229478,0.03440181910991669
8508,0,0,0.08818280648802876,0.053500428795814514
8509,0,1,0.04898293676850514,0.08173457533121109
8510,0,1,0.06316663634298278,0.024799197912216187
8511,0,1,0.07790876535504057,0.06533868610858917
8512,0,1,0.10774776922907778,0.030080407857894897
8513,0,1,0.09667266312460568,0.10951505601406097
8514,0,1,0.037771466602660814,0.07493793219327927
8515,0,1,0.05063286566318838,0.027561187744140625
8516,0,1,0.030284842456945113,0.06029079109430313
8517,0,0,0.05532975075322935,0.06368385255336761
8518,0,1,0.07218161176556928,0.010516032576560974
8519,0,1,0.05913410330456839,0.005047246813774109
8520,0,1,0.029503436832487538,0.028753185644745827
8521,0,0,0.028976175511069957,0.038324132561683655
8522,1,0,0.08223945036308897,0.07806381583213806
8523,0,0,0.06655245383825406,0.028604432940483093
8524,0,0,0.036053824499887255,0.04457204416394234
8525,1,1,0.04859950923434876,0.07028421759605408
8526,1,0,0.10350438833298756,0.026307761669158936
8527,0,0,0.04992173226984621,0.032265037298202515
8528,0,1,0.042253816140408115,0.009281687438488007
8529,0,1,0.03892340708452949,0.09079562872648239
8530,0,1,0.056620509983387995,0.060423776507377625
8531,1,1,0.04552498351572769,0.21553555130958557
8532,0,0,0.08974550512752852,0.0010841786861419678
8533,0,0,0.06958663429105484,0.06621846556663513
8534,0,1,0.0466949635230713,0.08387695252895355
8535,0,1,0.04625247849737017,0.14043278992176056
8536,0,0,0.05436092734553334,0.024261437356472015
8537,0,1,0.03437494068281632,0.022882536053657532
8538,0,1,0.062008585903390354,0.09560636430978775
8539,0,1,0.0776178003977881,0.046388909220695496
8540,0,1,0.04648846104515893,0.04871473088860512
8541,0,0,0.03881155304397691,0.062160346657037735
8542,0,1,0.07557344204168534,0.060969457030296326
8543,0,0,0.10314456412641004,0.1091490089893341
8544,0,1,0.12255309967549938,0.017863541841506958
8545,0,0,0.0475306132786566,0.05722883343696594
8546,0,1,0.03220059702899746,0.035966236144304276
8547,0,1,0.053584944251161185,0.04733496159315109
8548,0,1,0.030812515418589835,0.05054446682333946
8549,0,1,0.07007203214162107,0.036498308181762695
8550,0,0,0.06033314276755751,0.08761841803789139
8551,0,0,0.04577860072894813,0.06045818328857422
8552,0,1,0.04280706898480775,0.025628753006458282
8553,0,1,0.038373822590321745,0.06110240891575813
8554,0,1,0.05099274488056928,0.01920543611049652
8555,0,1,0.029807225235185468,0.03666944056749344
8556,1,1,0.0370671767897821,0.05585784837603569
8557,0,1,0.05342843500610574,0.12500089406967163
8558,1,1,0.08088075298013961,0.025825664401054382
8559,1,0,0.10921170084661433,0.02427208423614502
8560,0,1,0.07465280419262788,0.10782140493392944
8561,0,1,0.04069281267068646,0.08316996693611145
8562,1,1,0.047103695783758864,0.03951366990804672
8563,0,1,0.10397565501056846,0.010527163743972778
8564,0,1,0.07289636339027245,0.02831786870956421
8565,0,1,0.06297094953541807,0.1097768247127533
8566,0,0,0.027616837410226018,0.02929203398525715
8567,0,0,0.07600777116959681,0.04832504689693451
8568,1,1,0.0714055847824007,0.13143137097358704
8569,0,1,0.03837695760761363,0.019492775201797485
8570,0,0,0.06751118238036449,0.03228633105754852
8571,0,1,0.03680406364445893,0.027752414345741272
8572,0,0,0.045519593858138904,0.03862765431404114
8573,0,1,0.045127776752921706,0.0812651664018631
8574,0,1,0.06883372141101661,0.1548909842967987
8575,0,0,0.02625275668045677,0.03297276794910431
8576,0,1,0.06069470227417344,0.012784764170646667
8577,0,0,0.08624200546032726,0.059077709913253784
8578,0,1,0.037081087544849595,0.05663854628801346
8579,0,0,0.04177932939518374,0.08146145194768906
8580,0,1,0.04171100244758463,0.008854053914546967
8581,0,1,0.051086132851422036,0.025466620922088623
8582,0,0,0.04974729362430225,0.03347356617450714
8583,0,1,0.040727304415324975,0.06088540703058243
8584,0,1,0.05006111862249801,0.038639336824417114
8585,0,0,0.03809993022342823,0.0700044333934784
8586,0,1,0.0614863367239972,0.08342209458351135
8587,1,1,0.04537660389014564,0.07909136265516281
8588,0,1,0.06559475629760499,0.10072297602891922
8589,0,1,0.08838707583016761,0.014921143651008606
8590,0,0,0.058263192948478204,0.03777627646923065
8591,0,0,0.07551979737360429,0.09136886894702911
8592,0,0,0.051589087069376705,0.049579404294490814
8593,0,0,0.05272599632829876,0.09192691743373871
8594,0,1,0.05054499499888951,0.07931967079639435
8595,0,1,0.08644382352768337,0.04590429365634918
8596,0,0,0.0764657837645129,0.028107047080993652
8597,0,0,0.05079874763163385,0.0833791196346283
8598,0,1,0.061159412621578674,0.07002575695514679
8599,1,0,0.072278181743687,0.11811482906341553
8600,0,0,0.06308510402621995,0.03750386834144592
8601,0,0,0.0682390883219924,0.06341280043125153
8602,1,0,0.08344966656570343,0.07002098858356476
8603,0,1,0.11201018959076472,0.1157330572605133
8604,1,1,0.07061215967288796,0.07726309448480606
8605,0,1,0.05513319559957973,0.02540282905101776
8606,1,1,0.09877292790402184,0.07399669289588928
8607,0,0,0.04033984275381339,0.03239385038614273
8608,0,1,0.10233109124167947,0.12106110155582428
8609,0,1,0.1000430852730945,0.040341123938560486
8610,0,1,0.032595022618229066,0.0681178867816925
8611,0,0,0.05795327757962007,0.0577818900346756
8612,0,1,0.09051630719165582,0.058111533522605896
8613,0,1,0.0264997453038594,0.027175987139344215
8614,0,1,0.05853635329671858,0.04868871718645096
8615,0,1,0.10226928056913454,0.11586888134479523
8616,0,0,0.04635414368827849,0.0810563936829567
8617,0,1,0.07220156557585986,0.056604787707328796
8618,0,1,0.05181110124668127,0.09221326559782028
8619,0,1,0.09300306932974442,0.062203630805015564
8620,0,1,0.04800905779251535,0.061754219233989716
8621,0,1,0.07653678913287693,0.042928293347358704
8622,1,1,0.05369684361380936,0.025555074214935303
8623,0,1,0.029770607448789163,0.04298592731356621
8624,0,1,0.06074504453322571,0.08039781451225281
8625,0,0,0.0807841102906294,0.08057062327861786
8626,0,1,0.04874480140719173,0.10944870859384537
8627,0,1,0.058537644697368635,0.029894009232521057
8628,1,1,0.07597864821001232,0.06931725889444351
8629,0,0,0.0762176113763407,0.04513723403215408
8630,0,1,0.05033413510056384,0.037056416273117065
8631,0,1,0.03427987058504132,0.05618888884782791
8632,1,1,0.03893502305255782,0.09222554415464401
8633,1,1,0.07257831941697426,0.02802300453186035
8634,0,1,0.03813548052787258,0.03573460131883621
8635,0,1,0.048453376820734154,0.03255690634250641
8636,0,0,0.10281939287719233,0.12240380048751831
8637,0,1,0.07669941439746084,0.07317250221967697
8638,0,0,0.033865562935657276,0.03364967554807663
8639,0,1,0.04316983217675818,0.07674991339445114
8640,0,0,0.08631300011467724,0.1049887090921402
8641,0,1,0.06143520012335581,0.02112402766942978
8642,0,0,0.07070878991072338,0.06740403175354004
8643,0,1,0.03154368012849019,0.06689950823783875
8644,0,1,0.04911602940773123,0.05233733355998993
8645,0,0,0.041195308414684065,0.07036401331424713
8646,0,1,0.06063287591234509,0.025662004947662354
8647,0,0,0.08149459406537599,0.044191256165504456
8648,1,1,0.039079990898864374,0.03539922833442688
8649,1,1,0.05124905663179749,0.02883458137512207
8650,0,1,0.09657367739939215,0.09308961033821106
8651,0,1,0.03706670653120573,0.05585784837603569
8652,0,0,0.07150751637800809,0.03420773148536682
8653,0,1,0.027049391148851888,0.028536945581436157
8654,1,0,0.03375685756435586,0.025055255740880966
8655,1,1,0.0714409175992892,0.03822307288646698
8656,1,1,0.08142806424912247,0.10734227299690247
8657,0,1,0.06570392626539391,0.018660441040992737
8658,0,0,0.043137005367761605,0.08434930443763733
8659,0,0,0.0317577884520663,0.02107539027929306
8660,0,1,0.10577149327772586,0.09536218643188477
8661,0,1,0.08450954504497427,0.0663590282201767
8662,0,1,0.051237536218414564,0.06636720895767212
8663,0,1,0.05001249600868066,0.05826134234666824
8664,0,1,0.03467714275292481,0.033537931740283966
8665,0,1,0.08475037796015181,0.0559113472700119
8666,1,1,0.06670676378869077,0.05703023076057434
8667,0,0,0.04653536899557893,0.08303328603506088
8668,0,1,0.05016405458121616,0.02384091168642044
8669,0,1,0.05360998756839286,0.03584592044353485
8670,0,1,0.05834067584698739,0.014476649463176727
8671,0,1,0.031139003280694348,0.054943714290857315
8672,1,0,0.08838707583016761,0.014921143651008606
8673,0,1,0.051729350363065196,0.08229033648967743
8674,0,1,0.03809063254638545,0.06708686798810959
8675,0,1,0.049198107290643306,0.06452541053295135
8676,0,1,0.05680502325455024,0.05747920274734497
8677,0,0,0.07199041126687322,0.06173810362815857
8678,0,1,0.09115131097385312,0.10743297636508942
8679,0,1,0.1037793429214926,0.12597258388996124
8680,0,0,0.055828880660639055,0.04813513159751892
8681,0,1,0.06517358659333544,0.09080956876277924
8682,0,0,0.04406131347917841,0.06402262300252914
8683,0,0,0.07285430896200618,0.061755403876304626
8684,0,1,0.13035067862329908,-0.013082802295684814
8685,0,1,0.06374383946100391,0.05355799198150635
8686,0,1,0.038058710722872764,0.06773242354393005
8687,0,1,0.05906885829082484,0.05085761100053787
8688,1,1,0.052009258052056626,0.028351478278636932
8689,1,1,0.06833812919902148,0.08366640657186508
8690,0,1,0.06044320658737924,0.05655602365732193
8691,0,0,0.07506819239979556,0.05978798866271973
8692,0,1,0.05429648329636487,0.009922914206981659
8693,1,0,0.07167053529092807,0.0350397527217865
8694,0,0,0.05406919582637555,0.10002747178077698
8695,0,0,0.07225815215756173,0.07078839838504791
8696,0,1,0.04258650625468001,0.08164888620376587
8697,0,1,0.048037523087896536,0.041051529347896576
8698,1,1,0.10035120416620738,0.09917689859867096
8699,0,0,0.051445452739458,0.043103016912937164
8700,1,1,0.061565560143645046,0.11479611694812775
8701,0,1,0.07666568687599404,0.04095073044300079
8702,0,0,0.09982832660947388,0.03131815791130066
8703,0,0,0.027717252749842665,0.0747017189860344
8704,1,1,0.063872901730282,0.09744531661272049
8705,1,1,0.05602806524734688,0.010133594274520874
8706,0,0,0.08726504560328849,0.09606745839118958
8707,1,1,0.04869832033527473,0.07202067226171494
8708,0,0,0.03462209327656323,0.03389887139201164
8709,0,0,0.11387800724887887,0.1342853307723999
8710,0,1,0.030286298037783065,0.05957949161529541
8711,0,0,0.0874756251708255,0.07133807241916656
8712,0,0,0.07214237581702346,0.11346036940813065
8713,0,0,0.05811554369606059,0.0708630234003067
8714,1,1,0.04095436807975883,0.04005719721317291
8715,0,0,0.050155921280576124,0.0996430441737175
8716,0,1,0.0853299589030509,0.08068126440048218
8717,1,1,0.08901099563200193,0.05682595074176788
8718,0,1,0.04198660207501942,0.0476037934422493
8719,0,0,0.05106589387519765,0.035496875643730164
8720,0,0,0.10019491276443043,0.11082519590854645
8721,1,1,0.09757781097575349,0.10173743963241577
8722,0,1,0.05150280559304944,0.04112517833709717
8723,0,1,0.07497364347813495,0.04842229187488556
8724,0,0,0.03988124129176905,0.021321997046470642
8725,0,1,0.06659041158214528,0.1086401417851448
8726,0,1,0.04373173998394232,0.041969865560531616
8727,1,1,0.07198462927054952,0.05445149540901184
8728,0,1,0.04361858131620465,0.04470352083444595
8729,0,0,0.046276382494865306,0.06671256572008133
8730,0,1,0.027989532376601053,0.01839173026382923
8731,0,0,0.04474974754048949,0.029113225638866425
8732,0,1,0.031139003280694348,0.054943714290857315
8733,0,1,0.09742008588753115,0.08882215619087219
8734,0,0,0.07357242031987851,0.08217640966176987
8735,0,0,0.07605420030749477,0.09367265552282333
8736,0,1,0.0543958483815509,-0.0067373961210250854
8737,0,0,0.11352453047540778,0.03127822279930115
8738,0,1,0.05538427178798816,-0.013678297400474548
8739,0,1,0.038866785683993904,0.035852719098329544
8740,0,1,0.031139003280694348,0.054943714290857315
8741,0,0,0.07148825383936608,0.13436052203178406
8742,0,0,0.07159053448485617,0.034381598234176636
8743,0,1,0.05623744241139411,0.07396892458200455
8744,0,0,0.07875873081230872,0.12282601743936539
8745,0,0,0.062204319009699624,0.07570132613182068
8746,0,1,0.06320590464446801,0.037363916635513306
8747,0,1,0.08416055676863196,0.07596273720264435
8748,1,0,0.060445434537614584,0.0816519632935524
8749,0,1,0.08286716832130289,0.06280514597892761
8750,0,0,0.04657252363181434,0.07578034698963165
8751,0,0,0.04766573826701169,0.039209723472595215
8752,0,1,0.06565285480135431,0.07679549604654312
8753,0,1,0.05039228933254178,0.04590632766485214
8754,0,1,0.07710854940464423,0.09161044657230377
8755,1,0,0.08500878581120286,0.08019034564495087
8756,1,1,0.04990406470604558,0.026333749294281006
8757,0,0,0.0809474902641624,0.018957167863845825
8758,0,1,0.05197067565378882,0.01830112934112549
8759,0,1,0.05631697885544898,0.06829468905925751
8760,0,0,0.08075584037862568,0.13305741548538208
8761,0,1,0.050980523894632576,0.04869966208934784
8762,0,1,0.04004949541442397,0.049203045666217804
8763,0,1,0.05605673434746519,0.022300198674201965
8764,0,1,0.06017422913596335,0.05372922867536545
8765,0,0,0.0676629314228171,0.08977354317903519
8766,0,1,0.027841311067966834,0.02562670223414898
8767,1,0,0.06730668072838279,0.04002079367637634
8768,0,1,0.095249759669331,0.012449711561203003
8769,1,1,0.05392852848693286,0.09402870386838913
8770,0,1,0.058097147030990365,0.05101907253265381
8771,1,1,0.06566336203996928,0.08535237610340118
8772,0,1,0.060767232072230754,0.02078791707754135
8773,0,1,0.03628934265907922,0.03890080377459526
8774,0,1,0.0763066938359438,0.041483573615550995
8775,0,1,0.07332262231738379,0.0564921498298645
8776,0,1,0.06982284990519733,0.12023930996656418
8777,0,0,0.06479949360513558,0.037414222955703735
8778,0,0,0.04216967018223369,0.030176088213920593
8779,0,1,0.06440460531812105,0.04916533827781677
8780,0,1,0.04885108150172092,0.09551895409822464
8781,0,1,0.052767564516381205,0.04780169576406479
8782,0,1,0.061328169203958935,0.0520930141210556
8783,0,1,0.053420844089865624,0.02612283080816269
8784,1,1,0.07257024694234279,0.04367847740650177
8785,0,0,0.046252618707488424,0.030979499220848083
8786,0,1,0.03715333463338491,0.06110147759318352
8787,0,0,0.038586949206360945,0.06670120358467102
8788,0,1,0.09970679107346944,0.05611217021942139
8789,1,1,0.061391855947313015,0.04093713313341141
8790,0,0,0.0505570827374965,0.030490830540657043
8791,0,1,0.0637955166425317,0.040797993540763855
8792,0,1,0.05761760542582611,0.029874905943870544
8793,0,1,0.09112557721637518,0.005135670304298401
8794,0,1,0.0536520649634272,0.08726383000612259
8795,0,0,0.09647676915366143,0.1430426687002182
8796,0,1,0.08282602031657685,0.023946166038513184
8797,0,0,0.041766689907668034,0.015032485127449036
8798,0,1,0.04748952044109665,0.04140232503414154
8799,1,1,0.07845884821880134,0.1657668650150299
8800,0,1,0.03347721118668051,0.04123304784297943
8801,0,0,0.03489345322380045,0.028754688799381256
8802,0,1,0.05457750582088018,0.0379105880856514
8803,0,0,0.09939900709130337,0.08423538506031036
8804,0,1,0.05595817410127826,0.041260018944740295
8805,0,1,0.0471891674616297,0.05400974303483963
8806,0,1,0.030802654137502834,0.08195140957832336
8807,0,1,0.032651749827126854,0.042891353368759155
8808,0,1,0.04714070005751203,0.08246099948883057
8809,0,0,0.08137245632581619,0.08595333993434906
8810,0,1,0.0412771560780497,0.0269700288772583
8811,0,1,0.03785539550358288,0.042408257722854614
8812,0,0,0.04565517510748816,0.04153299331665039
8813,0,1,0.06991696111095687,0.05575251579284668
8814,0,1,0.0827506816126577,0.08141957223415375
8815,0,1,0.05360998756839286,0.03584592044353485
8816,0,0,0.031685038078112994,0.05005374178290367
8817,0,0,0.04394756683869687,0.08288846909999847
8818,0,1,0.04713475943421794,0.05491650477051735
8819,0,1,0.051982214079979605,0.006127297878265381
8820,0,1,0.040134664598241734,0.06557346135377884
8821,0,1,0.053534931733148036,0.05101214349269867
8822,0,1,0.03658330686796816,0.07012117654085159
8823,0,1,0.08637620473871238,0.12179040908813477
8824,0,0,0.035575011397568225,0.03445994853973389
8825,0,1,0.05265792936103554,0.015855863690376282
8826,0,1,0.06470969225522802,0.0705786794424057
8827,0,0,0.06500112230082043,0.024590611457824707
8828,0,1,0.04181409068288275,0.07275211811065674
8829,0,0,0.07484401414674244,0.09513159096240997
8830,0,1,0.053442848062840234,0.06335791945457458
8831,0,1,0.10831200903901173,0.05639943480491638
8832,0,0,0.035393290455103275,0.1508171409368515
8833,0,1,0.10728587689227634,0.0418221652507782
8834,0,1,0.03611659386685501,0.09401892870664597
8835,0,0,0.07944374285742345,0.07811413705348969
8836,0,0,0.0728230657704042,0.04675263166427612
8837,0,1,0.07444729750954815,0.04763999581336975
8838,0,1,0.08099149130094385,0.07204686105251312
8839,1,1,0.07164354939992207,0.038852423429489136
8840,0,0,0.06474381108279782,0.0521649569272995
8841,0,1,0.04829943077491597,0.0524173304438591
8842,0,0,0.12446043054209999,0.03934219479560852
8843,0,0,0.08847196336570512,0.008972957730293274
8844,0,0,0.04167994889353095,0.0403592512011528
8845,0,1,0.04050650600700466,0.08241690695285797
8846,0,1,0.025721822719858498,0.03140038251876831
8847,0,1,0.050748543940167465,0.021042823791503906
8848,0,1,0.03280777733982257,0.03789805248379707
8849,0,1,0.05024717055579121,0.05648413300514221
8850,0,1,0.07282201776309558,0.04132729768753052
8851,0,1,0.0933501547287286,0.08594955503940582
8852,0,1,0.04358378042687078,0.046418264508247375
8853,0,0,0.033492445872957105,0.02725473791360855
8854,0,1,0.05902802610037092,0.03017696738243103
8855,0,1,0.06490559980534873,0.06089870631694794
8856,0,1,0.05924605494963764,0.027449525892734528
8857,0,0,0.05105928496898936,0.04155696928501129
8858,0,1,0.0733098907530062,0.09383262693881989
8859,0,1,0.06067567885979058,0.06621764600276947
8860,0,1,0.07721306146958523,0.06218743324279785
8861,1,1,0.08077388452698145,0.05199955403804779
8862,0,0,0.03266682504186733,0.05679105222225189
8863,1,1,0.05868223418821958,0.04791879653930664
8864,0,1,0.0693254595391117,0.04729171097278595
8865,0,1,0.048786107662441874,0.10857938975095749
8866,0,0,0.04745106597759606,0.07578034698963165
8867,0,0,0.062099610434606115,0.049370840191841125
8868,0,1,0.05803049288439349,0.09250526130199432
8869,0,0,0.06551660506402748,0.07068081945180893
8870,0,0,0.0733621546714357,0.10520728677511215
8871,0,1,0.09920274266847853,0.0068182796239852905
8872,0,1,0.045354098385745945,0.06632828712463379
8873,1,0,0.08039187876590856,0.039639487862586975
8874,1,1,0.04550575629351428,0.05716570466756821
8875,0,0,0.05811321417541809,0.06062304228544235
8876,0,0,0.04356772751591889,0.05016592890024185
8877,0,0,0.05590508885449624,0.04738546907901764
8878,0,1,0.049690612354350266,0.04727904498577118
8879,0,1,0.08159417548275014,0.0874868854880333
8880,0,1,0.072395317713776,0.05146098881959915
8881,0,0,0.04966567925673808,0.10502595454454422
8882,0,1,0.03964753485305725,0.13436977565288544
8883,0,1,0.052301856533555124,0.06459958851337433
8884,0,0,0.0587346868793842,0.0806630402803421
8885,0,1,0.027054734067067043,0.027990465983748436
8886,0,1,0.07303992915263843,0.12907497584819794
8887,0,0,0.11157188936327764,0.1351417750120163
8888,0,1,0.03097398308378989,0.03378518298268318
8889,1,0,0.06244278082933355,0.03215113282203674
8890,0,0,0.05089143131804322,0.05945470184087753
8891,0,0,0.07355832985214017,0.08305295556783676
8892,0,1,0.06915456819697988,0.12851479649543762
8893,0,1,0.07496383343346599,0.047001227736473083
8894,0,0,0.09643842562815591,0.00949832797050476
8895,0,1,0.070156775831672,0.030655458569526672
8896,0,1,0.05716978537199774,0.06609190255403519
8897,0,1,0.03763645479706333,0.08116666972637177
8898,1,1,0.04592500101155102,0.01352459192276001
8899,0,1,0.06143520012335581,0.02112402766942978
8900,0,1,0.06067211911609198,0.06357875466346741
8901,0,1,0.05797142164729381,0.06093822419643402
8902,0,1,0.04201788854426565,0.035633914172649384
8903,0,0,0.07751196592197979,0.08879762887954712
8904,1,0,0.030823171234876004,0.04943588748574257
8905,0,1,0.07494339067732544,0.03904978930950165
8906,0,0,0.07456944374603414,0.053022176027297974
8907,0,1,0.05636291917493129,0.05733361095190048
8908,0,1,0.05359715222918368,0.022469736635684967
8909,0,1,0.04372434462782342,0.0475088506937027
8910,0,1,0.06149166035080712,0.07379290461540222
8911,0,1,0.04766666916770439,0.039209723472595215
8912,0,0,0.05298384294703047,0.08070152997970581
8913,0,0,0.09516928609952016,0.1047825813293457
8914,0,1,0.04974030623225284,0.03314841538667679
8915,0,0,0.05054499499888951,0.07931967079639435
8916,0,0,0.05934664848379227,0.015264585614204407
8917,0,1,0.05360998756839286,0.03584592044353485
8918,0,1,0.06412876374195899,0.06979122757911682
8919,0,0,0.07877065092277954,0.100800521671772
8920,0,0,0.07900275805247503,0.10754555463790894
8921,0,1,0.07596096100232977,0.0404994934797287
8922,0,0,0.06805852164395583,0.04167179763317108
8923,1,0,0.05802996078447134,0.08459272235631943
8924,0,0,0.028982941659362584,0.038324132561683655
8925,0,1,0.05574720945219179,0.05401294678449631
8926,0,0,0.0436084189793072,0.03621821850538254
8927,0,1,0.08302771934706388,0.06215275824069977
8928,0,1,0.027050066784634494,0.02829599194228649
8929,0,1,0.03702499457089144,0.047713976353406906
8930,0,0,0.08278214079340693,0.0689123272895813
8931,0,0,0.06281017714093402,0.1001548245549202
8932,0,1,0.028978212689389687,0.038324132561683655
8933,0,1,0.03817071571511149,0.09310665726661682
8934,0,1,0.053189008337882246,0.03905674070119858
8935,0,1,0.04292861277222139,0.026652410626411438
8936,1,0,0.06935597056106306,0.06023290753364563
8937,0,0,0.11607460690670285,-0.07086974382400513
8938,0,1,0.04328385144326326,0.05702831596136093
8939,0,0,0.06809086738733941,0.09747394174337387
8940,0,0,0.062178063560743554,0.07533697038888931
8941,0,0,0.0801302936428202,-0.023977652192115784
8942,0,1,0.03323849493147782,0.028552323579788208
8943,0,1,0.035558501968283945,0.03849199786782265
8944,0,1,0.04474974754048949,0.029113225638866425
8945,0,1,0.044377563196387596,0.08928878605365753
8946,0,1,0.06471020102226327,0.03201907128095627
8947,0,0,0.03259696344508115,0.0681178867816925
8948,0,0,0.045814783553334654,0.05606779828667641
8949,0,0,0.04340896019017888,0.08164888620376587
8950,0,0,0.07876458438785697,0.01134239137172699
8951,0,0,0.05376536892298621,0.017883792519569397
8952,0,1,0.06872972072978341,0.024306178092956543
8953,1,1,0.05119980550496078,0.043343931436538696
8954,0,0,0.05766532225830022,0.022481456398963928
8955,0,0,0.1044644674951776,0.005929768085479736
8956,0,0,0.059260313949216215,0.042776450514793396
8957,0,1,0.0971396618960742,0.055514752864837646
8958,0,1,0.0543042159344754,0.06666164100170135
8959,0,1,0.09112113546536552,0.028788655996322632
8960,0,1,0.04944875134149114,-0.004835844039916992
8961,0,1,0.054654789812278226,0.05756013095378876
8962,0,0,0.06437733485625707,0.05122131109237671
8963,0,1,0.08036482220332414,0.007819026708602905
8964,0,1,0.04832508463259605,0.059184469282627106
8965,0,0,0.06474381108279782,0.0521649569272995
8966,0,1,0.05082218773637004,0.08029042929410934
8967,0,0,0.05527196764227317,0.015846654772758484
8968,0,0,0.08068661010580011,0.05942077934741974
8969,0,1,0.02707339257584889,0.02018909528851509
8970,0,0,0.060951134900352505,0.0395427867770195
8971,1,1,0.09851701317304651,0.09755940735340118
8972,1,1,0.05057935607289861,0.030831508338451385
8973,0,0,0.059752936288522907,0.030026420950889587
8974,0,1,0.055402131546098146,-0.01379530131816864
8975,0,1,0.042189152313390835,0.021732382476329803
8976,0,1,0.07735216328851019,0.0392308384180069
8977,0,1,0.07257024694234279,0.04367847740650177
8978,0,1,0.08141834101799461,0.07612711936235428
8979,0,1,0.07471731191779948,0.07997679710388184
8980,0,0,0.055411378216470894,-0.01379530131816864
8981,0,1,0.10950921449559514,0.02804681658744812
8982,0,1,0.07363570178881962,0.0591111034154892
8983,0,0,0.04781402801678723,0.06218453124165535
8984,0,1,0.058289029768059955,0.025603272020816803
8985,0,0,0.026528154048070955,0.021160617470741272
8986,0,0,0.05245780720518259,0.04824341833591461
8987,0,1,0.038115898967711934,0.042559511959552765
8988,0,1,0.05356600497496035,0.03933297097682953
8989,0,1,0.03301820295375817,0.04233444109559059
8990,0,0,0.040093711214921,0.05054228752851486
8991,0,0,0.02985672282548421,0.027401866391301155
8992,0,1,0.08149609943923339,0.044191256165504456
8993,0,1,0.040841976287900275,0.04204665124416351
8994,0,1,0.04806835048708774,0.0362996906042099
8995,0,1,0.054005161228219925,0.0871838629245758
8996,0,1,0.04177879747416448,0.04064274579286575
8997,0,1,0.04064880352389491,0.0661153644323349
8998,0,0,0.035725933855840004,0.049496036022901535
8999,0,1,0.058938537203434116,0.034715548157691956
9000,0,1,0.04206202499487491,0.14293907582759857
9001,0,1,0.07208974996687573,0.0483366996049881
9002,0,1,0.03346744896330592,0.04034905135631561
9003,0,1,0.05208407560362083,0.06596534699201584
9004,0,1,0.07492001655117136,0.052387967705726624
9005,0,0,0.025247757712879668,0.019094178453087807
9006,0,1,0.06054107077928392,0.10642942041158676
9007,0,0,0.07873957752161967,0.03481101989746094
9008,0,1,0.041056524626961424,0.036288052797317505
9009,0,1,0.08559958830002712,0.036728084087371826
9010,0,1,0.12147418374070296,0.12275753915309906
9011,0,1,0.04938928689013762,-0.007889755070209503
9012,0,1,0.061823246564050124,0.08313901722431183
9013,0,0,0.03963548813947364,0.0349956750869751
9014,0,1,0.06367300899929844,0.047786012291908264
9015,0,1,0.07062376853221783,0.07036219537258148
9016,0,0,0.056616482778913776,0.051614582538604736
9017,0,1,0.05372520724922031,0.0539097934961319
9018,0,1,0.06677806748774553,0.04053279757499695
9019,0,1,0.04447369412253782,0.07341964542865753
9020,0,0,0.06309290792343068,0.06913456320762634
9021,0,1,0.054560700390760525,0.04744908958673477
9022,0,0,0.04660132517789868,0.05400770902633667
9023,0,1,0.04334329759021896,0.08310531079769135
9024,0,0,0.08868192002055766,0.062354862689971924
9025,0,1,0.03684199821142444,0.026306092739105225
9026,0,1,0.038335514514482506,0.035363659262657166
9027,0,1,0.0468020459898256,0.0845489650964737
9028,1,1,0.0909099366235874,0.08423098921775818
9029,0,1,0.05496899412626305,0.0819174274802208
9030,0,1,0.08658153521538572,0.010011114180088043
9031,0,1,0.03397640589588857,0.024532053619623184
9032,0,0,0.049570994692514914,0.07249507308006287
9033,0,1,0.0649856496171102,0.042682141065597534
9034,0,0,0.028829073776376633,0.08156377077102661
9035,1,1,0.08079368652599139,0.04911243915557861
9036,1,1,0.04157375523992611,0.0944807380437851
9037,0,0,0.06437086749445693,0.04343005269765854
9038,0,1,0.06585717501335489,0.04915072023868561
9039,0,0,0.027616837410226018,0.02929203398525715
9040,0,1,0.0749828471640148,0.043412238359451294
9041,0,1,0.040679686645267304,0.07968860864639282
9042,0,0,0.055698266994307785,0.09609786421060562
9043,0,1,0.03988046402494862,0.055889882147312164
9044,0,0,0.06990147707219704,0.06750249117612839
9045,0,0,0.07487544555738901,0.08997763693332672
9046,1,1,0.06143520012335581,0.02112402766942978
9047,1,0,0.0728182168860057,0.048436641693115234
9048,0,1,0.08187558429529951,0.1040688157081604
9049,0,1,0.05806571399030913,0.04939957708120346
9050,0,1,0.06887047411945413,0.10002201050519943
9051,0,1,0.04644508194159219,0.05703143775463104
9052,0,1,0.0566335298702058,0.04639701545238495
9053,0,0,0.048395699567038125,0.08803978562355042
9054,0,1,0.07816289361184406,0.08715309202671051
9055,0,0,0.039460254215116286,0.05087762326002121
9056,0,0,0.05137433427552854,0.06334725767374039
9057,0,1,0.057929644003584344,0.05778981000185013
9058,1,1,0.031113797095685507,0.05852208286523819
9059,1,0,0.052364032486459294,0.05909468233585358
9060,0,1,0.04453211475873532,0.09021821618080139
9061,0,1,0.02703434646013317,0.03507714718580246
9062,0,1,0.051520232253879694,0.028908587992191315
9063,1,1,0.0457001943207303,0.04316359758377075
9064,0,1,0.06828181237856508,0.03380627930164337
9065,0,0,0.061388240624994955,0.05334169417619705
9066,0,1,0.06506859773384831,0.08883871883153915
9067,0,1,0.03084176235894758,0.03995757922530174
9068,0,1,0.037999163476953535,0.038044653832912445
9069,1,1,0.05383642435938611,0.08051890879869461
9070,0,1,0.033448712104699865,0.04147791862487793
9071,0,0,0.07532799804934331,0.06372123956680298
9072,1,1,0.09978688959327298,0.03947813808917999
9073,1,0,0.10633827232699508,0.09203319251537323
9074,0,1,0.04339640526403021,0.07865802943706512
9075,0,1,0.07062675575611085,0.06950370222330093
9076,0,1,0.10633097716024273,0.09203319251537323
9077,1,0,0.08101806283920007,0.01850248873233795
9078,0,1,0.03628934265907922,0.03890080377459526
9079,0,0,0.055397178365743094,0.07016879320144653
9080,0,0,0.09917228481855148,0.010300680994987488
9081,0,0,0.05721611742446886,0.04000431299209595
9082,0,1,0.054005161228219925,0.0871838629245758
9083,0,1,0.07915361680907973,0.08093270659446716
9084,1,1,0.0559010539263098,0.07263340801000595
9085,1,1,0.07246923874432892,0.09416718780994415
9086,0,1,0.07716199959339437,0.04832504689693451
9087,0,0,0.05566358182000525,0.0524410754442215
9088,0,1,0.044636983339775796,0.12940417230129242
9089,0,0,0.039936467689984045,0.05345603823661804
9090,0,1,0.04556458583222979,0.050881221890449524
9091,0,1,0.029704553390634054,0.05077817291021347
9092,0,1,0.051812930953028094,0.08843062072992325
9093,0,1,0.049752735098807704,0.03934287279844284
9094,0,1,0.052870694817849076,0.02171015739440918
9095,0,1,0.03470787275316543,0.1111321672797203
9096,0,1,0.06809326679038981,0.07715170085430145
9097,0,1,0.04172858852728832,0.02967262640595436
9098,0,1,0.041676767055586456,0.0416424423456192
9099,0,1,0.0400214923920678,0.048329517245292664
9100,0,0,0.04395839377423649,0.0835958868265152
9101,0,1,0.07716199959339437,0.04832504689693451
9102,0,1,0.07634368728864566,0.06106594204902649
9103,0,1,0.03758927384543203,0.05043621361255646
9104,0,1,0.04449669137679432,0.036327991634607315
9105,0,1,0.04890676416482542,0.0499720573425293
9106,1,1,0.03625805285573057,0.03482034429907799
9107,0,1,0.09386740393263593,0.042308032512664795
9108,0,1,0.07156109119173945,0.05500367283821106
9109,0,1,0.06286716528356691,0.05076649785041809
9110,0,0,0.08744892960579731,0.11379165947437286
9111,0,1,0.07645708415637936,0.09760305285453796
9112,0,0,0.05173779305220956,0.09010869264602661
9113,0,0,0.09332157548951009,0.10410073399543762
9114,0,1,0.06277838993683178,0.09900812804698944
9115,0,1,0.05488216772174327,0.053741998970508575
9116,0,1,0.05267153672710827,0.0966542512178421
9117,0,1,0.04397190305653986,0.03326801955699921
9118,0,0,0.056769281991252016,0.05657268315553665
9119,0,0,0.10348318065153103,0.11591736972332001
9120,0,1,0.029811310677652886,0.048004694283008575
9121,0,1,0.04522008387016588,-0.0013710707426071167
9122,1,1,0.11419787604647602,0.05818536877632141
9123,0,1,0.04682943635111424,0.049296967685222626
9124,0,1,0.07303210352504388,0.043198391795158386
9125,0,1,0.07464765444134516,0.06168331205844879
9126,0,1,0.03538847636789238,0.10042190551757812
9127,1,1,0.061564029359130565,0.05908937752246857
9128,0,1,0.05356597336123649,0.053047820925712585
9129,1,0,0.10179207897732159,0.11739882826805115
9130,0,0,0.04652116484693446,0.04486929252743721
9131,0,0,0.08612281865157634,0.06956081092357635
9132,0,0,0.0920951039398682,0.08367244899272919
9133,0,1,0.06612528629678993,0.05222219228744507
9134,0,1,0.06299929826290032,0.11129921674728394
9135,0,1,0.07085707032693087,0.045204222202301025
9136,0,1,0.10964873637162764,0.12914706766605377
9137,0,1,0.03489913176752524,0.06987626105546951
9138,1,1,0.07101721393666774,0.054051317274570465
9139,0,1,0.07716199959339437,0.04832504689693451
9140,0,1,0.0702627681103372,0.0948629155755043
9141,0,0,0.07538260395816943,0.05906170606613159
9142,0,1,0.0377776022057144,0.039326149970293045
9143,0,1,0.08224016937460918,0.0854467898607254
9144,0,1,0.07358042362178727,0.032759398221969604
9145,0,0,0.04590646641620871,0.057689256966114044
9146,0,1,0.03392095628053275,0.05344739556312561
9147,0,1,0.04622666595367678,0.19667506217956543
9148,0,1,0.04549705128343427,0.09641341865062714
9149,0,0,0.048700690356504636,0.08166641741991043
9150,1,1,0.05044435887217996,0.0900324285030365
9151,0,0,0.027602280859452454,0.038352686911821365
9152,0,1,0.053442848062840234,0.06335791945457458
9153,0,1,0.05683375635470468,0.0931474044919014
9154,0,1,0.08753097818011152,0.10957451164722443
9155,0,1,0.04210223423935967,0.026517167687416077
9156,0,1,0.08245311935745578,0.04515920579433441
9157,0,1,0.03390080740599316,0.027772925794124603
9158,0,1,0.03423835779993318,0.06670023500919342
9159,0,1,0.07334404603251393,0.0594249963760376
9160,0,1,0.06770128239488546,0.10928928852081299
9161,0,0,0.06724619196102209,0.026936054229736328
9162,0,0,0.08195604908562787,0.13459274172782898
9163,1,1,0.08283756954431873,0.11035981774330139
9164,0,0,0.03288708038256066,0.03374543786048889
9165,0,1,0.09191127506529959,0.10730759799480438
9166,0,1,0.05657480801286652,0.03983151912689209
9167,0,0,0.03863826536599903,0.08037298917770386
9168,0,0,0.047438570812696784,0.0712585300207138
9169,0,1,0.05560405842689224,0.036744408309459686
9170,0,0,0.042207866698193555,0.015624761581420898
9171,0,1,0.04125621866231856,0.07232506573200226
9172,0,1,0.060879583056338615,0.07205935567617416
9173,0,1,0.07546265611305297,0.0664118081331253
9174,0,1,0.06722172553251972,0.08472324907779694
9175,0,0,0.055681812179398105,0.10744693875312805
9176,0,0,0.06320866481522058,0.02826990932226181
9177,0,1,0.04766399587316347,0.040233075618743896
9178,0,0,0.06191016630229368,0.1177649274468422
9179,0,1,0.04999987098627599,0.04691749066114426
9180,0,1,0.037827082644756836,0.04863211512565613
9181,1,1,0.053442848062840234,0.06335791945457458
9182,0,1,0.0475274796941908,0.04043644666671753
9183,1,0,0.03963157366267396,0.08307714760303497
9184,0,1,0.055350931609083664,0.07859932631254196
9185,0,1,0.06865556692824909,0.04806789755821228
9186,0,1,0.10891039642594899,0.09976562857627869
9187,0,1,0.03710267792686599,0.07627859711647034
9188,0,0,0.05438295213342478,0.043336063623428345
9189,0,0,0.04686016814823514,0.03243435174226761
9190,0,1,0.07524182718060693,0.13692069053649902
9191,0,1,0.09941234588725151,0.023937225341796875
9192,0,1,0.07685918178011636,0.06231576204299927
9193,0,1,0.07540121685091244,0.05405588448047638
9194,0,0,0.11338201014761284,0.11216329038143158
9195,1,1,0.1138557567794713,0.11588653922080994
9196,0,1,0.054048992301035464,0.07489516586065292
9197,0,0,0.040371258013714384,0.023229144513607025
9198,1,1,0.07252416694326688,0.06176024675369263
9199,0,1,0.05052522002261681,0.08142977952957153
9200,0,1,0.08392996298969219,0.04732707142829895
9201,0,1,0.05661474096175552,0.105600506067276
9202,0,0,0.04962623265954355,0.0767623633146286
9203,1,0,0.08446295414527963,0.06355313956737518
9204,0,1,0.09117314239286828,0.001386404037475586
9205,0,0,0.06648897033187692,0.07875851541757584
9206,0,0,0.061223112117616885,0.06184657663106918
9207,0,1,0.06466197949035205,0.08450240641832352
9208,1,1,0.05690473769005515,0.05515427142381668
9209,0,1,0.06807098319955973,0.138229101896286
9210,0,1,0.05572715388960893,0.12502992153167725
9211,1,0,0.0726764460483095,0.08999169617891312
9212,0,1,0.059616686403526534,0.03982267528772354
9213,0,1,0.05304430454701961,0.0871838629245758
9214,0,1,0.07312599724024738,0.12788647413253784
9215,0,1,0.044836930303355615,0.04047132283449173
9216,0,0,0.034527632258009255,0.019727449864149094
9217,0,1,0.08488123856964319,0.0754096508026123
9218,0,0,0.043766071820441343,0.05593111366033554
9219,0,1,0.06109886351050295,0.06517033278942108
9220,0,1,0.07716199959339437,0.04832504689693451
9221,0,1,0.05094008226457808,0.08932989090681076
9222,0,1,0.07493347577135029,0.06811071932315826
9223,0,0,0.05360483672260871,0.04067545384168625
9224,0,1,0.037873362163669516,0.042163364589214325
9225,0,1,0.03829163496164929,0.047819316387176514
9226,0,0,0.06355869742407916,0.07504494488239288
9227,0,1,0.0582345958169805,0.036850884556770325
9228,0,1,0.038935028523093045,0.13140353560447693
9229,0,0,0.06542185328771484,0.07272960245609283
9230,0,0,0.047172451056959275,0.05645746737718582
9231,0,0,0.04096486219591547,0.016103722155094147
9232,0,0,0.11430053054561257,0.04650956392288208
9233,0,1,0.049694834279530115,0.11161288619041443
9234,0,1,0.03333347316973105,0.0635739117860794
9235,0,1,0.07980453671917925,0.07121019810438156
9236,0,0,0.06417818374809427,0.033837445080280304
9237,0,1,0.07083910612812441,0.06462464481592178
9238,0,0,0.03235737243011433,0.024353589862585068
9239,0,1,0.02965083912252213,0.05509680137038231
9240,0,1,0.06773011099749993,0.037752971053123474
9241,0,1,0.04278310531861365,0.03204577416181564
9242,0,1,0.05356975333846249,0.04213779419660568
9243,0,0,0.048156571997587716,0.13789218664169312
9244,1,1,0.06366005565268164,0.07529261708259583
9245,0,0,0.06218259335336593,0.02962782233953476
9246,0,0,0.07753648992885734,0.07368402928113937
9247,0,1,0.04015843816387532,0.049042947590351105
9248,0,0,0.03940863323756314,0.05026242509484291
9249,0,1,0.05593119734949353,0.07014628499746323
9250,0,1,0.04712735542258105,0.06386123597621918
9251,0,1,0.0883407134128169,0.08605699241161346
9252,0,1,0.042602486494888625,0.045652639120817184
9253,0,1,0.039838889119855794,0.06324053555727005
9254,0,0,0.07142667494901397,0.07333874702453613
9255,1,0,0.04952149003812538,0.06919944286346436
9256,0,1,0.06066768179465579,0.06623949110507965
9257,1,1,0.056725753318361175,0.04236018657684326
9258,0,0,0.03561030512358132,0.031080614775419235
9259,0,0,0.07871393806195964,0.020884916186332703
9260,0,1,0.055698358838519854,0.0759805291891098
9261,0,1,0.05593079236436177,0.02322237193584442
9262,0,1,0.032825903987507954,0.024893494322896004
9263,0,1,0.066262951758085,0.05557234585285187
9264,0,1,0.04628734503000839,0.015436746180057526
9265,0,0,0.03900510604897432,0.035084065049886703
9266,0,0,0.08427054940287698,0.03153295814990997
9267,1,0,0.05568880254653079,0.04745633155107498
9268,0,1,0.04586949848378945,0.021478615701198578
9269,0,1,0.04936687214143064,-0.017709389328956604
9270,0,1,0.046151467537036764,0.03324335813522339
9271,0,0,0.03177895705792848,0.057178251445293427
9272,0,0,0.05910206952861902,0.04984726011753082
9273,0,1,0.04025851637470575,0.02449437975883484
9274,0,1,0.08039574153695259,0.039639487862586975
9275,0,1,0.043955851725772696,0.04031161218881607
9276,0,1,0.06989374726212597,0.07735993713140488
9277,0,1,0.05281544160517236,0.03087110072374344
9278,0,0,0.03344804761225521,0.04147791862487793
9279,0,1,0.03456435829390205,0.03565693274140358
9280,0,1,0.10211161589596707,0.01327165961265564
9281,0,0,0.11238588718920711,0.10059729218482971
9282,0,1,0.051587281360028506,0.05987938493490219
9283,0,1,0.06388168049865853,0.02953799068927765
9284,1,1,0.07754787214460679,0.020857706665992737
9285,0,0,0.070643769683564,0.06766188144683838
9286,0,1,0.040941101741625865,0.010490871965885162
9287,0,0,0.05188226182315299,0.023250028491020203
9288,0,1,0.054849363552001026,0.058746278285980225
9289,0,1,0.05028922743953333,0.043807029724121094
9290,0,1,0.04449669137679432,0.036327991634607315
9291,0,1,0.040474885553895834,0.09034395217895508
9292,0,0,0.038100457874703855,0.05476725101470947
9293,1,1,0.06561885024656039,0.036754459142684937
9294,0,1,0.04714427907263111,0.07455074787139893
9295,0,1,0.06864047964160229,0.04471185803413391
9296,1,1,0.0514233867164071,0.05970728397369385
9297,0,0,0.03458659056361847,0.02695244923233986
9298,0,0,0.02967192682746888,0.05200204625725746
9299,0,1,0.05688903138968758,0.06482710689306259
9300,0,0,0.06671111446415737,0.10174775123596191
9301,1,1,0.08548505495396183,0.032937534153461456
9302,0,1,0.0692830359889649,0.05032318830490112
9303,0,1,0.0920001338700116,0.10727465152740479
9304,0,1,0.0823101435442582,0.08737727254629135
9305,1,1,0.06458742973817311,0.041287779808044434
9306,0,0,0.07230937950757949,0.04151614010334015
9307,0,0,0.039616965176334173,0.0827687457203865
9308,0,1,0.03231874079486005,0.012869369238615036
9309,0,1,0.06411755178995829,0.10242404043674469
9310,0,1,0.03328591944675189,0.05146457254886627
9311,1,1,0.05335946893363233,0.024283818900585175
9312,0,1,0.06984416556047124,0.018240079283714294
9313,0,1,0.07673032034403623,0.03612585365772247
9314,1,1,0.0621895670785734,0.07533697038888931
9315,0,0,0.04605272883878929,0.04297248274087906
9316,0,1,0.049307467098762575,0.03204137086868286
9317,0,1,0.04804804609844693,0.0623534694314003
9318,1,1,0.057654802167824606,0.02533455193042755
9319,0,1,0.07508289391961173,0.047036707401275635
9320,0,1,0.08259846417183597,0.0780443400144577
9321,0,1,0.06834147447519777,0.09226460009813309
9322,0,0,0.10195213861641039,0.06912210583686829
9323,0,1,0.06205579788354211,0.05354009568691254
9324,0,0,0.05268720529338937,0.10023078322410583
9325,0,1,0.04454820336782302,0.14652858674526215
9326,0,1,0.09205726379838325,0.1063622385263443
9327,0,1,0.0763059717074627,0.041483573615550995
9328,0,0,0.05666489451132263,0.12135404348373413
9329,0,0,0.044122898289925314,0.055404987186193466
9330,0,1,0.06576445585239668,0.139817476272583
9331,0,0,0.03710267792686599,0.07627859711647034
9332,1,0,0.07382203623229419,0.0322338342666626
9333,1,0,0.07838683904086041,0.06663407385349274
9334,1,1,0.0436368751110945,0.04454054683446884
9335,0,1,0.07735829559717841,0.18832659721374512
9336,0,1,0.04916844279988308,0.048489294946193695
9337,0,1,0.044450093177938896,0.06703583151102066
9338,0,1,0.06071749371979286,0.03736105561256409
9339,1,1,0.04673126432751894,0.04231392592191696
9340,0,0,0.07437869293244062,0.06528051197528839
9341,0,0,0.11338625085112247,0.11216329038143158
9342,0,1,0.0788932362916239,0.05913567543029785
9343,0,1,0.06489436422324336,0.04058914631605148
9344,0,1,0.08854549267156511,0.011960595846176147
9345,0,1,0.07730890244210387,0.018906205892562866
9346,0,1,0.06656160670701654,0.0795898586511612
9347,0,0,0.06560324966285992,0.11716331541538239
9348,0,1,0.07337738260008791,0.08867111057043076
9349,0,1,0.04433486431787277,0.08949439972639084
9350,0,0,0.09171975525452153,-0.014618262648582458
9351,0,1,0.05429640401613284,0.06274684518575668
9352,0,0,0.05868056046348387,0.03488028049468994
9353,0,0,0.035623576507098215,0.030419953167438507
9354,0,1,0.045861148194359644,0.05516154319047928
9355,0,1,0.05932783951025265,0.08618739992380142
9356,1,1,0.06536846803257407,0.06947166472673416
9357,0,1,0.03494784252775297,0.0629642903804779
9358,0,1,0.09389178738993251,-0.015730321407318115
9359,0,1,0.06385922306210084,0.06605587899684906
9360,0,0,0.10343739749824263,0.02779257297515869
9361,0,1,0.09355970398695848,0.10933004319667816
9362,0,1,0.11184745484156858,0.055554091930389404
9363,0,0,0.037085791810677574,0.04324354976415634
9364,0,1,0.05588117018575521,0.042742982506752014
9365,0,1,0.038329766884236095,0.06697271764278412
9366,0,1,0.05879323614489523,0.03928045183420181
9367,0,0,0.04258650625468001,0.08164888620376587
9368,0,0,0.07905422212281218,0.05188213288784027
9369,0,1,0.05530087181057812,0.07606718689203262
9370,1,1,0.10471600825600405,0.04282960295677185
9371,0,0,0.05604364766942964,0.017281636595726013
9372,0,1,0.06750417010160356,0.04065932333469391
9373,0,1,0.08282247492214576,0.02538437396287918
9374,0,1,0.03266682504186733,0.05679105222225189
9375,0,1,0.06290357972810909,0.06524793803691864
9376,0,0,0.028311079397973622,0.12454891204833984
9377,0,1,0.027016221517655106,0.031310319900512695
9378,0,1,0.06460466208441112,0.03588216006755829
9379,0,0,0.10957584089829017,0.11622454226016998
9380,0,1,0.03214080220598214,0.04375988245010376
9381,0,1,0.07472233725435876,0.02999366819858551
9382,0,1,0.052056305707893866,0.07986155152320862
9383,0,0,0.06045337643338465,0.05655602365732193
9384,0,0,0.053366453451652335,0.098641537129879
9385,1,0,0.05231255510011776,0.05505853146314621
9386,0,0,0.058844967064484194,0.02327251434326172
9387,1,1,0.041315470467172405,0.07674388587474823
9388,0,0,0.07086744171127116,0.048978328704833984
9389,0,0,0.09792384347504504,0.007883787155151367
9390,0,1,0.08370614532413098,0.03437517583370209
9391,0,0,0.04969418602588055,0.008659996092319489
9392,0,1,0.06291770027714486,0.09522886574268341
9393,0,0,0.062485605239882794,0.022130087018013
9394,0,1,0.03861240672169981,0.03453851863741875
9395,0,1,0.04719572002012394,0.05134371668100357
9396,0,1,0.03132267883868282,0.03253151476383209
9397,0,0,0.07129891045660999,-0.0002778768539428711
9398,0,1,0.06475910191339822,0.04855518043041229
9399,0,1,0.08675578259924085,0.053418323397636414
9400,0,1,0.041615857617884736,0.04673098772764206
9401,0,1,0.062235030107056194,0.03457173705101013
9402,0,1,0.06912603500307102,0.04806244373321533
9403,0,0,0.08109509150266306,0.04842275381088257
9404,0,1,0.07455211729207953,0.06983616948127747
9405,0,1,0.044828014254671034,0.03916862979531288
9406,0,1,0.08572481311441069,0.2134840190410614
9407,1,1,0.03688292337225029,0.031957074999809265
9408,0,0,0.04632790521151296,0.03756153583526611
9409,0,0,0.06501934707908867,0.036311060190200806
9410,0,1,0.05824714338389217,0.022602662444114685
9411,0,0,0.05847963582053056,-0.020763754844665527
9412,0,1,0.07218161176556928,0.010516032576560974
9413,0,1,0.08426510565495496,0.04144375026226044
9414,0,0,0.06928735090030591,0.04655317962169647
9415,0,0,0.06982105081161206,0.042059317231178284
9416,0,0,0.0808975157883702,0.13736607134342194
9417,0,0,0.04381353911186023,0.06279335170984268
9418,1,1,0.05091134662305241,0.05120668560266495
9419,1,1,0.08435659790403394,0.08881285786628723
9420,0,1,0.048328476868660084,0.21200954914093018
9421,0,1,0.09712291282558116,0.021913111209869385
9422,0,0,0.07378217763783901,0.08462388068437576
9423,0,0,0.06691493155597306,0.042379558086395264
9424,0,1,0.0723944198419306,0.05648157000541687
9425,0,1,0.05634811594718003,0.038855038583278656
9426,0,1,0.07124922236858833,0.10619990527629852
9427,0,1,0.06773855873949308,0.12086240947246552
9428,0,1,0.024971870600433647,0.08161485195159912
9429,0,1,0.04745106597759606,0.07578034698963165
9430,0,0,0.036380851208492763,0.03854386880993843
9431,0,0,0.07148180265308274,0.03392992913722992
9432,0,0,0.09348430777240507,0.12647020816802979
9433,0,1,0.05758874381734763,0.04631824791431427
9434,0,1,0.06571866719944777,0.07196684181690216
9435,0,1,0.060295635340367165,0.0839589461684227
9436,0,1,0.053442848062840234,0.06335791945457458
9437,0,1,0.0812632534835632,-0.0077432990074157715
9438,1,1,0.03903125919037825,0.047202855348587036
9439,0,1,0.025230619237545347,0.017473576590418816
9440,0,0,0.05764909365577191,0.053443655371665955
9441,1,1,0.05140402351282378,0.0493956059217453
9442,0,1,0.0588377200967201,0.05011606216430664
9443,0,1,0.03780516310105874,0.028657563030719757
9444,0,0,0.04874478081612184,0.09201415628194809
9445,0,1,0.05501494300344091,0.061714597046375275
9446,0,1,0.06615454186557432,0.09202036261558533
9447,0,1,0.05175603478959506,0.08029042929410934
9448,0,1,0.0607156562185632,0.03736105561256409
9449,0,0,0.0968708939051284,0.09827663004398346
9450,0,1,0.060151830473562304,0.03544224053621292
9451,0,0,0.06723495391554178,0.04536641389131546
9452,0,1,0.09301535877687156,0.12453017383813858
9453,0,1,0.0288225139734744,0.01657845452427864
9454,0,1,0.055935776156554734,0.019815221428871155
9455,0,1,0.041476114220559315,0.04499176889657974
9456,0,0,0.0668465035916027,0.0558929443359375
9457,1,1,0.04664958864000808,0.08943379670381546
9458,0,1,0.08908396630221091,0.06560690701007843
9459,0,0,0.10549381681162884,0.10097461938858032
9460,0,0,0.08300410544113579,0.04724642634391785
9461,1,0,0.08154920819208855,0.0948038101196289
9462,0,0,0.09218959380879366,0.07495589554309845
9463,0,1,0.06832626344289226,0.048056960105895996
9464,0,1,0.05616442673903371,0.030186034739017487
9465,0,0,0.05868755329889169,0.06917478144168854
9466,0,1,0.03111766926632705,0.05852208286523819
9467,0,0,0.04794749719989627,0.038191020488739014
9468,0,1,0.052935057445237105,0.030592285096645355
9469,0,0,0.06962397878202606,0.04013357311487198
9470,1,0,0.07035203159080998,0.023777112364768982
9471,1,1,0.08266757580859249,0.16678613424301147
9472,0,1,0.06890547922902662,0.04005914926528931
9473,0,1,0.02824359743464691,0.0811358243227005
9474,0,1,0.045120673715821874,0.0812651664018631
9475,0,1,0.05395234571658411,0.07808444648981094
9476,0,0,0.10244903275395206,0.09843553602695465
9477,0,1,0.03173636188350751,0.05307837203145027
9478,0,0,0.04367436255203601,0.034265078604221344
9479,0,1,0.04454571451897725,0.042286232113838196
9480,0,1,0.059662615728214796,0.06683523952960968
9481,0,1,0.05974977493640278,0.06372307986021042
9482,1,1,0.057591380042782234,0.04786849021911621
9483,0,1,0.04934731017229471,0.03171873837709427
9484,0,1,0.04956177766086524,0.07717679440975189
9485,0,1,0.03628934265907922,0.03890080377459526
9486,0,1,0.03892822487497057,0.09414683282375336
9487,0,1,0.0481274111068717,0.15430930256843567
9488,0,0,0.06328972263429812,0.11361820250749588
9489,0,0,0.05457750582088018,0.0379105880856514
9490,0,1,0.04557593211866884,0.05895957350730896
9491,0,1,0.03399691543143635,0.028030920773744583
9492,0,1,0.06477737129425978,0.0766369104385376
9493,0,1,0.06166137964033362,0.12157486379146576
9494,0,0,0.061738153214719024,0.0659841001033783
9495,1,0,0.07985928734423778,0.035108283162117004
9496,0,0,0.043635308515719645,0.10920495539903641
9497,0,0,0.03272979504919475,0.06360949575901031
9498,0,1,0.038330154031209665,0.035363659262657166
9499,0,1,0.035575011397568225,0.03445994853973389
9500,0,1,0.08395650513695452,-0.0021358132362365723
9501,1,1,0.05573223368199136,0.06834344565868378
9502,0,0,0.059388272446563764,0.0689089447259903
9503,0,1,0.08308508702231665,0.015086278319358826
9504,0,1,0.0614254127863621,0.01564425230026245
9505,0,1,0.041505955314325466,0.01977628469467163
9506,1,1,0.10316907383158308,0.11594417691230774
9507,0,1,0.06342771796290686,0.005678743124008179
9508,0,1,0.11472006396028223,0.10710501670837402
9509,0,1,0.10374046029351752,0.10762999951839447
9510,0,1,0.05428043232893835,0.026887819170951843
9511,0,1,0.04250361451616132,0.02521875500679016
9512,0,0,0.05640094832726203,0.032753899693489075
9513,0,0,0.040657340830531866,0.08600646257400513
9514,0,0,0.03716217218496439,0.08971090614795685
9515,0,1,0.05217016404017999,0.06185054033994675
9516,0,1,0.03695997071388266,0.0805271714925766
9517,0,1,0.031934413656453775,0.028801091015338898
9518,0,1,0.10492245114854115,0.11195239424705505
9519,0,1,0.040183546467365175,0.0523533932864666
9520,0,0,0.09811536449314087,0.09129375219345093
9521,0,1,0.06623980990547615,0.023264721035957336
9522,0,1,0.03589331545881531,0.07968050241470337
9523,0,1,0.06316264708026077,0.02386118471622467
9524,0,0,0.03429484532143627,0.05802483111619949
9525,0,0,0.08698905209744931,0.11024034023284912
9526,1,1,0.08066053975759233,0.06674663722515106
9527,0,0,0.059431417056841906,0.039770692586898804
9528,0,0,0.0503554241418076,0.05761987343430519
9529,0,1,0.06278082470800095,0.0778905600309372
9530,0,0,0.03710377569921568,0.043910279870033264
9531,1,0,0.05337245956530701,0.06294848024845123
9532,0,1,0.06880528375992688,0.04971671104431152
9533,0,1,0.040371565254123276,0.0224900022149086
9534,0,1,0.07465730073713608,0.060478053987026215
9535,0,1,0.031934413656453775,0.028801091015338898
9536,0,0,0.0390747875110868,0.03539922833442688
9537,0,0,0.04845930907463114,0.03255690634250641
9538,0,0,0.08803002935027615,0.10202863812446594
9539,0,1,0.05655786043347631,0.04605069011449814
9540,0,1,0.05054499499888951,0.07931967079639435
9541,1,1,0.08485582737974845,0.03911179304122925
9542,0,0,0.0854477170421781,0.033000826835632324
9543,0,1,0.07585112796131943,0.004213899374008179
9544,0,1,0.05793752121299378,0.059306949377059937
9545,0,0,0.0302497227642997,0.05311998724937439
9546,0,1,0.053673899769803926,0.020687095820903778
9547,0,1,0.0725993273852458,0.01695433259010315
9548,0,1,0.03449979338143415,0.014260325580835342
9549,0,1,0.05812037541518586,0.09352251887321472
9550,0,0,0.05429648329636487,0.009922914206981659
9551,0,1,0.05630234780574414,0.06931183487176895
9552,1,1,0.04648065973967787,0.07993824779987335
9553,0,1,0.048643512620395735,0.06777306646108627
9554,1,0,0.06168038382327498,-0.017173856496810913
9555,0,1,0.04628882824252352,0.060155704617500305
9556,0,0,0.03802090651035066,0.030871987342834473
9557,1,1,0.08035469938960932,0.004045218229293823
9558,1,1,0.07479222810075836,0.023887306451797485
9559,0,0,0.05001958230445712,0.07247740030288696
9560,0,1,0.06798037959618852,0.03677941858768463
9561,0,1,0.035353104906340874,0.11881990730762482
9562,0,1,0.05887951260542365,0.10446462035179138
9563,0,1,0.08919929037393104,0.05578908324241638
9564,0,1,0.04258619941325474,0.08164888620376587
9565,0,0,0.03111410486872833,0.05852208286523819
9566,1,0,0.05595281027475267,0.0782671719789505
9567,0,0,0.11128542623043824,0.03863075375556946
9568,0,1,0.052125934457325065,0.10079532116651535
9569,1,1,0.08355913889857117,0.05368656665086746
9570,0,1,0.059044891954673814,0.08193720877170563
9571,0,1,0.07871534608252806,0.0849856287240982
9572,0,0,0.05468345227059539,0.052821025252342224
9573,0,0,0.050824402544765834,0.09479033201932907
9574,1,1,0.07472233725435876,0.02999366819858551
9575,0,1,0.038525168761950467,0.03956850990653038
9576,0,1,0.08142817934814811,0.0779573917388916
9577,0,0,0.06294830328358836,0.0967913344502449
9578,0,0,0.09151018675012446,0.13392487168312073
9579,0,0,0.053327537938850755,0.0018856227397918701
9580,1,1,0.0895487807367559,0.11437700688838959
9581,0,1,0.07608426641543131,0.038187503814697266
9582,0,0,0.04348330638303188,0.04250538349151611
9583,0,0,0.0719944782250703,0.06259883940219879
9584,0,1,0.06835830982165286,0.043056972324848175
9585,1,1,0.07145437006138666,0.1091977059841156
9586,0,1,0.05473407144461109,0.09071120619773865
9587,0,1,0.0514143757069291,0.04700271785259247
9588,0,0,0.07200883708611752,0.062091246247291565
9589,0,0,0.07665869736555403,0.08532470464706421
9590,0,0,0.0551881489840428,0.03660614788532257
9591,0,1,0.06953429005912108,0.013159871101379395
9592,0,0,0.055809991038473034,0.0611596405506134
9593,0,0,0.06991655933791649,0.05575251579284668
9594,0,1,0.09674390942768499,0.03756685554981232
9595,1,1,0.050767564209098934,0.009629108011722565
9596,0,1,0.04673563396620094,0.04442785680294037
9597,0,1,0.03591218408351257,0.0774303451180458
9598,0,1,0.05698344524890968,0.03803522139787674
9599,0,0,0.07353963099892893,0.07794550061225891
9600,0,0,0.0894475720631343,0.11204083263874054
9601,0,0,0.0717404459976696,0.07783196121454239
9602,1,0,0.06066087534216026,0.03510120511054993
9603,0,0,0.05864783714406123,0.06576517224311829
9604,0,0,0.03708232667084215,0.12638315558433533
9605,0,1,0.052627452391933505,0.018765605986118317
9606,0,1,0.10939258153450693,0.013695627450942993
9607,0,1,0.04951324023615483,0.06535610556602478
9608,0,1,0.09942751038855649,0.011385530233383179
9609,0,0,0.038115898967711934,0.042559511959552765
9610,0,1,0.0764875243734554,0.10235291719436646
9611,1,0,0.06178117980213209,0.09924505650997162
9612,0,0,0.06707925880455119,0.12738563120365143
9613,0,1,0.0771289585794121,0.07072418928146362
9614,0,1,0.04069281267068646,0.08316996693611145
9615,0,0,0.04652116484693446,0.04486929252743721
9616,0,1,0.0437743469770758,0.08135321736335754
9617,0,1,0.03781855437025981,0.07124403119087219
9618,0,0,0.0819031619472983,0.10637542605400085
9619,1,1,0.05193630667242523,0.019394636154174805
9620,0,0,0.10175097100641631,0.10603705048561096
9621,0,1,0.03173022453973102,0.06154479831457138
9622,0,0,0.033586906933748314,0.0804806649684906
9623,0,1,0.04881540800414562,0.03880928456783295
9624,0,1,0.07675694556431306,0.0595720112323761
9625,0,1,0.08225908381969702,0.028447121381759644
9626,0,1,0.10155950257653479,0.08767178654670715
9627,1,0,0.08313854495297132,0.12562115490436554
9628,1,1,0.0769070650918911,0.1129930168390274
9629,0,1,0.043693625470597214,0.03430270403623581
9630,0,0,0.040149945748044896,0.04027885943651199
9631,0,1,0.0408371972336706,0.03997742384672165
9632,0,1,0.05541451761537351,0.07177402079105377
9633,0,0,0.039438983665017927,0.0477202832698822
9634,0,1,0.09970608137198811,-0.001988023519515991
9635,0,0,0.05026793635287549,0.03917394578456879
9636,0,1,0.06284117144248817,0.04487922787666321
9637,0,1,0.05625331611211329,0.06470895558595657
9638,1,1,0.08297261206727699,0.11340377479791641
9639,1,1,0.0686571444062451,0.029538847506046295
9640,0,0,0.05078407654897217,0.0833791196346283
9641,0,0,0.03680406364445893,0.027752414345741272
9642,0,0,0.05134611894665379,0.05527482181787491
9643,0,1,0.07887736152806721,0.01631218194961548
9644,1,0,0.08002127043168838,0.06926478445529938
9645,0,0,0.040883603663694174,0.04939454048871994
9646,0,1,0.07008612580830857,0.04992614686489105
9647,1,1,0.11115905437212767,0.05916792154312134
9648,1,0,0.03541549243695226,0.03863184154033661
9649,0,1,0.0648349468507394,0.04182878136634827
9650,0,1,0.038972303941040266,0.12033922970294952
9651,0,1,0.0723192910456599,0.05419465899467468
9652,0,0,0.06070066640908084,0.05263734608888626
9653,0,1,0.034363776950242106,0.028877809643745422
9654,0,1,0.04095153916027755,0.05054568499326706
9655,0,1,0.0954151401596145,0.09602320194244385
9656,0,0,0.037024478905353396,0.047713976353406906
9657,0,0,0.033211545037993846,0.048815444111824036
9658,1,1,0.07867992057106477,0.08469875901937485
9659,0,1,0.06382460252425205,0.05584612488746643
9660,0,1,0.059543644344046104,0.08160170912742615
9661,0,1,0.07295334487634794,0.07945932447910309
9662,0,1,0.03177895705792848,0.057178251445293427
9663,0,1,0.04954656902435747,0.08990778774023056
9664,1,0,0.09137048790452817,0.06350335478782654
9665,0,0,0.06286183967490018,0.0940980464220047
9666,0,1,0.08293772563964893,0.07122904062271118
9667,0,1,0.07758726426402338,-0.024173066020011902
9668,1,0,0.06291770027714486,0.09522886574268341
9669,0,1,0.07088541597211939,0.0511147677898407
9670,0,1,0.07719566581528309,0.10348957777023315
9671,0,0,0.07759087873332479,0.06299279630184174
9672,0,1,0.041640057352025764,0.03967774659395218
9673,0,0,0.044608551068874625,0.04643166810274124
9674,0,1,0.06162485247302053,0.029392413794994354
9675,0,1,0.04255971510141561,0.08392743766307831
9676,0,0,0.05553222102251808,0.10843692719936371
9677,0,0,0.07374102154938669,0.030350014567375183
9678,0,1,0.046519530177440566,0.06969556212425232
9679,0,1,0.1041840385212991,0.06944456696510315
9680,1,1,0.07434507908960683,0.06767792999744415
9681,0,0,0.0732650174446719,0.07003685086965561
9682,0,0,0.02698898361685423,0.044728122651576996
9683,0,1,0.04771189671877617,0.036608703434467316
9684,1,1,0.04980452724244676,0.02181333303451538
9685,0,0,0.057411004935917345,0.05361808091402054
9686,0,0,0.10158607692992688,0.01909087598323822
9687,1,1,0.03734972369023769,0.02714068442583084
9688,0,1,0.05497772132731778,0.020361997187137604
9689,0,1,0.08364865747550401,0.03341470658779144
9690,0,0,0.0631407629137791,0.042833417654037476
9691,1,1,0.04843778637521445,0.04387123882770538
9692,0,1,0.043490813986316615,0.047595277428627014
9693,1,1,0.056136527305109984,0.0814618393778801
9694,0,1,0.05581953743522394,0.05921263247728348
9695,0,0,0.03206590094075536,0.06637661159038544
9696,0,1,0.06652959507731156,0.05664736032485962
9697,0,1,0.049864210220607066,-0.01840178668498993
9698,0,0,0.04980815296838291,0.02181333303451538
9699,1,1,0.05198342062372471,0.028346650302410126
9700,0,0,0.060376427404296246,0.07043759524822235
9701,0,1,0.06843864062746617,0.05686618387699127
9702,1,1,0.045354672883781255,0.04511713981628418
9703,0,0,0.06729389126592965,0.07083788514137268
9704,0,1,0.059520390275489346,0.057883456349372864
9705,0,1,0.03181051129246146,0.023990921676158905
9706,0,0,0.07224051572368367,0.058905646204948425
9707,0,0,0.06291770027714486,0.09522886574268341
9708,0,0,0.08790381445467324,0.06393687427043915
9709,0,0,0.06721113363565111,0.06655645370483398
9710,0,1,0.04362849869466788,0.02856353670358658
9711,0,1,0.04065869354540176,0.02474452555179596
9712,0,1,0.0388962144733647,0.054785195738077164
9713,0,1,0.0333118001923567,0.03413339704275131
9714,0,1,0.046932115708741604,0.06258915364742279
9715,0,1,0.08359163624579383,0.04128432273864746
9716,0,1,0.05008501540016058,0.018874630331993103
9717,0,1,0.06694899070463022,0.10063772648572922
9718,1,0,0.0852072410163516,0.013722151517868042
9719,0,1,0.06598451930225853,0.045332543551921844
9720,0,1,0.10518308859453271,0.0467611700296402
9721,0,1,0.05283457829002726,0.014342278242111206
9722,0,0,0.0614863367239972,0.08342209458351135
9723,0,1,0.08490643352130756,0.11697833240032196
9724,0,1,0.042709369040734704,0.04143288731575012
9725,0,0,0.05679917853755262,0.062030546367168427
9726,0,1,0.058049685690316655,0.023079000413417816
9727,0,0,0.037140546728559425,0.06110147759318352
9728,0,1,0.05236926680531144,0.006725117564201355
9729,0,1,0.0418460146291553,0.03580698370933533
9730,0,1,0.05895550604749254,0.10648085176944733
9731,0,0,0.056360447732502664,0.037776507437229156
9732,0,1,0.06688660488156875,0.20047619938850403
9733,0,1,0.02978896417021709,0.0327928364276886
9734,0,1,0.050767564209098934,0.009629108011722565
9735,1,1,0.05574576245935242,0.20438599586486816
9736,1,1,0.07956781457953557,0.015358537435531616
9737,0,1,0.05564831018366012,0.15925681591033936
9738,0,1,0.07199772827522974,0.0665883719921112
9739,0,1,0.06570392626539391,0.018660441040992737
9740,0,1,0.054427146305590826,0.0626852884888649
9741,0,1,0.08370198585616379,0.1021033525466919
9742,0,0,0.0416195297303668,0.004280209541320801
9743,0,1,0.06118803603576259,0.055346712470054626
9744,0,1,0.05356245435512652,0.058051303029060364
9745,0,0,0.0622866929868931,0.07015977054834366
9746,0,0,0.0677294934446236,0.14338205754756927
9747,0,1,0.06016534812161127,0.09046797454357147
9748,0,0,0.03588254338383241,0.07762161642313004
9749,0,1,0.05096462585579918,0.1076350137591362
9750,0,1,0.09231839335352088,0.11217494308948517
9751,0,1,0.03835780757847247,0.050516583025455475
9752,0,1,0.05352293373043264,0.03704719990491867
9753,1,0,0.07753990024762317,0.07452273368835449
9754,0,0,0.03080902386119576,0.08966439217329025
9755,0,1,0.046489597306485886,0.0767592340707779
9756,0,0,0.0576123264976038,0.07213710248470306
9757,0,0,0.07200707122158273,0.0875740647315979
9758,0,0,0.0740308174095867,0.04743877053260803
9759,1,0,0.10279482516784966,0.1383393406867981
9760,0,1,0.1051316230338912,0.11538976430892944
9761,0,0,0.03886503797692677,0.08074001222848892
9762,0,0,0.040340235179788825,0.03239385038614273
9763,1,1,0.03146301981167854,0.01919129490852356
9764,0,0,0.058955402335896426,0.08596789091825485
9765,0,0,0.08202600729691217,0.04985484480857849
9766,0,1,0.07401638618646017,0.08933808654546738
9767,0,0,0.10388345231720456,0.11181396245956421
9768,0,1,0.0398617128480257,0.07632724940776825
9769,0,1,0.05666489451132263,0.12135404348373413
9770,0,0,0.04560345812479749,0.07143940776586533
9771,1,1,0.050963839636933975,0.1076350137591362
9772,0,0,0.03956577092952249,0.030972979962825775
9773,0,1,0.05846590936353091,0.029526986181735992
9774,0,0,0.039389150655577264,0.06770725548267365
9775,0,1,0.05270225203274981,0.020660720765590668
9776,0,1,0.06893034379559135,0.01819653809070587
9777,0,0,0.032224373311118,0.04598443955183029
9778,1,1,0.06417922306663094,0.03413083404302597
9779,0,0,0.03461504025258277,0.040162939578294754
9780,0,1,0.06735005108422247,0.041772596538066864
9781,0,0,0.08506922701676836,0.09303778409957886
9782,0,1,0.036279951171885885,0.04439355432987213
9783,0,1,0.07436623240901807,0.07399944961071014
9784,0,1,0.07465721111930201,0.060478053987026215
9785,0,0,0.059217658147956306,0.032613374292850494
9786,0,1,0.05318737514974167,0.03905674070119858
9787,0,0,0.048922807034463875,0.018934719264507294
9788,0,1,0.07226155223755748,0.0567653626203537
9789,0,0,0.026532864002994858,0.026926785707473755
9790,1,0,0.07743795980961629,0.03625601530075073
9791,0,0,0.04782909823221612,0.0655379518866539
9792,0,0,0.06555096534685469,0.11557547003030777
9793,0,1,0.02820542850771216,0.12878233194351196
9794,0,1,0.0680397124940559,0.11164268851280212
9795,0,1,0.059111866953745415,0.03834100067615509
9796,0,0,0.04887844641182862,0.02480512112379074
9797,0,1,0.04968501995760115,0.07677647471427917
9798,0,0,0.0631725917437511,0.018634699285030365
9799,0,0,0.05343951134063879,0.08345711976289749
9800,0,0,0.05703008443901292,0.07625877112150192
9801,0,0,0.05945491650642429,0.030022650957107544
9802,0,0,0.0312602296168345,0.04696476459503174
9803,0,0,0.05533052562739152,0.0764630064368248
9804,0,0,0.06916110767910402,0.02842116355895996
9805,0,1,0.06621458777698729,0.03589963912963867
9806,0,1,0.0648363945478033,0.044197410345077515
9807,0,0,0.023992521332699947,0.04511295258998871
9808,0,1,0.04292280421061133,0.06028740853071213
9809,0,1,0.05757850435790152,0.04444386810064316
9810,0,1,0.06367300899929844,0.047786012291908264
9811,0,0,0.06350247591940714,0.054220736026763916
9812,0,1,0.060674085900353836,0.06621764600276947
9813,0,1,0.05436990939067449,0.03223082423210144
9814,0,0,0.07871520036500665,0.0849856287240982
9815,0,1,0.036932709821707085,0.06442577391862869
9816,0,1,0.059532881131752494,0.04660751670598984
9817,0,1,0.06291770027714486,0.09522886574268341
9818,0,1,0.03331417592610642,0.0354694165289402
9819,0,0,0.04504691519769537,0.013877160847187042
9820,0,1,0.10381331816924455,0.11690853536128998
9821,0,0,0.07630566480350531,0.041483573615550995
9822,0,1,0.03611659386685501,0.09401892870664597
9823,0,0,0.07183392493857566,0.04941017925739288
9824,0,1,0.033220514669539555,0.031839143484830856
9825,1,1,0.04253845149701593,0.053138092160224915
9826,0,1,0.03732406623505788,0.02348366379737854
9827,0,0,0.10097184235862766,0.10201534628868103
9828,1,0,0.0819794469420268,0.10669121146202087
9829,1,1,0.07178450492565097,0.045009687542915344
9830,0,1,0.03802090651035066,0.030871987342834473
9831,1,1,0.10124806818520388,0.09875458478927612
9832,0,0,0.05520326688715338,0.04605516046285629
9833,0,1,0.05957019505545029,-0.023854956030845642
9834,0,0,0.08094424521874805,0.018586650490760803
9835,0,0,0.11558703855982005,0.05858580768108368
9836,0,1,0.07494237343017163,0.10832561552524567
9837,0,1,0.051745911081661364,0.04502272605895996
9838,0,1,0.060445434537614584,0.0816519632935524
9839,0,1,0.06872087364317629,0.08502871543169022
9840,0,1,0.04312516471368334,0.03657815232872963
9841,0,0,0.061463656202619496,0.10147296637296677
9842,0,1,0.04074235447743073,0.06627695262432098
9843,0,1,0.07518530474294144,0.034257397055625916
9844,0,1,0.07610199618590843,0.07682930678129196
9845,0,1,0.02654201760131117,0.023223157972097397
9846,0,1,0.05591103405928864,0.050161704421043396
9847,0,1,0.09872330672928417,0.10712876915931702
9848,0,1,0.05434960444234045,0.03186030685901642
9849,0,1,0.10949789739388632,0.11689835786819458
9850,1,0,0.08144467612513837,0.10156228393316269
9851,0,0,0.10169739128639946,0.082699254155159
9852,0,0,0.06370878368811636,0.09656956791877747
9853,0,1,0.040155627569148464,0.046144723892211914
9854,0,0,0.05104559143509349,0.009781144559383392
9855,1,1,0.039578597320639064,0.039093002676963806
9856,0,1,0.032819289805736326,0.0330759659409523
9857,0,1,0.035556416922373324,0.03729939088225365
9858,0,1,0.03662933872732695,0.057498570531606674
9859,0,1,0.08588133040503546,0.07657314836978912
9860,1,1,0.06176795218324514,0.041284434497356415
9861,0,0,0.041057583539731685,0.04384557902812958
9862,0,0,0.060462363048799234,0.05655602365732193
9863,0,0,0.04253845149701593,0.053138092160224915
9864,1,0,0.08094006298868531,0.06624710559844971
9865,0,1,0.054262923726279624,0.06255007535219193
9866,0,1,0.04458433639343745,0.06715177744626999
9867,0,0,0.047633626967936646,0.046155184507369995
9868,0,1,0.03377973525514114,0.023703683167696
9869,0,1,0.040183546467365175,0.0523533932864666
9870,0,0,0.057531364350897174,0.09206008911132812
9871,0,0,0.04771772562763166,0.018565617501735687
9872,0,0,0.04725560247472112,0.06276187300682068
9873,0,1,0.08636032051100459,0.07483601570129395
9874,0,1,0.051076902150091016,0.054173633456230164
9875,0,1,0.09223172457582163,0.061233192682266235
9876,1,1,0.06280657913692647,0.027164742350578308
9877,0,1,0.03963157366267396,0.08307714760303497
9878,0,1,0.055977081743471935,0.04348868131637573
9879,0,0,0.03462209327656323,0.03389887139201164
9880,0,1,0.02967045828170537,0.052637144923210144
9881,0,0,0.04749275673275491,0.1044657826423645
9882,0,1,0.04889020664915179,0.018166348338127136
9883,0,1,0.04015219401632786,0.02802872657775879
9884,0,1,0.038115898967711934,0.042559511959552765
9885,0,0,0.040855733960469806,0.05376609414815903
9886,0,1,0.08367421086827143,0.03341470658779144
9887,0,1,0.05298349521312272,0.02140597254037857
9888,0,0,0.052010930089915586,0.022481217980384827
9889,0,0,0.03118853945909897,0.06597521901130676
9890,1,1,0.07464358964225482,0.059012070298194885
9891,0,1,0.03628934265907922,0.03890080377459526
9892,0,1,0.03542956826260934,0.09461158514022827
9893,0,1,0.03595277663372747,0.059433285146951675
9894,0,1,0.07055375301533501,0.07374560087919235
9895,0,1,0.03025169909159963,0.020377978682518005
9896,0,0,0.05567382197615091,0.12887001037597656
9897,0,1,0.04759082798790408,0.08293281495571136
9898,1,1,0.04766399587316347,0.040233075618743896
9899,1,0,0.03963157366267396,0.08307714760303497
9900,1,0,0.06347677297397736,0.05649387091398239
9901,0,1,0.05212747195886876,0.10079532116651535
9902,0,0,0.10706512106821178,0.01603764295578003
9903,0,0,0.07219034230989449,0.054539091885089874
9904,1,1,0.05591103405928864,0.050161704421043396
9905,0,1,0.04880170236595917,0.034867048263549805
9906,0,0,0.060402348402053,0.08688624203205109
9907,0,1,0.06875663989784973,0.08251439779996872
9908,0,0,0.07405493761782181,0.09899026155471802
9909,0,1,0.11666995730605034,0.13401363790035248
9910,0,0,0.10222121652659544,-0.007084697484970093
9911,0,1,0.04678260911669739,0.03752589225769043
9912,0,1,0.053654034957711566,0.021899715065956116
9913,0,1,0.034568985888204215,0.03694494441151619
9914,0,1,0.04808727418889534,0.09113295376300812
9915,0,1,0.041463360651793416,0.02238847315311432
9916,0,1,0.08427054940287698,0.03153295814990997
9917,1,1,0.08170929401219634,0.061787739396095276
9918,0,0,0.07628471086725308,0.039738669991493225
9919,0,1,0.04557227387766652,0.05895957350730896
9920,0,0,0.061452113048838505,0.09609268605709076
9921,0,1,0.040128336115510005,0.03922722116112709
9922,0,1,0.06621458777698729,0.03589963912963867
9923,1,1,0.0669125042808047,0.07196062803268433
9924,0,1,0.04321936281030152,0.08502618968486786
9925,0,1,0.032800346371363885,0.03789805248379707
9926,1,1,0.06363300858752227,0.038995034992694855
9927,0,1,0.05851707185004411,0.061114512383937836
9928,0,0,0.07102125845909502,0.054051317274570465
9929,0,1,0.07617489267980995,0.15977472066879272
9930,0,1,0.06571130235945788,0.03154023736715317
9931,0,0,0.05834067584698739,0.014476649463176727
9932,0,0,0.04532981935228353,0.07701893150806427
9933,0,1,0.040369798294112275,0.02125047892332077
9934,0,1,0.09166432116050707,0.0665578544139862
9935,0,1,0.060777677166751226,0.023446589708328247
9936,0,0,0.05656152679203193,0.009263798594474792
9937,0,1,0.04179247255710951,0.09625497460365295
9938,0,1,0.11417446969655615,0.042349234223365784
9939,0,1,0.04979059343023243,0.02362951636314392
9940,0,1,0.06068908992572708,0.06905370950698853
9941,0,1,0.07430227068551681,0.07238741219043732
9942,0,1,0.05643635162960922,0.0680403932929039
9943,0,1,0.03940863323756314,0.05026242509484291
9944,0,1,0.07135968553859667,0.11869896948337555
9945,0,0,0.027615187811905313,0.030840739607810974
9946,0,1,0.057941691577632404,0.04473107308149338
9947,0,1,0.06397723626592512,0.09903891384601593
9948,0,0,0.08081286254870446,0.03619509935379028
9949,1,1,0.06804086783838294,0.04258686304092407
9950,0,0,0.052020156642510695,0.02203068882226944
9951,0,0,0.06299505197138579,0.09330113232135773
9952,0,1,0.09372453804766412,-0.006614625453948975
9953,0,1,0.038997653321127826,0.0357445627450943
9954,0,1,0.03738259443120846,0.04558741673827171
9955,0,1,0.0725790977141133,0.05846704542636871
9956,0,1,0.04979059343023243,0.02362951636314392
9957,0,1,0.05598006664063604,0.05938994139432907
9958,0,0,0.06186906912501022,0.07937843352556229
9959,1,1,0.062158419117213995,0.037865281105041504
9960,0,0,0.030400360559369538,0.030040016397833824
9961,0,1,0.05875133891098702,0.0420125350356102
9962,0,0,0.0695296584082291,0.08958958089351654
9963,0,1,0.032319858078264825,0.012869369238615036
9964,0,1,0.05907620010943164,0.048767223954200745
9965,0,0,0.04896342777965931,0.03644772619009018
9966,0,1,0.08152240265508731,0.017442062497138977
9967,0,1,0.049198107290643306,0.06452541053295135
9968,0,1,0.027596420677696368,0.038352686911821365
9969,0,0,0.032787127695481214,0.03905438631772995
9970,0,1,0.04655999519900007,0.07737268507480621
9971,0,1,0.0855997421230689,-0.013368308544158936
9972,0,1,0.04167994889353095,0.0403592512011528
9973,0,1,0.07208029103703514,0.08172416687011719
9974,0,1,0.061738025219883766,0.017175443470478058
9975,1,0,0.10736040513098646,0.10885317623615265
9976,1,0,0.07208634145467155,0.08172416687011719
9977,0,1,0.05945670601734966,0.05980879068374634
9978,0,0,0.06575447446846124,0.030131399631500244
9979,0,1,0.0622322293381181,0.0494912713766098
9980,0,1,0.028853616981192508,0.08064987510442734
9981,1,1,0.06181207277170615,0.07955976575613022
9982,0,1,0.04045291872932795,0.08134855329990387
9983,0,1,0.06363460373782721,0.07350596785545349
9984,0,0,0.0859064613086056,0.06266191601753235
9985,0,1,0.046302813911005866,0.06394951045513153
9986,0,1,0.03997165627535024,0.0872405394911766
9987,0,1,0.06387130168233886,0.03971894085407257
9988,0,0,0.0401031953387649,0.03401563689112663
9989,0,1,0.06828514825743268,0.03223109245300293
9990,1,1,0.06536992339357463,0.06947166472673416
9991,0,1,0.06674432502167375,0.037021562457084656
9992,0,1,0.043948508342269474,0.09640255570411682
9993,0,1,0.0814232050890785,0.07612711936235428
9994,0,0,0.07763191264014294,0.040223315358161926
9995,0,0,0.02839657494492677,0.03747759014368057
9996,0,1,0.0401003528091118,0.06159285828471184
9997,0,1,0.05574346448326231,0.041357509791851044
9998,0,0,0.05016471242253025,0.01940106600522995
9999,0,1,0.034583945056613705,0.024617325514554977
10000,0,1,0.07384910097135125,0.12406284362077713
10001,0,1,0.10637603091926098,0.10876362025737762
10002,1,1,0.10571253893333668,0.10097461938858032
10003,0,1,0.09573709793424551,0.07262976467609406
10004,0,0,0.025795301895264328,0.03447894752025604
10005,0,1,0.07737355820703551,0.07082799077033997
10006,0,0,0.03613599430529393,0.026712525635957718
10007,1,1,0.08101886745365139,0.07341200113296509
10008,1,1,0.04766399587316347,0.040233075618743896
10009,0,0,0.0850447091742837,0.027537867426872253
10010,0,0,0.04565517510748816,0.04153299331665039
10011,0,0,0.05269385793274625,0.042899392545223236
10012,1,1,0.03390835627167213,0.03189849480986595
10013,0,1,0.07912381117047829,0.11511968821287155
10014,0,0,0.02883488918307376,0.08772606402635574
10015,1,1,0.05867959894499278,0.06917478144168854
10016,0,1,0.06284833847367283,0.08849683403968811
10017,0,1,0.0646674153144421,0.08450240641832352
10018,0,1,0.075654536785913,0.08697132766246796
10019,0,0,0.036081518816655965,0.08684578537940979
10020,0,1,0.0818222951283249,0.12202439457178116
10021,0,0,0.07058975926899663,0.06672508269548416
10022,0,1,0.08930120745337863,0.11058367788791656
10023,0,0,0.09652149616888925,0.039059847593307495
10024,0,1,0.05968350331935392,0.03651042282581329
10025,0,0,0.09504388138511691,0.07421562075614929
10026,0,1,0.08722434642848378,0.029616117477416992
10027,0,1,0.046280938852126155,0.06671256572008133
10028,1,0,0.057702617828445435,0.0614965558052063
10029,0,1,0.03232301534721456,0.016758032143115997
10030,0,1,0.06985555150103301,0.053400471806526184
10031,1,1,0.08734375090064167,0.13509218394756317
10032,0,1,0.07618185650928483,0.06470844149589539
10033,1,1,0.07779616884668042,0.06178904324769974
10034,0,1,0.06742822913801894,0.07547980546951294
10035,0,0,0.02625679755325936,0.03092397004365921
10036,0,0,0.0796837783974301,0.020898088812828064
10037,0,1,0.07496715175534716,0.011330172419548035
10038,0,0,0.06439356844676619,0.09665723890066147
10039,0,1,0.045678231850399584,0.0488915890455246
10040,0,1,0.035553048570263236,0.04718659445643425
10041,0,1,0.052667591834001715,0.0966542512178421
10042,0,1,0.07465923649145309,0.06096046417951584
10043,0,1,0.0304779618553229,0.052148863673210144
10044,0,0,0.05510576289700696,0.08316569030284882
10045,0,0,0.061916496066341545,0.0891786739230156
10046,0,1,0.095101613885649,0.12635235488414764
10047,0,0,0.038391537337905145,0.05400252714753151
10048,0,1,0.04144123528876524,0.061941493302583694
10049,0,0,0.05589601013111507,0.06609122455120087
10050,0,0,0.07458562056616663,0.0444200336933136
10051,0,1,0.06809326679038981,0.07715170085430145
10052,0,0,0.07751994686385671,0.08358438313007355
10053,0,1,0.04141970271118327,0.0825202614068985
10054,0,1,0.03977622085722465,0.03686831146478653
10055,0,1,0.07341569618065297,0.014554858207702637
10056,0,1,0.04675320768396693,0.05219801515340805
10057,0,1,0.03776301393315673,0.07352080941200256
10058,0,0,0.03487362371510343,0.07312531769275665
10059,0,1,0.0674708219535901,0.038610950112342834
10060,0,1,0.0614863367239972,0.08342209458351135
10061,0,1,0.042733755699044446,0.06617216765880585
10062,1,1,0.029818619305326415,0.026259250938892365
10063,0,0,0.03266682504186733,0.05679105222225189
10064,0,1,0.06728642185456925,0.022927075624465942
10065,0,1,0.06583145262740181,0.034591928124427795
10066,0,1,0.11434176614526459,0.03922039270401001
10067,1,1,0.06226118697860851,0.045905761420726776
10068,0,0,0.06077618029903997,0.023446589708328247
10069,0,1,0.07139757630412405,0.08049114793539047
10070,0,1,0.06056955675506183,0.17609231173992157
10071,0,1,0.03881302402809424,0.038123972713947296
10072,0,1,0.06220500907066337,0.03328721225261688
10073,0,1,0.031107671953860723,0.05550510808825493
10074,0,0,0.04457811714790309,0.05948721989989281
10075,1,1,0.06255385516595227,0.030280277132987976
10076,1,1,0.04012607672852407,0.03922722116112709
10077,0,1,0.06585452871142328,0.0742432028055191
10078,0,0,0.0664533257674519,0.0385432243347168
10079,0,1,0.08868444456138724,0.08732879161834717
10080,1,1,0.059134202911958145,0.03868606686592102
10081,1,0,0.06945512387572726,0.0504988431930542
10082,0,1,0.06407024405944368,0.04593106359243393
10083,0,0,0.07326332622573492,0.07003685086965561
10084,0,1,0.05610802112098315,0.05672150105237961
10085,0,0,0.09570045124912774,0.10131800174713135
10086,0,0,0.05357868085672049,0.04903997480869293
10087,0,1,0.06981359642604608,0.03946639597415924
10088,0,0,0.052124574385177064,0.10079532116651535
10089,0,0,0.06197436478480886,0.07085821032524109
10090,0,1,0.05406974543897161,0.026250243186950684
10091,0,1,0.059868053095617074,0.027786463499069214
10092,0,0,0.08142755030095711,0.10734227299690247
10093,1,1,0.06991696111095687,0.05575251579284668
10094,0,0,0.06398178841340116,0.09383958578109741
10095,0,1,0.06021459958115001,0.06958165019750595
10096,0,1,0.08489298453199007,0.05246995389461517
10097,0,0,0.0698568635266975,0.0917927548289299
10098,0,1,0.03883942187093912,0.06862282752990723
10099,0,0,0.04321831559827512,0.08502618968486786
10100,1,0,0.04772866953225431,0.07884027063846588
10101,0,1,0.02984082187162025,0.03003925457596779
10102,1,1,0.09113644745281915,0.017445296049118042
10103,0,1,0.03886503797692677,0.08074001222848892
10104,0,1,0.07769319707803957,0.008159145712852478
10105,0,1,0.04356788360062827,0.05016592890024185
10106,0,1,0.0658771913096735,0.07832950353622437
10107,0,1,0.0452494532644661,0.02744542807340622
10108,0,1,0.0311983397767559,0.0676557645201683
10109,0,1,0.08809515047786326,0.11976191401481628
10110,0,1,0.0661341018013852,0.07696942985057831
10111,1,1,0.031135106313597713,0.054629482328891754
10112,0,1,0.03997231378113511,0.0872405394911766
10113,0,1,0.06823953879554433,0.12685760855674744
10114,0,1,0.04804288370208805,0.15369954705238342
10115,1,1,0.05548272962987558,0.09107091277837753
10116,0,1,0.08267005281880666,0.04658830165863037
10117,0,0,0.05607712361531418,0.09446555376052856
10118,0,1,0.048635589860247366,0.026055075228214264
10119,0,1,0.051475448495208354,0.02620115876197815
10120,0,1,0.037623475925570846,0.07769090682268143
10121,0,1,0.060445434537614584,0.0816519632935524
10122,0,1,0.047608694596574255,0.04162298142910004
10123,1,1,0.08118943752842675,0.06772594153881073
10124,0,1,0.06525840811767142,0.05943240225315094
10125,0,0,0.06877266352711911,0.027759253978729248
10126,0,0,0.0974430713628642,0.06964121758937836
10127,0,0,0.0967899792501864,0.019170895218849182
10128,0,1,0.06146799543346884,0.11239932477474213
10129,0,0,0.06311710707255237,0.03871127963066101
10130,0,1,0.07480185927406166,0.03437833487987518
10131,0,1,0.06461093825152843,0.041423313319683075
10132,1,0,0.07466024022276252,0.06433796882629395
10133,0,1,0.08630737072996453,0.06648743152618408
10134,0,1,0.08036027404236826,0.10598921775817871
10135,0,1,0.04085812427270548,0.05376609414815903
10136,0,0,0.04674418232732469,0.0560418963432312
10137,0,1,0.06371102516284131,0.03821151703596115
10138,0,0,0.05983589575151588,0.046582549810409546
10139,0,1,0.04351850794052302,0.0451551228761673
10140,0,1,0.04892701508354301,0.03905605524778366
10141,0,1,0.049028409811411364,0.09040111303329468
10142,0,1,0.07010589506756311,0.03777407109737396
10143,1,1,0.03912066404447064,0.048107195645570755
10144,0,1,0.08342362679065427,0.08224187791347504
10145,0,0,0.03702675933659951,0.04509928449988365
10146,0,1,0.06878018816922891,0.08290185034275055
10147,0,1,0.08149609943923339,0.044191256165504456
10148,0,1,0.027091506779624887,0.02944095805287361
10149,0,1,0.05360998756839286,0.03584592044353485
10150,0,0,0.04741163546135882,0.10277669131755829
10151,0,0,0.06489511386252277,0.04653139412403107
10152,0,1,0.08931184194354136,0.10561743378639221
10153,0,1,0.04646397142771448,0.050149720162153244
10154,0,0,0.039019187236018923,0.04682518169283867
10155,0,1,0.05942246931498117,0.07948420941829681
10156,1,1,0.06616312636150652,0.04949454218149185
10157,0,1,0.048807071262143134,0.03734242916107178
10158,0,0,0.035117536835637383,0.020292092114686966
10159,0,0,0.04987593410697336,0.015358082950115204
10160,0,0,0.04975238673058456,0.07694748789072037
10161,0,1,0.09374172321044486,0.045368269085884094
10162,0,0,0.048280254686105806,0.029610350728034973
10163,0,1,0.0529880835307219,0.014236345887184143
10164,1,1,0.038373822590321745,0.06110240891575813
10165,0,1,0.0797971689438291,0.07516239583492279
10166,0,1,0.08386199879967429,0.005884960293769836
10167,0,1,0.031178423480605545,0.0473884642124176
10168,0,1,0.04283559622675559,0.029189318418502808
10169,0,1,0.08804468173501898,0.043665990233421326
10170,0,1,0.07769710167859756,0.04182019829750061
10171,0,1,0.027598069304877806,0.038352686911821365
10172,0,1,0.05449308990823555,0.09041587263345718
10173,0,1,0.06367300899929844,0.047786012291908264
10174,1,0,0.026539921643061216,0.03146006166934967
10175,0,0,0.09697563426870218,0.09230230748653412
10176,0,1,0.05054499499888951,0.07931967079639435
10177,0,0,0.048350473616692716,0.011810436844825745
10178,0,1,0.036954169413649235,0.08448465168476105
10179,0,0,0.06054246491529827,0.0967160239815712
10180,0,0,0.03739136014935319,0.044228725135326385
10181,0,0,0.0313217003895541,0.03253151476383209
10182,0,0,0.11154196872405997,0.06099960207939148
10183,0,1,0.08694035120533006,0.004314228892326355
10184,0,0,0.042344797789329036,0.037045545876026154
10185,0,0,0.04766399587316347,0.040233075618743896
10186,0,1,0.09422235964959103,0.01253703236579895
10187,0,0,0.07713035561786638,0.07365311682224274
10188,0,1,0.04682423733668449,0.049296967685222626
10189,0,0,0.11127215549403657,0.03347189724445343
10190,0,1,0.04686564819427037,0.06730871647596359
10191,0,0,0.07704876698804769,0.09527935087680817
10192,0,0,0.05707195784571879,0.07651743292808533
10193,1,1,0.07459251894977079,0.02192816138267517
10194,0,0,0.07968604395455528,0.14003166556358337
10195,0,0,0.0496043181203976,0.08378290385007858
10196,0,1,0.03790258102481466,0.03383392095565796
10197,0,1,0.028218871169397648,0.11021974682807922
10198,1,1,0.07483845258898214,0.07316654920578003
10199,0,1,0.03556709019661334,0.04343904182314873
10200,0,1,0.03360492431297563,0.05126659944653511
10201,0,0,0.07375272821245568,0.1417226344347
10202,0,1,0.041772510604141666,0.06882955133914948
10203,0,1,0.08001838101805897,-0.01498018205165863
10204,0,0,0.06395719939675844,0.06648555397987366
10205,0,0,0.033295142468175,0.02258935570716858
10206,0,1,0.03740470244210465,0.034603845328092575
10207,0,1,0.04833788473761487,0.012020796537399292
10208,0,1,0.06173671202695079,0.017661839723587036
10209,0,1,0.03855258119477745,0.03495248779654503
10210,0,0,0.03108733822619128,0.06682579964399338
10211,0,1,0.051812930953028094,0.08843062072992325
10212,1,1,0.0930604728470052,0.14480352401733398
10213,1,1,0.050887867719643126,0.08112820982933044
10214,0,0,0.03836569908534587,0.061747536063194275
10215,0,1,0.03023387509089937,0.007445722818374634
10216,0,1,0.07618234369670202,0.06470844149589539
10217,0,1,0.08464217421777817,0.30367186665534973
10218,0,0,0.030819930827845135,0.04502135142683983
10219,0,0,0.06290824014297716,0.06524793803691864
10220,1,1,0.10040813714545307,0.09312237799167633
10221,0,0,0.0475059784235603,0.0724104791879654
10222,1,1,0.06814400788917155,0.034388624131679535
10223,0,0,0.06324395620236826,0.05899777263402939
10224,0,0,0.06396008356757925,0.09180711209774017
10225,0,1,0.029811004297947724,0.048004694283008575
10226,1,1,0.06453558013822092,0.09909127652645111
10227,0,1,0.10775969483471484,0.04177328944206238
10228,0,1,0.03169872440924716,0.021246902644634247
10229,0,0,0.07399520487507852,0.06039103865623474
10230,1,1,0.04397457887527989,0.037895627319812775
10231,0,1,0.0932327056943659,0.11513175070285797
10232,0,0,0.10470433878686947,0.009595304727554321
10233,0,0,0.05404043682611824,0.08414122462272644
10234,0,1,0.04653372862082571,0.0517195500433445
10235,0,1,0.04316983217675818,0.07674991339445114
10236,0,1,0.09301498783460851,0.08603053539991379
10237,1,1,0.10366600806557685,0.09392105042934418
10238,0,0,0.05198783162966242,0.027270406484603882
10239,0,1,0.0492882866805322,0.035815149545669556
10240,0,0,0.0763691989485989,0.0840475857257843
10241,0,0,0.08935781694457734,0.0768570601940155
10242,0,1,0.07068262084700655,0.054997652769088745
10243,0,0,0.07611975823079181,0.14320369064807892
10244,0,1,0.06385387238713927,0.028012260794639587
10245,0,1,0.09293646785853063,0.06570564210414886
10246,1,1,0.03811932634862593,0.03686540201306343
10247,0,1,0.03346961318750279,0.026792872697114944
10248,0,1,0.05250480023365389,0.05829305946826935
10249,0,1,0.03936282384318944,0.0467083677649498
10250,0,0,0.03694110486559048,0.06442577391862869
10251,0,1,0.058949007952717264,0.057769402861595154
10252,0,0,0.11258153020386658,0.13150018453598022
10253,0,1,0.05112218902342951,0.07234541326761246
10254,0,0,0.039901680292132743,0.06509754061698914
10255,0,1,0.03712500499942745,0.03880654275417328
10256,0,1,0.03897037206387565,0.03868292272090912
10257,0,1,0.025027046697425975,0.042541246861219406
10258,0,1,0.03710267792686599,0.07627859711647034
10259,0,1,0.06391984542976432,0.03352827578783035
10260,0,1,0.052490892094098116,0.06271533668041229
10261,0,1,0.05726756981782127,0.019669972360134125
10262,0,0,0.06893860819316434,0.04504850506782532
10263,0,0,0.06539554052913706,0.08299398422241211
10264,0,0,0.07247473219887116,0.05349971354007721
10265,1,1,0.05806713955790438,0.04939957708120346
10266,1,0,0.034926556836123904,0.06577537208795547
10267,1,1,0.04514843993989222,0.06699132174253464
10268,1,1,0.06135765084233008,0.061486586928367615
10269,0,1,0.049543170731585706,0.08795517683029175
10270,1,1,0.08885177720968226,0.12208425998687744
10271,0,0,0.07071707588025078,0.09221445769071579
10272,0,1,0.05312637930129595,0.09387873113155365
10273,0,1,0.04394834555764772,0.029553160071372986
10274,0,0,0.06161506516621747,0.11670541018247604
10275,0,1,0.04970565141182903,0.033098235726356506
10276,0,0,0.06058003998353943,0.05334744602441788
10277,0,0,0.08026868587414224,0.0993543267250061
10278,0,0,0.05074575789575374,0.01580965518951416
10279,0,0,0.054807103629403664,0.08228419721126556
10280,0,0,0.027049232653110093,0.028536945581436157
10281,0,1,0.031755162319743284,0.01935015618801117
10282,0,0,0.05376810025658693,0.02161438763141632
10283,0,1,0.04776405843737119,0.09096547961235046
10284,0,1,0.07709293843382506,0.0663452297449112
10285,0,1,0.03983962931970615,0.08255322277545929
10286,0,1,0.10385680807746156,0.016256988048553467
10287,0,0,0.04568642265682596,0.04478376358747482
10288,1,1,0.07922415812592234,0.0977538526058197
10289,0,1,0.06469402565109647,0.07826076447963715
10290,0,0,0.06492834941320325,0.03523610532283783
10291,0,1,0.08612892003357003,0.06994783878326416
10292,0,1,0.1068059007674089,0.038336604833602905
10293,0,0,0.058917044626599,0.0584365651011467
10294,0,1,0.03022771423918573,0.06717315316200256
10295,0,1,0.09587851536626116,0.0172957181930542
10296,0,0,0.06411755178995829,0.10242404043674469
10297,0,1,0.04574385073932265,0.06456038355827332
10298,0,0,0.050589162531707366,0.033318884670734406
10299,0,1,0.10658432447176708,0.16504812240600586
10300,1,1,0.03553798047075296,0.03170554339885712
10301,0,0,0.035233316160647836,0.06204787641763687
10302,0,1,0.07355305527380687,0.07457029819488525
10303,0,1,0.09718489228653299,0.12045654654502869
10304,0,1,0.05697159148330211,0.05275658518075943
10305,0,1,0.04284465040852892,0.03159164637327194
10306,0,1,0.05325072707731085,0.019070595502853394
10307,0,0,0.07400562175285563,0.06013202667236328
10308,0,1,0.06610823126797652,0.07525400817394257
10309,0,0,0.07101717976036578,0.04457569122314453
10310,0,0,0.08322162309738024,0.032612890005111694
10311,1,0,0.07405493761782181,0.09899026155471802
10312,0,1,0.04462264532352221,0.04666660726070404
10313,0,0,0.05761760542582611,0.029874905943870544
10314,0,1,0.05393754042276719,0.07873272895812988
10315,0,1,0.07152884468490883,0.057959213852882385
10316,0,1,0.04316983217675818,0.07674991339445114
10317,0,0,0.06495349639536886,0.12056898325681686
10318,0,1,0.03886164359301546,0.08991706371307373
10319,0,1,0.029681538077462495,0.07291708141565323
10320,0,1,0.04320197939940623,0.0592053160071373
10321,0,1,0.03443810674421523,0.04013674333691597
10322,0,1,0.054324276501847985,0.05041927844285965
10323,0,1,0.05553521014572092,0.1186010092496872
10324,1,1,0.038883392299334504,0.07497169077396393
10325,0,0,0.031685101931254206,0.017642147839069366
10326,1,1,0.09331395980111137,0.10410073399543762
10327,0,0,0.027049391148851888,0.028536945581436157
10328,0,1,0.08552450910868115,0.032937534153461456
10329,0,1,0.05045446816504459,0.05515787750482559
10330,0,0,0.04013632582041915,0.06557346135377884
10331,0,0,0.041207300787390905,0.0848073735833168
10332,0,1,0.030341147477409784,0.02879038266837597
10333,1,1,0.05244964868718416,0.0576905757188797
10334,0,1,0.09867402488563021,0.11714471876621246
10335,0,1,0.05871293501938818,0.0661485344171524
10336,0,1,0.09431192705554697,0.03767499327659607
10337,1,1,0.041423694425704496,0.016152821481227875
10338,1,1,0.07492032149630262,0.07014705240726471
10339,0,1,0.04368284631323173,0.03322848677635193
10340,0,1,0.07332641357562769,0.03113478422164917
10341,0,1,0.06213988398409884,0.06851182878017426
10342,0,0,0.08508450087596944,0.0605478435754776
10343,0,0,0.11155517752464753,0.1053004264831543
10344,1,1,0.0655930512079581,0.06344276666641235
10345,0,1,0.03719949015483459,0.033681318163871765
10346,0,1,0.03466850632490358,0.10868608951568604
10347,0,0,0.07561089515363065,0.08406607806682587
10348,1,1,0.0620958075260747,0.03200109302997589
10349,0,1,0.055998067003369775,0.04933617264032364
10350,0,0,0.06974487648656208,0.03942713886499405
10351,0,1,0.05662584644617308,0.06999263912439346
10352,0,1,0.07269549066884654,0.04164029657840729
10353,0,1,0.05175603478959506,0.08029042929410934
10354,0,0,0.04685122384530295,0.07574350386857986
10355,0,0,0.046300679095260935,0.13789986073970795
10356,0,1,0.06920540754204298,0.11834140866994858
10357,0,1,0.057210007683396125,0.02159278839826584
10358,0,1,0.04373093088727449,0.10350504517555237
10359,0,1,0.052101941301927676,0.0406399741768837
10360,0,1,0.06912603500307102,0.04806244373321533
10361,0,0,0.06544803740548825,0.11940834671258926
10362,0,0,0.1039453532356471,0.10107585787773132
10363,0,1,0.06131906241905086,0.010109275579452515
10364,1,1,0.09282911792528348,0.13663935661315918
10365,0,0,0.07248564554059184,0.14871183037757874
10366,0,1,0.03910358643514638,0.04038408771157265
10367,0,1,0.03084176235894758,0.03995757922530174
10368,0,1,0.047691228389838136,0.032667867839336395
10369,0,0,0.07599557171384322,0.14320369064807892
10370,0,1,0.07727785033610834,0.13510766625404358
10371,0,1,0.027571970089977534,0.042768724262714386
10372,1,0,0.07667059357892339,0.0922970324754715
10373,1,1,0.05429648329636487,0.009922914206981659
10374,1,1,0.08541600805586111,0.09220762550830841
10375,0,1,0.04671708900884186,0.04381823539733887
10376,0,1,0.04507012541996536,0.07061071693897247
10377,0,1,0.07717286266854109,0.09527935087680817
10378,0,1,0.03393043572513022,0.033316683024168015
10379,0,1,0.06092382129466535,0.1246388778090477
10380,0,0,0.07144806984498508,0.09426970034837723
10381,0,1,0.031718657784039074,0.008932705968618393
10382,0,0,0.055068424350253845,0.05600718408823013
10383,0,1,0.07139147871588822,0.08049114793539047
10384,0,1,0.026512297948347974,0.021521393209695816
10385,0,1,0.046625857992903585,0.07007087767124176
10386,1,1,0.05958854888893672,0.05664615333080292
10387,0,1,0.041162283605600314,0.010428465902805328
10388,0,1,0.0798046703037347,0.04406595230102539
10389,0,1,0.03835752979505812,0.06984991580247879
10390,0,1,0.05449433408215126,0.03772975504398346
10391,0,1,0.0640285683573075,0.10274696350097656
10392,0,1,0.06626136114563541,0.09066757559776306
10393,0,1,0.07217719053255292,0.05407652258872986
10394,0,1,0.081151033874446,0.007236838340759277
10395,0,0,0.04319629279689531,0.054838407784700394
10396,0,1,0.059483451979551544,0.07600359618663788
10397,0,0,0.03891054207362418,0.06443968415260315
10398,1,0,0.08645734181664408,0.04590429365634918
10399,0,1,0.05033956604920464,0.03149114549160004
10400,0,0,0.03538713555571014,0.032505348324775696
10401,0,1,0.07073274157322237,0.11159148812294006
10402,0,1,0.028404951521976862,0.028759347274899483
10403,1,1,0.05051454076856246,0.08726318180561066
10404,0,0,0.06381420660084791,0.07709304988384247
10405,1,1,0.07209953764389401,0.07031768560409546
10406,0,0,0.03333290432631303,0.055580876767635345
10407,1,0,0.050517404190135284,-0.0019269734621047974
10408,1,1,0.08957601086549477,0.08646588027477264
10409,0,1,0.08461000615630848,0.08907228708267212
10410,0,1,0.04253845149701593,0.053138092160224915
10411,0,1,0.05973037914513642,0.07717397063970566
10412,0,1,0.07247276672660422,0.0891466960310936
10413,0,1,0.06624841690471714,0.06097954511642456
10414,0,1,0.05304430454701961,0.0871838629245758
10415,0,1,0.05360998756839286,0.03584592044353485
10416,0,1,0.07385502872068847,0.04516592621803284
10417,0,0,0.05399157351097403,0.01382196694612503
10418,0,0,0.041494686201087164,0.024293653666973114
10419,0,1,0.050840288028965674,0.08659861981868744
10420,0,0,0.03712577444311341,0.044486358761787415
10421,0,1,0.06155733102582872,0.1150374710559845
10422,0,1,0.07622487225195293,0.05442327260971069
10423,0,1,0.05998195008572407,0.0471193790435791
10424,0,1,0.05005865992065189,0.05186692625284195
10425,0,1,0.05773239812305729,0.054440438747406006
10426,0,0,0.04360979100830345,0.03394169360399246
10427,0,0,0.0405776689998958,0.10837605595588684
10428,0,1,0.053382264705048574,0.09286646544933319
10429,0,1,0.07628471086725308,0.039738669991493225
10430,1,1,0.06474381108279782,0.0521649569272995
10431,0,1,0.10332007561456022,0.11312749981880188
10432,0,1,0.0778166870798388,0.062828928232193
10433,1,1,0.06042912938117234,0.06466706097126007
10434,0,1,0.06572265512505289,0.11016272008419037
10435,0,0,0.06121082745333778,0.1019970029592514
10436,0,0,0.07873957752161967,0.03481101989746094
10437,0,0,0.06589534774073583,0.025797709822654724
10438,1,0,0.055631670584419465,0.09301716834306717
10439,0,0,0.0436084189793072,0.03621821850538254
10440,0,1,0.05703516896778291,0.0802895575761795
10441,1,1,0.06500257348899144,0.02629546821117401
10442,0,1,0.035084152693864244,0.024658437818288803
10443,0,1,0.06178582715772736,0.09756506979465485
10444,0,1,0.04367004947026336,0.03228320926427841
10445,0,1,0.04085862458798167,0.06839015334844589
10446,0,1,0.08601563638287907,0.133522629737854
10447,0,1,0.03043557021077479,0.02884254790842533
10448,0,0,0.036427789243076665,0.07718835771083832
10449,0,0,0.027565497859030348,0.04230780526995659
10450,0,1,0.056587951721901175,0.12175771594047546
10451,0,0,0.07466538441912057,0.061486706137657166
10452,0,1,0.04640533783172479,0.015107229351997375
10453,0,0,0.06086245464757446,0.07373460382223129
10454,0,1,0.027042294853290696,0.03507714718580246
10455,0,1,0.06463863780627592,0.023312419652938843
10456,0,0,0.06880528375992688,0.04971671104431152
10457,0,1,0.051089210004608046,0.024530209600925446
10458,0,0,0.09109440836181223,0.10555961728096008
10459,0,1,0.04539270296406099,0.11700130254030228
10460,0,0,0.04312425164802762,0.0803961306810379
10461,0,1,0.03053902878172908,0.04397930949926376
10462,0,0,0.05530277730974811,0.07164527475833893
10463,0,1,0.040672737765942935,0.07058043777942657
10464,0,1,0.02760654674599177,0.038352686911821365
10465,0,0,0.0714227443224695,0.09183553606271744
10466,0,1,0.07198659194584209,0.07395584881305695
10467,0,1,0.0639066647966921,0.04362265765666962
10468,0,1,0.0978218633474317,0.05011516809463501
10469,0,1,0.032691579071687,0.04642294719815254
10470,0,0,0.028404951521976862,0.028759347274899483
10471,1,1,0.08975123820151976,0.07764790952205658
10472,1,1,0.08153608061334713,0.12909986078739166
10473,0,1,0.07507090396816654,0.05978798866271973
10474,0,1,0.06400833262961146,0.02511352300643921
10475,1,1,0.05171871742874189,0.08435580879449844
10476,0,0,0.08187801446742934,0.010465428233146667
10477,0,1,0.040371565254123276,0.0224900022149086
10478,0,0,0.054502859187330804,0.03894270211458206
10479,0,0,0.04559774241016701,0.028270073235034943
10480,0,1,0.05310771879109619,0.019311122596263885
10481,0,1,0.050255165343295716,0.07449603825807571
10482,1,0,0.09508076539999377,0.11519083380699158
10483,0,1,0.07354830817208197,0.0547771155834198
10484,0,0,0.05274545419266374,0.084348164498806
10485,0,1,0.07840756757635292,0.1205841675400734
10486,0,0,0.058996504740169056,0.01775354892015457
10487,0,0,0.05500238144121969,0.047166526317596436
10488,0,1,0.05712205515492719,0.007626056671142578
10489,0,0,0.07869547943039559,0.07355029135942459
10490,0,1,0.05426372831091944,0.06362304091453552
10491,0,1,0.0262940832932392,0.035485006868839264
10492,1,0,0.055882943945557706,0.08073070645332336
10493,0,1,0.06813009838232356,0.11969558894634247
10494,0,0,0.05538114993728238,0.07016879320144653
10495,0,0,0.03143884461863802,0.02660183608531952
10496,0,1,0.04201518172653604,0.041674017906188965
10497,0,1,0.03543789482949815,0.03197823837399483
10498,0,1,0.06935788531338248,0.06023290753364563
10499,0,1,0.033868834514200655,0.034332964569330215
10500,0,1,0.03708585026199203,0.06491171568632126
10501,0,1,0.06145352188665705,0.07379290461540222
10502,0,1,0.061589813476176314,0.04798930138349533
10503,0,1,0.04623347002477704,0.05563763529062271
10504,0,0,0.0612368205731732,0.07031635195016861
10505,0,1,0.05875133891098702,0.0420125350356102
10506,0,1,0.039884949141178586,0.055041443556547165
10507,0,1,0.07337633730264986,0.06741888076066971
10508,0,1,0.058943973282396964,0.05951644480228424
10509,0,0,0.08430845734667441,0.06423923373222351
10510,0,1,0.05954560634929884,0.05323193222284317
10511,0,0,0.06187118918415872,0.07569052278995514
10512,0,0,0.07434269638762817,0.07487399876117706
10513,0,0,0.05648381493875715,-0.022464357316493988
10514,0,0,0.07594885356934353,0.07081218808889389
10515,1,1,0.0735490082857948,0.0703292191028595
10516,0,1,0.06693796336620972,0.03791490197181702
10517,1,1,0.056561885280959706,0.009263798594474792
10518,0,1,0.0762367475787967,0.05442327260971069
10519,1,1,0.09503240191683443,0.11693492531776428
10520,0,1,0.04662446314930789,0.07007087767124176
10521,0,1,0.06836846210580926,0.12702804803848267
10522,0,1,0.08841456153436159,0.03189980983734131
10523,1,1,0.06308272872855014,0.03658849000930786
10524,0,1,0.0670177092382832,0.034106940031051636
10525,0,1,0.04248055079280014,0.02704799175262451
10526,1,0,0.07251469986577724,0.08998680859804153
10527,0,1,0.04678260911669739,0.03752589225769043
10528,0,1,0.055906067062104464,0.05591771751642227
10529,0,0,0.07925350718185392,0.03891529142856598
10530,0,0,0.06311886616723597,0.0810866504907608
10531,0,1,0.043216208303694714,0.08502618968486786
10532,0,1,0.04595115818745203,0.08975355327129364
10533,0,0,0.05798727855846926,0.04897540807723999
10534,0,1,0.02898109111402638,0.038324132561683655
10535,0,1,0.06666580126812717,0.09676674753427505
10536,1,1,0.04670569718915367,0.07769354432821274
10537,0,1,0.08929329210804388,0.0026305317878723145
10538,0,0,0.058917268323565905,0.0584365651011467
10539,0,1,0.03554623711651037,0.03729939088225365
10540,0,0,0.06775188754525174,0.06494314223527908
10541,0,1,0.053590982256518274,0.04136120527982712
10542,0,1,0.07138529322958914,0.08049114793539047
10543,0,0,0.0805025421384738,0.04899187386035919
10544,1,0,0.046744045325439326,0.0560418963432312
10545,0,1,0.03462209327656323,0.03389887139201164
10546,0,1,0.04895082104128891,0.03336438536643982
10547,0,1,0.06591676850543562,0.04838725924491882
10548,0,0,0.03489871525504338,0.02931227535009384
10549,0,1,0.04489869201783889,0.020784296095371246
10550,0,1,0.05358454870038448,0.019801132380962372
10551,0,1,0.06367073872392688,0.05299706757068634
10552,0,1,0.052665656675312186,0.0966542512178421
10553,0,1,0.05302227248248062,0.08189743757247925
10554,0,1,0.0714409175992892,0.03822307288646698
10555,0,1,0.04010668838862226,0.06159285828471184
10556,0,0,0.0455651237287098,0.050881221890449524
10557,0,1,0.06652959507731156,0.05664736032485962
10558,0,0,0.0562556475698727,0.011542029678821564
10559,0,0,0.05052677015773299,0.0769081711769104
10560,0,0,0.07037944953174544,0.09976708889007568
10561,0,1,0.06549793629686823,0.047151774168014526
10562,0,1,0.05071256398705355,0.03411060571670532
10563,1,0,0.06639808440811014,0.036358535289764404
10564,1,1,0.05599754458034403,0.07090003788471222
10565,0,0,0.07282320052655422,0.0027945488691329956
10566,0,1,0.06623320041620409,0.08605960756540298
10567,0,0,0.03198287751128877,0.05545133724808693
10568,1,1,0.03611659386685501,0.09401892870664597
10569,0,1,0.033484030311091054,0.042906083166599274
10570,0,1,0.0436084189793072,0.03621821850538254
10571,0,1,0.03830765988177386,0.0763237327337265
10572,0,1,0.04743400596019276,0.024664178490638733
10573,0,1,0.09290460816312557,0.10337008535861969
10574,1,0,0.08735267445653733,0.008190348744392395
10575,0,0,0.05766968056260938,0.051712073385715485
10576,0,0,0.07069188193622286,0.09128884971141815
10577,0,0,0.05067857400311239,0.0307987779378891
10578,0,0,0.054005161228219925,0.0871838629245758
10579,0,0,0.0614863367239972,0.08342209458351135
10580,0,1,0.04750420429090596,0.0724104791879654
10581,0,1,0.0438927603174909,0.04757755994796753
10582,0,0,0.09396803381720514,0.1030285656452179
10583,0,0,0.056568946842284445,0.04881574213504791
10584,0,1,0.08598056064745496,0.024748295545578003
10585,0,1,0.07087933549581055,0.05129140615463257
10586,0,0,0.10301642685009268,0.0916227400302887
10587,1,0,0.03319652713062879,0.07125324010848999
10588,0,1,0.06478815748436037,0.12848502397537231
10589,0,1,0.05543993544748051,0.06728710979223251
10590,1,1,0.11171081267537411,0.024700164794921875
10591,1,1,0.08634027543875669,0.06587742269039154
10592,1,1,0.0832036101354503,0.09660458564758301
10593,1,1,0.051963874396590726,0.02110043168067932
10594,1,1,0.08824005863205922,-0.014331579208374023
10595,0,1,0.063950780289116,0.10443127155303955
10596,0,0,0.05873312390218849,0.0806630402803421
10597,0,1,0.05195343024804541,0.022065788507461548
10598,0,1,0.06615218157441799,0.04757530242204666
10599,1,1,0.03954754682122394,0.038651980459690094
10600,0,0,0.041412731506285716,0.08754470944404602
10601,0,0,0.04885463799313515,0.0653143897652626
10602,1,1,0.08771465856707061,0.07051001489162445
10603,0,0,0.08272378432317784,0.011316776275634766
10604,0,1,0.12944825179576014,0.046455055475234985
10605,0,1,0.07400196345525159,0.024164661765098572
10606,0,0,0.07112290336058055,0.036681294441223145
10607,1,1,0.056841600263377104,0.0480714812874794
10608,0,1,0.07990531157987604,0.13865961134433746
10609,0,1,0.049897037166160604,0.09724947810173035
10610,0,0,0.07819200281767302,0.06382577121257782
10611,1,0,0.09508087775112439,0.0605170875787735
10612,0,1,0.0520815664873403,0.1452401578426361
10613,0,1,0.0559374014551593,0.021670356392860413
10614,0,1,0.06282984016484874,0.09897269308567047
10615,0,0,0.03850090251672965,0.045140624046325684
10616,0,1,0.03984106568030926,0.07360228896141052
10617,0,0,0.06569257161331442,0.024065062403678894
10618,0,0,0.0262619287867936,0.03092397004365921
10619,0,1,0.04425942854004021,0.08169354498386383
10620,0,1,0.06591062955148556,0.06055017560720444
10621,0,1,0.040946551696492736,0.05054568499326706
10622,0,0,0.06350539144020599,0.025804273784160614
10623,0,1,0.04345066354585787,0.051494866609573364
10624,1,1,0.09150855833595928,0.13546521961688995
10625,0,0,0.0427424749678009,0.03615488484501839
10626,0,1,0.03043156537911603,0.0282824095338583
10627,0,0,0.054501077978113904,0.03872550278902054
10628,0,0,0.07969662245532358,0.04903210699558258
10629,0,0,0.07723317837570667,0.07381564378738403
10630,0,1,0.04970868536370719,0.03329920768737793
10631,1,1,0.09227155615771626,0.09357675909996033
10632,0,1,0.07637395139989672,0.051426127552986145
10633,1,1,0.11015021957289128,0.1082419902086258
10634,0,1,0.07349111147712392,0.0690259337425232
10635,1,1,0.06610693787298036,0.07525400817394257
10636,0,0,0.04404433508404547,0.034029535949230194
10637,0,1,0.07134624232376921,0.11290743947029114
10638,0,1,0.06423556061365175,0.024461686611175537
10639,0,1,0.06284757594015253,0.08849683403968811
10640,1,1,0.06358251656896925,0.05148278921842575
10641,0,1,0.09977116170989653,0.03947813808917999
10642,0,1,0.04914842165456024,0.0788692981004715
10643,0,1,0.07611863605135813,0.06798787415027618
10644,0,1,0.04253845149701593,0.053138092160224915
10645,0,1,0.05203655648258576,0.02892206609249115
10646,1,1,0.09619011838504155,0.09385867416858673
10647,0,1,0.06912603500307102,0.04806244373321533
10648,0,1,0.03177895705792848,0.057178251445293427
10649,1,0,0.06169120311340151,0.03591074049472809
10650,1,1,0.06810753297353404,0.12299809604883194
10651,1,1,0.09287199102943194,0.039124637842178345
10652,0,1,0.0830376606170038,0.0415831059217453
10653,0,1,0.03228605661795029,0.02075827121734619
10654,1,1,0.06637640319809934,0.07141656428575516
10655,0,1,0.05024532962238325,0.06053868681192398
10656,0,1,0.04766399587316347,0.040233075618743896
10657,0,1,0.0454487958869417,0.1327078938484192
10658,0,0,0.07218161176556928,0.010516032576560974
10659,0,1,0.0783984292717215,0.04893767833709717
10660,0,1,0.06516817965285934,0.09080956876277924
10661,0,0,0.039864522813933004,0.05941556766629219
10662,1,1,0.0661681496144739,0.07298573851585388
10663,0,1,0.06291770027714486,0.09522886574268341
10664,1,1,0.060351608350451696,0.0958065465092659
10665,1,1,0.061858604532946435,0.04859355837106705
10666,0,0,0.06302951894217432,0.10876885056495667
10667,0,1,0.04759647951566881,0.04564417898654938
10668,1,1,0.07362335987663188,0.08805868774652481
10669,0,1,0.04976697860832942,-0.0037357360124588013
10670,0,0,0.024546268661711744,0.05688286945223808
10671,0,1,0.044427889024801534,0.06821314990520477
10672,0,1,0.03471016481947808,0.04482527822256088
10673,1,0,0.0715400464664036,0.05535000562667847
10674,0,1,0.04571966131035837,0.05858781933784485
10675,0,1,0.06591773716221416,0.04838725924491882
10676,1,1,0.06392953109877952,0.025086477398872375
10677,0,0,0.03960670064401725,0.08500371873378754
10678,0,1,0.09939665842140083,0.16728171706199646
10679,0,1,0.052920137595868416,0.037022627890110016
10680,0,1,0.03581829353798891,0.03997797518968582
10681,0,0,0.07254871428705492,0.07498399168252945
10682,1,1,0.04562035927858314,0.047545645385980606
10683,1,1,0.05152618747930181,0.032002486288547516
10684,0,1,0.03054802083149364,0.0430065393447876
10685,0,0,0.06291124370635644,0.08380990475416183
10686,0,1,0.08113747854193853,0.046128034591674805
10687,0,1,0.07728274342403943,0.13510766625404358
10688,1,1,0.07744020834311119,0.03859701752662659
10689,1,1,0.08404163492219033,0.0031438320875167847
10690,1,1,0.05668563326539368,0.04245751351118088
10691,0,1,0.05587732274009277,0.07016739994287491
10692,0,1,0.0847127105022254,0.10164862871170044
10693,1,1,0.08551951701335855,0.053595930337905884
10694,0,1,0.04962623265954355,0.0767623633146286
10695,0,1,0.07322858981316765,0.06675997376441956
10696,1,1,0.0631725917437511,0.018634699285030365
10697,0,1,0.047209706463940806,0.06335549056529999
10698,0,1,0.03814480875932116,0.061608146876096725
10699,0,1,0.06258995089936696,0.06704223901033401
10700,0,0,0.08215233109522721,0.05926842987537384
10701,0,1,0.031166391360097766,0.041883863508701324
10702,1,1,0.04201805587752866,0.05121631175279617
10703,0,1,0.030700918516279867,0.03275281935930252
10704,0,1,0.08541610044661613,0.09220762550830841
10705,0,0,0.07144010604590459,0.05705101788043976
10706,0,0,0.04955574124251304,0.09622765332460403
10707,0,1,0.07942901136253894,0.06483857333660126
10708,0,1,0.07324595765870204,0.07378687709569931
10709,0,1,0.05414820326684677,0.03635028004646301
10710,0,0,0.09949247351216944,0.07439108192920685
10711,0,1,0.03561098247754852,0.031080614775419235
10712,0,1,0.0575522836769992,0.09884580969810486
10713,1,1,0.03590958213415222,0.05513739585876465
10714,0,1,0.058097147030990365,0.05101907253265381
10715,0,1,0.06613689339549317,0.07696942985057831
10716,0,0,0.03392275186273134,0.038288794457912445
10717,0,1,0.06867842386362792,0.05562847852706909
10718,1,1,0.04340896019017888,0.08164888620376587
10719,0,0,0.10043279322549109,0.11384338140487671
10720,1,1,0.064764860377882,0.03112393617630005
10721,0,1,0.06418981085333761,-0.024426639080047607
10722,0,1,0.056891127493808216,0.06482710689306259
10723,0,1,0.05054499499888951,0.07931967079639435
10724,0,0,0.0596165791434987,0.016535691916942596
10725,1,1,0.05503259381044914,0.04203081130981445
10726,0,1,0.02840809080093777,0.029945481568574905
10727,0,1,0.03441501341757839,0.03576860576868057
10728,0,1,0.04230814379145473,0.10157336294651031
10729,1,1,0.03705023903268008,0.06196027994155884
10730,1,0,0.08311553813677697,0.0784667581319809
10731,0,1,0.05286836668667126,0.02171015739440918
10732,0,0,0.07191010088053945,0.056363850831985474
10733,0,0,0.06431432015339952,0.07259116321802139
10734,0,1,0.04629942557302995,0.016491107642650604
10735,0,0,0.052417390680935,0.06736861169338226
10736,0,1,0.07695285348095224,0.044433534145355225
10737,0,0,0.1261910695993837,0.1489361971616745
10738,1,1,0.09050892292226578,0.11655855178833008
10739,0,1,0.059143042605171545,0.042647965252399445
10740,0,1,0.06575435565757942,0.030131399631500244
10741,0,1,0.034675675886978986,0.0603470504283905
10742,0,1,0.04035362849579879,0.03305190056562424
10743,1,1,0.05881902518136618,0.0891815796494484
10744,1,1,0.07797285434649548,0.05056332051753998
10745,0,1,0.06144767621732959,0.09220561385154724
10746,0,1,0.0667135195232786,0.03473156690597534
10747,0,1,0.03723869611950382,0.027846019715070724
10748,0,0,0.05188528400690877,0.11585599929094315
10749,0,1,0.0699706315396468,0.11085335910320282
10750,1,1,0.08397242816444667,0.0773533284664154
10751,1,1,0.04515957649163961,-0.0027812495827674866
10752,0,1,0.08454230776588376,0.014580875635147095
10753,0,0,0.03887976916143176,0.036714475601911545
10754,0,1,0.060156262221382165,0.03544224053621292
10755,0,0,0.058949453987942935,0.04514326900243759
10756,1,1,0.07922415812592234,0.0977538526058197
10757,0,1,0.0406950923195389,0.02452109009027481
10758,0,0,0.06461325420421343,0.06446105241775513
10759,0,0,0.1015939350559559,0.1039545089006424
10760,0,0,0.03025807878554359,0.02481529861688614
10761,0,1,0.055001881558804894,0.07962115108966827
10762,0,1,0.0411787340975676,0.08398253470659256
10763,0,1,0.07132860161364951,0.11197668313980103
10764,0,1,0.03605724861185549,0.035004597157239914
10765,0,1,0.05732347018071182,0.025168679654598236
10766,0,1,0.044329079452628956,0.08949439972639084
10767,0,1,0.0399272211621645,0.07043278217315674
10768,0,0,0.10145975882088343,0.10172206163406372
10769,0,1,0.10168982079851854,0.10466615855693817
10770,1,1,0.07716199959339437,0.04832504689693451
10771,0,1,0.07493999051443456,0.05347861349582672
10772,1,1,0.06828507561782624,0.07566739618778229
10773,0,1,0.06821517971484828,0.048435524106025696
10774,0,0,0.08551700360556116,0.11687138676643372
10775,0,0,0.07353125242720562,0.07211069762706757
10776,0,0,0.04210665890904837,0.06472928822040558
10777,0,0,0.04739533294254575,0.06793022155761719
10778,0,1,0.07457024822675373,0.07753938436508179
10779,0,1,0.03301820295375817,0.04233444109559059
10780,1,1,0.07873957752161967,0.03481101989746094
10781,0,0,0.06475081440708211,0.0321977436542511
10782,0,1,0.036056889666868874,0.035004597157239914
10783,1,0,0.05661046641004212,0.039729177951812744
10784,0,1,0.040852609742605905,0.05235093832015991
10785,0,1,0.056318990448794126,0.08362313359975815
10786,0,1,0.041821573740896484,0.030270442366600037
10787,0,1,0.0558770504352204,0.06703495234251022
10788,0,1,0.04962174690482374,0.06285375356674194
10789,1,1,0.10332090234381336,0.09116986393928528
10790,0,1,0.04512218547382292,0.05059847980737686
10791,0,1,0.04835729723843077,0.07277598232030869
10792,0,1,0.03753710738241144,0.047029849141836166
10793,0,1,0.07739393586836782,0.0755387544631958
10794,0,0,0.08737324677558994,0.08929498493671417
10795,0,1,0.039593814364694294,0.021632637828588486
10796,0,0,0.06561131972022434,0.08257336914539337
10797,0,1,0.04428513811897167,0.0805811882019043
10798,0,0,0.10629520402571599,0.12486235797405243
10799,1,0,0.07767421478694536,0.042317718267440796
10800,0,1,0.07831107631808215,0.06243140995502472
10801,0,0,0.041602003546221816,0.047374427318573
10802,0,1,0.03235046502057345,0.021673299372196198
10803,0,0,0.07105070696491608,0.08979698270559311
10804,0,0,0.06167077697112529,0.025020189583301544
10805,0,1,0.04691991170489718,0.0741916224360466
10806,0,0,0.08708072788453128,0.12083618342876434
10807,0,1,0.024007954802475397,0.04737751930952072
10808,0,1,0.07022688751332556,-0.00027467310428619385
10809,1,1,0.052599530448885545,0.023519255220890045
10810,0,0,0.08600158590256818,0.133522629737854
10811,0,1,0.07556428817822311,0.0770644024014473
10812,0,0,0.06989496987938881,0.07735993713140488
10813,0,1,0.04179834578937093,0.06113794445991516
10814,0,0,0.08781595301382747,0.09888437390327454
10815,0,0,0.08511808820072778,0.013817667961120605
10816,0,0,0.057820636704717265,0.08895299583673477
10817,0,1,0.07174925723981138,0.040059372782707214
10818,1,1,0.047908224076001024,0.023982331156730652
10819,0,1,0.024503195881315602,0.027467884123325348
10820,0,1,0.02898831629233016,0.038324132561683655
10821,0,0,0.03470975159640212,0.04482527822256088
10822,0,1,0.07143668221803462,0.09347856789827347
10823,0,1,0.05048129563981241,0.05088980495929718
10824,0,1,0.05802996078447134,0.08459272235631943
10825,1,0,0.09298364204096052,0.12236078083515167
10826,0,1,0.058839905558732655,0.08151840418577194
10827,0,1,0.03984768177552295,0.08255322277545929
10828,0,1,0.051044406887012866,0.021330907940864563
10829,0,1,0.02704528574786106,0.029733775183558464
10830,0,1,0.04029689007253626,0.03751801699399948
10831,0,1,0.062199355345588334,0.03093312680721283
10832,0,1,0.03457781982742072,0.025096997618675232
10833,0,1,0.042891832648765685,0.042413562536239624
10834,1,1,0.06946662379038808,0.0720483660697937
10835,0,1,0.06034589456275598,0.08317258954048157
10836,0,1,0.050251964124890205,0.0717884823679924
10837,0,0,0.08215268041403523,0.05926842987537384
10838,0,1,0.060380431042558066,0.07043759524822235
10839,0,0,0.04059255294764259,0.09157796204090118
10840,0,1,0.055423973106520336,0.022557318210601807
10841,0,1,0.059358224237534424,0.07765308022499084
10842,0,1,0.040837184853263125,0.03997742384672165
10843,1,1,0.04480656431916474,0.017981000244617462
10844,1,1,0.05360873747951517,0.037796489894390106
10845,0,1,0.04368907812138646,0.014574706554412842
10846,0,1,0.07508975416720154,0.047036707401275635
10847,0,0,0.09149721469533312,0.03895643353462219
10848,0,1,0.054472522868969905,0.041039809584617615
10849,0,1,0.06545946988213114,0.08227843791246414
10850,0,0,0.035574722925294684,0.03445994853973389
10851,1,1,0.07485822184918312,0.04821611940860748
10852,0,1,0.07301654113931766,0.10800370573997498
10853,1,1,0.05070827029035807,0.03968380391597748
10854,0,1,0.07163960188144286,0.0627678781747818
10855,0,1,0.027605713240078926,0.038352686911821365
10856,0,0,0.07166009379920807,-0.017865166068077087
10857,1,1,0.08542743524169197,0.1447506844997406
10858,0,1,0.05362189794830835,0.015313573181629181
10859,1,0,0.08116381073668025,0.04954761266708374
10860,1,1,0.0646979646635999,0.07826076447963715
10861,1,1,0.062226621453160685,0.03461916744709015
10862,1,1,0.10962578104293152,0.10325533151626587
10863,0,1,0.04538454108363617,0.07455730438232422
10864,0,0,0.05666489451132263,0.12135404348373413
10865,0,1,0.0891954617499375,0.05613970756530762
10866,0,1,0.06265450708301261,0.08103084564208984
10867,0,1,0.028423822497359266,0.02861645445227623
10868,0,1,0.07846200554763497,0.05681278556585312
10869,0,1,0.08305526189535442,0.06166943907737732
10870,0,1,0.049382773618328255,0.03153655678033829
10871,1,0,0.10598049698850062,0.01995241641998291
10872,0,1,0.05861651809286772,0.05790272355079651
10873,0,0,0.0590242865852319,0.011985838413238525
10874,0,1,0.028972923756211827,0.0374717116355896
10875,0,1,0.05192057843488819,0.07935481518507004
10876,0,1,0.029818619305326415,0.026259250938892365
10877,1,1,0.06827186964825051,0.06465347111225128
10878,0,0,0.07261321253284106,0.04316742718219757
10879,0,1,0.06401293178026322,0.09134598821401596
10880,0,1,0.025027046697425975,0.042541246861219406
10881,0,0,0.05983561618360014,0.07021145522594452
10882,1,1,0.0865324906444502,0.10250867903232574
10883,0,0,0.051080747101683005,0.024930432438850403
10884,0,0,0.05631697885544898,0.06829468905925751
10885,0,0,0.041331304791986004,-0.07329320907592773
10886,0,1,0.0454487958869417,0.1327078938484192
10887,0,0,0.0667919043604452,0.022871509194374084
10888,0,1,0.06437721570112663,0.011580519378185272
10889,0,1,0.047208450813409825,0.059280671179294586
10890,0,0,0.08804612481910401,0.043648093938827515
10891,0,1,0.054256305172616995,0.08396188914775848
10892,0,1,0.07998651085218628,0.15138964354991913
10893,0,1,0.05433059203007447,0.018244564533233643
10894,1,1,0.08726430465951637,0.07715113461017609
10895,0,1,0.059104383447535075,0.16663968563079834
10896,0,1,0.0647923000242729,0.040988750755786896
10897,0,0,0.06105013513203543,0.033653900027275085
10898,0,1,0.07471251240127572,0.0469772070646286
10899,0,1,0.04714801499115612,0.03039173036813736
10900,0,0,0.06372125799642718,0.08392531424760818
10901,0,1,0.04461248990137169,0.05227202549576759
10902,1,1,0.04628386457971373,0.1395147442817688
10903,0,0,0.04066451878772745,0.07058043777942657
10904,0,0,0.03737332234626041,0.04784593731164932
10905,1,1,0.09100522982199691,0.03639987111091614
10906,0,1,0.08288675846394658,0.06190614402294159
10907,0,1,0.08850207500776477,0.09913618862628937
10908,0,0,0.04468975763112751,0.0643077939748764
10909,0,1,0.06991170320395891,0.06507261097431183
10910,0,1,0.06831254211253794,0.02619626373052597
10911,0,1,0.10635039197676588,0.09096302092075348
10912,0,1,0.041957545601341406,0.049060046672821045
10913,0,0,0.06909890566918843,0.07467290759086609
10914,0,1,0.04261977947869479,0.06042272225022316
10915,0,0,0.04979059343023243,0.02362951636314392
10916,0,1,0.054110500613830145,0.10664881765842438
10917,0,1,0.060445434537614584,0.0816519632935524
10918,0,1,0.0614863367239972,0.08342209458351135
10919,0,1,0.05528751912288481,0.07737884670495987
10920,0,1,0.03462209327656323,0.03389887139201164
10921,0,1,0.04633814501039864,0.020240582525730133
10922,0,1,0.04172858852728832,0.02967262640595436
10923,0,0,0.08267005281880666,0.04658830165863037
10924,0,1,0.07452564128017003,0.07624109089374542
10925,0,1,0.04631193206548957,0.13907122611999512
10926,0,0,0.04083480601166739,0.06386318802833557
10927,0,1,0.04011206020407926,0.06159285828471184
10928,0,1,0.05162890840417715,0.016313664615154266
10929,0,1,0.050827415453750954,0.05708359554409981
10930,1,0,0.05360998756839286,0.03584592044353485
10931,0,0,0.03963157366267396,0.08307714760303497
10932,1,1,0.04622432367303325,0.060402028262615204
10933,0,1,0.055029499402366705,0.0423768013715744
10934,0,1,0.039587446667987,0.06036246940493584
10935,0,1,0.10629620304298196,0.07731440663337708
10936,0,1,0.05767687371298612,0.043679378926754
10937,0,0,0.05277259094188466,0.01862124353647232
10938,1,1,0.07246368984200846,0.09245394170284271
10939,0,0,0.031139003280694348,0.054943714290857315
10940,0,0,0.0807392325711776,0.050217270851135254
10941,0,0,0.050767564209098934,0.009629108011722565
10942,0,1,0.06566319362067696,0.1368417739868164
10943,1,0,0.03658490615175837,0.06307889521121979
10944,0,0,0.029818619305326415,0.026259250938892365
10945,0,0,0.04289473785130474,0.04563475400209427
10946,0,1,0.029639792533571685,0.07540547847747803
10947,0,0,0.04640191661088014,0.03287927806377411
10948,1,0,0.07912276395617365,0.002563580870628357
10949,0,1,0.059389186393931884,0.04327797144651413
10950,0,1,0.06459762407531422,0.04593106359243393
10951,0,0,0.07393697423083825,0.09800270199775696
10952,0,0,0.05193719151863599,0.018174663186073303
10953,0,0,0.048901967641079985,0.051894210278987885
10954,0,1,0.11708497588731048,0.04156932234764099
10955,0,1,0.06470720667929594,0.07826076447963715
10956,0,1,0.05260435942472973,0.050902970135211945
10957,0,1,0.040512386991948965,0.08241690695285797
10958,1,1,0.04282607260390589,0.023310966789722443
10959,0,1,0.06333376742495654,0.040631622076034546
10960,0,1,0.10321092876087584,0.0823802500963211
10961,0,1,0.059593110154954304,0.08450095355510712
10962,0,0,0.048094377509404776,0.06503942608833313
10963,1,1,0.0970456793004063,0.07005101442337036
10964,0,0,0.05587623998219683,0.07016739994287491
10965,0,0,0.06769048422384139,0.05311736464500427
10966,0,1,0.059416369355217366,0.04325145483016968
10967,1,1,0.08965385990334165,0.09400862455368042
10968,0,1,0.0535697944266955,0.019758015871047974
10969,1,1,0.05045877452859196,0.0900324285030365
10970,0,1,0.034422100684609644,0.016969863325357437
10971,0,1,0.04016646920581217,0.05917462334036827
10972,1,1,0.08456287318484293,0.09706278145313263
10973,0,1,0.07312987681798258,-0.010317504405975342
10974,0,0,0.0874778799711387,0.06493105739355087
10975,0,1,0.04970244586676638,0.031130746006965637
10976,0,0,0.10289667736367511,0.14240287244319916
10977,0,0,0.03627245517680981,0.04531445354223251
10978,0,1,0.07754133386073225,0.07074111700057983
10979,0,1,0.042396335764781995,0.08674459159374237
10980,0,1,0.029787880381103388,0.036485809832811356
10981,1,1,0.1010494069934286,0.15579530596733093
10982,1,1,0.10291751374214042,0.12193119525909424
10983,0,1,0.07947094175870323,0.0712643563747406
10984,0,0,0.05270057123219089,0.08215311914682388
10985,1,1,0.032362736214329696,0.010882638394832611
10986,1,1,0.061463983685738174,0.10147296637296677
10987,0,1,0.05403545581491796,0.08414122462272644
10988,1,0,0.06109268716144327,0.07368779182434082
10989,0,1,0.0653011339649542,0.08364791423082352
10990,0,1,0.038220961292580985,0.048021409660577774
10991,1,1,0.07299340313426694,0.030286312103271484
10992,1,1,0.045370499904114264,0.18408286571502686
10993,0,0,0.046008663352233276,0.07074829936027527
10994,0,1,0.061128001349241,0.07850553840398788
10995,0,1,0.04122416790324511,0.08953063189983368
10996,0,0,0.05359042511514764,0.04136120527982712
10997,0,0,0.09213037648521036,0.08287869393825531
10998,0,1,0.06777222325811996,0.03981636464595795
10999,0,0,0.08485969939423554,0.11755916476249695
11000,0,0,0.031911019590392845,0.03834187611937523
11001,1,1,0.07803604160886671,0.09442944079637527
11002,1,0,0.06193083390016288,0.0925099328160286
11003,0,1,0.08555722998263013,0.021283969283103943
11004,0,1,0.053373644484418004,0.03280080109834671
11005,0,1,0.09846995347622542,0.11745145916938782
11006,0,1,0.039839168440627404,0.06324053555727005
11007,0,0,0.08856970146934232,0.05642881989479065
11008,0,1,0.04490908799253657,0.044320374727249146
11009,0,1,0.07716199959339437,0.04832504689693451
11010,0,1,0.051185771635997385,0.079385906457901
11011,0,1,0.05875133891098702,0.0420125350356102
11012,0,1,0.04853294334493427,-0.015376552939414978
11013,0,1,0.051671818777865725,0.04881071299314499
11014,1,1,0.08310195890551267,-0.012522295117378235
11015,1,0,0.05583374445376915,0.06025964766740799
11016,0,1,0.0808622945550373,0.04903210699558258
11017,0,0,0.060123056433674577,0.06353231519460678
11018,0,0,0.07660674834220907,0.04708936810493469
11019,0,1,0.03094135919199189,0.02430795133113861
11020,0,1,0.05657091238203825,0.15918195247650146
11021,0,1,0.06808451433252742,0.06338479369878769
11022,0,1,0.07070812379153693,0.11657905578613281
11023,1,1,0.07767445589145713,0.061067551374435425
11024,1,1,0.07686852900269842,0.02409432828426361
11025,0,1,0.07221778199683868,0.05796410143375397
11026,0,0,0.04613148971567957,0.03354834392666817
11027,0,1,0.09861658030585754,-0.001460939645767212
11028,0,0,0.03421413882711418,0.06501621007919312
11029,0,1,0.06666038421734481,0.1085512712597847
11030,0,1,0.032825903987507954,0.024893494322896004
11031,0,1,0.04683537222844793,0.03515562415122986
11032,0,1,0.05368598859979845,0.03524739295244217
11033,0,1,0.0663096893768541,0.08576222509145737
11034,1,0,0.04682175017383486,0.03080560266971588
11035,0,1,0.05999877937511268,0.08936251699924469
11036,0,0,0.037762279413204945,0.03512519225478172
11037,0,0,0.07090750544871452,0.06777530163526535
11038,0,1,0.07348198642256473,0.0675288736820221
11039,0,1,0.03760592032810523,0.06702481210231781
11040,0,1,0.08149609943923339,0.044191256165504456
11041,0,1,0.06557474645111841,0.03404153138399124
11042,0,1,0.04181998465108111,0.04700590670108795
11043,0,0,0.042780744674396326,0.033903516829013824
11044,0,1,0.03349467297659584,0.030720222741365433
11045,1,1,0.08285144517362533,0.019431158900260925
11046,0,1,0.04968763740441294,0.07797767966985703
11047,0,1,0.04404961277201834,0.023329295217990875
11048,1,0,0.06055899076356022,0.09212975203990936
11049,0,1,0.11706196758716364,0.040329694747924805
11050,0,1,0.0508957222695834,0.08366575837135315
11051,0,0,0.12084667188104309,0.11143103241920471
11052,0,0,0.05719489483875051,0.007133990526199341
11053,1,1,0.07261006919220686,0.09718148410320282
11054,0,1,0.0748899024707487,0.10523858666419983
11055,0,1,0.024988122993656846,0.06091499328613281
11056,1,0,0.06762063988194938,0.10394762456417084
11057,0,0,0.04312986305504299,0.09863311052322388
11058,0,0,0.054013264425119334,0.09106417745351791
11059,0,1,0.07089913953838167,0.080845907330513
11060,0,1,0.05363199119610994,-0.013624779880046844
11061,0,1,0.05690473769005515,0.05515427142381668
11062,0,0,0.04205907178625454,0.07522465288639069
11063,1,1,0.05794865220498789,0.04550039768218994
11064,1,0,0.07744329723793075,0.13261733949184418
11065,0,0,0.06714475866401606,0.035837575793266296
11066,0,0,0.05054499499888951,0.07931967079639435
11067,0,1,0.07803884027790309,0.06114174425601959
11068,1,1,0.07922415812592234,0.0977538526058197
11069,0,0,0.028404951521976862,0.028759347274899483
11070,0,0,0.07259885004597744,0.12938570976257324
11071,0,0,0.07252832060495826,0.02873547375202179
11072,0,1,0.062126491213773005,0.023730598390102386
11073,0,1,0.06183209032858267,0.06558163464069366
11074,0,0,0.07071707588025078,0.09221445769071579
11075,0,1,0.03202523130277605,0.065566785633564
11076,0,1,0.040694500826665245,0.0771222710609436
11077,1,0,0.040913276742333735,0.039448004215955734
11078,0,1,0.04222229404477318,0.017178580164909363
11079,0,1,0.055012997895634894,0.04991605877876282
11080,1,0,0.07462732706607361,-0.015294790267944336
11081,0,1,0.10146539357051565,0.10172206163406372
11082,0,1,0.08217128661051046,0.0650242418050766
11083,0,0,0.033956611429283606,0.0240648090839386
11084,0,1,0.07231857063617517,0.0027511268854141235
11085,0,0,0.032825903987507954,0.024893494322896004
11086,0,1,0.05457750582088018,0.0379105880856514
11087,0,1,0.03590505151308549,0.0850663036108017
11088,0,1,0.05503648206927039,0.06002990901470184
11089,0,1,0.03207222510568084,0.0665217936038971
11090,0,1,0.03266682504186733,0.05679105222225189
11091,0,1,0.06430777013489875,0.0032432526350021362
11092,0,1,0.04676858699624775,0.05469220131635666
11093,1,1,0.08422795509343531,0.08997280895709991
11094,0,1,0.04795085518150427,0.05235213786363602
11095,0,0,0.06408156302280137,0.05388548970222473
11096,0,0,0.052809517768050485,-0.001129336655139923
11097,0,1,0.0636395972509273,-0.02242271602153778
11098,0,0,0.04710696439787364,0.05508536845445633
11099,1,1,0.07449075045678963,0.10265016555786133
11100,0,1,0.07461906560993659,-0.02309441566467285
11101,0,1,0.04205907178625454,0.07522465288639069
11102,0,0,0.06792565593960592,0.021997109055519104
11103,1,1,0.03886503797692677,0.08074001222848892
11104,0,0,0.049607976576503246,0.09445144236087799
11105,0,0,0.11373668101454082,0.09781081974506378
11106,1,1,0.060440077949749024,0.07912462949752808
11107,0,1,0.035125771203716405,0.011012688279151917
11108,0,0,0.07964776611982272,0.06139618158340454
11109,0,1,0.06141645822708332,0.041248224675655365
11110,0,0,0.08898026959664829,0.07756312191486359
11111,0,1,0.0699993181218985,0.014570847153663635
11112,0,1,0.03084176235894758,0.03995757922530174
11113,0,0,0.08749640152936816,0.08939436078071594
11114,1,1,0.07508889213492545,0.047036707401275635
11115,0,0,0.044512807510321564,0.06320619583129883
11116,1,1,0.10195714465098207,0.11361069977283478
11117,1,1,0.0669531518970848,0.04461527615785599
11118,0,1,0.04167994889353095,0.0403592512011528
11119,0,1,0.04550575629351428,0.05716570466756821
11120,0,0,0.03989308108701155,0.058669961988925934
11121,0,1,0.0677099420423826,0.10850541293621063
11122,0,0,0.05937780592207709,0.06700441241264343
11123,0,0,0.05670249113729714,0.06566916406154633
11124,0,1,0.06158785236436572,0.09944850206375122
11125,0,1,0.07330547515999156,0.09797720611095428
11126,0,1,0.03963157366267396,0.08307714760303497
11127,1,1,0.02950963432853681,0.028753185644745827
11128,0,0,0.06672095595400998,0.0331803634762764
11129,0,1,0.045691179739451054,0.04992631450295448
11130,0,0,0.07257024694234279,0.04367847740650177
11131,0,1,0.04068371075095552,0.10386647284030914
11132,0,0,0.05050090993150157,0.08109700679779053
11133,0,1,0.07498245225625705,0.04796965420246124
11134,0,1,0.060843425878066765,0.08068448305130005
11135,1,1,0.07354945653547054,0.08011209219694138
11136,0,1,0.0736737300524552,0.07227444648742676
11137,0,1,0.05412165300885835,0.008559927344322205
11138,0,1,0.05205478574628064,0.028122656047344208
11139,0,1,0.046223701614510795,0.003496319055557251
11140,0,1,0.06154622043781577,0.14568361639976501
11141,0,0,0.09400553711145668,0.006206974387168884
11142,0,1,0.045541850522495694,0.038802966475486755
11143,0,0,0.06615713419772357,0.07298573851585388
11144,0,1,0.04564636469214582,0.041986338794231415
11145,0,1,0.04400074318310801,0.07979189604520798
11146,0,1,0.037279214161837916,0.0269106924533844
11147,0,1,0.05173375808047037,0.10279615968465805
11148,0,1,0.03377254290870572,0.04495340213179588
11149,1,0,0.10686777359351285,0.0546875
11150,0,1,0.06792266595213792,0.06391038000583649
11151,0,0,0.027049391148851888,0.028536945581436157
11152,0,1,0.055150939743558405,0.03274751454591751
11153,0,1,0.06423019131780279,0.05170664191246033
11154,0,0,0.10318586374958819,0.13532941043376923
11155,0,1,0.07458349053720373,0.048983827233314514
11156,0,0,0.06988249722949194,0.047922007739543915
11157,0,1,0.041407525593747274,0.08488819003105164
11158,0,0,0.05475034637028832,0.06960125267505646
11159,0,1,0.04925840304130047,0.022469207644462585
11160,0,1,0.05968627478476313,0.0760933980345726
11161,0,1,0.0933971307253331,0.008919835090637207
11162,0,0,0.02831606273291163,0.14554154872894287
11163,0,1,0.07715549419749765,0.12719175219535828
11164,0,0,0.06778430215972622,0.08304886519908905
11165,0,0,0.06398178841340116,0.09383958578109741
11166,0,0,0.04565517510748816,0.04153299331665039
11167,0,0,0.11206826977041218,-0.015344679355621338
11168,0,1,0.05275898513746777,0.08578576892614365
11169,0,1,0.11476344441799724,0.13125662505626678
11170,0,0,0.06463379210796444,0.024067141115665436
11171,0,1,0.04049440163126608,0.08377818763256073
11172,0,0,0.08146219310317834,0.08697982132434845
11173,0,1,0.06466743214398579,0.08450240641832352
11174,0,0,0.047744137207372125,-0.01250537484884262
11175,0,0,0.06531071594520647,0.07181175798177719
11176,0,0,0.08439058294901236,0.03660242259502411
11177,0,0,0.04633263214434352,0.07084575295448303
11178,0,0,0.06825586646604402,0.03702618181705475
11179,1,1,0.03626071209109255,0.041095130145549774
11180,0,0,0.08325771023272055,0.07714119553565979
11181,0,0,0.042468186839993566,0.02824285626411438
11182,0,0,0.062485605239882794,0.022130087018013
11183,0,0,0.054707119805392196,0.05244264006614685
11184,0,0,0.08355287723458454,0.09923073649406433
11185,0,1,0.055011077611216694,0.06784705072641373
11186,1,1,0.04487190291796213,0.059764035046100616
11187,0,0,0.07956692780263491,0.0478082001209259
11188,0,0,0.07739424408334725,0.0755387544631958
11189,0,1,0.06036698794274811,0.09897255152463913
11190,0,1,0.03657102775976438,0.07295815646648407
11191,0,0,0.0451660966404837,0.08165108412504196
11192,0,0,0.06520946405264728,0.07856427133083344
11193,1,1,0.06216960746339559,0.03016074001789093
11194,0,1,0.048002243089245084,0.06270193308591843
11195,0,1,0.04966376270964673,0.07430889457464218
11196,0,1,0.03295582064692139,0.021146468818187714
11197,0,1,0.038429780464533415,0.1104608103632927
11198,0,1,0.056062602548566876,0.017043843865394592
11199,0,0,0.0509562446846705,0.08510860055685043
11200,0,0,0.07278658450754635,0.04952146112918854
11201,0,0,0.04530575075509903,0.07528230547904968
11202,0,1,0.07622470982750118,0.05442327260971069
11203,0,0,0.05263862690865759,0.018280647695064545
11204,0,0,0.11377343529820327,0.10668408870697021
11205,0,1,0.03556672412538584,0.04343904182314873
11206,0,1,0.02967192682746888,0.05200204625725746
11207,0,1,0.042489932674522765,0.060378409922122955
11208,0,1,0.04794992032333875,0.05235213786363602
11209,0,1,0.06939306870861438,0.03471074998378754
11210,0,0,0.07918645969600499,0.00408528745174408
11211,0,0,0.05806905618768854,0.04939957708120346
11212,0,1,0.04853981735253442,0.04783714562654495
11213,0,1,0.057101749303972854,0.02359277755022049
11214,0,1,0.08287486436325983,0.06177376210689545
11215,0,1,0.05525676094892745,0.031241483986377716
11216,0,1,0.05096755138626921,0.017247021198272705
11217,0,0,0.05872640976198788,0.06647945940494537
11218,0,1,0.05977776354847261,0.07564397156238556
11219,0,1,0.03957518144487085,0.030972979962825775
11220,0,1,0.0422073460632158,0.015624761581420898
11221,1,1,0.06374383946100391,0.05355799198150635
11222,0,1,0.07144581612887332,0.03952263295650482
11223,0,1,0.038314607715851434,0.07730583846569061
11224,0,1,0.05935477263887619,0.05406389385461807
11225,1,1,0.03301820295375817,0.04233444109559059
11226,0,0,0.06272863387371225,0.09455927461385727
11227,0,0,0.04751206350475626,0.07599779963493347
11228,0,1,0.11866636531629193,0.026623576879501343
11229,0,0,0.03762101835994668,0.06004472076892853
11230,1,1,0.04056254677652668,0.028654634952545166
11231,1,0,0.0773819882789619,0.0746513158082962
11232,0,0,0.05527196764227317,0.015846654772758484
11233,0,1,0.10320896222640366,0.0823802500963211
11234,0,1,0.05272673243296272,0.11454232037067413
11235,0,0,0.0508987770406342,0.08666373789310455
11236,0,1,0.03710267792686599,0.07627859711647034
11237,1,0,0.05780254512822085,0.13415148854255676
11238,0,1,0.05495396319300852,0.08936785161495209
11239,0,1,0.09785903271872554,0.10840612649917603
11240,0,1,0.048331963013857324,0.009542331099510193
11241,0,0,0.040848625588363094,0.04859355837106705
11242,0,1,0.05568440025482302,0.0582132488489151
11243,0,1,0.05947257079295605,0.06793710589408875
11244,0,1,0.03333290432631303,0.055580876767635345
11245,0,1,0.055663155389442595,0.08434443920850754
11246,0,1,0.04474974754048949,0.029113225638866425
11247,0,0,0.07251383096524516,0.08998680859804153
11248,0,0,0.07449264191241356,0.07943545281887054
11249,0,1,0.026484405425817696,0.026154521852731705
11250,0,0,0.11079427407446213,0.0491313636302948
11251,0,0,0.04226913212936893,0.03194890916347504
11252,0,1,0.045186847163028176,0.04374387115240097
11253,1,0,0.08141689098503296,0.07612711936235428
11254,0,0,0.07324566748102762,0.028513342142105103
11255,0,1,0.039397628536471635,0.05346985161304474
11256,0,1,0.0363896673580188,0.049474358558654785
11257,0,0,0.07829123642664376,0.006656616926193237
11258,0,1,0.05373882610371816,0.06414465606212616
11259,0,0,0.04768270988646432,-0.013107076287269592
11260,0,0,0.08784509488687625,0.14469166100025177
11261,0,1,0.08217143590807896,0.07261636853218079
11262,0,1,0.0767173270146356,0.02179752290248871
11263,1,1,0.054539009852832346,0.02248973399400711
11264,0,0,0.07467128157577005,0.08271035552024841
11265,0,1,0.03300875015648509,0.045556340366601944
11266,0,1,0.05184535548153707,0.08062461763620377
11267,0,0,0.08278566707491258,0.02368922531604767
11268,0,1,0.05462482208720504,0.037768349051475525
11269,1,1,0.04093242309897284,0.04003788158297539
11270,0,1,0.04803583451142712,0.060889579355716705
11271,1,1,0.05779897447771126,0.07803452759981155
11272,1,1,0.05528958864504102,-0.006829574704170227
11273,0,1,0.04343135521042847,0.04741131141781807
11274,0,1,0.040135128757866664,0.06557346135377884
11275,0,1,0.028976904395621027,0.038324132561683655
11276,0,1,0.052101941301927676,0.0406399741768837
11277,0,1,0.0454487958869417,0.1327078938484192
11278,0,0,0.05607970104051434,0.0307014137506485
11279,1,1,0.030394928789528847,0.03604378178715706
11280,0,1,0.04357589651342922,0.04645593464374542
11281,0,1,0.07495519204259116,0.04776652157306671
11282,0,1,0.06015830024182807,0.03544224053621292
11283,0,1,0.08735794747486725,0.08929498493671417
11284,0,1,0.06002297266833076,0.02266491949558258
11285,0,1,0.0586635857237154,0.0549190416932106
11286,1,1,0.043952659838137106,0.05347840487957001
11287,0,0,0.09705061705701196,0.13283111155033112
11288,0,0,0.07466188922006647,0.06433796882629395
11289,0,1,0.058996504740169056,0.01775354892015457
11290,0,1,0.06111164842942081,0.04032061994075775
11291,0,0,0.05333932325913021,0.092572420835495
11292,0,1,0.03961390605478013,0.027675889432430267
11293,1,0,0.059284030139670624,0.02681133896112442
11294,0,0,0.038555161243740615,0.032090023159980774
11295,0,1,0.045960427478304644,0.07716629654169083
11296,0,1,0.08796262940347074,0.06049548089504242
11297,0,1,0.08165586555138221,0.0577557310461998
11298,0,1,0.04676699348331401,0.05664467066526413
11299,0,1,0.08781430455682684,0.08273434638977051
11300,0,1,0.038906584283691294,0.06443968415260315
11301,0,1,0.04764968256250436,0.04656720906496048
11302,0,1,0.06498774322951652,0.02726614475250244
11303,0,1,0.04644548396491352,0.03846471756696701
11304,1,1,0.06125620163213466,0.07496430724859238
11305,0,1,0.0782079945993285,0.07049940526485443
11306,0,1,0.05277393247030368,0.01862124353647232
11307,0,1,0.03349149466508921,0.033487215638160706
11308,0,0,0.05827047417941231,0.02109697461128235
11309,0,0,0.0668820155999945,0.03827787935733795
11310,0,1,0.11183628180189534,0.055554091930389404
11311,0,1,0.04179680810093936,0.049839429557323456
11312,0,1,0.033874493788804735,0.031077776104211807
11313,0,1,0.04142709925693629,0.016152821481227875
11314,0,1,0.059708608670012334,0.1148948147892952
11315,0,1,0.03595447765681758,0.059433285146951675
11316,0,0,0.025750438836533364,0.02089548110961914
11317,0,0,0.05793563308050441,0.04473107308149338
11318,0,1,0.07358042362178727,0.032759398221969604
11319,0,1,0.04784603668226914,0.0780843049287796
11320,0,1,0.028977876266152947,0.038324132561683655
11321,0,0,0.062191374174133326,0.08418071269989014
11322,0,1,0.03603941703422836,0.03943052887916565
11323,0,0,0.05899488375336176,0.1357513964176178
11324,1,0,0.09057975775021823,0.06739811599254608
11325,0,1,0.04550575629351428,0.05716570466756821
11326,1,0,0.11523589239220283,0.08961629867553711
11327,0,1,0.081068567848536,0.14078038930892944
11328,0,1,0.04674446175241273,0.06890653073787689
11329,0,1,0.04871048619293637,0.06545202434062958
11330,0,1,0.053158974873825926,0.07818223536014557
11331,0,0,0.0643758556953788,0.011580519378185272
11332,1,0,0.0564430922818297,0.07962755858898163
11333,0,0,0.05465626189889819,0.06347806006669998
11334,0,1,0.09340167174239736,0.10170644521713257
11335,0,1,0.05588170252311149,0.08456648141145706
11336,1,1,0.05767690526309545,0.043679378926754
11337,0,0,0.034912809319260815,0.06246598809957504
11338,0,1,0.06937854872363095,0.05705399811267853
11339,0,1,0.06540517487514354,0.08501191437244415
11340,0,1,0.07450826679886541,0.07624109089374542
11341,0,1,0.06071048807014169,0.05360408127307892
11342,0,1,0.10583944937195533,0.10768184065818787
11343,0,1,0.047874473249718594,-0.04113960266113281
11344,0,1,0.04288157564741202,0.029477417469024658
11345,0,1,0.06948312047427116,0.06195595860481262
11346,1,1,0.06144949336404969,0.006571650505065918
11347,0,0,0.043991820156541184,0.07999920845031738
11348,0,1,0.06682725676601148,0.036855414509773254
11349,1,1,0.06084746350592049,0.08068448305130005
11350,0,1,0.04069852490667056,0.02452109009027481
11351,0,1,0.07418681080541592,0.11742554605007172
11352,0,1,0.0854499160108658,0.033000826835632324
11353,0,0,0.058617489809505874,0.04970379173755646
11354,0,1,0.04124009901139432,0.08346986025571823
11355,1,0,0.0714409175992892,0.03822307288646698
11356,0,1,0.0682823089424698,0.03805480897426605
11357,0,1,0.05370923314462371,-0.005466938018798828
11358,1,1,0.08257121159737574,0.08562436699867249
11359,0,0,0.07239567805527136,0.05648157000541687
11360,0,1,0.08188349412274945,0.040725693106651306
11361,0,1,0.03951715173085296,0.03714609146118164
11362,1,1,0.038360405982311906,0.08370217680931091
11363,0,1,0.09620629110609527,0.00597517192363739
11364,0,0,0.07436739986836241,0.09093281626701355
11365,1,1,0.0574790767104784,0.02215494215488434
11366,0,1,0.08675856884400523,0.12926100194454193
11367,0,1,0.11045613793533579,0.08584147691726685
11368,0,1,0.0487553503614252,0.06398586928844452
11369,0,1,0.10877013322632534,0.14560826122760773
11370,0,1,0.06824396025520317,0.03614519536495209
11371,1,1,0.10460361401991783,0.055233895778656006
11372,1,0,0.05567382197615091,0.12887001037597656
11373,0,1,0.11855601939637145,-0.004229068756103516
11374,0,0,0.06291770027714486,0.09522886574268341
11375,0,1,0.028386731513535608,0.03747759014368057
11376,0,1,0.04277652398600533,0.032126083970069885
11377,0,1,0.05835818240471703,0.1203451082110405
11378,0,0,0.10591248056561753,0.02001050114631653
11379,0,0,0.08964233997139012,0.09400862455368042
11380,1,1,0.08886854233750771,0.0681648850440979
11381,0,0,0.04927206992625825,0.025746099650859833
11382,0,1,0.044373620276295475,0.07253909111022949
11383,0,0,0.03711407339105061,0.043910279870033264
11384,0,0,0.05054499499888951,0.07931967079639435
11385,1,1,0.07555055524325366,0.11568370461463928
11386,0,1,0.060445434537614584,0.0816519632935524
11387,0,1,0.07200080293171957,0.04788246750831604
11388,0,0,0.058588899881847775,0.051531270146369934
11389,0,1,0.07064263395093764,0.048576027154922485
11390,1,0,0.05561873970344898,0.033291712403297424
11391,0,1,0.0513361774411045,0.013272657990455627
11392,0,1,0.06493802790373114,0.024627014994621277
11393,0,1,0.05764610159089799,0.05763830244541168
11394,0,1,0.05966486272418019,0.0745389387011528
11395,1,1,0.03234111311166877,0.04319825768470764
11396,0,1,0.03621813821856529,0.04195868596434593
11397,0,0,0.08451472946225391,0.09692259132862091
11398,0,1,0.05016320627544328,0.056606072932481766
11399,0,1,0.049362703963337584,0.027833953499794006
11400,0,1,0.05292603650242578,0.03977341204881668
11401,0,0,0.06613046622442752,0.10598833858966827
11402,0,0,0.09159195839709067,0.023840293288230896
11403,0,0,0.06548977241999597,0.09446171671152115
11404,0,0,0.03386967642841359,0.033051151782274246
11405,0,1,0.0842966196024722,0.015950679779052734
11406,0,0,0.04937409838378197,0.03153655678033829
11407,0,1,0.09026827435838378,0.11114243417978287
11408,1,1,0.10625324307543837,0.0925830751657486
11409,0,1,0.044841232362694106,0.05618641525506973
11410,0,1,0.10300452196133111,0.0916227400302887
11411,1,1,0.1029882483930337,0.1091490089893341
11412,0,1,0.05075267088250582,0.07721257209777832
11413,0,1,0.050533716710560325,0.02312186360359192
11414,0,1,0.05300653312296438,0.09145660698413849
11415,0,0,0.053604034445626655,0.014190249145030975
11416,0,1,0.055384626102182255,0.07016879320144653
11417,0,1,0.03403948959835058,0.03522100672125816
11418,0,0,0.04454639937324047,0.07324114441871643
11419,1,0,0.05673418556772358,0.01759050041437149
11420,0,0,0.06973253231402281,0.04607386887073517
11421,0,1,0.0710138855899308,0.041826263070106506
11422,1,1,0.07627631212780198,0.054834961891174316
11423,0,0,0.04036120976183194,0.03429112583398819
11424,1,1,0.05470456784077074,0.10300816595554352
11425,0,1,0.07472297906626613,0.06418062746524811
11426,0,1,0.05827553869229457,0.1203451082110405
11427,0,1,0.042033823312777246,0.01894713193178177
11428,0,0,0.048577591884832294,0.08397524058818817
11429,0,1,0.028210140116231068,0.12878233194351196
11430,0,0,0.05307230410712542,0.0985158383846283
11431,0,0,0.07454818339894356,0.04590243101119995
11432,1,1,0.044492740584668705,0.039987336844205856
11433,0,0,0.05973872914912852,0.0705757588148117
11434,0,1,0.025741404247515212,0.030691450461745262
11435,0,1,0.025750438836533364,0.02089548110961914
11436,0,0,0.08028660322908329,0.09677188098430634
11437,0,1,0.07600777116959681,0.04832504689693451
11438,0,1,0.03774214377081958,0.04468240588903427
11439,0,1,0.040194069049898654,0.03234238177537918
11440,0,1,0.05926155823825453,0.027316786348819733
11441,0,1,0.041432791931836924,0.023767128586769104
11442,0,1,0.08434908650891254,0.09695607423782349
11443,0,0,0.08785708125396013,0.08539259433746338
11444,0,0,0.09322418697317955,0.11513175070285797
11445,1,1,0.08778386822467826,0.06714823842048645
11446,0,0,0.06480982051667383,0.10122141987085342
11447,0,1,0.04999150150270534,0.0509265661239624
11448,0,0,0.05082218773637004,0.08029042929410934
11449,1,1,0.10446537135170053,0.005929768085479736
11450,0,1,0.0647367554009557,0.06813354790210724
11451,0,1,0.035549131133708084,0.03729939088225365
11452,0,1,0.04783688434075398,0.07088065147399902
11453,0,1,0.0680200633532076,0.04806244373321533
11454,0,1,0.044318288689941865,0.10703927278518677
11455,0,1,0.07210272238567933,0.07031768560409546
11456,0,1,0.06069470227417344,0.012784764170646667
11457,0,1,0.07340884771740225,0.09068477153778076
11458,1,1,0.06369933299693882,0.03033718466758728
11459,0,1,0.084792708952004,0.03357110917568207
11460,0,1,0.04891843396001415,0.020339399576187134
11461,0,0,0.06699516462248552,0.1756029576063156
11462,0,1,0.02760218228479165,0.038352686911821365
11463,0,0,0.048929558242433446,0.013287350535392761
11464,0,1,0.05527196764227317,0.015846654772758484
11465,1,1,0.058009395114920814,0.0851590558886528
11466,0,1,0.028942953214457813,0.042307935655117035
11467,1,1,0.057090845096872136,0.030711673200130463
11468,0,1,0.04644710019092846,0.05736006051301956
11469,0,0,0.06389304625110782,0.04859471321105957
11470,0,1,0.06135833789078925,0.061486586928367615
11471,1,0,0.0803350319140782,0.08135630935430527
11472,0,1,0.08837822660585407,0.03887583315372467
11473,0,1,0.11818187387204881,0.021040648221969604
11474,0,1,0.07101673427512331,0.041826263070106506
11475,0,0,0.06724548826469397,0.037087053060531616
11476,0,0,0.06903541979857734,0.06826432049274445
11477,0,0,0.06160711500902866,0.08084629476070404
11478,0,1,0.09406289155055234,0.01253703236579895
11479,0,0,0.07459251894977079,0.02192816138267517
11480,0,1,0.06519421955088808,0.08663470298051834
11481,0,1,0.03459713087109107,0.04054556041955948
11482,0,0,0.045149682140463,0.06594306230545044
11483,0,0,0.052944169034164545,0.0266474187374115
11484,0,1,0.05201983184917583,0.02203068882226944
11485,1,1,0.08215807413508133,0.0834195613861084
11486,0,1,0.049846001446460966,0.004230126738548279
11487,0,1,0.06388437138464505,0.04092724621295929
11488,0,1,0.053542480020595196,0.028421558439731598
11489,0,1,0.03586747660996237,0.059327032417058945
11490,0,1,0.11236853740159641,0.08985552191734314
11491,1,0,0.0749024487848276,0.0811723917722702
11492,0,1,0.09181655458981411,0.011265844106674194
11493,0,0,0.08638280678859894,0.07033056020736694
11494,0,1,0.0672426242423536,0.04382982850074768
11495,0,1,0.03963157366267396,0.08307714760303497
11496,0,1,0.027021913018530824,0.03262431174516678
11497,0,1,0.027026001772919743,0.03180954232811928
11498,0,0,0.07165191490554365,0.06923165917396545
11499,0,1,0.029818619305326415,0.026259250938892365
11500,0,0,0.10156151153714332,0.019870489835739136
11501,0,1,0.0724537270519797,0.08880698680877686
11502,0,1,0.03904820816053219,0.0313497893512249
11503,0,1,0.0395523012342829,0.03709009289741516
11504,0,1,0.09384309946747599,0.007830515503883362
11505,0,1,0.10775729515523122,0.0797361433506012
11506,0,1,0.04505924115072549,0.07061071693897247
11507,1,0,0.07412344698085221,0.033107951283454895
11508,0,1,0.06036587643283978,0.07545921206474304
11509,0,1,0.05313889195733516,0.06885554641485214
11510,0,0,0.05690473769005515,0.05515427142381668
11511,0,1,0.07014808357971325,0.038983121514320374
11512,0,1,0.05491252488259531,0.04504823684692383
11513,0,1,0.05900361671926667,0.05090188980102539
11514,1,1,0.04428218878506328,0.07642750442028046
11515,0,1,0.045877500192415294,0.04967006295919418
11516,0,1,0.03836646383288954,0.018007636070251465
11517,0,1,0.05477716233215063,0.08732682466506958
11518,1,1,0.03278311316801399,0.03982657194137573
11519,0,0,0.03318964676452571,0.04232208803296089
11520,0,1,0.10397565501056846,0.010527163743972778
11521,0,1,0.07405493761782181,0.09899026155471802
11522,0,1,0.05359557097793627,0.019613973796367645
11523,0,1,0.07920847891273655,0.027822032570838928
11524,0,1,0.031102478089118,0.06312918663024902
11525,0,1,0.051175621310699096,0.03365159034729004
11526,0,1,0.06521357291436956,0.12325438112020493
11527,1,1,0.061738025219883766,0.017175443470478058
11528,0,1,0.04097554856713734,0.011770278215408325
11529,1,0,0.09208227340374958,0.10445931553840637
11530,0,0,0.03904820816053219,0.0313497893512249
11531,0,1,0.07602038823576804,0.05727579444646835
11532,0,0,0.06874032003021104,0.11091405898332596
11533,1,1,0.1132165609455385,0.05164983868598938
11534,0,0,0.07263618985935116,0.04749658703804016
11535,0,0,0.08415919142384928,0.07596273720264435
11536,0,1,0.04979059343023243,0.02362951636314392
11537,0,1,0.0771512941915182,0.04643446207046509
11538,0,1,0.06190816058195789,0.1177649274468422
11539,1,1,0.056799850504770544,0.062030546367168427
11540,0,0,0.060877449616945536,0.07205935567617416
11541,0,0,0.03965067345442844,0.026693008840084076
11542,0,0,0.03733842757229965,0.03640786558389664
11543,0,0,0.0994421880437675,0.03193773329257965
11544,0,0,0.061221196129216754,0.07280877232551575
11545,0,0,0.051320414754101165,0.03466670960187912
11546,0,1,0.07060093278345522,0.07596009224653244
11547,0,0,0.05833840439046714,0.1203451082110405
11548,0,0,0.06900467662143794,0.06808371096849442
11549,0,1,0.04948104948932047,0.07606734335422516
11550,0,1,0.04316088106354678,0.07691223919391632
11551,0,0,0.06588107593613282,0.014282837510108948
11552,0,0,0.03850885951489262,0.049051471054553986
11553,0,0,0.05734087278278108,0.044852420687675476
11554,0,0,0.06411755178995829,0.10242404043674469
11555,1,0,0.049845323643164574,0.023173250257968903
11556,1,1,0.07420427152761433,0.13349482417106628
11557,0,1,0.06753778351049129,0.0886823832988739
11558,0,0,0.07629627733954658,0.04188647121191025
11559,0,1,0.09702061278107404,0.04243344068527222
11560,0,0,0.03709035992822767,0.08305161446332932
11561,0,1,0.057513535286712394,0.029065251350402832
11562,0,1,0.061375500687768494,0.08813858032226562
11563,0,1,0.036558991155210906,0.07029503583908081
11564,0,1,0.0559731311244597,0.05445694178342819
11565,0,1,0.041736809105611644,0.07775217294692993
11566,1,1,0.06790259147300257,0.032020702958106995
11567,1,1,0.07348482013490765,0.0675288736820221
11568,0,0,0.08738658684969308,0.09146508574485779
11569,0,1,0.08712366260827067,0.09946450591087341
11570,0,1,0.048276748008645884,0.04358736798167229
11571,0,0,0.027616837410226018,0.02929203398525715
11572,0,0,0.04337324808205362,0.07277539372444153
11573,0,1,0.07049906293376307,0.1383117437362671
11574,0,1,0.04350257860972387,0.1056472510099411
11575,0,1,0.06815588875592038,0.03616452217102051
11576,0,1,0.0639268499709667,0.049483880400657654
11577,0,0,0.06145075414774377,0.09609268605709076
11578,0,1,0.040371565254123276,0.0224900022149086
11579,0,0,0.09521618581982624,0.13090385496616364
11580,0,1,0.05597146148122373,0.03491467982530594
11581,1,1,0.10189056634046109,0.08482018113136292
11582,0,0,0.0444425129635167,0.04212261736392975
11583,0,0,0.08937805423051123,0.1093360036611557
11584,0,1,0.04685152652428755,0.04681737720966339
11585,0,1,0.027049391148851888,0.028536945581436157
11586,1,1,0.07064263395093764,0.048576027154922485
11587,0,1,0.03850539618104865,0.04910873621702194
11588,0,1,0.05637469302697168,0.040061742067337036
11589,0,0,0.09303980974610765,0.06149045377969742
11590,0,1,0.06402789915306908,0.044367820024490356
11591,0,1,0.07673144155844766,0.03612585365772247
11592,0,0,0.06579652329797338,0.03185325115919113
11593,0,1,0.06802844415064936,0.03821611404418945
11594,0,0,0.06776342647964334,0.10155444592237473
11595,0,1,0.0552656429800155,0.06288526207208633
11596,0,1,0.0676850835404861,0.08794017881155014
11597,1,1,0.0747957225588122,0.011142075061798096
11598,0,0,0.0355571518965071,0.04515593498945236
11599,0,0,0.04449669137679432,0.036327991634607315
11600,0,0,0.040261283597939054,0.02449437975883484
11601,0,1,0.03673235270522293,0.045507267117500305
11602,0,0,0.05848889307335857,0.06319078058004379
11603,0,1,0.03321641539723849,0.03762539476156235
11604,0,1,0.06725451503575854,0.03016217052936554
11605,0,1,0.053980355666474494,0.08855871111154556
11606,0,1,0.030254995425671262,0.020377978682518005
11607,0,0,0.026284403272056923,0.04394673556089401
11608,0,1,0.06884702213729696,0.04853955656290054
11609,0,1,0.05144095195585244,0.043826356530189514
11610,0,1,0.039547922276003164,0.08437500149011612
11611,0,1,0.050767564209098934,0.009629108011722565
11612,0,1,0.04801539831918872,0.06289535760879517
11613,0,1,0.03971591432312982,0.11726697534322739
11614,0,1,0.055805317242541425,0.06095793843269348
11615,1,1,0.05051008178057506,0.04450477659702301
11616,0,0,0.03963157366267396,0.08307714760303497
11617,0,0,0.04808266690763749,0.054600201547145844
11618,1,0,0.03816900145665236,0.08979503810405731
11619,0,0,0.08037598874255844,0.027538076043128967
11620,1,0,0.09982653166401609,0.03131815791130066
11621,1,0,0.05666489451132263,0.12135404348373413
11622,0,1,0.05340673689078346,0.04542780667543411
11623,0,0,0.047280365119389725,0.0679074376821518
11624,0,1,0.04082936591425643,0.05171598866581917
11625,0,1,0.07310465215718251,-0.0025210678577423096
11626,0,1,0.07228408471236208,0.011498361825942993
11627,0,1,0.05909222042577858,0.0522637814283371
11628,0,1,0.05011137760817358,0.07247207313776016
11629,0,1,0.039796978507159145,0.04679185152053833
11630,0,0,0.03115536701471991,0.040330670773983
11631,0,1,0.06646949193071738,0.09169376641511917
11632,0,0,0.04480024241026419,0.0174826979637146
11633,0,1,0.07393939512841793,0.05875188112258911
11634,0,1,0.05103108630359675,0.021707996726036072
11635,0,1,0.037940291708039864,0.03586259484291077
11636,0,1,0.04455488244317711,0.14652858674526215
11637,0,1,0.03296452096213004,0.02327173948287964
11638,0,1,0.047818263113354256,0.06545202434062958
11639,0,1,0.05017235069973906,0.02384091168642044
11640,0,1,0.047219172910219154,0.07891526073217392
11641,0,0,0.07880817623275241,0.13584862649440765
11642,0,0,0.037785169131616426,0.04790223017334938
11643,0,1,0.044748526755783447,0.030778206884860992
11644,0,0,0.06365114269431262,0.06541049480438232
11645,0,0,0.050794710462758755,0.017395518720149994
11646,1,1,0.04016478256779467,0.05917462334036827
11647,0,1,0.07239540632049879,0.05146098881959915
11648,1,1,0.05513838647038084,0.023888103663921356
11649,0,1,0.05217933610026984,0.10979776084423065
11650,0,1,0.04771213614296603,0.030597195029258728
11651,0,1,0.08324241816785541,0.06074202060699463
11652,0,1,0.07152374219377156,0.042065441608428955
11653,0,0,0.03332316647883791,0.05385085567831993
11654,0,1,0.08832272399141353,0.1177368015050888
11655,1,1,0.040575377642462745,0.10615638643503189
11656,0,1,0.040183546467365175,0.0523533932864666
11657,0,1,0.07465972043275057,0.06096046417951584
11658,1,1,0.06386295150549756,0.06605587899684906
11659,1,1,0.031139003280694348,0.054943714290857315
11660,0,1,0.07358042362178727,0.032759398221969604
11661,1,0,0.0765433102775821,0.007949143648147583
11662,0,1,0.05591103405928864,0.050161704421043396
11663,0,1,0.04125621866231856,0.07232506573200226
11664,0,1,0.04392086415358344,0.09131324291229248
11665,1,1,0.06336829941050895,0.07596559822559357
11666,1,1,0.07405493761782181,0.09899026155471802
11667,0,1,0.0701584224813651,0.040266185998916626
11668,0,0,0.05391981989803478,0.0860481858253479
11669,0,1,0.10188980415844887,0.08482018113136292
11670,0,1,0.064696464173869,0.030291847884655
11671,0,0,0.06115572246664698,0.07002575695514679
11672,1,0,0.06288381236276533,0.058341190218925476
11673,0,1,0.060695365549492175,0.05987890064716339
11674,1,1,0.06007123771742591,0.08468689024448395
11675,0,1,0.10753439400226605,0.11677294969558716
11676,0,1,0.04735641957402721,0.025029011070728302
11677,0,1,0.04741278552971963,0.0168340802192688
11678,0,1,0.05133933799842505,0.01759013533592224
11679,0,0,0.06871527455381125,0.08359979093074799
11680,0,1,0.03661530008119787,0.044652242213487625
11681,0,0,0.03111338011695252,0.05852208286523819
11682,0,0,0.06291970280752571,0.08235328644514084
11683,0,1,0.05403932054816317,0.07968500256538391
11684,0,0,0.049846001446460966,0.004230126738548279
11685,0,1,0.05419634037056553,0.03596983104944229
11686,0,1,0.043624397329199135,0.03029649704694748
11687,0,1,0.027080901420007533,0.02291642501950264
11688,1,0,0.033280319229366404,0.020658787339925766
11689,1,0,0.11622896769114899,-0.17867979407310486
11690,0,1,0.1020940933470138,0.0059689730405807495
11691,0,1,0.03462209327656323,0.03389887139201164
11692,0,0,0.07122383513424357,0.06836879253387451
11693,0,1,0.05184034820190557,0.08831407129764557
11694,0,0,0.06891052791762084,0.09937400370836258
11695,0,1,0.05824112907778342,0.022602662444114685
11696,0,1,0.05859863212813479,-0.023085802793502808
11697,0,0,0.059775303678950675,0.04608394205570221
11698,0,0,0.07744020834311119,0.03859701752662659
11699,0,0,0.024018375590106514,0.03114737570285797
11700,0,0,0.031291822882239764,0.02329644374549389
11701,0,1,0.053631674821684586,-0.013624779880046844
11702,0,0,0.06537299718214715,0.012985378503799438
11703,0,0,0.06645507845443384,0.08119864761829376
11704,0,1,0.05356026986022723,0.033693887293338776
11705,0,0,0.07092206732885589,0.04400257766246796
11706,0,1,0.040882677678132445,0.03403931483626366
11707,0,0,0.07757019591769423,0.08971016108989716
11708,0,1,0.04880276198357583,0.036394037306308746
11709,0,0,0.07231980520594122,0.11468759179115295
11710,1,1,0.1049741359665117,0.14954595267772675
11711,0,1,0.053604757344686796,0.017205387353897095
11712,0,0,0.04743316149878958,0.08492725342512131
11713,1,1,0.06391608113405126,0.03794242441654205
11714,0,0,0.0682615913036882,0.06148196756839752
11715,0,1,0.027060177178836534,0.029947247356176376
11716,0,1,0.050843883023886524,0.09475450962781906
11717,0,0,0.0798057064176455,0.07121019810438156
11718,0,0,0.056361427505277645,0.037776507437229156
11719,0,1,0.08804399719511405,0.043665990233421326
11720,0,1,0.0566017350633424,0.0204194113612175
11721,0,1,0.06616498280202755,0.07298573851585388
11722,0,0,0.05244896397535001,0.05817852169275284
11723,0,0,0.05189610112475135,0.012456625699996948
11724,0,1,0.08641785983483691,0.05793902277946472
11725,0,0,0.05240660209870372,0.006568983197212219
11726,1,1,0.05339374073129778,-0.001953989267349243
11727,0,0,0.11576561445581862,0.11792472004890442
11728,0,0,0.06084494843277591,0.06202485412359238
11729,0,1,0.02701845338877045,0.03180954232811928
11730,1,1,0.10022616753242769,0.12864311039447784
11731,0,1,0.043940548832603996,0.0931568294763565
11732,0,1,0.0425214389409391,0.04948019981384277
11733,1,1,0.07729447573049392,0.0644637867808342
11734,1,1,0.06906279842171043,0.03880736231803894
11735,1,0,0.08767507148673206,0.13825461268424988
11736,0,0,0.11182407051248153,0.055554091930389404
11737,0,1,0.0674718188467168,0.038610950112342834
11738,0,1,0.05802996078447134,0.08459272235631943
11739,0,1,0.04952690003064668,0.0654783844947815
11740,0,1,0.0687696274096239,0.08251439779996872
11741,0,0,0.05725907300475078,0.02060261368751526
11742,0,1,0.025750438836533364,0.02089548110961914
11743,1,1,0.05569684682470785,0.08704574406147003
11744,0,0,0.10488764664272618,0.11173053085803986
11745,0,0,0.05773302442988998,0.07293137162923813
11746,1,1,0.06372308219512614,0.048699021339416504
11747,1,1,0.05935642676523785,0.08189818263053894
11748,0,1,0.04288153709076087,0.029477417469024658
11749,1,0,0.09579493651169355,0.10335278511047363
11750,0,0,0.07983930040183074,0.06612105667591095
11751,0,1,0.08226655366726657,0.03349107503890991
11752,1,1,0.05177474308490808,0.09199324995279312
11753,1,1,0.052722972295598095,0.09192691743373871
11754,0,1,0.04661357899691061,0.07042095810174942
11755,0,0,0.05206597766607941,0.06596534699201584
11756,0,0,0.05369818551391549,0.025555074214935303
11757,0,0,0.04624422478397998,0.014312341809272766
11758,0,0,0.04602164337811228,-0.022036775946617126
11759,0,1,0.05481680968580435,0.06858690828084946
11760,0,1,0.03761935861619765,0.059214383363723755
11761,0,1,0.04012750562660544,0.03922722116112709
11762,0,1,0.08929728654833885,0.11058367788791656
11763,0,0,0.047111455811949254,0.05508536845445633
11764,0,1,0.07342428984037527,0.07691808044910431
11765,0,0,0.06621458777698729,0.03589963912963867
11766,0,1,0.04622335265603773,0.04380501061677933
11767,0,0,0.04049143747157902,0.08377818763256073
11768,0,1,0.09322620545916008,0.12140323221683502
11769,0,1,0.050767564209098934,0.009629108011722565
11770,1,1,0.0421980008636743,0.02719675749540329
11771,0,0,0.0706265230105014,0.07634476572275162
11772,0,1,0.08851128614051493,0.022444188594818115
11773,0,1,0.08039178723154311,0.039639487862586975
11774,1,1,0.07046010680173384,-0.007923483848571777
11775,0,1,0.03628570082872346,0.04019807651638985
11776,0,0,0.060445434537614584,0.0816519632935524
11777,0,1,0.03593122853255745,0.06069932132959366
11778,0,1,0.05857861273511003,0.050202347338199615
11779,0,0,0.06315770802435358,0.057328127324581146
11780,0,1,0.08107714130473179,0.06683433055877686
11781,0,0,0.08472999115673718,0.06738144159317017
11782,0,0,0.07495520991330665,0.07682930678129196
11783,1,1,0.06002297266833076,0.02266491949558258
11784,1,1,0.07933732252116316,0.04506538808345795
11785,0,1,0.03886503797692677,0.08074001222848892
11786,0,0,0.08099180300806674,0.07204686105251312
11787,0,0,0.04365875710350543,0.034750133752822876
11788,0,1,0.0436084189793072,0.03621821850538254
11789,1,0,0.059437408976871414,0.06940683722496033
11790,1,1,0.04640398848629891,0.06525003910064697
11791,0,1,0.033888036538416204,0.05108600854873657
11792,0,0,0.0850447091742837,0.027537867426872253
11793,0,0,0.03714109815563305,0.06110147759318352
11794,0,1,0.052748523786211476,0.10340653359889984
11795,0,1,0.061738025219883766,0.017175443470478058
11796,1,1,0.05802996078447134,0.08459272235631943
11797,0,1,0.08995881751172063,0.09661048650741577
11798,0,1,0.07780114392512738,0.06178904324769974
11799,0,1,0.03462209327656323,0.03389887139201164
11800,0,1,0.08019272771844463,0.023489922285079956
11801,1,1,0.060445434537614584,0.0816519632935524
11802,0,0,0.09092473084560865,0.08298380672931671
11803,1,1,0.09315409939077635,0.11701522767543793
11804,0,1,0.04343352618686436,0.08455423265695572
11805,0,1,0.058058145283346824,0.09318368881940842
11806,0,1,0.03328337731473923,0.059698283672332764
11807,1,1,0.03457060078902394,0.029621850699186325
11808,1,1,0.09693410847000913,-0.02412821352481842
11809,0,1,0.0604612599571952,0.05655602365732193
11810,1,0,0.05768166011664631,0.07938877493143082
11811,0,1,0.11153517853628797,0.08482147753238678
11812,0,1,0.03397458949331022,0.024532053619623184
11813,1,0,0.0501737046701656,0.02384091168642044
11814,0,1,0.039593814364694294,0.021632637828588486
11815,0,1,0.043500788146028035,-0.0608682781457901
11816,0,1,0.05880836279468239,0.12304619699716568
11817,0,0,0.028967673019938828,0.03265124931931496
11818,1,1,0.031934413656453775,0.028801091015338898
11819,0,1,0.04432478057263753,0.028325900435447693
11820,0,1,0.0469338475712657,0.06088581681251526
11821,0,1,0.03990869339122664,0.056609250605106354
11822,0,1,0.0444654621342756,0.042887698858976364
11823,0,1,0.05596466968374687,0.0782671719789505
11824,0,0,0.03556945309374557,0.03236600384116173
11825,0,0,0.04565394962582402,0.044309671968221664
11826,0,1,0.02967192682746888,0.05200204625725746
11827,0,1,0.04264682972041371,0.08365511894226074
11828,0,1,0.09302769147985282,0.12453017383813858
11829,0,0,0.07647031810468885,0.028107047080993652
11830,0,1,0.044114383712612754,0.0569806769490242
11831,0,1,0.051939251464773975,0.03584834933280945
11832,0,0,0.1046108707939723,0.04829259216785431
11833,0,0,0.0870108238961016,0.11319521069526672
11834,0,0,0.07457963832804074,0.048983827233314514
11835,0,1,0.043588620587691765,0.047757141292095184
11836,0,1,0.04094502577526683,0.04876207560300827
11837,0,1,0.05754470393225762,0.06141020357608795
11838,0,1,0.06909545467210869,0.10473743826150894
11839,0,0,0.07582204545019894,0.1028442233800888
11840,0,1,0.03605646447849609,0.1386898159980774
11841,0,1,0.05331592562605847,0.09193474054336548
11842,0,1,0.044658058454210864,0.03941957652568817
11843,0,0,0.03435438411760781,0.030668102204799652
11844,0,1,0.04834879127189781,0.06898169964551926
11845,1,1,0.0832055997884848,0.0889207050204277
11846,0,1,0.05939601786940331,0.07102005928754807
11847,0,0,0.03552779387781139,0.03346053510904312
11848,0,1,0.08575007118269184,0.10436950623989105
11849,0,1,0.05662740053871025,0.03681980073451996
11850,0,1,0.07062766338154786,0.07634476572275162
11851,0,0,0.08360078794283915,0.10051785409450531
11852,0,1,0.04400074318310801,0.07979189604520798
11853,0,1,0.11108817863664153,0.09154699742794037
11854,0,1,0.04248881385167079,0.03722241520881653
11855,0,1,0.02897448418571299,0.038324132561683655
11856,1,1,0.08854871272461262,0.08989807963371277
11857,0,0,0.0883423229672699,0.08605699241161346
11858,1,1,0.08066201955487329,0.049299389123916626
11859,0,1,0.030268544011167367,0.05901056528091431
11860,0,1,0.06702274620040409,0.08251264691352844
11861,0,1,0.10960679997005893,0.10689456760883331
11862,0,1,0.04386660664352636,0.04450003057718277
11863,0,0,0.042827459244487526,0.03542087599635124
11864,0,1,0.10181521540263369,0.11610113084316254
11865,0,0,0.0622322293381181,0.0494912713766098
11866,0,1,0.06713556760023597,0.035837575793266296
11867,0,1,0.07635795235564652,0.061551064252853394
11868,0,1,0.0660227727035324,0.044496968388557434
11869,0,1,0.03266682504186733,0.05679105222225189
11870,1,1,0.06910391045462377,0.04037146270275116
11871,0,1,0.034938887469406425,0.0625985711812973
11872,0,0,0.06766724695065615,0.040049269795417786
11873,1,0,0.07766868918696326,0.07785890996456146
11874,0,1,0.05089055386751469,0.09690622985363007
11875,0,1,0.06930878803837628,0.04910692572593689
11876,0,1,0.09223820691989959,0.1157912164926529
11877,0,1,0.08338167059100546,-0.008296564221382141
11878,0,1,0.07999258861362221,0.06292401254177094
11879,1,1,0.042746484494288,0.047481365501880646
11880,1,1,0.061949577473252276,0.09499799460172653
11881,0,1,0.03940863323756314,0.05026242509484291
11882,1,1,0.02894104885047257,0.042307935655117035
11883,0,1,0.07086148585134641,0.048978328704833984
11884,0,1,0.04797529633351692,0.0444490909576416
11885,1,1,0.05899990501265831,0.1357513964176178
11886,0,1,0.0448630319692814,0.058525413274765015
11887,0,0,0.06421489711023605,0.050247922539711
11888,0,0,0.032628143440091545,0.05348723754286766
11889,0,0,0.07093228350681233,0.0677495002746582
11890,0,1,0.08591447097453273,0.02905316650867462
11891,0,1,0.04965261427628345,0.04409978538751602
11892,0,1,0.0648635052050829,0.04046951234340668
11893,0,1,0.056407825597817096,0.060790129005908966
11894,0,1,0.04138849458490744,0.018488183617591858
11895,0,1,0.03867040453270811,0.06917879730463028
11896,1,1,0.09909823806944323,0.11566029489040375
11897,1,1,0.07036453779734185,0.06739474087953568
11898,0,1,0.07606051250182169,0.055781856179237366
11899,0,1,0.08363610240201458,0.04618288576602936
11900,0,1,0.04866046169862519,0.07884147763252258
11901,0,1,0.04075337909453762,0.08588428050279617
11902,0,1,0.027616837410226018,0.02929203398525715
11903,1,1,0.05882557305615144,0.03011579066514969
11904,0,0,0.046243116166776205,0.029057860374450684
11905,0,0,0.03545796392474679,0.041970204561948776
11906,0,1,0.06398178841340116,0.09383958578109741
11907,0,0,0.031934413656453775,0.028801091015338898
11908,0,1,0.04648356237227738,0.04359053820371628
11909,0,1,0.08665651365510513,0.12181505560874939
11910,0,0,0.05309974821934402,0.05946207791566849
11911,0,1,0.03128562559400455,0.0497681125998497
11912,0,1,0.05540609643817265,0.23519238829612732
11913,0,0,0.05500815835691886,0.016121745109558105
11914,0,1,0.03989324237958941,0.0614694207906723
11915,0,0,0.04032440512907731,0.0191277414560318
11916,0,0,0.03508698308381796,0.02595651149749756
11917,0,1,0.03372293670354467,0.03356858342885971
11918,1,1,0.11035899560661266,0.09770427644252777
11919,0,1,0.06716919679633218,0.037371084094047546
11920,0,1,0.09135113351530474,0.12684060633182526
11921,0,0,0.0420530169117703,0.02552935481071472
11922,0,1,0.056682352322570934,0.010402821004390717
11923,0,1,0.10788560356679452,0.10325048863887787
11924,0,0,0.04843676046543653,0.05850759148597717
11925,0,1,0.08572983340649881,0.08000510931015015
11926,0,0,0.0532866931208843,0.02184433490037918
11927,0,1,0.06076142426203973,0.02078791707754135
11928,0,1,0.038838886178904845,0.06862282752990723
11929,0,0,0.05095625450641014,0.1236124187707901
11930,0,1,0.0667919043604452,0.022871509194374084
11931,0,1,0.03628934265907922,0.03890080377459526
11932,0,1,0.06472360429084247,0.03563565015792847
11933,0,1,0.07733095869015269,0.06180889904499054
11934,0,1,0.059594947941673956,0.05308682471513748
11935,0,1,0.04571125967112699,0.04316359758377075
11936,1,1,0.10652261767950905,0.11330689489841461
11937,1,1,0.08802660459203995,0.02092719078063965
11938,0,1,0.08024684173794103,0.012072399258613586
11939,0,1,0.0854499160108658,0.033000826835632324
11940,1,1,0.06790235645213244,0.06808371096849442
11941,0,0,0.03673190863755825,0.045507267117500305
11942,0,1,0.07918810246616295,0.041212111711502075
11943,0,1,0.07227757906567878,0.08705423772335052
11944,0,1,0.06912603500307102,0.04806244373321533
11945,0,1,0.0476204631574704,0.049565285444259644
11946,0,1,0.040882677678132445,0.03403931483626366
11947,0,0,0.03483938231741682,0.0442817285656929
11948,0,1,0.049570994692514914,0.07249507308006287
11949,0,1,0.05129404046974849,0.010542497038841248
11950,0,1,0.055011915475065995,0.07406032085418701
11951,0,1,0.05457750582088018,0.0379105880856514
11952,0,1,0.05444387952031833,0.07933630049228668
11953,1,1,0.08318450613542966,0.07820289582014084
11954,0,0,0.08154193748343452,0.12909986078739166
11955,0,1,0.027066132223276515,0.026734881103038788
11956,0,1,0.04125621866231856,0.07232506573200226
11957,0,1,0.024033546036885255,0.047860659658908844
11958,0,1,0.058783424112243826,0.05463774502277374
11959,0,1,0.08522757663358504,0.0538240522146225
11960,0,1,0.06838573924404014,0.02530677616596222
11961,0,1,0.05457750582088018,0.0379105880856514
11962,0,1,0.03710267792686599,0.07627859711647034
11963,1,0,0.048073713922020506,0.06739336997270584
11964,0,0,0.0451715881397568,0.08553847670555115
11965,0,1,0.03708388709900024,0.12255369126796722
11966,1,0,0.07317499763399946,0.031045615673065186
11967,0,1,0.07539452692296914,0.05360780656337738
11968,0,0,0.03177895705792848,0.057178251445293427
11969,1,0,0.05084494416638172,0.06546386331319809
11970,0,0,0.07253284862270962,0.1404007077217102
11971,0,1,0.05765606870657097,0.05814404785633087
11972,0,0,0.045563590736030335,0.053179897367954254
11973,0,0,0.06476635559774166,0.08353067934513092
11974,0,1,0.06756252881091578,0.04452383518218994
11975,0,1,0.04858869441989007,0.03896459937095642
11976,0,1,0.07378077279014583,0.1180676594376564
11977,0,1,0.05451860244813203,0.026828475296497345
11978,0,1,0.0791722137361035,0.041882798075675964
11979,0,0,0.06433941188889053,0.09142673015594482
11980,0,1,0.05654261370085785,0.022213473916053772
11981,0,0,0.08115359349009837,0.048132702708244324
11982,0,0,0.05910760847766412,0.0682707354426384
11983,1,0,0.08026123360557566,0.060193613171577454
11984,0,0,0.04779508760430824,0.02529536932706833
11985,0,1,0.03593940573199114,0.058153919875621796
11986,0,0,0.02578624733921609,0.022297503426671028
11987,0,0,0.04081454441276787,0.029528655111789703
11988,0,0,0.07685272656266243,0.03959362208843231
11989,0,1,0.04719572002012394,0.05134371668100357
11990,0,0,0.07837796844431111,0.046858057379722595
11991,0,1,0.05242151448423045,0.0019505247473716736
11992,0,1,0.0354137016284237,0.03863184154033661
11993,0,1,0.027559501254579025,0.04511145129799843
11994,0,0,0.07779031824148946,0.03667744994163513
11995,1,1,0.04962623265954355,0.0767623633146286
11996,0,0,0.04113387195748082,0.05053701251745224
11997,0,1,0.05845781600158721,0.007504373788833618
11998,1,1,0.06565679852638673,0.0632668286561966
11999,0,0,0.0972386984699711,0.10076466202735901
12000,0,1,0.05238192383544488,0.05325356125831604
12001,0,1,0.03177895705792848,0.057178251445293427
12002,1,0,0.1071910300686206,0.03412434458732605
12003,0,1,0.05563178831972243,0.030926525592803955
12004,0,1,0.07133424657218537,-0.0002778768539428711
12005,0,1,0.055705337309814806,0.09892161190509796
12006,0,0,0.04125621866231856,0.07232506573200226
12007,1,0,0.049846001446460966,0.004230126738548279
12008,0,1,0.05506597624348368,0.08284774422645569
12009,0,0,0.060445434537614584,0.0816519632935524
12010,0,1,0.04917061583609725,0.04453746974468231
12011,0,0,0.09209700123086254,0.02382296323776245
12012,0,0,0.08776592868082986,0.11721818149089813
12013,0,1,0.06420428672445548,0.04373510181903839
12014,0,1,0.07103107935417591,0.011058241128921509
12015,0,0,0.04225219050370803,0.037285275757312775
12016,1,1,0.08146568026951484,0.10034054517745972
12017,1,1,0.07257024694234279,0.04367847740650177
12018,1,1,0.05567382197615091,0.12887001037597656
12019,0,0,0.03118864888992999,0.06163793057203293
12020,0,1,0.06775359451789661,0.03742268681526184
12021,0,0,0.04360277907448473,0.04311639815568924
12022,0,1,0.10096050935156159,0.1127660870552063
12023,0,1,0.07256022525877656,0.03506769239902496
12024,1,1,0.07201279835148192,0.06603962182998657
12025,0,1,0.11116416427808751,0.0328809916973114
12026,0,1,0.06513074286696198,0.08608944714069366
12027,0,1,0.03080932518908054,0.04481268301606178
12028,0,0,0.06787885084936186,0.03282272815704346
12029,0,1,0.03797032067720745,0.02757832035422325
12030,1,1,0.06663181832542005,0.083952397108078
12031,0,1,0.050973535891502206,0.016996905207633972
12032,0,1,0.040123306206360385,0.0662507563829422
12033,0,1,0.03675894771133359,0.0435185432434082
12034,0,1,0.04743300475522874,0.07137048244476318
12035,0,1,0.05873497395952536,0.0806630402803421
12036,1,1,0.0728310279047871,0.15465645492076874
12037,0,1,0.03962686897924428,0.08685740828514099
12038,0,0,0.08480929411769508,0.09277236461639404
12039,0,0,0.04129019223078553,0.0681922435760498
12040,0,1,0.09052939199698742,0.07326054573059082
12041,0,1,0.0367591413934739,0.0435185432434082
12042,0,1,0.056602587139728114,0.0404791533946991
12043,0,0,0.0436393364241061,0.04454054683446884
12044,1,1,0.04167891356806824,0.0235883891582489
12045,0,0,0.06652099729672374,0.07279424369335175
12046,0,1,0.08202123171973003,0.03972285985946655
12047,0,1,0.095533272731564,-0.01743212342262268
12048,0,0,0.0462713636027426,0.021941237151622772
12049,0,1,0.05275898513746777,0.08578576892614365
12050,0,0,0.03628934265907922,0.03890080377459526
12051,0,0,0.041252750856055134,0.05052385851740837
12052,0,0,0.043499655389392614,0.08885933458805084
12053,0,0,0.03654400792132956,0.018458086997270584
12054,0,1,0.062485605239882794,0.022130087018013
12055,0,1,0.070600049271889,0.039517298340797424
12056,0,1,0.08144458931241025,0.09926187992095947
12057,0,1,0.036068441625415414,0.043372392654418945
12058,0,1,0.03455149690316447,0.036619145423173904
12059,0,1,0.05941163228215403,0.04325145483016968
12060,0,1,0.04633122958472326,0.021312467753887177
12061,0,1,0.049184066718945096,0.05970996618270874
12062,0,0,0.08499549138412002,0.09175160527229309
12063,0,0,0.039865759498380005,0.049410708248615265
12064,1,1,0.033890083697322264,0.045845694839954376
12065,0,1,0.09421986159736476,0.09018127620220184
12066,0,1,0.10980856159572594,0.03245285153388977
12067,0,1,0.07225616892749093,0.058974385261535645
12068,0,1,0.08152426950246566,0.16150760650634766
12069,0,1,0.04960582250358048,0.08975653350353241
12070,0,0,0.06572270573057924,0.06892603635787964
12071,0,1,0.06083449979362608,0.07669316232204437
12072,0,0,0.11276265736904972,0.07569405436515808
12073,0,1,0.0906477147684083,0.061545729637145996
12074,0,1,0.06359583398656271,0.052064813673496246
12075,0,0,0.08750557706940235,0.061959221959114075
12076,1,1,0.06313902455472599,0.05908835679292679
12077,0,0,0.07393521356430813,0.047213464975357056
12078,1,0,0.10499299181474864,0.10437364876270294
12079,0,1,0.07358042362178727,0.032759398221969604
12080,0,1,0.05304430454701961,0.0871838629245758
12081,0,1,0.04647963278857338,0.05199909210205078
12082,0,1,0.05231255510011776,0.05505853146314621
12083,0,0,0.06392504782581532,0.027985721826553345
12084,0,1,0.07069485451361984,0.14724591374397278
12085,0,0,0.09877501967389102,0.1069297343492508
12086,0,1,0.08751972995978549,0.11244890093803406
12087,0,1,0.027616837410226018,0.02929203398525715
12088,1,1,0.05457750582088018,0.0379105880856514
12089,0,0,0.026203559438701868,0.046537719666957855
12090,0,1,0.06767275470502931,0.03386864811182022
12091,0,0,0.04869067474990231,0.07202067226171494
12092,0,1,0.08500176113574615,0.047732651233673096
12093,0,0,0.08720777226815798,0.09475260972976685
12094,1,1,0.05940851836744146,0.08087954670190811
12095,0,0,0.051196076549677685,0.08035821467638016
12096,0,1,0.06642898424071753,0.09114101529121399
12097,0,1,0.07365583928256245,0.0591111034154892
12098,0,1,0.08633259302096002,0.057270348072052
12099,0,1,0.04454639937324047,0.07324114441871643
12100,0,1,0.06616261625459602,0.07298573851585388
12101,0,0,0.046008663352233276,0.07074829936027527
12102,0,0,0.07455289975451354,0.015421971678733826
12103,0,1,0.055445757255318154,0.030628010630607605
12104,0,1,0.05410986898560627,0.08159884810447693
12105,0,0,0.05054499499888951,0.07931967079639435
12106,0,1,0.061857388436792574,0.08669424802064896
12107,0,1,0.04745106597759606,0.07578034698963165
12108,1,1,0.07995244133797177,0.06630845367908478
12109,0,1,0.05275898513746777,0.08578576892614365
12110,0,0,0.038071844263577216,0.04675230383872986
12111,0,0,0.06594792924014055,0.05834367126226425
12112,0,1,0.04151641465539199,0.03719232231378555
12113,0,0,0.03836097180977456,0.08370217680931091
12114,0,1,0.04311624975582708,0.08923391252756119
12115,0,1,0.06113299650224385,0.07850553840398788
12116,0,1,0.034467840039467276,0.023040462285280228
12117,0,1,0.03957101354194012,0.030972979962825775
12118,0,0,0.062382754294312004,0.027879774570465088
12119,0,0,0.03056676473776246,0.06513360142707825
12120,0,0,0.05925232963573979,0.036210909485816956
12121,0,1,0.06161362588952732,0.059889115393161774
12122,0,0,0.09061389020692906,0.1293075978755951
12123,1,1,0.09578752562326015,0.0848129540681839
12124,0,1,0.06297387018507047,0.1097768247127533
12125,0,0,0.05567876690838776,0.06748387962579727
12126,0,0,0.065443250473799,0.07639332860708237
12127,0,0,0.06798571587907891,0.07429968565702438
12128,0,0,0.05624921539625592,0.06354794651269913
12129,0,1,0.05045184829775555,0.0900324285030365
12130,0,1,0.04805503312528145,0.060440510511398315
12131,0,1,0.04144810882128232,0.011090502142906189
12132,0,1,0.04148723364140888,0.08326603472232819
12133,0,0,0.08757335030968494,0.02799154818058014
12134,0,1,0.041453795759111914,0.078733891248703
12135,0,1,0.07325528370020074,0.04603022336959839
12136,0,1,0.04548397081694265,0.09566737711429596
12137,0,0,0.06626005318713046,0.15042227506637573
12138,0,1,0.050103635284987694,0.009540893137454987
12139,0,0,0.048310574016463645,0.024263329803943634
12140,0,1,0.03043557021077479,0.02884254790842533
12141,0,0,0.07289227793365843,0.058213040232658386
12142,0,0,0.043497719649228134,0.08716723322868347
12143,0,1,0.04148723364140888,0.08326603472232819
12144,1,0,0.06281117305490634,0.044242262840270996
12145,0,1,0.051325081501908704,0.03466670960187912
12146,0,0,0.044794877274931866,0.0174826979637146
12147,0,0,0.08605177479100362,0.0256422758102417
12148,0,0,0.058996504740169056,0.01775354892015457
12149,1,1,0.0854499160108658,0.033000826835632324
12150,0,1,0.03446306140372791,0.023040462285280228
12151,0,1,0.07608098053509962,0.1156884953379631
12152,0,1,0.06793523581680623,0.06528866291046143
12153,0,0,0.039898370379148174,0.056232791393995285
12154,0,1,0.05460996217123057,0.04949171096086502
12155,0,0,0.05632254025716869,0.04520764946937561
12156,0,0,0.0629234997501271,0.05277453362941742
12157,0,1,0.05189368489398223,0.10984665900468826
12158,1,1,0.05532460132957531,0.07086122035980225
12159,1,1,0.1040351094351197,0.0547337532043457
12160,0,1,0.08540111477347592,0.09482018649578094
12161,0,0,0.04956014953865459,0.0886366218328476
12162,0,1,0.07421753336607595,0.08108733594417572
12163,0,1,0.0764875243734554,0.10235291719436646
12164,0,0,0.03689303468144867,0.02949068695306778
12165,0,1,0.03985803159567729,0.08407843858003616
12166,1,1,0.07714012576680912,0.06761674582958221
12167,0,0,0.06943938111065821,0.03440311551094055
12168,0,0,0.07597108116877213,0.07824215292930603
12169,0,1,0.06178502284657099,0.08950768411159515
12170,0,1,0.03904820816053219,0.0313497893512249
12171,0,0,0.05628452806883884,0.07955656200647354
12172,0,1,0.08886953558987984,0.12280657887458801
12173,0,1,0.07827929141771317,0.08832307159900665
12174,0,0,0.06991696111095687,0.05575251579284668
12175,0,1,0.044227570172961764,0.02719496190547943
12176,0,1,0.05525515237751637,0.06441627442836761
12177,0,1,0.047692475573058876,0.03538047522306442
12178,0,1,0.03621594304457636,0.041137877851724625
12179,0,1,0.06285299062256669,0.04714807868003845
12180,0,1,0.051436778638189226,0.046623967587947845
12181,0,1,0.054576195395363916,0.03906145691871643
12182,0,0,0.06953429005912108,0.013159871101379395
12183,0,1,0.027049391148851888,0.028536945581436157
12184,0,1,0.11511952614831245,0.07708665728569031
12185,0,1,0.03836657104722114,0.11448521912097931
12186,0,1,0.0380646268138528,0.05147706717252731
12187,0,1,0.05977396614221457,0.047283001244068146
12188,0,0,0.03902211452669408,0.04682518169283867
12189,0,0,0.06692484669243509,-0.012767978012561798
12190,1,0,0.05737757643012624,0.03972373902797699
12191,0,1,0.07600777116959681,0.04832504689693451
12192,0,1,0.059775303678950675,0.04608394205570221
12193,0,1,0.027799446188443724,0.030460746958851814
12194,0,1,0.07762572484319114,0.027539774775505066
12195,0,1,0.08051234459473836,0.08222632110118866
12196,1,0,0.08312076938768151,0.19188711047172546
12197,0,1,0.044422330789687076,0.0479925200343132
12198,0,1,0.05846768411809028,0.06596211344003677
12199,0,1,0.03525191303498896,0.06961697340011597
12200,0,0,0.04804173044819493,0.06525256484746933
12201,0,1,0.05692522653114446,0.0783265233039856
12202,1,0,0.07492579096407362,0.13038988411426544
12203,0,1,0.040308862740365575,0.039474137127399445
12204,0,1,0.05846172842888582,0.008551642298698425
12205,1,1,0.03568160084112911,0.05816546082496643
12206,0,1,0.043668472864575536,0.03228320926427841
12207,0,1,0.05651015341942554,0.05892138183116913
12208,0,0,0.06264411111845435,0.09580953419208527
12209,1,0,0.07543288052654765,0.05047638714313507
12210,0,1,0.06002297266833076,0.02266491949558258
12211,0,1,0.03679211350346677,0.03941913694143295
12212,0,1,0.06393592329599901,0.087942935526371
12213,0,0,0.05049483330357041,0.08109700679779053
12214,0,0,0.04687457773400669,0.04707828164100647
12215,0,1,0.05043208347159733,0.024926260113716125
12216,0,1,0.04033935222551971,0.03239385038614273
12217,0,0,0.05521691583441142,0.09449273347854614
12218,0,0,0.06871331578821906,0.07920616865158081
12219,1,1,0.033428550156779126,0.04920874908566475
12220,0,1,0.08495788754850281,0.11177808046340942
12221,0,1,0.054772660202497436,0.06476780027151108
12222,0,0,0.07736750322272073,0.06500987708568573
12223,1,0,0.08616861662513586,0.07579933106899261
12224,0,1,0.1054329315769289,0.1052687019109726
12225,0,0,0.09929774664951685,0.09619125723838806
12226,0,0,0.056594821916035515,0.04338952898979187
12227,1,1,0.06293957582613444,0.03780246526002884
12228,0,1,0.054005161228219925,0.0871838629245758
12229,0,0,0.036581648944207,0.06307889521121979
12230,0,1,0.04979059343023243,0.02362951636314392
12231,1,1,0.08522567374251633,0.042770370841026306
12232,0,1,0.11433585990588602,0.04141983389854431
12233,0,0,0.030372480375946725,0.043331123888492584
12234,1,1,0.06883064304252427,0.048994868993759155
12235,0,0,0.07624185421171145,0.049428172409534454
12236,0,1,0.05426720404920722,0.026555374264717102
12237,0,1,0.06723586401109503,0.0897759273648262
12238,1,0,0.06538088531748147,0.07850758731365204
12239,0,1,0.06283379542704585,0.04457571357488632
12240,0,1,0.05176854772309851,0.0979129821062088
12241,0,1,0.06078259094558705,0.023446589708328247
12242,0,1,0.0390003093690163,0.04835253208875656
12243,0,0,0.06051425619977077,0.05333000421524048
12244,0,0,0.06294176415513754,0.05277453362941742
12245,0,1,0.03851613145253684,0.020055804401636124
12246,0,1,0.03981778600322654,0.08163011074066162
12247,0,1,0.05120946100715683,0.06585194170475006
12248,1,1,0.042829500830990186,0.03542087599635124
12249,1,1,0.04925840304130047,0.022469207644462585
12250,1,1,0.05971489023927874,0.07362128049135208
12251,0,1,0.05001408349962948,0.044632263481616974
12252,0,1,0.11426890774897225,0.038539305329322815
12253,0,1,0.08116762621966228,0.04954761266708374
12254,1,0,0.07113513359798007,0.04312984645366669
12255,0,1,0.06562205867196295,0.08999886363744736
12256,0,0,0.07510020657458397,0.06978941708803177
12257,1,1,0.025790478645693893,0.02910606563091278
12258,1,0,0.07329325969254452,0.10206292569637299
12259,0,1,0.04204873869836437,0.08634711802005768
12260,1,0,0.10109268484268782,0.09123219549655914
12261,0,1,0.050935235642140766,0.08417396247386932
12262,0,1,0.055500357086093355,0.013804420828819275
12263,0,1,0.06517324865285683,0.09080956876277924
12264,1,1,0.05637002125573286,-0.031116589903831482
12265,0,1,0.04979059343023243,0.02362951636314392
12266,0,1,0.04560313791291899,0.03134830296039581
12267,0,0,0.0717066171543054,0.07003384828567505
12268,0,0,0.032782169242981114,0.03982657194137573
12269,0,1,0.03792927656632598,0.04592692106962204
12270,0,1,0.04398589668863191,0.013672776520252228
12271,0,1,0.03606545983720515,0.016516856849193573
12272,0,1,0.058946752803468005,0.05146056413650513
12273,0,1,0.0337390277764037,0.03867170214653015
12274,1,1,0.07462179707281355,0.06494957208633423
12275,0,1,0.04631193206548957,0.13907122611999512
12276,0,0,0.07203815957364623,0.030333146452903748
12277,0,0,0.0459821089203033,0.04742412269115448
12278,1,0,0.0763919560863914,0.04861203581094742
12279,0,1,0.05457750582088018,0.0379105880856514
12280,0,0,0.058097147030990365,0.05101907253265381
12281,0,0,0.08417659054144294,0.08460752665996552
12282,0,1,0.04449669137679432,0.036327991634607315
12283,0,0,0.03177222671847705,0.05632586032152176
12284,0,1,0.04318041207422539,0.056415583938360214
12285,1,1,0.05121266936294193,0.07259245961904526
12286,0,1,0.04277310914674477,0.06962892413139343
12287,0,1,0.047093006339921514,0.035238511860370636
12288,0,1,0.0580917282946415,0.0787777304649353
12289,0,0,0.0355681410531231,0.04391683638095856
12290,0,1,0.10396047014693327,0.08659251034259796
12291,1,0,0.05512061044430601,0.0067216455936431885
12292,0,0,0.06291234286724551,0.10357445478439331
12293,0,1,0.06953429005912108,0.013159871101379395
12294,0,1,0.04615803731963411,0.05660132318735123
12295,0,1,0.038555161243740615,0.032090023159980774
12296,0,1,0.060439202079979396,0.07047876715660095
12297,1,1,0.05936431956227364,0.07476881146430969
12298,1,1,0.06427711849370021,0.004553630948066711
12299,0,1,0.06400308929714575,0.05483236163854599
12300,0,0,0.07488064356463017,0.027711600065231323
12301,0,0,0.06950541846802302,0.05510842800140381
12302,0,1,0.08542125586371974,0.0929376482963562
12303,1,0,0.041239026203843746,0.08044173568487167
12304,0,0,0.06967905295011725,0.04758024588227272
12305,0,1,0.031290206802823274,0.02538641169667244
12306,0,1,0.06269526198301983,-0.00938338041305542
12307,0,0,0.07465190580998077,0.059012070298194885
12308,0,1,0.06004583149295452,0.023091033101081848
12309,0,1,0.048233956802332126,0.022697098553180695
12310,0,1,0.04425416425432885,0.08444292098283768
12311,0,1,0.07568451100204723,0.04599502682685852
12312,0,1,0.0591129876355249,0.03834100067615509
12313,0,0,0.04867728996149612,0.07834527641534805
12314,0,1,0.07482606565004235,0.0023948103189468384
12315,0,1,0.028274670880892736,0.12668852508068085
12316,0,0,0.03610342777952961,0.03964740037918091
12317,0,1,0.024494281638026964,0.049665600061416626
12318,0,0,0.06106724772514752,0.050680555403232574
12319,0,1,0.05470510235402945,0.06435305625200272
12320,0,1,0.06359549344980255,0.07677629590034485
12321,0,1,0.07628471086725308,0.039738669991493225
12322,1,0,0.05907625183624707,0.048056140542030334
12323,0,0,0.04027580215954987,0.04320801421999931
12324,0,1,0.06182426508211135,0.08313901722431183
12325,0,0,0.08279688748573177,0.08790741115808487
12326,0,1,0.054000530392982665,0.09115736186504364
12327,0,1,0.06422986101214576,0.10222312062978745
12328,0,1,0.06121742663986503,0.06184657663106918
12329,0,0,0.05439511392315717,0.11177194118499756
12330,0,0,0.048624275767585864,-0.01031089574098587
12331,0,1,0.08114519242813437,0.07047586143016815
12332,0,1,0.07721524216959347,0.11900785565376282
12333,0,0,0.04864588758978826,0.03347969800233841
12334,0,1,0.06369653368703351,0.041070133447647095
12335,0,1,0.05433767605549912,0.03331439942121506
12336,0,1,0.04628446307842139,0.1395147442817688
12337,0,0,0.035536447667643516,0.03729939088225365
12338,0,1,0.05970866795565974,0.0950634554028511
12339,0,1,0.07472233725435876,0.02999366819858551
12340,1,1,0.06934757561234865,0.06379620730876923
12341,0,1,0.04744687923235846,0.06175479292869568
12342,0,1,0.08863667038951947,0.059006765484809875
12343,0,1,0.05592622658535798,0.031503044068813324
12344,0,1,0.04130045491793262,0.026890181005001068
12345,0,1,0.0429632818347255,0.047510549426078796
12346,1,1,0.11381098174084336,0.10830079019069672
12347,0,1,0.06844819186504804,0.04560607671737671
12348,0,1,0.036227043848757086,0.039720337837934494
12349,0,1,0.09059908403638678,0.04112325608730316
12350,0,0,0.025757210499300257,0.027214722707867622
12351,1,1,0.05665624815260166,0.026835307478904724
12352,0,0,0.03611659386685501,0.09401892870664597
12353,0,1,0.07673824128785753,0.03612585365772247
12354,1,1,0.04172858852728832,0.02967262640595436
12355,0,0,0.08749830705714196,0.08939436078071594
12356,0,0,0.03688891807001199,0.08896006643772125
12357,0,0,0.11488857457660279,0.08508113026618958
12358,1,1,0.06909987883633388,0.07467290759086609
12359,0,1,0.07741908994737673,0.10156230628490448
12360,0,1,0.044031952783604736,0.06163106486201286
12361,0,1,0.07636961746994719,0.05399872362613678
12362,0,1,0.07125251913527267,0.0799359530210495
12363,1,1,0.08854729572361214,0.01197919249534607
12364,0,0,0.056615187547013626,0.041164614260196686
12365,0,1,0.06803373606650635,0.026121772825717926
12366,0,1,0.10287589058154101,0.1187470406293869
12367,0,1,0.06462211609358752,0.02696402370929718
12368,0,1,0.0588944218837022,0.058177560567855835
12369,0,1,0.025746710880771746,0.024032972753047943
12370,1,1,0.05135124980471889,0.053935907781124115
12371,0,0,0.06351034289668038,0.0549488365650177
12372,0,0,0.06902422712500168,-0.052127406001091
12373,1,1,0.04270274506543677,0.040238432586193085
12374,0,0,0.0794922639116035,0.09551610052585602
12375,0,1,0.05753115733827416,0.05599725991487503
12376,0,0,0.06657500354131783,0.1108068972826004
12377,0,0,0.05176396069076096,0.09337863326072693
12378,0,0,0.05709051698428802,0.0473082959651947
12379,0,1,0.031426807943161564,0.018398262560367584
12380,0,1,0.028404951521976862,0.028759347274899483
12381,0,0,0.06317059699417302,0.01960686594247818
12382,0,1,0.07036588029638233,0.10555378347635269
12383,0,1,0.04962623265954355,0.0767623633146286
12384,0,1,0.02450653864296118,0.03276645392179489
12385,0,0,0.04714932820775157,0.05544939637184143
12386,0,1,0.08262439319588125,0.08809542655944824
12387,0,1,0.07113156149313071,0.04312984645366669
12388,0,1,0.05183245837902847,0.07701846212148666
12389,0,0,0.07509668692297622,0.10623447597026825
12390,0,1,0.06222873540508517,0.06001805514097214
12391,1,1,0.0448090879547237,0.017981000244617462
12392,0,0,0.07053307880328172,0.06923165917396545
12393,0,1,0.02702772875094645,0.03507714718580246
12394,0,1,0.0371366294877901,0.06234404817223549
12395,0,1,0.03703008695941874,0.07025886327028275
12396,0,0,0.07878088961242852,0.1078830137848854
12397,0,1,0.04372207534157106,0.04897463321685791
12398,1,1,0.08763864306675037,0.10618385672569275
12399,0,1,0.07058361554706552,0.07301817089319229
12400,0,0,0.071433917463015,0.03952263295650482
12401,0,0,0.03777179153594749,0.038963545113801956
12402,0,0,0.0701748083917504,0.014682233333587646
12403,0,0,0.04868498090511639,0.07784479856491089
12404,0,0,0.06383460858550784,0.05807371437549591
12405,0,1,0.024467718054594877,0.05181961879134178
12406,0,1,0.05176816911020361,0.09337863326072693
12407,1,1,0.06118484115175542,0.0479624941945076
12408,0,1,0.044324046154959496,0.08327922224998474
12409,0,1,0.03484413301435405,0.047829367220401764
12410,0,1,0.09339618115986092,0.1286102831363678
12411,0,0,0.05856531763646934,0.05352015793323517
12412,0,1,0.07022531843246163,0.03921665996313095
12413,0,1,0.07471861843861957,0.02236287295818329
12414,0,0,0.032616149780590326,0.07034023106098175
12415,0,0,0.028830460077899155,0.08156377077102661
12416,1,1,0.03326320354232631,0.0668087899684906
12417,0,1,0.03065480973021844,0.053950365632772446
12418,0,0,0.02880378615093876,0.1380152702331543
12419,0,1,0.04805280925995001,0.037734635174274445
12420,0,1,0.08752144812336654,0.08801764249801636
12421,1,1,0.07126518430447853,0.03662532567977905
12422,1,1,0.06652959507731156,0.05664736032485962
12423,0,0,0.032821044480486124,0.02375384233891964
12424,1,1,0.037607824270453456,0.049177512526512146
12425,0,1,0.08393739613829276,0.04732707142829895
12426,1,1,0.05576749149237141,0.04665772616863251
12427,0,1,0.028413419624307823,0.029945481568574905
12428,0,0,0.044023365854929844,0.057693030685186386
12429,0,1,0.03259918312587588,0.0681178867816925
12430,1,0,0.06437501417488459,0.04597768187522888
12431,0,1,0.06619733549008192,0.08131321519613266
12432,0,0,0.03041446948650655,0.035949159413576126
12433,0,1,0.08665736875737196,0.0030213743448257446
12434,0,1,0.09406623273615078,0.09427014738321304
12435,0,0,0.05666489451132263,0.12135404348373413
12436,0,1,0.05292378142593192,0.03977341204881668
12437,0,1,0.07238381737233965,0.11231982707977295
12438,0,1,0.02447533908635198,0.04398345947265625
12439,0,0,0.05186537206952034,0.09004786610603333
12440,0,0,0.0666965967357258,0.03580630570650101
12441,0,1,0.08638828054805808,0.008817493915557861
12442,0,1,0.06140218265069684,0.05334169417619705
12443,0,1,0.03572069642106005,0.03926801308989525
12444,0,1,0.03991608841013343,0.03668840229511261
12445,0,0,0.07443333131093272,0.07649832963943481
12446,0,0,0.06552817281990171,0.08838006854057312
12447,1,1,0.047197399365323134,0.0654408410191536
12448,1,0,0.0667919043604452,0.022871509194374084
12449,0,1,0.05725069039148127,0.042313314974308014
12450,0,1,0.0502701719131676,0.037904590368270874
12451,0,1,0.05424856860058801,0.023335859179496765
12452,0,0,0.07737870686452222,0.0746513158082962
12453,0,0,0.058388570657286365,0.0809456929564476
12454,0,0,0.10906004639292108,0.12157568335533142
12455,0,1,0.055137858181228516,0.02540282905101776
12456,0,0,0.10206948160872412,0.09267255663871765
12457,0,1,0.10428086637559539,0.0978533923625946
12458,0,1,0.05457750582088018,0.0379105880856514
12459,0,1,0.07922415812592234,0.0977538526058197
12460,0,1,0.07868651852024511,0.08748036623001099
12461,1,1,0.10396587589519862,0.11854580044746399
12462,0,0,0.05669014400202463,0.04110867530107498
12463,1,1,0.0820841705675282,0.0807613730430603
12464,0,1,0.054443130176085805,-0.0196772962808609
12465,0,1,0.056581616320863906,0.04144012928009033
12466,0,0,0.0329635414300262,0.02327173948287964
12467,0,1,0.061233470909728166,0.07031635195016861
12468,0,1,0.03963157366267396,0.08307714760303497
12469,0,0,0.03554834685399897,0.04180750995874405
12470,1,1,0.0717144381792569,0.09099659323692322
12471,1,1,0.054148551945997075,0.03635028004646301
12472,0,0,0.05412794918707968,0.045828770846128464
12473,0,1,0.04992274088940167,0.06714648753404617
12474,0,0,0.05172874262790304,0.10222619771957397
12475,0,1,0.06652959507731156,0.05664736032485962
12476,0,1,0.06612913154658887,0.07696942985057831
12477,1,1,0.12058478347102908,0.07172134518623352
12478,0,0,0.09699889988307786,0.08183862268924713
12479,0,1,0.04685558121306757,0.04707828164100647
12480,0,1,0.052961633327155214,0.026581265032291412
12481,0,1,0.06487192560899561,0.04024234414100647
12482,0,1,0.07133789606549548,0.08017440885305405
12483,1,0,0.11207581317855331,-0.015344679355621338
12484,0,1,0.08510978746038916,0.01771053671836853
12485,1,1,0.07977289912913246,0.06825631856918335
12486,0,0,0.03981757467805143,0.03724359720945358
12487,0,0,0.04164867684116466,0.08224908262491226
12488,0,0,0.04554779235987497,0.03323511779308319
12489,0,1,0.04538891233910007,0.05927420035004616
12490,0,0,0.03685381296919657,0.03015083447098732
12491,0,1,0.0845591715548932,-0.08373209834098816
12492,0,0,0.047694704489658415,-0.012851305305957794
12493,1,0,0.10369121030727554,0.12614108622074127
12494,1,1,0.12552928812724828,-0.04965895414352417
12495,0,1,0.07026819995229144,0.02651311457157135
12496,0,1,0.05349960018034572,0.05424625426530838
12497,0,1,0.0540276593913243,0.08349861204624176
12498,0,0,0.03489677250570791,0.06987626105546951
12499,0,0,0.061142747030825256,0.07068748027086258
12500,0,0,0.05590580061111276,0.04738546907901764
12501,0,0,0.037251369811146004,0.03518516197800636
12502,0,1,0.0362891509764304,0.03890080377459526
12503,0,1,0.06143395159030704,0.05333767831325531
12504,0,1,0.0262940832932392,0.035485006868839264
12505,0,0,0.05104559143509349,0.009781144559383392
12506,0,1,0.032693048626956,0.04642294719815254
12507,0,0,0.03561361426372424,0.030419953167438507
12508,0,1,0.05802996078447134,0.08459272235631943
12509,0,0,0.03608152898421614,0.02472745254635811
12510,0,1,0.07086234085152945,0.045204222202301025
12511,0,1,0.031139003280694348,0.054943714290857315
12512,0,0,0.03370261681886408,0.03356858342885971
12513,0,0,0.04144810882128232,0.011090502142906189
12514,0,0,0.0699989073206471,0.11085335910320282
12515,0,1,0.030841033116608206,0.03739257901906967
12516,0,1,0.0395450715555513,0.038651980459690094
12517,0,1,0.07359568251137771,0.041158340871334076
12518,1,1,0.046008663352233276,0.07074829936027527
12519,0,1,0.08468062066457929,0.08703016489744186
12520,0,1,0.06048531971150474,0.05200551450252533
12521,0,1,0.054944346657604795,0.06728298962116241
12522,0,1,0.028401130363222095,0.03265124559402466
12523,0,1,0.028932004589631494,0.049193862825632095
12524,0,1,0.02570147340378024,0.0364656038582325
12525,0,0,0.04340576931967101,0.08554317057132721
12526,0,1,0.08041468142054659,0.08000920712947845
12527,1,1,0.06551745007413141,0.10012929141521454
12528,1,1,0.06472763989314827,0.07656750082969666
12529,0,0,0.07176686379442485,0.048576027154922485
12530,0,1,0.05999194582060002,0.04798807203769684
12531,0,1,0.07898790783358325,0.04358799755573273
12532,0,1,0.06575931193318223,0.0363469272851944
12533,0,0,0.04224966044851157,0.011263914406299591
12534,0,0,0.04835236537269645,0.054801784455776215
12535,1,1,0.06682966168895159,0.08893898129463196
12536,0,0,0.041626895413977794,0.05355216562747955
12537,0,0,0.035261065768455786,0.07980513572692871
12538,0,1,0.0631725917437511,0.018634699285030365
12539,0,1,0.059992392710909406,0.038638636469841
12540,0,1,0.031740763618927435,0.052034489810466766
12541,0,1,0.05904645907592357,0.08888762444257736
12542,0,1,0.07395516206451652,0.11426276713609695
12543,0,1,0.03173151652924579,0.06154479831457138
12544,0,0,0.03559022245514097,0.04194984212517738
12545,0,0,0.08869703394087558,0.062354862689971924
12546,0,1,0.05076415569606618,0.07428349554538727
12547,0,0,0.07323908672878174,0.07909701764583588
12548,0,1,0.08885879788482337,0.1079319417476654
12549,0,1,0.05879538236358037,0.07739786803722382
12550,0,1,0.0527210357835077,0.09192691743373871
12551,0,0,0.03275500220860285,0.04902806505560875
12552,0,1,0.03883078330576467,0.08346466720104218
12553,0,0,0.0680366228852128,0.04923076182603836
12554,0,1,0.0714409175992892,0.03822307288646698
12555,0,0,0.027049391148851888,0.028536945581436157
12556,0,1,0.04743977980283168,0.020564712584018707
12557,0,1,0.06952033589314686,0.07723104953765869
12558,0,1,0.06816724303597385,0.10831937938928604
12559,0,1,0.057115352008291875,0.07532709836959839
12560,0,0,0.10138913539822811,0.04973593354225159
12561,1,0,0.09301582571255115,0.06709136068820953
12562,1,1,0.07434910365253819,0.07059170305728912
12563,0,1,0.06054254809664221,0.10642942041158676
12564,0,1,0.06474381108279782,0.0521649569272995
12565,0,1,0.053711334736059796,0.010772407054901123
12566,0,1,0.08267005281880666,0.04658830165863037
12567,0,1,0.08305239859392063,0.08806876838207245
12568,0,0,0.02571620499686876,0.028691409155726433
12569,0,1,0.05802996078447134,0.08459272235631943
12570,0,1,0.05220970967615707,0.005694061517715454
12571,0,0,0.10050617949641621,0.05083516240119934
12572,0,0,0.05903800161765381,0.07027232646942139
12573,0,1,0.06220550358526836,0.03328721225261688
12574,0,1,0.05859313607994428,0.04763437807559967
12575,0,0,0.06724876605525018,0.026936054229736328
12576,0,1,0.060445434537614584,0.0816519632935524
12577,0,1,0.033767647375067295,0.05287625640630722
12578,0,1,0.0949380812234423,0.032446593046188354
12579,0,1,0.03569766416464243,0.03525420278310776
12580,0,1,0.052547364570296975,0.05401192605495453
12581,0,1,0.06881136982058726,0.04204748570919037
12582,0,0,0.07516906344881721,0.0653940737247467
12583,0,0,0.09126719533888203,0.16079789400100708
12584,0,1,0.037279214161837916,0.0269106924533844
12585,0,1,0.10523691444177632,0.10048630833625793
12586,0,0,0.04541732874211496,0.1242160052061081
12587,0,1,0.07145886509281368,0.028447940945625305
12588,0,1,0.056331467756833994,-0.003814384341239929
12589,0,0,0.09111582576065438,0.03012564778327942
12590,0,0,0.06185594771611323,0.0644923597574234
12591,0,0,0.06903444529973929,0.07014594972133636
12592,0,1,0.027616837410226018,0.02929203398525715
12593,1,1,0.10005782191075785,0.08486124873161316
12594,0,1,0.08205532928563838,0.0807613730430603
12595,0,1,0.05898484727546392,0.05463148653507233
12596,0,1,0.03898373023878868,0.040062032639980316
12597,0,1,0.08557108970155586,0.1261337548494339
12598,0,1,0.08468161990255332,0.05777890980243683
12599,0,1,0.06480544241863848,0.04762162268161774
12600,0,0,0.05862642832681175,-0.023085802793502808
12601,1,1,0.07622778834666899,0.12684161961078644
12602,0,1,0.0537713063594608,0.04746110737323761
12603,0,1,0.045345868536415215,0.046145156025886536
12604,0,1,0.06644642261478041,0.024343490600585938
12605,0,1,0.031120350238115872,0.05852208286523819
12606,1,1,0.050853651921626816,0.09080568701028824
12607,0,1,0.029681852860893795,0.07291708141565323
12608,0,1,0.05487360106295219,0.04602982848882675
12609,0,0,0.07990507223924179,0.03481101989746094
12610,0,1,0.05626229484797822,0.06870193779468536
12611,0,1,0.028392084432941625,0.03747759014368057
12612,0,1,0.05685914364227139,0.0633154958486557
12613,0,1,0.056744102810435446,0.04986565560102463
12614,1,1,0.028264244365668045,0.07473040372133255
12615,0,0,0.05904698121500136,0.05451984703540802
12616,0,0,0.07619010003281404,0.05274425446987152
12617,0,0,0.027616837410226018,0.02929203398525715
12618,0,1,0.06554439306317042,0.0960620641708374
12619,1,1,0.05026385158977244,0.10947135090827942
12620,0,1,0.05260792929319437,0.050902970135211945
12621,1,1,0.027049391148851888,0.028536945581436157
12622,0,0,0.1109273184774893,0.1014474481344223
12623,0,1,0.0647142600504732,0.03277844190597534
12624,0,0,0.04565948104051623,0.04443461075425148
12625,0,1,0.03266187141560988,0.059676606208086014
12626,0,1,0.03640958346809137,0.05286440625786781
12627,0,0,0.06211318325038723,0.12543946504592896
12628,0,0,0.028853616981192508,0.08064987510442734
12629,0,0,0.07247918463439892,0.09270191937685013
12630,1,0,0.0855997421230689,-0.013368308544158936
12631,1,1,0.06569298336432733,0.03745199739933014
12632,1,1,0.07334354728912718,0.05415824055671692
12633,0,1,0.04727395604501805,0.07082085311412811
12634,0,1,0.047143896831716825,0.0657169297337532
12635,0,0,0.028453017669928943,0.03410019353032112
12636,0,0,0.08773530553067452,0.06532652676105499
12637,0,0,0.055646645427706115,0.15263716876506805
12638,0,1,0.040303208446665156,0.05432768538594246
12639,1,0,0.09344517295578234,0.10278777778148651
12640,0,1,0.10374926275249169,0.09317238628864288
12641,0,0,0.03726235687093213,0.036274176090955734
12642,0,0,0.06514099634662407,0.08684702962636948
12643,0,1,0.06512028753087779,0.08973564952611923
12644,0,1,0.04365409346462923,0.04734203219413757
12645,1,1,0.07152505265232767,0.08986350893974304
12646,0,0,0.09538954814545164,0.09602320194244385
12647,0,0,0.05542128315006517,0.05612889677286148
12648,0,0,0.07998862047475203,0.06611107289791107
12649,0,0,0.03113525801004404,0.06516580283641815
12650,0,1,0.047436996775908014,0.0994027629494667
12651,1,0,0.05569711905290291,0.05142141878604889
12652,0,1,0.04690736804638554,0.040360987186431885
12653,0,1,0.060046901565832825,0.08519762009382248
12654,0,0,0.07707917547626347,0.07718032598495483
12655,1,1,0.04257333756756304,0.060027338564395905
12656,0,0,0.08149609943923339,0.044191256165504456
12657,0,1,0.06514475142070408,0.01555737853050232
12658,0,0,0.09039799407774113,0.11483035981655121
12659,1,0,0.11574349102548809,0.21813532710075378
12660,0,1,0.06570392626539391,0.018660441040992737
12661,0,1,0.06291770027714486,0.09522886574268341
12662,0,0,0.06388882127732208,0.09675045311450958
12663,0,0,0.048016278219097736,0.06289535760879517
12664,0,1,0.05888755529021493,0.07789627462625504
12665,0,1,0.04143297972437211,0.023767128586769104
12666,1,1,0.08332102175901246,0.15390288829803467
12667,0,1,0.10214906508811264,0.11539125442504883
12668,0,0,0.07759236044953313,0.12861403822898865
12669,0,1,0.04802659400900562,0.09952472895383835
12670,0,1,0.06727974082597003,0.058260202407836914
12671,0,0,0.04958522860219117,0.09114040434360504
12672,0,0,0.05173936224428208,0.10286109149456024
12673,0,0,0.04224399294296102,0.016658402979373932
12674,0,0,0.12258564855933662,0.029145926237106323
12675,1,0,0.10014206254603328,0.12240332365036011
12676,0,0,0.062387012455341465,0.06435039639472961
12677,0,0,0.04369144098098898,0.059793878346681595
12678,0,1,0.10940553849625193,0.06260040402412415
12679,0,1,0.05359189169442567,-0.005804277956485748
12680,1,1,0.042868005327829736,0.040795765817165375
12681,0,1,0.10688083628294645,0.07883051037788391
12682,0,0,0.03912803141405535,0.03464164584875107
12683,0,0,0.045735675077287596,0.03692810609936714
12684,0,1,0.0518076894805924,0.10987421870231628
12685,1,0,0.07702109680582828,0.055900730192661285
12686,0,1,0.07554804163665571,-0.003735944628715515
12687,0,1,0.06255219699923134,0.08317691832780838
12688,0,1,0.08363089302757976,0.10051785409450531
12689,0,1,0.04637006370366084,0.021232247352600098
12690,0,1,0.0542396126571381,0.04062221944332123
12691,0,0,0.0636921207415116,0.08479532599449158
12692,1,1,0.0763793657294217,0.08601172268390656
12693,0,0,0.06531163052149182,0.06703547388315201
12694,0,0,0.09861658030585754,-0.001460939645767212
12695,0,1,0.044465227939099586,0.0723603293299675
12696,0,0,0.03661025524943037,0.03662139177322388
12697,0,0,0.045149682140463,0.06594306230545044
12698,0,0,0.061738025219883766,0.017175443470478058
12699,0,1,0.0820756208684961,0.09910809993743896
12700,0,1,0.03981757467805143,0.03724359720945358
12701,0,1,0.07228839632638939,0.12037959694862366
12702,0,1,0.06274247243197378,0.03597787022590637
12703,1,1,0.055220168299557074,0.033179350197315216
12704,0,1,0.06442395026432578,0.0733252540230751
12705,0,1,0.04762061753180054,0.08817049860954285
12706,0,1,0.05427649977961603,0.024061858654022217
12707,0,1,0.053633588152350184,0.0028458908200263977
12708,0,1,0.03610968261010348,0.044618163257837296
12709,1,0,0.04831693841242796,0.0769580602645874
12710,1,0,0.09425449679899148,-0.023174047470092773
12711,0,1,0.0489795424136998,0.10371502488851547
12712,0,0,0.07041732789507973,0.08345728367567062
12713,1,1,0.06300997915789466,0.09930764138698578
12714,0,0,0.045309299511408316,0.0749811977148056
12715,0,0,0.030544765841279645,0.0430065393447876
12716,0,0,0.04072918240203641,0.052262187004089355
12717,1,1,0.051940907983529114,0.025233864784240723
12718,1,1,0.0722280506547705,0.04355365037918091
12719,0,0,0.07984284642255615,0.07048548758029938
12720,0,0,0.04978965876323824,0.013816125690937042
12721,0,1,0.05899276073901298,0.00951424241065979
12722,0,0,0.040146243789937336,0.031530216336250305
12723,0,0,0.02829794680295874,0.08979406207799911
12724,0,1,0.028384593215020862,0.019054759293794632
12725,0,1,0.040987693745734036,0.03875664621591568
12726,0,0,0.05997639490231739,0.02970997989177704
12727,0,0,0.061412401611598,0.0777178481221199
12728,0,0,0.09846277620836194,0.05901366472244263
12729,0,1,0.03921818703837883,0.04001058638095856
12730,0,1,0.035860596928161945,0.0604846216738224
12731,0,0,0.11189202825553543,0.047807157039642334
12732,0,1,0.06698051622554749,0.0718582272529602
12733,0,1,0.07323013833828218,0.06675997376441956
12734,0,1,0.0960429535211087,0.027434468269348145
12735,0,1,0.0361105626764621,0.06788711249828339
12736,0,0,0.02757743177914055,0.03199067711830139
12737,0,1,0.05098043614085859,0.06935342401266098
12738,1,1,0.03833255733917785,0.035363659262657166
12739,0,1,0.05523308068418625,0.02804025262594223
12740,0,1,0.04957730190272752,0.029242970049381256
12741,0,0,0.06873217404350722,0.04241079092025757
12742,1,1,0.06828514825743268,0.03223109245300293
12743,0,1,0.04979312489330341,0.020452655851840973
12744,0,1,0.07080178545809834,0.054938748478889465
12745,0,1,0.050712825174178466,0.03411060571670532
12746,0,1,0.03327332591600275,0.06850115954875946
12747,0,1,0.07353186557778443,0.0577167272567749
12748,0,1,0.051982214079979605,0.006127297878265381
12749,0,1,0.07297211493291422,0.09704672545194626
12750,0,0,0.05202318319139462,0.024665750563144684
12751,0,1,0.04253845149701593,0.053138092160224915
12752,0,1,0.06435043215735682,0.0956343337893486
12753,0,1,0.031139003280694348,0.054943714290857315
12754,0,1,0.07032247817264173,0.011532515287399292
12755,0,1,0.03802090651035066,0.030871987342834473
12756,1,1,0.04330592983961562,0.028718560934066772
12757,0,0,0.0970452246433221,0.07005101442337036
12758,0,1,0.04014667302067258,0.05670086294412613
12759,0,1,0.042024799749491554,0.04338812083005905
12760,1,1,0.11446934251084617,0.0956917554140091
12761,0,0,0.029661302529305482,0.0718822181224823
12762,0,1,0.10131165448902524,0.05015900731086731
12763,0,0,0.05494344713386948,0.031576190143823624
12764,0,1,0.08316046585266071,0.09733723104000092
12765,0,1,0.05626502903567254,0.0729021355509758
12766,0,0,0.03674259023258452,0.04049784317612648
12767,0,1,0.059966369004118,0.05538710951805115
12768,0,1,0.04169948994926706,0.06800093501806259
12769,1,0,0.09049548254759548,0.06829068064689636
12770,0,0,0.10307069164752031,0.1091490089893341
12771,0,1,0.06047527891137877,0.09639978408813477
12772,0,0,0.027049391148851888,0.028536945581436157
12773,0,0,0.07253335560226865,0.08754531294107437
12774,0,1,0.11373330059913789,0.09781081974506378
12775,1,1,0.07079005417909176,0.0635828971862793
12776,0,1,0.07920788448766,0.12972594797611237
12777,0,1,0.027855994717137768,0.023620720952749252
12778,0,1,0.02748305457453601,0.011961575597524643
12779,1,1,0.0582733198201837,0.019372835755348206
12780,0,1,0.08309556742250215,-0.0017250776290893555
12781,1,1,0.039864522813933004,0.05941556766629219
12782,0,1,0.07652091586753534,0.08633401989936829
12783,0,0,0.0614863367239972,0.08342209458351135
12784,1,1,0.05662232072250001,0.08894157409667969
12785,1,1,0.05527196764227317,0.015846654772758484
12786,0,1,0.05401528154697621,0.07928662747144699
12787,0,1,0.06675162907807392,0.041434913873672485
12788,0,1,0.04565747435644456,0.04231514036655426
12789,1,1,0.08440053201048339,0.07072103023529053
12790,0,0,0.03893810620999844,0.013647519052028656
12791,0,1,0.03556240615156498,0.042153071612119675
12792,0,1,0.10007438525222759,0.07507161796092987
12793,0,1,0.03713080485289577,0.044486358761787415
12794,0,0,0.0562531141785422,0.06470895558595657
12795,1,1,0.07593911288942037,0.0267513245344162
12796,0,0,0.06880528375992688,0.04971671104431152
12797,0,0,0.04265401038621759,0.03755294904112816
12798,1,1,0.04474974754048949,0.029113225638866425
12799,0,1,0.08109631198276562,0.07257770001888275
12800,1,0,0.05122869571844771,0.13938601315021515
12801,0,1,0.056679484038913736,0.06448644399642944
12802,0,1,0.05448503356597015,0.034126393496990204
12803,1,0,0.04657962547457058,0.05544813349843025
12804,0,1,0.08329501288412161,0.13785599172115326
12805,0,0,0.08439973847288981,0.06423923373222351
12806,0,1,0.07442824403758527,0.06925275921821594
12807,0,1,0.07107899150514513,0.09693460166454315
12808,1,1,0.07973884465529263,0.08629672229290009
12809,0,1,0.08727642268264127,0.09606745839118958
12810,0,0,0.05400617319790421,0.0501125305891037
12811,0,1,0.04509058795565728,0.0015921443700790405
12812,0,1,0.10953246917610943,0.06374645233154297
12813,0,1,0.06615417128244457,0.04949454218149185
12814,0,0,0.09404074662882553,0.11544734239578247
12815,0,0,0.09613714239424509,0.06765228509902954
12816,0,1,0.05188369589734908,0.03002060204744339
12817,0,1,0.04143269634157751,0.06312830746173859
12818,0,1,0.03961821060292822,0.09741432964801788
12819,0,0,0.03192983718971534,0.02428002469241619
12820,0,0,0.04561579305681174,0.041338346898555756
12821,1,1,0.04771772562763166,0.018565617501735687
12822,0,1,0.06828906809206726,0.04921986162662506
12823,0,1,0.05773910668728853,0.054440438747406006
12824,0,0,0.040882677678132445,0.03403931483626366
12825,1,0,0.09033306798028462,0.07875977456569672
12826,0,1,0.052524004028672175,0.026101239025592804
12827,0,1,0.04718960466042185,0.01968403160572052
12828,0,0,0.06187118918415872,0.07569052278995514
12829,0,1,0.07144216440429235,0.09500854462385178
12830,0,1,0.03960861072894965,0.08349490910768509
12831,0,1,0.05972213935398879,0.05627746134996414
12832,0,1,0.04052893850884602,0.08925826847553253
12833,0,1,0.038015933996613537,0.011078573763370514
12834,0,1,0.07139368157726941,0.08049114793539047
12835,0,1,0.04719112204689996,0.020140454173088074
12836,0,1,0.08784463157313827,0.12520767748355865
12837,0,0,0.06790256332576103,0.06808371096849442
12838,0,1,0.1030716115822031,0.10196512937545776
12839,0,1,0.1022648253510762,0.12593579292297363
12840,0,0,0.04183941305220433,0.08881428837776184
12841,0,1,0.03628934265907922,0.03890080377459526
12842,0,0,0.057115587220250924,0.07532709836959839
12843,0,1,0.08513977044474022,0.061952099204063416
12844,0,1,0.05659784684405719,0.0404791533946991
12845,0,1,0.08487209710341062,0.06070892512798309
12846,0,1,0.05429020725074779,0.022046774625778198
12847,0,1,0.034315847001691525,0.07609569281339645
12848,0,1,0.0519797350911745,0.005669832229614258
12849,1,0,0.06058107293187279,0.027966022491455078
12850,0,1,0.0360499887203401,0.04457204416394234
12851,0,0,0.07106128870913694,0.10794771462678909
12852,0,0,0.03172880138368123,0.07107632607221603
12853,0,1,0.0762152942791322,0.06541500985622406
12854,0,0,0.043641550392574946,0.03882145136594772
12855,0,1,0.05051904152600124,0.0877254381775856
12856,1,0,0.05047260932395138,0.053618937730789185
12857,0,0,0.05004942723137917,0.04657109081745148
12858,1,1,0.09206353383088006,0.015933886170387268
12859,0,1,0.07531534171776041,0.07562224566936493
12860,0,0,0.031289964690124156,0.04392175003886223
12861,0,0,0.06324936096946529,0.032258376479148865
12862,0,1,0.07866278796104781,0.06758131086826324
12863,0,0,0.03235737243011433,0.024353589862585068
12864,0,0,0.063873146449496,0.04823548346757889
12865,0,1,0.04350599571673136,0.1013110876083374
12866,0,1,0.08068105650449042,0.03946229815483093
12867,0,1,0.03987353657125488,0.05502307415008545
12868,0,0,0.049899343138696484,0.06922130286693573
12869,0,0,0.05608520487826742,0.012907296419143677
12870,0,0,0.07620015377739817,0.07113885879516602
12871,0,1,0.0383740948047131,0.053948499262332916
12872,0,1,0.058302433041368465,0.1203451082110405
12873,0,0,0.060408574285747016,0.094234399497509
12874,0,0,0.06846886156182945,0.0428161695599556
12875,0,1,0.03266682504186733,0.05679105222225189
12876,0,0,0.04491206223033392,0.023224979639053345
12877,0,1,0.059567652364828846,0.044938825070858
12878,0,0,0.05851207643612227,-0.020471125841140747
12879,0,1,0.05186176639754855,0.08640070259571075
12880,0,1,0.04344339478086967,0.04817822575569153
12881,0,1,0.08267005281880666,0.04658830165863037
12882,0,1,0.0428082539655516,0.035626333206892014
12883,1,0,0.08258895044653639,0.0780443400144577
12884,1,1,0.04365875710350543,0.034750133752822876
12885,0,0,0.06645987478295347,0.06790056824684143
12886,1,1,0.08030990977036609,0.013073250651359558
12887,1,1,0.05666985524516152,0.06231635808944702
12888,1,1,0.03786277967859294,0.040002916008234024
12889,0,1,0.09362120496055701,0.11628556251525879
12890,0,0,0.032979644257828025,0.01408013328909874
12891,0,1,0.09218228084576319,0.07301519811153412
12892,0,0,0.08680315097480396,-0.002416864037513733
12893,0,0,0.05358447341671502,0.019801132380962372
12894,0,1,0.037199375128820406,0.033681318163871765
12895,0,1,0.033879151818832165,0.0357985757291317
12896,0,0,0.07517096779279694,0.07800038158893585
12897,0,1,0.04537723400162824,0.07909136265516281
12898,0,0,0.028404951521976862,0.028759347274899483
12899,0,1,0.05108209336822979,0.054173633456230164
12900,0,1,0.07106879586443585,0.03987813740968704
12901,0,1,0.0843773313362482,0.024559587240219116
12902,0,1,0.0622322293381181,0.0494912713766098
12903,0,0,0.05547397600418276,0.02278769016265869
12904,0,1,0.06404797412248256,0.073392853140831
12905,0,1,0.04917815735771114,0.0612727627158165
12906,0,1,0.0374284223758959,0.02738957852125168
12907,0,0,0.09417208429209434,0.03523702919483185
12908,0,1,0.08877618666007756,0.014895513653755188
12909,0,0,0.05520850121339928,0.04605516046285629
12910,0,1,0.05631576640307412,0.06829468905925751
12911,0,1,0.02967315443996752,0.06917664408683777
12912,0,1,0.05358264247876815,0.059094011783599854
12913,0,0,0.08270387149832159,0.06778547167778015
12914,0,1,0.031191742932007264,0.07109830528497696
12915,0,1,0.05740279049113643,0.008702002465724945
12916,1,0,0.06477661005421267,-0.017868787050247192
12917,0,1,0.0724723944238157,0.0891466960310936
12918,0,0,0.040882677678132445,0.03403931483626366
12919,0,1,0.05562078858083139,0.10853797197341919
12920,0,1,0.04975588561523843,0.04005333036184311
12921,0,0,0.06223049813641601,0.050755828619003296
12922,0,1,0.07154626132160996,0.03639528155326843
12923,0,1,0.056116280791270054,0.019008681178092957
12924,0,0,0.026514893904710596,0.021521393209695816
12925,0,1,0.04449669137679432,0.036327991634607315
12926,0,1,0.03710267792686599,0.07627859711647034
12927,0,1,0.05792486160989521,0.04473107308149338
12928,0,1,0.039024504280039854,0.04682518169283867
12929,0,1,0.07955408840740283,0.07336090505123138
12930,1,1,0.0614863367239972,0.08342209458351135
12931,0,1,0.06288794290078768,0.08563324809074402
12932,0,1,0.03166497131822496,0.04475034400820732
12933,0,1,0.06668530351959068,0.06610263139009476
12934,1,1,0.07492240328139421,0.052387967705726624
12935,0,1,0.03939051408983582,0.056827910244464874
12936,0,0,0.061700022486348954,0.08562318980693817
12937,1,1,0.08152370617319676,0.017442062497138977
12938,0,0,0.08367755600957111,0.1009163111448288
12939,0,0,0.05457750582088018,0.0379105880856514
12940,0,1,0.05701174437147155,0.05027156323194504
12941,0,0,0.062485605239882794,0.022130087018013
12942,0,1,0.04881912453595856,0.033452197909355164
12943,0,1,0.042664277309208284,0.038465991616249084
12944,1,1,0.07064263395093764,0.048576027154922485
12945,0,0,0.043621181540387216,0.03029649704694748
12946,1,1,0.05935795140485492,0.07765308022499084
12947,0,1,0.04962623265954355,0.0767623633146286
12948,0,0,0.03329350478123984,0.05044863373041153
12949,0,1,0.087207050807734,0.09475260972976685
12950,0,1,0.06505609276550647,0.025747716426849365
12951,0,1,0.0850447091742837,0.027537867426872253
12952,0,0,0.06719718634541037,0.07439856231212616
12953,1,1,0.06322269989353013,0.04500555992126465
12954,0,1,0.0283446454706932,0.04492203891277313
12955,0,1,0.07350138021350697,0.10849614441394806
12956,0,1,0.05451377562382374,0.026828475296497345
12957,0,1,0.07176686379442485,0.048576027154922485
12958,0,1,0.05279815840865752,0.018741585314273834
12959,0,1,0.044913658870459325,0.023224979639053345
12960,0,1,0.07127819646757921,0.09934554994106293
12961,0,1,0.04043705829748505,0.027244389057159424
12962,1,0,0.04086762280755084,0.08428220450878143
12963,0,0,0.029866991833153146,0.03155449032783508
12964,0,0,0.06764512418459304,0.028582021594047546
12965,0,1,0.048395699567038125,0.08803978562355042
12966,0,1,0.02828564319674319,0.09002278000116348
12967,0,1,0.0803777902338261,0.028392553329467773
12968,0,0,0.07472169181235994,0.02999366819858551
12969,0,0,0.05201151730399539,0.0763910636305809
12970,0,0,0.08643177466702984,0.06971141695976257
12971,0,0,0.04144810882128232,0.011090502142906189
12972,0,0,0.041368233526238196,0.021097078919410706
12973,0,1,0.07209683897492633,0.0833413377404213
12974,0,1,0.06052027689146694,0.10337445139884949
12975,0,1,0.03192018883764095,0.03834187611937523
12976,0,1,0.05174706048918999,0.06539467722177505
12977,0,1,0.024504727763890823,0.04593758285045624
12978,0,0,0.06690695767932162,0.0621589794754982
12979,0,1,0.06908044967272024,0.06818108260631561
12980,0,1,0.07064106763405967,0.06973914802074432
12981,0,0,0.054822830451364435,0.06357463449239731
12982,0,1,0.07563996475910137,0.10211885720491409
12983,0,1,0.05758461890711854,0.04346160590648651
12984,1,1,0.04172858852728832,0.02967262640595436
12985,0,1,0.09840543550718661,0.06883159279823303
12986,0,1,0.055878993306790456,0.07016739994287491
12987,0,1,0.06165891677769317,0.02603977918624878
12988,0,0,0.06862773788659397,0.08478543162345886
12989,0,1,0.06631114863719188,0.03204917907714844
12990,0,1,0.0380182378335531,0.03186643123626709
12991,0,1,0.06387122963063514,0.09744531661272049
12992,0,1,0.08310195890551267,-0.012522295117378235
12993,0,0,0.051982214079979605,0.006127297878265381
12994,0,1,0.05103372794251489,0.020258530974388123
12995,0,1,0.04378245364603965,0.0899067372083664
12996,0,0,0.046008663352233276,0.07074829936027527
12997,0,0,0.04167994889353095,0.0403592512011528
12998,0,1,0.049601159994981076,0.08378290385007858
12999,0,0,0.050411913187275476,0.04381967708468437
13000,1,1,0.07758726426402338,-0.024173066020011902
13001,0,0,0.06556386304811415,0.08079526573419571
13002,0,1,0.06423896516958397,0.02380414307117462
13003,0,0,0.0732140307171742,0.07215549796819687
13004,0,0,0.06939306870861438,0.03471074998378754
13005,0,0,0.06388575937661498,0.04051519185304642
13006,0,1,0.1113904570507307,0.10015207529067993
13007,1,1,0.037058238513911754,0.05262728035449982
13008,0,1,0.049557740572107434,0.07443428039550781
13009,0,0,0.04208189707313628,0.05762849003076553
13010,1,1,0.06825151168835249,0.03702618181705475
13011,0,1,0.030227830496811277,0.06717315316200256
13012,0,1,0.0754814726514344,0.09429510682821274
13013,0,1,0.10155329464894403,0.10097995400428772
13014,0,1,0.0899413102555838,0.10957500338554382
13015,0,1,0.03836971940136705,0.06393856555223465
13016,0,0,0.06291006611566323,0.10076630860567093
13017,0,0,0.061992618237683025,0.040572263300418854
13018,0,0,0.05054499499888951,0.07931967079639435
13019,0,1,0.06911960243231971,0.0686565414071083
13020,0,1,0.03461549595081584,0.02392786368727684
13021,1,1,0.12403431643197266,-0.004459172487258911
13022,0,1,0.031172367154976323,0.0473884642124176
13023,1,1,0.07089272689334464,0.06713694334030151
13024,0,0,0.1094192153947029,0.0566750168800354
13025,0,1,0.07638789272687574,0.0633455365896225
13026,0,1,0.041742836665465896,0.01348576694726944
13027,1,1,0.04919656899124712,0.015440620481967926
13028,0,0,0.05406368454596561,0.05869130790233612
13029,1,1,0.07422980776488752,0.02083483338356018
13030,1,1,0.046348274945715764,0.0810563936829567
13031,0,1,0.07923221562220661,0.04687722027301788
13032,0,1,0.050524599111676116,0.0926143005490303
13033,0,0,0.07215474782847162,0.08969911932945251
13034,0,1,0.039836683010416665,0.0833965316414833
13035,1,1,0.08259945787874914,0.0780443400144577
13036,0,0,0.053262266103085015,0.02762775868177414
13037,0,0,0.030889310143568195,0.050757475197315216
13038,0,1,0.09751960443400937,0.19021949172019958
13039,0,0,0.07931047661631768,0.05693303048610687
13040,1,1,0.06269162832070069,0.03518621623516083
13041,0,1,0.08224890403679191,0.0854467898607254
13042,0,1,0.0563170355640209,0.0378560870885849
13043,0,1,0.06975294425966451,0.048874348402023315
13044,0,0,0.05185515226374121,0.09113969653844833
13045,0,1,0.07705757272227418,0.07163514196872711
13046,1,1,0.06423896516958397,0.02380414307117462
13047,0,0,0.03915305687200798,0.046837903559207916
13048,0,1,0.03991608841013343,0.03668840229511261
13049,1,1,0.05390670830805418,0.022093147039413452
13050,0,1,0.06674709777840049,0.03851340711116791
13051,0,1,0.026237927649781716,0.04243883863091469
13052,0,1,0.05191113704905398,0.017548561096191406
13053,0,1,0.0761821523518397,0.06020846962928772
13054,0,1,0.10416849788570223,0.03516758978366852
13055,0,1,0.1044437618931443,0.10075414180755615
13056,0,1,0.0590394836881062,0.09691876918077469
13057,0,0,0.03983978780953862,0.06324053555727005
13058,0,1,0.06091259979028743,0.05379209667444229
13059,0,0,0.10671746167594201,0.0008663833141326904
13060,0,0,0.05397049477337337,0.046073734760284424
13061,0,1,0.07608765642161791,0.07839341461658478
13062,0,1,0.052439849800319085,0.06037440150976181
13063,0,1,0.05359518352590105,0.04613278806209564
13064,0,1,0.03815255473017789,0.06032814830541611
13065,0,1,0.10162981777371796,0.06524184346199036
13066,0,1,0.05048999931672116,-0.00817912071943283
13067,0,1,0.08564511390483023,0.03563033044338226
13068,0,1,0.04023400283772251,0.032820168882608414
13069,0,1,0.04275321774565967,0.09076651185750961
13070,0,1,0.060390983874112,0.0742725059390068
13071,1,1,0.06797038914341084,0.08636806160211563
13072,1,1,0.06376843987369393,0.03910692036151886
13073,0,1,0.059260490316719344,0.042776450514793396
13074,0,1,0.07364857855642354,0.07001810520887375
13075,0,0,0.06835848362219481,0.00333540141582489
13076,0,0,0.07595200159053497,0.03914588689804077
13077,0,1,0.03642285830663361,0.04812893643975258
13078,0,1,0.05656230249946101,0.040631622076034546
13079,0,1,0.0854499160108658,0.033000826835632324
13080,0,1,0.038555161243740615,0.032090023159980774
13081,0,1,0.08960783062153035,0.13428634405136108
13082,0,1,0.05629964855539099,0.09774311631917953
13083,0,1,0.08168365401103037,0.0491645485162735
13084,0,1,0.042165330473293544,0.03143441677093506
13085,0,1,0.04721461003192423,0.06118098646402359
13086,0,1,0.07062247504203166,0.09314734488725662
13087,0,1,0.02452095370811052,0.038769327104091644
13088,1,0,0.11374819446629642,0.10458381474018097
13089,0,1,0.06456786711026326,0.10736764222383499
13090,0,1,0.09338943117753776,0.1286102831363678
13091,0,0,0.040882677678132445,0.03403931483626366
13092,0,1,0.06459508375208464,0.02742806077003479
13093,0,1,0.07900672436046735,0.029401734471321106
13094,0,0,0.08357644621661103,0.051491156220436096
13095,0,0,0.03207041227525604,0.06841814517974854
13096,0,1,0.07825703071021231,0.07445921003818512
13097,0,1,0.07470738500923121,0.06003165245056152
13098,1,1,0.07252434670627919,0.08998680859804153
13099,0,1,0.052709862483665174,0.020269259810447693
13100,0,1,0.08422580116332001,0.0908791571855545
13101,0,1,0.04221425439917362,0.016155317425727844
13102,0,1,0.06577985161537528,0.03647361695766449
13103,1,1,0.06980485062227512,0.03985535353422165
13104,0,0,0.034595796921104545,0.03781292214989662
13105,0,0,0.063139433437894,0.04373510181903839
13106,0,1,0.0396174125590561,0.0827687457203865
13107,1,1,0.11404751659777329,-0.007783859968185425
13108,0,1,0.07064263395093764,0.048576027154922485
13109,1,1,0.05918781477382877,0.04523755609989166
13110,0,1,0.03584479781840542,0.06786027550697327
13111,0,0,0.03459210979923834,0.03125207871198654
13112,0,0,0.07636582534404923,0.061551064252853394
13113,0,1,0.09308103278474408,0.11517566442489624
13114,0,1,0.11176653410405407,-0.01813569664955139
13115,1,1,0.060188805995861086,0.058833204209804535
13116,1,1,0.09828713784635662,0.09111751616001129
13117,0,1,0.08149609943923339,0.044191256165504456
13118,0,0,0.0383586008382896,0.03523130342364311
13119,0,1,0.05767690526309545,0.043679378926754
13120,0,1,0.04454639937324047,0.07324114441871643
13121,0,1,0.03628934265907922,0.03890080377459526
13122,0,1,0.08503264984493869,0.083950936794281
13123,0,1,0.07349030945359036,0.0690259337425232
13124,1,1,0.08189914827839237,0.08605237305164337
13125,0,1,0.09945136100290641,0.033826544880867004
13126,0,1,0.05761760542582611,0.029874905943870544
13127,0,0,0.027616837410226018,0.02929203398525715
13128,0,0,0.0875473116699084,0.02594664692878723
13129,0,1,0.08272743137902744,0.06841464340686798
13130,0,1,0.09481224695437773,0.11215484142303467
13131,0,0,0.027616837410226018,0.02929203398525715
13132,0,1,0.05275898513746777,0.08578576892614365
13133,0,0,0.07064263395093764,0.048576027154922485
13134,0,1,0.04443415679541972,0.044839002192020416
13135,1,1,0.0587075296945198,0.0661485344171524
13136,1,1,0.04282301267996998,0.0326496884226799
13137,0,1,0.05808847957131906,0.04996033012866974
13138,0,0,0.055654994838686384,0.0925549790263176
13139,1,1,0.07222284549611824,0.05796410143375397
13140,0,1,0.0408973845768522,0.03605552390217781
13141,0,1,0.07277609178182101,0.05077528953552246
13142,0,1,0.03326606988878514,0.0668087899684906
13143,0,0,0.07564853705231597,0.08475527912378311
13144,1,1,0.07469754290871705,0.07023447751998901
13145,0,1,0.03043502535224562,0.016153790056705475
13146,1,1,0.06306155695240095,0.06698186695575714
13147,0,1,0.03107086314279666,0.0661182850599289
13148,0,0,0.03982194284122631,0.08602921664714813
13149,0,1,0.039593814364694294,0.021632637828588486
13150,0,1,0.04202716703435827,0.08420835435390472
13151,0,1,0.04955510830893409,0.09047102928161621
13152,1,1,0.06291770027714486,0.09522886574268341
13153,0,1,0.06161919722032298,0.13220715522766113
13154,0,0,0.09304888618960733,0.09862424433231354
13155,0,1,0.04745106597759606,0.07578034698963165
13156,0,0,0.05732886303390676,0.0665147602558136
13157,1,0,0.0684388042104198,0.044195979833602905
13158,0,0,0.04678260911669739,0.03752589225769043
13159,1,1,0.05605461235525798,0.07588732242584229
13160,0,0,0.05264032337578531,0.02142033725976944
13161,0,1,0.040397867689233855,0.021315019577741623
13162,0,1,0.04958962974368926,0.09480786323547363
13163,0,1,0.03988320144108953,0.06849753111600876
13164,0,1,0.06499360799189553,0.054085806012153625
13165,0,1,0.06315721199985487,0.03560549020767212
13166,0,0,0.08514533083239678,0.061952099204063416
13167,0,1,0.08839083906634121,0.1528327614068985
13168,1,1,0.07503927704469665,0.03724148869514465
13169,1,1,0.03956100103675492,0.08720331639051437
13170,0,1,0.044837306710940134,0.018207937479019165
13171,0,1,0.04652116484693446,0.04486929252743721
13172,0,1,0.05360998756839286,0.03584592044353485
13173,1,0,0.08168183672377755,0.06908918917179108
13174,1,1,0.03964458499874214,0.0349956750869751
13175,1,1,0.05704069346277216,0.04066844284534454
13176,0,1,0.05360998756839286,0.03584592044353485
13177,0,1,0.04205882567234101,0.030204370617866516
13178,0,1,0.08386520773076919,0.044224709272384644
13179,0,1,0.07068088340765602,0.054997652769088745
13180,0,1,0.06185891675780157,0.04859355837106705
13181,0,0,0.054005161228219925,0.0871838629245758
13182,1,0,0.06143520012335581,0.02112402766942978
13183,0,1,0.07948286870272353,0.07716168463230133
13184,0,1,0.07222714773343938,0.06741888076066971
13185,0,0,0.07874257827106904,0.07861748337745667
13186,1,1,0.07716302971629438,0.07829329371452332
13187,0,0,0.0850447091742837,0.027537867426872253
13188,0,0,0.055713004694488505,0.14658057689666748
13189,0,1,0.07981414183921692,0.12235771864652634
13190,0,1,0.06466837604982908,0.052857376635074615
13191,1,1,0.059775303678950675,0.04608394205570221
13192,1,1,0.07405493761782181,0.09899026155471802
13193,0,1,0.0406464070709726,0.07694325596094131
13194,0,1,0.0636023168061633,0.08141433447599411
13195,0,0,0.0529880835307219,0.014236345887184143
13196,1,1,0.08306510696905381,0.08164239674806595
13197,0,1,0.0982451751203832,0.002721846103668213
13198,0,0,0.06330305092338497,0.038099706172943115
13199,0,1,0.073720072597462,0.032820090651512146
13200,0,0,0.09338410889751458,0.05107599496841431
13201,0,0,0.0380433088880673,0.06581006944179535
13202,0,1,0.08091425228399518,0.07501515746116638
13203,0,1,0.0672292407117593,0.0897759273648262
13204,1,1,0.030192891494579398,0.051304612308740616
13205,0,0,0.051718952719753644,0.08435580879449844
13206,0,1,0.06725655954209173,0.07776044309139252
13207,0,1,0.06623890704366715,0.023264721035957336
13208,0,0,0.0737256462461057,0.1368415206670761
13209,0,1,0.05410160283893996,0.01667187362909317
13210,0,1,0.07204765189438331,0.04922221601009369
13211,0,1,0.04750462384977576,0.08147818595170975
13212,0,1,0.09909012953169913,0.11566029489040375
13213,0,1,0.10026609844219023,0.09484076499938965
13214,0,1,0.03462209327656323,0.03389887139201164
13215,1,1,0.09316734315615219,0.11514230072498322
13216,0,0,0.05311345480397753,0.0881793424487114
13217,0,1,0.06629114673239724,0.08751565217971802
13218,1,1,0.06118420638975282,0.04521438479423523
13219,0,1,0.027031019829118798,0.03507714718580246
13220,0,0,0.07768763705618345,0.08374256640672684
13221,0,0,0.03903153082285939,0.04947023093700409
13222,0,1,0.10026647445415865,0.09484076499938965
13223,0,0,0.0614863367239972,0.08342209458351135
13224,0,1,0.051512493968951176,0.05365421622991562
13225,0,1,0.027031457457772926,0.03095328062772751
13226,0,1,0.05568357016572656,0.016866207122802734
13227,1,1,0.07251707363656748,0.06176024675369263
13228,0,0,0.08005931554463652,0.19917097687721252
13229,0,1,0.025743261678380792,0.038526955991983414
13230,0,1,0.09493057034606744,0.032446593046188354
13231,0,1,0.05660678610360785,0.04732419550418854
13232,1,1,0.059725230489235406,0.0705757588148117
13233,0,0,0.0582746013003311,0.019564814865589142
13234,1,1,0.050846745509180336,0.03287892043590546
13235,0,1,0.037054328241823496,0.043885961174964905
13236,0,1,0.05248379758403979,0.06874167174100876
13237,0,0,0.06184583685995232,0.0883396714925766
13238,0,0,0.07915569403106648,0.08781373500823975
13239,0,1,0.06015597906398383,0.12346424907445908
13240,0,0,0.035339139138707,0.041611362248659134
13241,0,0,0.0821757114901622,0.13332605361938477
13242,0,1,0.0539528647694176,0.023890137672424316
13243,0,1,0.07397544060384312,0.03764083981513977
13244,0,0,0.06887288607392808,0.10002201050519943
13245,0,1,0.050915619501374076,0.07570184022188187
13246,0,0,0.031139003280694348,0.054943714290857315
13247,0,1,0.040882677678132445,0.03403931483626366
13248,0,1,0.04990567586950244,0.055838584899902344
13249,0,0,0.040263218293272715,0.02449437975883484
13250,0,1,0.07254947450634247,0.050313204526901245
13251,0,1,0.08838665031863918,0.014921143651008606
13252,0,0,0.04652116484693446,0.04486929252743721
13253,0,1,0.04241213766055123,0.08248206228017807
13254,0,1,0.03040572499710563,0.032012566924095154
13255,0,1,0.06565736836438496,0.06535923480987549
13256,0,0,0.04733999242552933,0.02160806953907013
13257,0,1,0.0638255218210604,0.05584612488746643
13258,0,1,0.09057624345495319,0.036745697259902954
13259,0,1,0.06085126857165371,0.10215049982070923
13260,0,0,0.0826944636840923,0.019697964191436768
13261,0,0,0.04955059847478961,0.053454384207725525
13262,0,1,0.06418906558435276,0.09678266197443008
13263,0,0,0.06148409302622944,0.08342209458351135
13264,0,1,0.04469634002568011,0.05882500484585762
13265,0,1,0.0780024970149901,0.123041532933712
13266,0,1,0.08686678832681302,0.0953032523393631
13267,0,0,0.044672745782831064,0.06455995887517929
13268,0,0,0.0905838225843826,0.05560450255870819
13269,0,1,0.07087900356687188,0.12208952754735947
13270,1,1,0.07796925700212784,0.05056332051753998
13271,0,1,0.03235490728022338,0.013435084372758865
13272,0,1,0.07441521006188023,0.06951069831848145
13273,0,0,0.05761213507140181,0.04159995913505554
13274,0,1,0.05557986739682107,0.018860600888729095
13275,0,0,0.06969675757424265,0.04087546467781067
13276,0,0,0.06621458777698729,0.03589963912963867
13277,0,1,0.059999148516728606,0.05307285487651825
13278,0,0,0.06877736148990532,0.08290185034275055
13279,0,0,0.04281682883356289,0.023336686193943024
13280,0,1,0.058346058147267066,0.050357215106487274
13281,0,1,0.04049312247114724,0.08377818763256073
13282,1,0,0.06801019007418817,0.07787029445171356
13283,0,1,0.042939367168952525,0.029814571142196655
13284,0,1,0.072546745609255,0.07498399168252945
13285,0,1,0.0283522384492797,0.04342008754611015
13286,0,1,0.06015769358178341,0.11975812911987305
13287,0,0,0.06873883522219959,0.035614706575870514
13288,0,1,0.029808259165700297,0.03666944056749344
13289,0,0,0.05314994368053701,0.07963325083255768
13290,0,0,0.05653684181832426,0.05504695326089859
13291,0,1,0.0568807569378252,0.06700119376182556
13292,1,1,0.09782580110571862,0.1545824259519577
13293,0,0,0.061472230612161616,0.08076005429029465
13294,0,1,0.08040265190178292,0.08743269741535187
13295,0,1,0.044784958283140885,0.04901514947414398
13296,0,1,0.07174854300193875,0.03819333016872406
13297,1,0,0.06281914375036236,0.08712370693683624
13298,0,1,0.059052245103958595,0.05451984703540802
13299,0,1,0.05904154732759337,0.026573874056339264
13300,0,0,0.05043256049442775,0.024926260113716125
13301,0,1,0.05376925399822233,0.04746110737323761
13302,0,1,0.05262111442023429,0.018765605986118317
13303,1,0,0.083335722102134,0.07197560369968414
13304,0,0,0.08333376885484442,0.07719877362251282
13305,0,1,0.05865752460312877,0.07035191357135773
13306,0,1,0.052765540837208025,0.01873128116130829
13307,0,1,0.05579050278543428,0.06318803876638412
13308,0,1,0.07761876673391102,0.09043897688388824
13309,0,1,0.047066083851157556,0.047485120594501495
13310,0,0,0.09644771546348885,0.11976544559001923
13311,0,1,0.05900587165519622,0.05090188980102539
13312,0,0,0.04888141666539188,0.024698704481124878
13313,0,0,0.06042158879643618,0.05619841814041138
13314,0,1,0.04972415765875868,0.037128716707229614
13315,0,1,0.038986295445105464,0.09461190551519394
13316,0,0,0.03956168948649852,0.08720331639051437
13317,0,0,0.10712871006482588,0.1261671930551529
13318,0,0,0.07617831626371951,0.010028809309005737
13319,0,0,0.04122968033272961,0.08953063189983368
13320,0,0,0.034422100684609644,0.016969863325357437
13321,0,0,0.05896687759439208,0.043096840381622314
13322,0,0,0.07119047948396662,-0.0042749494314193726
13323,0,0,0.05104559143509349,0.009781144559383392
13324,0,1,0.04750462384977576,0.08147818595170975
13325,0,1,0.058658326540502584,0.058919504284858704
13326,0,0,0.04576397584089201,0.04050242900848389
13327,0,1,0.08434199966028724,0.09695607423782349
13328,1,0,0.11179836953204181,0.010200142860412598
13329,0,1,0.04859855133723304,0.07028421759605408
13330,0,1,0.057591612244167256,0.050710439682006836
13331,0,1,0.08862530263768167,0.0747053325176239
13332,0,1,0.05457750582088018,0.0379105880856514
13333,1,1,0.0838483840194845,0.12393490225076675
13334,1,1,0.08521220581435304,0.055877432227134705
13335,0,0,0.051049809817099015,0.02882116287946701
13336,0,0,0.07239257092635881,0.05146098881959915
13337,0,1,0.04724931959058297,0.019596248865127563
13338,0,1,0.04846127769029851,0.03720643371343613
13339,0,1,0.043398000418102683,0.08599287271499634
13340,0,1,0.05942246931498117,0.07948420941829681
13341,0,1,0.10143138582974473,0.1363816112279892
13342,0,1,0.04985893482302313,0.035521820187568665
13343,1,1,0.08919968681552018,0.10681627690792084
13344,0,1,0.04623592394006036,0.04184913635253906
13345,0,1,0.11432413700668509,0.04287227988243103
13346,0,0,0.047481408139727926,0.07324071228504181
13347,0,1,0.08996819035864254,0.1033775806427002
13348,0,1,0.07247285294400696,0.05349971354007721
13349,0,1,0.031133638819765455,0.04459293931722641
13350,0,1,0.05967585577734036,0.014793507754802704
13351,0,1,0.06719925250184008,0.06568849086761475
13352,0,1,0.089518638127874,0.11437700688838959
13353,0,0,0.05457750582088018,0.0379105880856514
13354,0,1,0.09359235944844926,0.007797911763191223
13355,0,1,0.052680960607178154,0.09755636006593704
13356,0,1,0.06889067914005251,0.0034846365451812744
13357,0,1,0.04148642702121956,0.024293653666973114
13358,0,0,0.0702852818958127,0.0859018936753273
13359,1,0,0.04856945076397148,0.040511153638362885
13360,0,1,0.0467794699810776,0.039627984166145325
13361,0,1,0.060826959794900395,0.06299111992120743
13362,0,0,0.03679568225474955,0.036458421498537064
13363,0,1,0.05931979072532448,0.095713771879673
13364,0,0,0.07181343253009057,0.05160185694694519
13365,1,0,0.08301322773003322,0.07096484303474426
13366,0,0,0.06571735978913804,0.022037632763385773
13367,1,1,0.050087850992481905,0.05922883003950119
13368,0,1,0.05738505819874948,0.11369989812374115
13369,0,1,0.05535356087884158,0.07859932631254196
13370,0,1,0.08601938409278317,0.025477632880210876
13371,0,0,0.05332093417959473,0.03135703504085541
13372,0,0,0.07483924015276203,0.022979602217674255
13373,0,0,0.051973257632753025,0.008882611989974976
13374,0,1,0.06138691967138629,0.04772505164146423
13375,0,1,0.07649398473454644,0.040374964475631714
13376,0,0,0.07983641243264752,0.06612105667591095
13377,0,1,0.09569377836016352,0.1037583202123642
13378,0,1,0.08853359910644776,0.11161056160926819
13379,0,0,0.03740084375984183,0.04264560341835022
13380,0,1,0.06838957899020384,0.027789540588855743
13381,1,0,0.0919301438554953,0.064369335770607
13382,0,1,0.046348234097892835,0.0810563936829567
13383,0,1,0.07600777116959681,0.04832504689693451
13384,0,1,0.04268298533975627,0.0432404950261116
13385,0,0,0.048355344245768234,0.041654072701931
13386,0,1,0.06880528375992688,0.04971671104431152
13387,0,1,0.06625579909063552,0.1431812345981598
13388,0,0,0.0901362302925588,0.07995682954788208
13389,1,1,0.05742711958149033,0.117882139980793
13390,0,0,0.09351106226650663,0.12594270706176758
13391,0,1,0.04036403155140866,0.024714238941669464
13392,0,1,0.09955733900858416,0.09409567713737488
13393,0,1,0.11387006280474243,0.21352282166481018
13394,0,1,0.05205346670555033,0.06383506208658218
13395,0,1,0.1048768394866795,0.11206650733947754
13396,0,1,0.0677031638181117,0.013426810503005981
13397,0,1,0.049802166615258034,0.021850980818271637
13398,0,1,0.03710267792686599,0.07627859711647034
13399,0,0,0.053594761883383205,0.04613278806209564
13400,0,1,0.04032375584534881,0.040888600051403046
13401,0,1,0.06058198239221724,0.027966022491455078
13402,0,1,0.03991608841013343,0.03668840229511261
13403,0,1,0.04678994909735698,0.030887462198734283
13404,0,1,0.044652783451101866,0.08415893465280533
13405,0,0,0.04787986359919251,0.04429992288351059
13406,0,0,0.050726219505586465,0.021776340901851654
13407,0,1,0.06866346873472524,0.04324193298816681
13408,1,0,0.068323658620526,0.027066856622695923
13409,0,1,0.0631725917437511,0.018634699285030365
13410,0,1,0.11138516045518582,0.09850874543190002
13411,0,0,0.07247657844078259,0.08345094323158264
13412,0,1,0.03397889556602087,0.024532053619623184
13413,0,0,0.04259886734357814,0.051135674118995667
13414,0,0,0.06775784636404422,0.10826703906059265
13415,0,0,0.06641247025564273,0.04316443204879761
13416,0,1,0.09980685063312203,0.11087565124034882
13417,1,1,0.060853235621337154,0.05422287434339523
13418,0,1,0.056695712225900516,0.04063241183757782
13419,0,0,0.0854499160108658,0.033000826835632324
13420,1,0,0.07472233725435876,0.02999366819858551
13421,0,1,0.0684153776498693,-0.007223144173622131
13422,0,1,0.06367300899929844,0.047786012291908264
13423,1,1,0.07605432662596598,0.055781856179237366
13424,0,0,0.05206479516401656,0.028670482337474823
13425,0,1,0.04319493745925855,0.05278618633747101
13426,0,1,0.052740820225403495,0.08099482953548431
13427,0,0,0.06544807836313606,0.08501794189214706
13428,0,1,0.07366606041212861,0.05210380256175995
13429,0,1,0.033093431511498746,0.03193920850753784
13430,0,1,0.09815207371303467,0.08425287902355194
13431,0,1,0.04486113382763855,0.04336334764957428
13432,0,0,0.04216963211312971,0.030176088213920593
13433,0,1,0.04215454134631269,0.054805606603622437
13434,0,0,0.0520392775610727,0.008232884109020233
13435,1,1,0.0488518432631211,0.036894313991069794
13436,1,0,0.07149269728903584,0.04615992307662964
13437,0,1,0.04387008632455923,0.052463240921497345
13438,0,1,0.038798158186530145,0.07201266288757324
13439,1,1,0.054516919592418014,0.0813874751329422
13440,0,1,0.07189541447691714,0.08460798114538193
13441,1,1,0.05457750582088018,0.0379105880856514
13442,0,1,0.05237177932618026,0.05223369225859642
13443,0,0,0.06480377288587755,0.03921038657426834
13444,0,0,0.08278087060856479,0.0689123272895813
13445,0,0,0.04568332377805638,0.04478376358747482
13446,0,1,0.06296719606269,0.10539213567972183
13447,0,0,0.06069717184932455,0.0422896072268486
13448,0,1,0.0514840161523923,0.05877944827079773
13449,0,1,0.09784965058969117,0.11389809846878052
13450,0,1,0.052461708972039556,0.05986829102039337
13451,0,1,0.05824483077724278,0.04137565195560455
13452,0,1,0.035407434379580556,0.03863184154033661
13453,0,1,0.07441971481463203,0.09431984275579453
13454,0,1,0.07117251446693068,0.08203400671482086
13455,0,1,0.030274722961278713,0.0655512809753418
13456,0,0,0.06738826804505865,0.05720244348049164
13457,0,1,0.045659184747523646,0.04231514036655426
13458,0,1,0.08579833479109775,0.08826762437820435
13459,0,1,0.09017450111365008,0.063985675573349
13460,0,1,0.037759986078340184,0.04568146541714668
13461,0,0,0.03462209327656323,0.03389887139201164
13462,0,1,0.03534622832380243,0.14291870594024658
13463,0,0,0.05565384560693956,0.0524410754442215
13464,0,1,0.08943807389043915,0.08573691546916962
13465,0,0,0.04124066037275352,0.08346986025571823
13466,0,1,0.053041821792879126,0.09073910117149353
13467,0,1,0.054379865221735005,0.2164517492055893
13468,0,1,0.07613693836784052,0.053475573658943176
13469,1,1,0.03903469931429681,0.13788679242134094
13470,0,1,0.05338426423134231,0.031571969389915466
13471,0,0,0.07350342740010227,0.06279531121253967
13472,0,1,0.07481059190262959,0.03633062541484833
13473,0,1,0.05412794918707968,0.045828770846128464
13474,1,1,0.06140893117621503,0.08085424453020096
13475,0,1,0.03878583719129539,0.08231139183044434
13476,0,1,0.05527498268079027,0.06680438667535782
13477,0,1,0.040509381758360885,0.008960835635662079
13478,0,1,0.07619371882125428,0.03424815833568573
13479,0,1,0.05690473769005515,0.05515427142381668
13480,0,1,0.03799603975318418,0.0394916906952858
13481,0,0,0.04377489959743053,0.03540574014186859
13482,0,1,0.07533529721310131,0.08059166371822357
13483,0,0,0.07043676688404768,0.001285269856452942
13484,0,1,0.05364769168725697,0.059719160199165344
13485,0,0,0.06828514825743268,0.03223109245300293
13486,0,0,0.07502371066231422,0.012083664536476135
13487,0,1,0.061517959825440116,0.09951604902744293
13488,0,1,0.08329061703433516,0.03922565281391144
13489,0,0,0.07444729750954815,0.04763999581336975
13490,1,0,0.0800249571421145,0.06257013976573944
13491,1,1,0.10307001209139674,0.10196512937545776
13492,0,0,0.033305335964640616,0.022995002567768097
13493,0,1,0.10681344210655694,0.10908538103103638
13494,0,0,0.06673904093971068,0.059495389461517334
13495,0,0,0.08482417524839728,0.04679861664772034
13496,0,0,0.05560473691917768,0.03851247578859329
13497,0,1,0.06396967204545584,0.11489623785018921
13498,0,1,0.06507958909242967,0.06318878382444382
13499,0,1,0.05072157935290397,0.08490506559610367
13500,0,0,0.055382088180508285,0.07016879320144653
13501,0,1,0.08869113030238929,0.04170234501361847
13502,0,1,0.027041335304856147,0.03507714718580246
13503,1,0,0.0989989654475606,0.0476512610912323
13504,1,1,0.10149880043170625,0.10019360482692719
13505,0,1,0.05364568686113527,0.0186956524848938
13506,0,1,0.05589709313044562,0.06609122455120087
13507,0,1,0.06556217810517609,0.10802101343870163
13508,0,1,0.054951328726293144,0.020265832543373108
13509,0,1,0.09988987525877518,0.10966889560222626
13510,1,0,0.0672592860098731,0.027494356036186218
13511,0,0,0.08676351394339898,-0.004417330026626587
13512,0,0,0.10260090593108673,0.09169404208660126
13513,0,1,0.05268049709069876,0.02405303716659546
13514,0,1,0.039571739506182174,0.0868474692106247
13515,0,0,0.04856452270763727,0.040511153638362885
13516,0,1,0.11195819116760991,0.07675942778587341
13517,0,1,0.0333034231731992,0.022995002567768097
13518,0,0,0.030693340874067145,0.03275281935930252
13519,0,1,0.11378083870240513,0.12541478872299194
13520,0,1,0.04838018423087273,0.03905428200960159
13521,1,1,0.06500257348899144,0.02629546821117401
13522,0,1,0.05360998756839286,0.03584592044353485
13523,1,0,0.08161863346671272,0.07908602803945541
13524,0,1,0.03456872577574088,0.03694494441151619
13525,0,1,0.06826514880229737,0.12051063776016235
13526,0,1,0.04144810882128232,0.011090502142906189
13527,0,0,0.06927302399939111,0.0772937759757042
13528,0,1,0.05475083002187425,0.037459596991539
13529,0,1,0.04392503691830166,0.05702809989452362
13530,0,1,0.059775303678950675,0.04608394205570221
13531,0,1,0.03395027878245277,0.03558335080742836
13532,0,0,0.11426398667757348,0.042717814445495605
13533,0,1,0.0914296833331033,0.14808781445026398
13534,1,1,0.06983643375120156,0.07329720258712769
13535,0,1,0.0448743494965287,0.05385616421699524
13536,0,1,0.038055713362166815,0.037497639656066895
13537,0,0,0.06191259959059618,0.05095952749252319
13538,1,0,0.11120450345841859,0.14426638185977936
13539,0,1,0.09253986813062176,0.28438612818717957
13540,0,1,0.0683477442037223,0.02894851565361023
13541,0,1,0.07449100940608688,0.12337087839841843
13542,0,1,0.043514220988042945,0.06128304824233055
13543,0,1,0.04171293123746206,0.04282042011618614
13544,0,1,0.04122427104548165,0.08099718391895294
13545,0,0,0.07140913286382491,0.09360841661691666
13546,0,1,0.07986374111883443,0.12707948684692383
13547,0,1,0.10627946880017142,0.09203319251537323
13548,1,1,0.11360700969034687,0.025633126497268677
13549,0,1,0.05507343937970231,0.014581501483917236
13550,1,1,0.06899104216768955,0.07153233140707016
13551,0,0,0.04970894296932697,0.03329920768737793
13552,0,0,0.04464903724538119,0.1360657811164856
13553,0,0,0.05326349587778065,0.02762775868177414
13554,0,1,0.06579783071639374,0.03144904971122742
13555,0,0,0.05661830584826971,0.06639017164707184
13556,0,1,0.035551972897137574,0.04718659445643425
13557,0,1,0.044454673077813645,0.04367176443338394
13558,0,1,0.031742308386159185,0.05084753781557083
13559,0,1,0.06439508355409565,0.03714388608932495
13560,0,1,0.07138905406247745,0.09848833084106445
13561,0,0,0.05002994630943321,0.07247740030288696
13562,0,1,0.10329438762110177,0.02008083462715149
13563,0,1,0.05432394151689948,0.02866702526807785
13564,0,1,0.06288076132468318,0.04706986993551254
13565,1,1,0.046375812332349886,0.05830702185630798
13566,0,1,0.0338648916016416,0.03541192039847374
13567,1,0,0.057034490183398956,0.03043954074382782
13568,0,1,0.036425600316201644,0.039560288190841675
13569,0,1,0.028355356846596617,0.04483402520418167
13570,0,0,0.036580196327738936,0.06307889521121979
13571,0,1,0.03912908513866753,0.03464164584875107
13572,0,1,0.02773443524688861,0.134064182639122
13573,0,0,0.11138159711347728,0.08564788103103638
13574,0,1,0.0808946928522617,0.03416280448436737
13575,0,1,0.041507509859334574,0.01977628469467163
13576,0,0,0.03235148340843556,0.020903071388602257
13577,0,1,0.05942246931498117,0.07948420941829681
13578,0,1,0.04084394313040235,0.06386318802833557
13579,0,1,0.04555014505458979,0.03323511779308319
13580,0,1,0.07887981223173096,0.10336361825466156
13581,0,0,0.028404951521976862,0.028759347274899483
13582,0,1,0.07425367103826855,0.025232315063476562
13583,0,1,0.056700020528235556,0.04434368014335632
13584,0,0,0.09775299824863395,0.07090020179748535
13585,0,1,0.07153230331426683,-0.008070826530456543
13586,0,0,0.03220932487787874,0.03518715500831604
13587,1,1,0.0680303774482768,0.09893006086349487
13588,0,0,0.05991396188199906,0.0809846967458725
13589,0,1,0.07515066760308847,0.04230192303657532
13590,0,0,0.08064020089903046,0.05647596716880798
13591,0,0,0.05960578215173534,0.05462801456451416
13592,1,1,0.06760309145397327,0.04340294003486633
13593,1,0,0.06570362086970102,0.018660441040992737
13594,0,0,0.060433463671334245,0.0793529823422432
13595,0,1,0.03627968061794818,0.04439355432987213
13596,0,1,0.05054499499888951,0.07931967079639435
13597,0,0,0.08456079601057254,0.20082706212997437
13598,0,1,0.037777843607146734,0.04790223017334938
13599,0,0,0.03779645976834723,0.03781087324023247
13600,0,1,0.08018625819213751,-0.017111003398895264
13601,1,0,0.04283241155427253,0.029189318418502808
13602,0,1,0.038699181727496895,0.05603334680199623
13603,1,1,0.06706723532312629,0.032437145709991455
13604,0,1,0.044358444446587694,0.06986238807439804
13605,0,1,0.05565635416018147,0.12222461402416229
13606,0,1,0.10544376683291176,0.0959339290857315
13607,0,0,0.049595068257281036,0.08941225707530975
13608,0,0,0.03115187848009618,0.06343317031860352
13609,0,0,0.07360673994565894,0.07142354547977448
13610,0,1,0.04254845794869022,0.09997058659791946
13611,0,1,0.024983826987698812,0.07743725180625916
13612,0,1,0.02967192682746888,0.05200204625725746
13613,0,1,0.07742357684709836,0.06001780927181244
13614,0,1,0.039466356632990196,0.04013949632644653
13615,0,1,0.06924116530450491,0.11696410924196243
13616,0,1,0.031750800685241276,0.058686062693595886
13617,0,0,0.05634421304744082,0.038855038583278656
13618,0,1,0.08601175964903193,0.043752893805503845
13619,0,0,0.061089456184289306,0.07219542562961578
13620,0,1,0.07577553260243289,-0.011449083685874939
13621,0,1,0.060369273635431875,0.02552381157875061
13622,0,1,0.04277442953061032,0.050364620983600616
13623,0,1,0.050017992537189776,0.040313735604286194
13624,0,0,0.060654974206751075,0.042574308812618256
13625,0,1,0.03702714168854436,0.07025886327028275
13626,1,1,0.06702877725109413,0.03460223227739334
13627,0,1,0.057688743696969344,0.08647098392248154
13628,0,1,0.0339138823029005,0.030633162707090378
13629,0,1,0.035454246109354846,0.044518813490867615
13630,0,0,0.07575220501781038,0.10495992004871368
13631,0,1,0.056331566999520924,0.07878374308347702
13632,1,0,0.09695954804667839,0.041865408420562744
13633,1,1,0.06576170516170897,0.030131399631500244
13634,1,0,0.08130650208870918,0.00847826898097992
13635,0,1,0.059997032874525125,0.05307285487651825
13636,1,1,0.0621760379759453,0.05078822374343872
13637,0,1,0.041555886233621664,-0.0816659927368164
13638,0,1,0.07390097267050938,0.03900466859340668
13639,0,1,0.04511985932256815,0.0812651664018631
13640,0,1,0.05462183061130929,0.0735357403755188
13641,0,1,0.06217651446614497,0.07533697038888931
13642,0,1,0.08653210035912848,0.05545961111783981
13643,0,1,0.059422166550201286,0.039770692586898804
13644,0,1,0.03679080237089613,0.03941913694143295
13645,0,1,0.08421220193913195,0.08898462355136871
13646,0,0,0.10051113847593987,0.1144099235534668
13647,0,1,0.033909137878473744,0.035982243716716766
13648,0,0,0.07368323950100905,0.048201896250247955
13649,0,0,0.06199027670708758,0.043216317892074585
13650,0,1,0.05750994350863285,0.06622524559497833
13651,0,1,0.051194487433555716,0.09536205977201462
13652,0,1,0.04316983217675818,0.07674991339445114
13653,0,0,0.0881621426455412,0.12169371545314789
13654,0,1,0.034743531930424995,0.09355569630861282
13655,0,1,0.040636456498109125,0.07370668649673462
13656,0,0,0.04953371919197068,0.08795517683029175
13657,0,1,0.06423896516958397,0.02380414307117462
13658,0,1,0.0713982080104486,-0.0002778768539428711
13659,0,1,0.05540857849550748,0.07177402079105377
13660,0,1,0.05723191074782234,0.040073707699775696
13661,0,1,0.03964568592640236,0.0349956750869751
13662,1,1,0.09507688972418901,0.14502064883708954
13663,1,0,0.05360998756839286,0.03584592044353485
13664,0,1,0.07378077279014583,0.1180676594376564
13665,0,1,0.05275898513746777,0.08578576892614365
13666,1,0,0.051670377013433175,0.06711918115615845
13667,0,1,0.07257024694234279,0.04367847740650177
13668,1,1,0.05356344595011278,0.03425874561071396
13669,0,1,0.06544374524798993,0.05664736032485962
13670,0,1,0.05194386770027454,0.03262148052453995
13671,0,0,0.04565517510748816,0.04153299331665039
13672,0,1,0.06697094547323611,0.04037374258041382
13673,0,1,0.04148723364140888,0.08326603472232819
13674,0,0,0.06291770027714486,0.09522886574268341
13675,0,1,0.08005312202179579,0.015971243381500244
13676,0,1,0.045528302036125665,0.03806538134813309
13677,0,1,0.032825903987507954,0.024893494322896004
13678,0,1,0.05947134772574146,0.01033414900302887
13679,0,1,0.08651299644673247,0.002251863479614258
13680,0,1,0.06474381108279782,0.0521649569272995
13681,0,1,0.06763703137975946,0.10305862873792648
13682,0,1,0.038169752904884904,0.08979503810405731
13683,0,1,0.07507543331079974,0.05205806344747543
13684,0,1,0.08722426342024114,0.11664436757564545
13685,0,1,0.03427463984621139,0.04823654145002365
13686,0,1,0.061416556429514796,0.041248224675655365
13687,1,1,0.06688751977041765,0.05996926873922348
13688,0,1,0.044542365957955465,0.08255466818809509
13689,0,0,0.03628934265907922,0.03890080377459526
13690,0,1,0.06253067137615384,0.0630287304520607
13691,0,1,0.06374383946100391,0.05355799198150635
13692,0,1,0.04371404291235437,0.03182883933186531
13693,0,1,0.03387055033232688,0.03542191535234451
13694,1,0,0.07074370588894513,0.09103138744831085
13695,0,1,0.07028845088021379,0.08646420389413834
13696,0,1,0.03426682724971672,0.07343726605176926
13697,0,0,0.06108155864772574,0.07219542562961578
13698,0,1,0.0698238790299537,0.0490005761384964
13699,0,1,0.060300170827322905,0.008961006999015808
13700,0,1,0.05440456174131614,0.07209832966327667
13701,0,1,0.04253845149701593,0.053138092160224915
13702,0,0,0.041214890345568175,0.0938405692577362
13703,0,1,0.06579360311457219,0.03144904971122742
13704,0,0,0.04771772562763166,0.018565617501735687
13705,0,1,0.043613852290326424,0.03029649704694748
13706,0,0,0.07349975826332025,0.10849614441394806
13707,0,1,0.05117331442507422,0.03557172417640686
13708,0,0,0.031139003280694348,0.054943714290857315
13709,0,0,0.025750438836533364,0.02089548110961914
13710,0,1,0.03590958213415222,0.05513739585876465
13711,1,1,0.07758726426402338,-0.024173066020011902
13712,0,1,0.052459630391075,0.05986829102039337
13713,0,1,0.03622407135553416,0.0408090204000473
13714,0,1,0.05939099814504317,0.07970074564218521
13715,0,1,0.04888141666539188,0.024698704481124878
13716,0,1,0.056405071514864485,0.057220689952373505
13717,1,1,0.08909427698217345,0.08774450421333313
13718,0,0,0.04449669137679432,0.036327991634607315
13719,0,1,0.05365816487209721,0.06394672393798828
13720,0,1,0.05942557227499022,0.05214973911643028
13721,0,1,0.08151053712309736,-0.0010254532098770142
13722,0,0,0.09705540416873532,0.03914126753807068
13723,0,1,0.033565039438303815,0.050002358853816986
13724,0,1,0.040922080283566656,0.026618652045726776
13725,0,1,0.08068997896286176,0.04018382728099823
13726,0,1,0.03129324678019132,0.04392175003886223
13727,0,1,0.06060959473383451,0.027815967798233032
13728,0,0,0.05806135577759865,0.12076762318611145
13729,0,1,0.05120719080941301,0.030361637473106384
13730,0,1,0.0262940832932392,0.035485006868839264
13731,0,0,0.04652116484693446,0.04486929252743721
13732,0,1,0.08950491658647625,0.11437700688838959
13733,0,0,0.04121851209542761,0.09975823760032654
13734,0,1,0.06069470227417344,0.012784764170646667
13735,0,1,0.04148723364140888,0.08326603472232819
13736,0,0,0.054055643182400054,0.07543224096298218
13737,0,1,0.07158118201476324,-0.008019402623176575
13738,0,1,0.02782192374211649,0.032015569508075714
13739,1,1,0.07075460438183451,0.08392606675624847
13740,0,1,0.05767264609345961,0.05107804387807846
13741,0,1,0.07472233725435876,0.02999366819858551
13742,1,1,0.04514171819405212,0.09021623432636261
13743,0,0,0.030259689707630807,0.058136530220508575
13744,0,1,0.04068366471410255,0.08304683119058609
13745,1,1,0.058121927908795265,0.11359845846891403
13746,1,0,0.04547338669007256,0.14936305582523346
13747,0,0,0.034949340687845554,0.06210152059793472
13748,0,1,0.041676792207724925,0.0416424423456192
13749,0,1,0.07821353576312132,0.1053411066532135
13750,0,1,0.04449669137679432,0.036327991634607315
13751,1,0,0.039729727319319286,0.08480026572942734
13752,0,1,0.06766315516449245,0.08977354317903519
13753,0,0,0.053480597937703336,0.09168913960456848
13754,1,1,0.08301990669051529,0.06179779767990112
13755,0,0,0.04436482547138301,0.06551302224397659
13756,0,0,0.07481852376489245,0.0675736740231514
13757,0,1,0.05137190235740083,0.030483387410640717
13758,0,1,0.06288824587431996,0.10585913807153702
13759,1,1,0.10737104970202827,0.023755759000778198
13760,0,0,0.06720609354115663,0.04817214608192444
13761,0,1,0.048653595686391576,0.07593202590942383
13762,1,1,0.0723159608318184,0.05419465899467468
13763,0,1,0.04120470231046383,0.02671625465154648
13764,0,1,0.04652116484693446,0.04486929252743721
13765,0,0,0.04044004042423488,0.08334344625473022
13766,0,0,0.04480048140475207,0.04007738083600998
13767,0,0,0.036223868692726514,0.0408090204000473
13768,1,1,0.0998374087626746,0.04072156548500061
13769,0,0,0.037279214161837916,0.0269106924533844
13770,0,1,0.08035324487686413,0.19042658805847168
13771,1,1,0.06143520012335581,0.02112402766942978
13772,0,0,0.046643647347136455,0.08066932111978531
13773,1,0,0.0800230368916939,0.06257013976573944
13774,1,1,0.040011438440900854,0.05568838119506836
13775,0,1,0.11187094213206802,0.04932767152786255
13776,0,1,0.041955523092710265,0.05029279738664627
13777,0,1,0.08418880523502326,0.08038854598999023
13778,0,1,0.10396263076136739,0.10918569564819336
13779,0,1,0.04599073473312497,0.0796978771686554
13780,0,0,0.03175161871252669,0.058686062693595886
13781,0,1,0.03902158008147014,0.04924114793539047
13782,0,0,0.029240731387566478,0.028109760954976082
13783,0,0,0.07177793478064357,0.045009687542915344
13784,0,1,0.04873649497925096,0.05587311089038849
13785,1,1,0.08691523325490311,0.09233957529067993
13786,0,0,0.0480569197464399,0.060440510511398315
13787,1,1,0.05033962055387167,0.06329501420259476
13788,0,1,0.04167933991376936,0.055624984204769135
13789,0,0,0.07215423450484637,0.0681556761264801
13790,0,1,0.05897405762415096,0.08156177401542664
13791,0,0,0.0958603255010875,0.09538537263870239
13792,0,0,0.08469644608180563,0.06969459354877472
13793,0,0,0.044839720990759724,0.04352252557873726
13794,0,0,0.050689133451377,0.0292557030916214
13795,1,1,0.04979059343023243,0.02362951636314392
13796,1,1,0.049767082489944714,0.09675351530313492
13797,0,0,0.0850447091742837,0.027537867426872253
13798,0,1,0.04754316296464341,0.0850973129272461
13799,0,1,0.08037129399590437,0.1189085990190506
13800,1,1,0.046466208530389796,0.050149720162153244
13801,0,1,0.05307633909216812,0.077543705701828
13802,0,1,0.07633440290412885,0.04057738184928894
13803,1,1,0.06102425334148864,0.03237416595220566
13804,0,0,0.0525001726371198,0.06552582234144211
13805,1,1,0.0895226302151047,0.09915967285633087
13806,0,1,0.035421794016432834,0.03404230251908302
13807,1,1,0.034404942235652436,0.02085009589791298
13808,0,1,0.07653041046646539,0.04873576760292053
13809,0,1,0.06468262791534837,0.03509512543678284
13810,0,1,0.05944444419973273,0.05106324702501297
13811,0,0,0.07084240954421875,0.09462917596101761
13812,0,0,0.05154525719205465,0.042326897382736206
13813,1,1,0.11027276518572798,0.02351480722427368
13814,1,1,0.04338033946655,0.08392743766307831
13815,0,1,0.08124938162480572,-0.0038853585720062256
13816,0,1,0.038344530148350396,0.07035756856203079
13817,0,1,0.042725238945712035,0.04749533534049988
13818,0,1,0.11055578008889524,0.13148216903209686
13819,0,1,0.037860306493734064,0.037496063858270645
13820,0,1,0.06313524202619702,0.08698005974292755
13821,1,0,0.04801556400691588,0.04734254628419876
13822,0,1,0.08785312991737901,0.0555243194103241
13823,0,1,0.05843066238889144,0.020289309322834015
13824,0,0,0.02573708954589711,0.038526955991983414
13825,0,1,0.0808787366250964,0.025825664401054382
13826,0,0,0.06616554465037613,0.07298573851585388
13827,0,0,0.03550756075774123,0.038833536207675934
13828,0,0,0.07014282675788215,0.07699280977249146
13829,0,1,0.05168179421578506,0.08083474636077881
13830,0,0,0.037626636388136514,0.058608219027519226
13831,0,1,0.054005161228219925,0.0871838629245758
13832,0,0,0.056127499107375425,0.07261160761117935
13833,0,0,0.09064430893181219,0.03929755091667175
13834,0,1,0.03344625549928432,0.01869678869843483
13835,0,1,0.07087125427416952,0.048978328704833984
13836,0,0,0.049888310366626165,0.05998688191175461
13837,0,1,0.03720985972112218,0.050645653158426285
13838,0,0,0.05922788362867265,0.031123802065849304
13839,0,1,0.0666045686281703,0.0914924368262291
13840,0,0,0.06874124359582169,0.07893425226211548
13841,1,1,0.06670803220878242,0.03448733687400818
13842,0,0,0.08729490260076117,0.07854458689689636
13843,0,1,0.04148723364140888,0.08326603472232819
13844,0,0,0.05739348269986054,0.04953404515981674
13845,1,1,0.08096996576702031,0.07262073457241058
13846,1,1,0.03812909162059818,0.007885992527008057
13847,0,1,0.06423896516958397,0.02380414307117462
13848,0,1,0.025011569464308395,0.05373028665781021
13849,1,0,0.0714441936553456,-0.003851264715194702
13850,0,0,0.04242425436004829,0.04690483957529068
13851,0,1,0.04653897716011125,0.05707450211048126
13852,0,1,0.037690312313618156,0.08275589346885681
13853,0,1,0.06988627203308298,0.0905480831861496
13854,0,1,0.09695471340503983,0.07507309317588806
13855,0,1,0.06712898332871596,0.035837575793266296
13856,1,0,0.08543177003695893,0.09847444295883179
13857,0,1,0.07363691461882513,0.0591111034154892
13858,0,1,0.066635593612801,0.07656823098659515
13859,0,1,0.05803144487165761,0.047128915786743164
13860,0,0,0.07341401424820357,0.0783214196562767
13861,0,0,0.11421729177737533,0.05203816294670105
13862,0,1,0.06835224007660781,0.043056972324848175
13863,0,1,0.04018099124169247,0.05369402840733528
13864,0,0,0.07861546769228961,0.020884916186332703
13865,0,1,0.057278771353172955,0.07160329818725586
13866,0,0,0.04977614992833994,0.09710109233856201
13867,1,1,0.058414984679831125,0.06313832849264145
13868,0,1,0.07465843248889381,0.1006685122847557
13869,0,0,0.08694028874489759,0.06759341061115265
13870,0,1,0.07136155779843503,0.0905643031001091
13871,1,0,0.04770726629498499,0.058225713670253754
13872,0,1,0.046003977586171405,0.07576349377632141
13873,1,1,0.07670516449105244,0.08214922249317169
13874,0,0,0.035575011397568225,0.03445994853973389
13875,0,0,0.10424511888311422,0.09990786015987396
13876,1,1,0.04551925791899268,0.03862765431404114
13877,0,0,0.0648623175050496,0.06201942265033722
13878,0,0,0.07222811196043094,0.03721281886100769
13879,0,1,0.06465429977763242,0.0905567854642868
13880,0,1,0.0913181251216712,0.0025551915168762207
13881,0,1,0.058036668700819444,0.053880997002124786
13882,0,0,0.08912742129572501,-0.00763683021068573
13883,0,1,0.09441381345402253,0.09094014018774033
13884,0,1,0.05532975075322935,0.06368385255336761
13885,0,1,0.07056527487246238,0.06705473363399506
13886,1,1,0.08314526379586581,0.030682384967803955
13887,0,1,0.05532975075322935,0.06368385255336761
13888,0,1,0.053442848062840234,0.06335791945457458
13889,0,1,0.05421237700369459,0.09677782654762268
13890,0,0,0.10514586143042315,0.11538976430892944
13891,0,0,0.03628934265907922,0.03890080377459526
13892,0,1,0.05637708842402718,0.03881625086069107
13893,0,1,0.05135399724069846,-0.014920935034751892
13894,0,0,0.03988785698177562,0.06849753111600876
13895,0,1,0.053694808254273724,0.022177845239639282
13896,0,1,0.06570392626539391,0.018660441040992737
13897,0,0,0.03124479583237346,0.036874040961265564
13898,0,1,0.09863832415145474,0.11714471876621246
13899,0,1,0.05175603478959506,0.08029042929410934
13900,1,1,0.06171474266973065,0.08562318980693817
13901,0,1,0.06369045223651496,0.041007235646247864
13902,0,1,0.05183787303029551,0.07953503727912903
13903,0,1,0.05666489451132263,0.12135404348373413
13904,0,1,0.06950216262017908,0.07612283527851105
13905,0,0,0.046512018112950845,0.06000334769487381
13906,0,1,0.05466071553897674,0.08782538771629333
13907,1,0,0.04274876831906432,0.06818926334381104
13908,0,1,0.042721604944254574,0.06392230093479156
13909,0,1,0.035877306584725495,0.06578056514263153
13910,0,0,0.034949340687845554,0.06210152059793472
13911,0,1,0.06652959507731156,0.05664736032485962
13912,0,1,0.06294251071778093,0.045398928225040436
13913,1,1,0.09430189350649312,0.07871957123279572
13914,1,1,0.05662020033760022,0.06999263912439346
13915,1,1,0.04725847462918391,0.06276187300682068
13916,0,1,0.05940739431421507,0.0775638148188591
13917,0,0,0.05661358766109616,0.06999263912439346
13918,1,1,0.08323037946744863,0.14041973650455475
13919,0,1,0.03802090651035066,0.030871987342834473
13920,0,1,0.09330793837596571,0.07650864124298096
13921,1,1,0.03510494709010133,0.018885310739278793
13922,0,0,0.030264936077452453,0.05901056528091431
13923,0,0,0.056287014305221345,0.07955656200647354
13924,1,1,0.05429648329636487,0.009922914206981659
13925,0,0,0.08171969099189566,0.0701199620962143
13926,0,1,0.030900501683729376,0.03274969756603241
13927,1,0,0.07349054369836139,0.10849614441394806
13928,0,0,0.06117602429658643,0.05860888957977295
13929,1,1,0.09430038867298776,0.07871957123279572
13930,0,0,0.0520488136415722,0.032901473343372345
13931,0,0,0.050506249098163286,0.08726318180561066
13932,0,0,0.07618528217912407,0.04878706485033035
13933,0,1,0.07048152953775053,0.015138387680053711
13934,1,0,0.07098821074603368,0.03828634321689606
13935,1,1,0.07402711210225527,0.12719400227069855
13936,0,1,0.09681697504998266,0.033896446228027344
13937,0,0,0.06114043663483537,0.05831088870763779
13938,0,1,0.046151494444829355,0.023028217256069183
13939,1,1,0.06469574199352576,0.028808504343032837
13940,0,1,0.049846001446460966,0.004230126738548279
13941,0,0,0.07147313257143897,0.03137741982936859
13942,0,0,0.032415065779649234,0.02512568235397339
13943,0,1,0.0940374563267869,0.10482242703437805
13944,0,0,0.0803113188780967,0.10385361313819885
13945,0,1,0.03425664155204775,0.06343717873096466
13946,0,1,0.0720063638687704,0.0875740647315979
13947,0,0,0.032825903987507954,0.024893494322896004
13948,0,1,0.08082825782691924,0.03350368142127991
13949,0,0,0.10387686751756386,0.10990089178085327
13950,0,0,0.062431151697771345,0.005648523569107056
13951,0,1,0.053007295552797304,0.09145660698413849
13952,0,0,0.02579658597594183,0.03387933969497681
13953,0,0,0.0448236074879584,0.039068929851055145
13954,0,1,0.07203815957364623,0.030333146452903748
13955,1,0,0.09028665222439261,0.07692559063434601
13956,0,1,0.09213682731674794,0.10545191168785095
13957,0,0,0.043951714280038426,0.018372468650341034
13958,0,0,0.07755896223602407,0.015408724546432495
13959,0,1,0.03920404608825977,0.05085078626871109
13960,0,1,0.060841516912468585,0.07898692786693573
13961,0,1,0.07562611534581204,0.10271147638559341
13962,0,1,0.03801235088510635,0.037034034729003906
13963,0,1,0.038420112103096024,0.03408220782876015
13964,0,0,0.0725315466946421,0.08912965655326843
13965,1,1,0.06145191658016638,0.09609268605709076
13966,1,0,0.09296823621152048,0.1152285486459732
13967,0,1,0.0543211497931612,-0.00673481822013855
13968,0,1,0.06689394029246883,0.08607576787471771
13969,0,1,0.045664370078437405,0.04443461075425148
13970,0,0,0.060445434537614584,0.0816519632935524
13971,0,1,0.05666489451132263,0.12135404348373413
13972,0,1,0.05532975075322935,0.06368385255336761
13973,0,1,0.03693551181162079,0.06442577391862869
13974,0,1,0.04014518250476885,0.05670086294412613
13975,0,1,0.03555897888106299,0.03849199786782265
13976,0,1,0.051182661317212,0.07580476254224777
13977,0,1,0.05304430454701961,0.0871838629245758
13978,0,0,0.07950433793695089,0.03466746211051941
13979,1,1,0.04598253043597314,0.0774490237236023
13980,0,1,0.07645890865729654,0.13237044215202332
13981,0,0,0.06561325508267295,0.03586265444755554
13982,0,1,0.046751512351711544,0.05600075423717499
13983,1,1,0.059911167949618066,0.07340295612812042
13984,0,1,0.05690473769005515,0.05515427142381668
13985,0,1,0.029818619305326415,0.026259250938892365
13986,0,0,0.06507996059830301,0.08439651876688004
13987,0,0,0.07715669212292586,0.05532626807689667
13988,0,0,0.03900444189424627,0.051063112914562225
13989,0,0,0.0778736055474222,-0.0015840977430343628
13990,1,1,0.05869598225916779,0.08192457258701324
13991,0,1,0.039581441122344865,0.06151019036769867
13992,0,1,0.05335053308969166,0.10504192113876343
13993,0,0,0.0682392130831094,0.054671451449394226
13994,0,1,0.046028874181983745,0.048765040934085846
13995,0,1,0.07326449382877662,0.07556851208209991
13996,0,0,0.06493379531150242,0.07308828830718994
13997,0,1,0.059616563053520144,0.016535691916942596
13998,1,1,0.02811452159235272,0.03270769864320755
13999,1,1,0.06705496808014255,0.02493096888065338
14000,0,1,0.05852101084020282,0.04789616912603378
14001,0,1,0.10627390588157007,0.10501255095005035
14002,0,0,0.09578935532720254,0.04618711769580841
14003,1,0,0.07066294677265458,0.034248851239681244
14004,0,1,0.040183546467365175,0.0523533932864666
14005,0,1,0.07111000726139877,0.03998349606990814
14006,0,1,0.06054228834703679,0.10642942041158676
14007,0,1,0.03456030550254164,0.03188854828476906
14008,0,0,0.04624672787569495,0.1670289933681488
14009,0,0,0.03071060881947113,0.042863015085458755
14010,0,0,0.05104559143509349,0.009781144559383392
14011,0,1,0.07744020834311119,0.03859701752662659
14012,0,1,0.05069447176857342,0.0312332883477211
14013,0,1,0.08202612083279989,0.03972285985946655
14014,0,1,0.045938465712850554,0.047966666519641876
14015,0,0,0.08450367233208333,0.07984374463558197
14016,0,0,0.06820241304096998,0.049183450639247894
14017,0,1,0.05599607313639775,0.07090003788471222
14018,0,1,0.06646536245286307,0.0881982073187828
14019,0,1,0.05529679971462183,0.07726338505744934
14020,0,1,0.045396931582173686,0.07324114441871643
14021,0,1,0.06172210380688006,0.03311246633529663
14022,0,0,0.036607748195216394,0.05269878730177879
14023,0,0,0.04505273400580806,0.046023350208997726
14024,0,0,0.09681351654059114,0.033896446228027344
14025,0,1,0.03042428766937752,0.03743656724691391
14026,0,1,0.045149682140463,0.06594306230545044
14027,0,1,0.05390096955003826,0.09204166382551193
14028,0,1,0.059775303678950675,0.04608394205570221
14029,0,0,0.0873290510039281,0.08960054814815521
14030,0,1,0.06668056932214052,0.06610263139009476
14031,0,1,0.0434868132736244,0.04250538349151611
14032,1,1,0.12088552856871587,0.03447791934013367
14033,1,0,0.0996538836018207,0.041466981172561646
14034,0,1,0.04167278786803266,0.05138500779867172
14035,0,0,0.056839536556814535,0.0480714812874794
14036,0,1,0.03342783328552684,0.04920874908566475
14037,0,1,0.08714228803896859,0.08324988186359406
14038,0,1,0.04656604232491822,0.02967950701713562
14039,0,0,0.06333122834073905,0.04532685875892639
14040,0,0,0.11041182399073615,0.1069875955581665
14041,0,1,0.06367300899929844,0.047786012291908264
14042,0,1,0.07996490317455046,0.10922856628894806
14043,0,1,0.08508136293495186,0.09303778409957886
14044,0,1,0.07203690380908534,0.030333146452903748
14045,0,1,0.0651721672493272,0.09080956876277924
14046,0,0,0.033910353991418674,0.04085060581564903
14047,0,1,0.06728118878733082,0.07813075184822083
14048,0,1,0.06664036535644817,0.029179468750953674
14049,0,1,0.03886503797692677,0.08074001222848892
14050,0,1,0.08770431062871123,0.042009636759757996
14051,0,1,0.04896939945184592,0.023014314472675323
14052,1,0,0.04544647388272151,0.11974720656871796
14053,0,1,0.11038178301058543,0.11793483793735504
14054,0,0,0.08837387898076571,0.03887583315372467
14055,0,1,0.06175474257167228,0.11573878675699234
14056,0,1,0.06038867598320943,0.029445886611938477
14057,0,1,0.042734731846697946,0.036359820514917374
14058,0,0,0.060431420278362735,0.0793529823422432
14059,0,1,0.08222005081872111,0.07885338366031647
14060,0,0,0.04187319450282852,0.032752230763435364
14061,0,1,0.05113788924394509,0.0984218567609787
14062,0,0,0.031291822882239764,0.02329644374549389
14063,0,1,0.0472952055187912,0.051198434084653854
14064,0,1,0.06119187834806834,0.07251075655221939
14065,0,1,0.041181850340324164,0.04757048189640045
14066,0,0,0.030789691697338306,0.0825541540980339
14067,0,0,0.03229015343101281,0.018744923174381256
14068,0,0,0.06361876722676221,0.031346388161182404
14069,0,1,0.06930830328709026,0.1184733435511589
14070,0,0,0.046641144163460116,0.0703575536608696
14071,0,1,0.06396194096222624,0.09180711209774017
14072,0,1,0.04372581840701609,0.05197969079017639
14073,0,1,0.05665025408604214,0.035610295832157135
14074,0,1,0.04979059343023243,0.02362951636314392
14075,1,1,0.07608318331206884,0.07839341461658478
14076,1,1,0.05527196764227317,0.015846654772758484
14077,0,1,0.06117217812791731,0.055346712470054626
14078,0,0,0.054556017431001205,0.0848965048789978
14079,0,1,0.05293368332856632,0.030330583453178406
14080,0,1,0.07173534301038528,0.07726309448480606
14081,0,0,0.044332426435952824,0.08949439972639084
14082,1,0,0.05441097909519421,0.07209832966327667
14083,0,0,0.10939043079072328,0.08215156197547913
14084,0,0,0.04148045418671224,0.06525277346372604
14085,0,0,0.04132728938092492,0.10258332639932632
14086,0,0,0.04007136880011612,0.05183860659599304
14087,0,0,0.047832329531290116,0.07032132148742676
14088,0,0,0.06610896496083367,0.15333902835845947
14089,0,0,0.06948951457714926,0.08922217041254044
14090,0,1,0.0808352308856268,0.11045589298009872
14091,0,1,0.03206173632067698,0.06156148761510849
14092,0,1,0.037112145631711266,0.049536388367414474
14093,0,1,0.07569638551884522,0.08466516435146332
14094,0,0,0.045635395280343494,0.054451316595077515
14095,1,0,0.06142637865807049,0.06853443384170532
14096,0,1,0.0507294964914114,-0.04895462840795517
14097,0,1,0.053391489744195914,0.08035311847925186
14098,0,1,0.08736339758876677,0.12954998016357422
14099,0,0,0.10515396475012659,0.11538976430892944
14100,0,1,0.030625801119175476,0.0437246672809124
14101,1,1,0.0864522377717345,0.04590429365634918
14102,0,1,0.06324312425252436,0.046559177339076996
14103,0,1,0.08731673296792625,0.10343150794506073
14104,0,0,0.05527196764227317,0.015846654772758484
14105,0,0,0.05850495477103079,0.06448879837989807
14106,0,1,0.05909838773828441,0.05392280966043472
14107,0,1,0.03107194406308913,0.0661182850599289
14108,0,1,0.03177895705792848,0.057178251445293427
14109,0,1,0.03537595706668454,0.04327065497636795
14110,0,1,0.05217112604026382,0.09387873113155365
14111,0,1,0.07329019726593045,0.06676018238067627
14112,1,0,0.07010038400374538,0.031839653849601746
14113,0,1,0.05848150397127749,0.08178877085447311
14114,0,1,0.028404951521976862,0.028759347274899483
14115,0,1,0.027616837410226018,0.02929203398525715
14116,0,1,0.08295362228171727,0.028219416737556458
14117,0,1,0.0332985589647029,0.05397898703813553
14118,0,1,0.02839346852338049,0.038194142282009125
14119,0,0,0.052240242357801475,0.0109567791223526
14120,0,0,0.04277332981468451,0.04423939436674118
14121,0,1,0.02843986515366549,0.024529816582798958
14122,0,1,0.03847293921650011,0.05549272149801254
14123,0,1,0.05115611721881906,0.02996465563774109
14124,0,1,0.06551558939466638,0.050142720341682434
14125,0,1,0.07309574070199854,-0.0025210678577423096
14126,0,1,0.05832085726934648,0.09471829235553741
14127,0,0,0.06390364966744007,0.048921652138233185
14128,0,1,0.027083563440234444,0.02291642501950264
14129,1,1,0.12724143964898854,0.036954253911972046
14130,1,1,0.046723566811812,0.04306910187005997
14131,0,1,0.06358930438546403,0.07677629590034485
14132,0,1,0.0864760979087586,0.0595417320728302
14133,0,1,0.060128057534806226,0.04572743922472
14134,0,0,0.06296004958457538,0.07107298076152802
14135,0,1,0.06581716646670972,0.04009753465652466
14136,0,1,0.11344280760414549,0.11075115203857422
14137,0,1,0.04510574934569689,0.08690101653337479
14138,0,0,0.04652116484693446,0.04486929252743721
14139,0,1,0.0582733198201837,0.019372835755348206
14140,0,0,0.07801672306025009,0.02833583950996399
14141,0,1,0.0577640300626905,0.043697938323020935
14142,0,0,0.03728011148519047,0.024910785257816315
14143,1,1,0.07365079134216695,0.0591111034154892
14144,0,0,0.05469182635705312,0.04249751567840576
14145,0,1,0.07596640531711082,0.029121458530426025
14146,0,0,0.07176686379442485,0.048576027154922485
14147,0,0,0.113036503155231,0.07076120376586914
14148,0,1,0.0692670148058953,0.09421151131391525
14149,0,0,0.04759857535308927,0.048446908593177795
14150,0,0,0.027616837410226018,0.02929203398525715
14151,1,0,0.033934737180530986,0.032269082963466644
14152,0,1,0.08626534725139548,0.019400417804718018
14153,0,1,0.06447803378182972,0.06540240347385406
14154,0,1,0.06268100090423913,0.032127007842063904
14155,0,1,0.052923542481160865,0.03977341204881668
14156,0,0,0.0439521986628862,0.04031161218881607
14157,0,1,0.06397701870432727,0.09903891384601593
14158,1,0,0.05053012625013931,0.033063702285289764
14159,0,1,0.051006728753187874,0.020576059818267822
14160,0,1,0.03563605194178123,0.040084339678287506
14161,0,0,0.04845443109371239,0.03255690634250641
14162,0,1,0.08383316750068642,0.03834940493106842
14163,1,0,0.10045942652159248,0.11283238232135773
14164,0,0,0.04458597732309423,0.06715177744626999
14165,0,0,0.04032576596415874,0.0191277414560318
14166,0,1,0.06871238094481268,0.004058569669723511
14167,0,0,0.07397594083970344,0.03764083981513977
14168,0,1,0.04866463521465257,0.07249507308006287
14169,0,0,0.05591078228907516,0.038564689457416534
14170,0,0,0.04808266690763749,0.054600201547145844
14171,0,1,0.0513408890610102,0.01759013533592224
14172,0,1,0.0522865817565808,0.020353227853775024
14173,0,1,0.028404951521976862,0.028759347274899483
14174,0,1,0.0714134028287417,0.0808628648519516
14175,0,0,0.05707729410864412,0.024117574095726013
14176,0,1,0.04722782638085746,0.08411440998315811
14177,0,1,0.059928461478609,0.1219056025147438
14178,0,1,0.0582733198201837,0.019372835755348206
14179,0,0,0.056564079386661414,0.040631622076034546
14180,0,1,0.07834200088261015,0.04882463812828064
14181,0,1,0.06840900454173619,0.027461275458335876
14182,0,1,0.03231154585345196,0.012869369238615036
14183,0,0,0.09021935108586474,0.193341925740242
14184,1,0,0.07862347182417143,0.06912794709205627
14185,0,1,0.05458492761559189,0.022426165640354156
14186,0,0,0.1092484448322458,0.08025693893432617
14187,0,1,0.05125823542397891,0.02945408970117569
14188,0,1,0.11235682309579048,0.10527436435222626
14189,0,0,0.04204661105147496,0.046339087188243866
14190,0,1,0.03774181794647803,0.04468240588903427
14191,0,1,0.06593262559370383,0.12689104676246643
14192,0,0,0.03892759281130019,0.09414683282375336
14193,0,1,0.06289391120819597,0.054131343960762024
14194,0,0,0.06984757407321161,0.10507191717624664
14195,1,1,0.044654495412404516,0.14420165121555328
14196,1,1,0.07203221687723152,0.03941158950328827
14197,0,0,0.03848278244803739,0.048465847969055176
14198,0,1,0.04832103759524334,0.03577454388141632
14199,0,0,0.06562368360287589,0.16806530952453613
14200,1,1,0.11991971351061714,0.09072302281856537
14201,1,1,0.05235668575215428,0.07366609573364258
14202,0,1,0.05437889270897352,0.10319190472364426
14203,0,0,0.09961497811097123,0.11938749253749847
14204,0,1,0.07797894086686799,0.05056332051753998
14205,0,1,0.0573103884059242,0.0860573947429657
14206,0,1,0.05531533313588442,0.07165728509426117
14207,0,1,0.06156444407099157,0.0939265787601471
14208,0,1,0.0754091296479362,0.06437325477600098
14209,0,1,0.05100129118308944,0.019283384084701538
14210,0,0,0.04577795297981524,0.08943379670381546
14211,0,1,0.08147202748637675,0.10116909444332123
14212,1,0,0.06391686292936621,0.09328223764896393
14213,0,0,0.043195940864760224,0.09670232236385345
14214,1,1,0.052513872601423095,0.0477299690246582
14215,0,1,0.053146720936714326,0.0402645468711853
14216,0,1,0.03680406364445893,0.027752414345741272
14217,0,0,0.09678878708967315,0.09555892646312714
14218,1,1,0.06652959507731156,0.05664736032485962
14219,0,0,0.025027046697425975,0.042541246861219406
14220,0,1,0.05095472309622871,0.048275262117385864
14221,0,1,0.05086893293589907,0.08112820982933044
14222,0,1,0.04510777820523293,0.08690101653337479
14223,0,0,0.050450744250872565,0.05873894691467285
14224,0,0,0.04144202296765784,0.011260498315095901
14225,0,1,0.0928540026382452,0.0689510852098465
14226,0,0,0.06320129884208782,0.037363916635513306
14227,0,0,0.0804703137079821,0.03886325657367706
14228,0,1,0.031095404877431537,0.05292897671461105
14229,0,1,0.11426845118641105,0.10114246606826782
14230,0,1,0.05802996078447134,0.08459272235631943
14231,0,0,0.07322748627401865,0.06675997376441956
14232,1,1,0.03776435121101437,0.021586406975984573
14233,1,1,0.06806602903974472,0.04384028911590576
14234,0,0,0.03534087169553622,0.041611362248659134
14235,0,0,0.08743557300956639,0.08944207429885864
14236,0,0,0.0735806505965895,0.0568259060382843
14237,0,1,0.05816082739241013,0.08102233707904816
14238,0,1,0.043117488685116,0.08923391252756119
14239,0,0,0.04719572002012394,0.05134371668100357
14240,0,0,0.05187622091947357,0.08640070259571075
14241,1,1,0.04979059343023243,0.02362951636314392
14242,0,1,0.05941861865820215,0.06580516695976257
14243,0,1,0.0798980886416567,0.04507504403591156
14244,0,1,0.05431146017964254,0.018522299826145172
14245,0,1,0.03084176235894758,0.03995757922530174
14246,0,0,0.034750600802593574,0.028386712074279785
14247,0,1,0.0667919043604452,0.022871509194374084
14248,0,1,0.08501323496127974,0.05919624865055084
14249,0,0,0.0758979379318584,0.002405226230621338
14250,1,1,0.05530403742087761,0.07164527475833893
14251,0,1,0.08308580935082396,0.10996700823307037
14252,0,1,0.07503286255674407,0.06228873133659363
14253,1,1,0.0811771283954748,0.051575541496276855
14254,0,1,0.038905213436543275,0.06443968415260315
14255,1,1,0.0443529153746921,0.05350597947835922
14256,0,0,0.05730346600781887,0.020256437361240387
14257,1,1,0.06273396563904245,0.06250929832458496
14258,0,1,0.07256755079073121,0.04445484280586243
14259,0,1,0.05716448943936957,0.09542539715766907
14260,0,1,0.06657057962344243,0.07543417811393738
14261,0,1,0.07677227884955765,0.03572717308998108
14262,1,1,0.07639160140765525,0.06746646761894226
14263,0,0,0.04598411249796669,0.049134232103824615
14264,1,1,0.07257024694234279,0.04367847740650177
14265,0,1,0.05531256200508089,0.05838574469089508
14266,0,1,0.05591103405928864,0.050161704421043396
14267,0,1,0.04163849899617314,0.041970569640398026
14268,0,0,0.07804078293438771,0.019473686814308167
14269,0,0,0.06579180338062789,0.03185325115919113
14270,1,1,0.05092259282346828,0.031488560140132904
14271,0,1,0.08748204251821812,0.07407349348068237
14272,1,1,0.05697726037593591,0.04775156080722809
14273,0,1,0.039864532287377866,0.049410708248615265
14274,0,0,0.07087491512776611,0.010504499077796936
14275,0,1,0.08311039903290424,0.07697850465774536
14276,0,1,0.08241119362025437,0.018955156207084656
14277,0,1,0.043531167424207776,0.04136176407337189
14278,0,0,0.07888556258871846,0.01631218194961548
14279,0,1,0.07064263395093764,0.048576027154922485
14280,0,1,0.06726002625542489,0.07776044309139252
14281,0,1,0.04509023174119704,0.07573529332876205
14282,0,1,0.06069245515007232,0.060188762843608856
14283,0,0,0.0636752105961134,0.09167676419019699
14284,0,1,0.06544448577401298,0.03709641844034195
14285,0,0,0.07600777116959681,0.04832504689693451
14286,0,1,0.053997034737684094,0.0712541937828064
14287,0,1,0.07744020834311119,0.03859701752662659
14288,0,1,0.0522279253596549,0.009677022695541382
14289,0,1,0.1012559655162314,0.10910366475582123
14290,0,1,0.09202006954778139,0.02589517831802368
14291,0,1,0.09712743991419659,0.09125816822052002
14292,0,0,0.06896049257097692,0.03451777249574661
14293,0,0,0.06911908276540273,0.05993802845478058
14294,0,0,0.04253845149701593,0.053138092160224915
14295,1,1,0.10281980926386794,0.08816227316856384
14296,0,1,0.06042999047530932,0.07912462949752808
14297,0,1,0.05180530119092733,0.09113098680973053
14298,0,1,0.052137303818049374,0.08798921853303909
14299,0,0,0.05051705884325222,0.08726318180561066
14300,0,1,0.08887183074550273,0.03716548532247543
14301,0,0,0.049110441773301344,0.062082499265670776
14302,0,0,0.06503509392957442,0.028026849031448364
14303,0,1,0.028318866191032084,0.14176639914512634
14304,0,1,0.07605643748815266,0.09616406261920929
14305,0,1,0.05973317825755513,0.060398951172828674
14306,0,1,0.08316571594230068,0.09014737606048584
14307,1,1,0.08443091136671646,0.036920949816703796
14308,0,0,0.06367300899929844,0.047786012291908264
14309,1,1,0.0714526028255035,0.05226413905620575
14310,0,0,0.0824590799038207,0.04618288576602936
14311,0,0,0.07707363428030359,0.07019602507352829
14312,0,1,0.04258650625468001,0.08164888620376587
14313,1,0,0.053442848062840234,0.06335791945457458
14314,0,1,0.04266131295020091,0.08394106477499008
14315,0,1,0.0517467615449716,0.08803628385066986
14316,0,0,0.028404951521976862,0.028759347274899483
14317,0,1,0.03235737243011433,0.024353589862585068
14318,0,0,0.03266682504186733,0.05679105222225189
14319,0,1,0.051812930953028094,0.08843062072992325
14320,0,0,0.039593814364694294,0.021632637828588486
14321,0,1,0.037153530033217225,0.04942939803004265
14322,0,0,0.06040519593145091,0.03229992091655731
14323,0,1,0.04511512364869899,0.07221511751413345
14324,0,0,0.06648022362372626,0.11524468660354614
14325,0,1,0.05910394364866697,0.05000591278076172
14326,0,1,0.037824091011978866,0.08885792642831802
14327,0,1,0.027071312981456368,0.02554347738623619
14328,0,1,0.054876908904301705,0.04118961840867996
14329,0,0,0.0424175036782283,0.09386780112981796
14330,0,1,0.10250675773771581,0.040706366300582886
14331,0,1,0.08397223472258078,0.15263694524765015
14332,1,1,0.10397565501056846,0.010527163743972778
14333,0,1,0.0679155797174828,0.0669265016913414
14334,0,1,0.056314595608843956,0.0652768611907959
14335,0,1,0.047598464313688305,0.048446908593177795
14336,0,1,0.03724656979357115,0.02515219897031784
14337,0,1,0.04146559499787193,0.08387817442417145
14338,0,1,0.06931386935081506,0.054061487317085266
14339,0,0,0.051684049320808556,0.08113332092761993
14340,0,1,0.03590958213415222,0.05513739585876465
14341,0,1,0.05584712289561586,0.09052717685699463
14342,1,1,0.05605792157434171,0.018497243523597717
14343,1,1,0.11006935219851974,0.1190643459558487
14344,0,1,0.04286026200555369,0.018763206899166107
14345,0,0,0.033877798057663645,0.034764353185892105
14346,1,1,0.0664184691927294,0.07483802735805511
14347,1,1,0.06809326679038981,0.07715170085430145
14348,0,1,0.08770595751958563,0.1102461963891983
14349,0,1,0.039029690441479435,0.04947023093700409
14350,0,1,0.04806564081326463,0.06214318424463272
14351,0,1,0.049963862960275635,0.08112820982933044
14352,0,0,0.047257936090664726,0.06276187300682068
14353,0,0,0.06199142837295557,0.043216317892074585
14354,0,0,0.0891942410277812,0.031380534172058105
14355,0,0,0.0688465537047169,0.03005741536617279
14356,0,1,0.04556911536227988,0.0766848474740982
14357,1,1,0.041193038722303274,0.03358960896730423
14358,0,0,0.08026416563459537,0.0993543267250061
14359,0,1,0.03711219047564294,0.043910279870033264
14360,0,0,0.03955199052971485,0.029895968735218048
14361,0,1,0.06541098487450311,0.08277294784784317
14362,1,0,0.07565528890930043,0.0679434984922409
14363,0,0,0.077055759611425,0.0738234668970108
14364,0,1,0.03731215362981851,0.028947237879037857
14365,0,1,0.06137498753397436,0.05849180370569229
14366,1,1,0.05032395816536095,0.064457006752491
14367,1,1,0.07740028154243717,0.07869760692119598
14368,0,0,0.05260925316043445,0.050902970135211945
14369,0,1,0.07240817204502259,0.05648157000541687
14370,0,0,0.02806750108537813,0.017445478588342667
14371,0,0,0.0606575067214626,0.016682222485542297
14372,0,0,0.09346729727113226,0.08380377292633057
14373,0,0,0.06381886331991048,0.04115430265665054
14374,0,1,0.03177895705792848,0.057178251445293427
14375,0,1,0.04878359346754722,0.07637985050678253
14376,0,1,0.0479766223821068,0.0444490909576416
14377,0,1,0.031724582697159075,0.07102487981319427
14378,0,0,0.0714409175992892,0.03822307288646698
14379,0,0,0.0946951935751103,-0.006089463829994202
14380,0,0,0.06822165381505492,0.04205305874347687
14381,0,0,0.03904820816053219,0.0313497893512249
14382,0,1,0.0262940832932392,0.035485006868839264
14383,0,0,0.08297419849628954,0.07118257880210876
14384,0,1,0.03554058569386988,0.03229544311761856
14385,0,1,0.05066968231787114,0.02165362238883972
14386,0,0,0.04656338323632951,0.07900428026914597
14387,0,0,0.059760093629376995,0.03838396072387695
14388,1,0,0.06074035937512544,0.02824541926383972
14389,0,1,0.07014334077098298,0.030655458569526672
14390,0,1,0.05088528868401647,0.09690622985363007
14391,0,0,0.09083197822925343,0.009712964296340942
14392,0,1,0.08221935591401439,0.06715811789035797
14393,0,0,0.06155269499404334,0.13098877668380737
14394,0,1,0.03116165913695327,0.04676978290081024
14395,0,1,0.07034793757220352,0.10063324868679047
14396,0,1,0.05526033965801479,0.028965532779693604
14397,0,0,0.08114883264080008,0.05159883201122284
14398,1,1,0.0375803540774535,0.06547758728265762
14399,1,0,0.03810492253335854,0.07797566056251526
14400,0,1,0.06203199852653532,0.03599734604358673
14401,0,1,0.0703447979225024,0.10184438526630402
14402,0,1,0.039864522813933004,0.05941556766629219
14403,0,1,0.08038591930796032,0.08743269741535187
14404,0,1,0.04258650625468001,0.08164888620376587
14405,0,1,0.04371404291235437,0.03182883933186531
14406,0,1,0.07990507223924179,0.03481101989746094
14407,0,0,0.06137417546099766,0.08813858032226562
14408,1,1,0.03875506762820799,0.04117021709680557
14409,1,1,0.054701134357273695,0.09291568398475647
14410,1,1,0.07938644882440668,0.07104897499084473
14411,0,0,0.09156365036572145,0.022943764925003052
14412,0,0,0.0756813599525358,0.04599502682685852
14413,1,1,0.07180011881912968,0.04510469734668732
14414,0,1,0.03177895705792848,0.057178251445293427
14415,0,1,0.052030581549909416,0.03189612925052643
14416,0,1,0.035559056518519615,0.03849199786782265
14417,0,1,0.077482948511894,0.06259620189666748
14418,0,0,0.03462209327656323,0.03389887139201164
14419,0,1,0.06827150760792879,0.12702804803848267
14420,0,1,0.0889497300388235,0.08879981935024261
14421,0,1,0.08318432191483002,0.07820289582014084
14422,0,1,0.04803139003008508,0.041051529347896576
14423,0,1,0.03043557021077479,0.02884254790842533
14424,0,0,0.07735466856031409,0.07298220694065094
14425,1,1,0.0613796058180089,0.054341040551662445
14426,0,1,0.060077586393330176,0.04527881741523743
14427,0,1,0.03896409234275776,0.125876784324646
14428,0,1,0.0593362360216568,0.09328186511993408
14429,0,0,0.06468375722007222,0.028808504343032837
14430,0,1,0.04286145264499758,0.02705640345811844
14431,0,1,0.06024989095784658,0.09284518659114838
14432,0,1,0.07066840603828159,0.0482293963432312
14433,0,1,0.043085194972696056,0.08837790787220001
14434,0,1,0.036797187370752944,0.02395937591791153
14435,1,1,0.0629183095014034,0.08235328644514084
14436,0,0,0.06017267170252358,0.07340716570615768
14437,1,1,0.07334711011667766,0.12290675938129425
14438,0,0,0.05792565242546188,0.04473107308149338
14439,0,0,0.05730934482347082,0.06958324462175369
14440,0,1,0.04768760277115423,0.08494120091199875
14441,0,0,0.04590292396298684,0.06972942501306534
14442,0,0,0.05086867119846962,0.08112820982933044
14443,0,1,0.05096046087841877,0.012070298194885254
14444,1,1,0.056682352322570934,0.010402821004390717
14445,0,1,0.06880120932100814,0.041651561856269836
14446,0,1,0.054572722088581854,0.022426165640354156
14447,0,1,0.04367873156281456,0.07443531602621078
14448,0,0,0.0513645393902821,0.033910006284713745
14449,0,1,0.04347253651152218,0.1468566209077835
14450,0,0,0.05672493986895154,0.08104152977466583
14451,0,1,0.036512563491524916,0.03482569754123688
14452,0,0,0.07105633577610834,0.03516426682472229
14453,0,1,0.057259025889647125,0.02060261368751526
14454,0,1,0.03787937471966686,0.035996876657009125
14455,0,1,0.053133745802116106,0.10513517260551453
14456,0,1,0.06416604784279338,0.033837445080280304
14457,0,1,0.049570994692514914,0.07249507308006287
14458,0,0,0.07370478809791278,0.11072584986686707
14459,0,1,0.05448233949996373,0.03717264533042908
14460,0,1,0.06271096603344394,0.0950641855597496
14461,0,0,0.030243431840663283,0.05311998724937439
14462,0,1,0.04371063896196503,0.032023560255765915
14463,0,1,0.029818619305326415,0.026259250938892365
14464,0,0,0.07917253049366882,0.1287340670824051
14465,0,1,0.05744917217889088,0.05742783844470978
14466,0,1,0.05357807531549136,0.05266719311475754
14467,0,1,0.07357480701029398,0.04099857807159424
14468,1,1,0.08718438865726547,0.03908665478229523
14469,0,0,0.06367300899929844,0.047786012291908264
14470,0,0,0.06212637590779527,0.023730598390102386
14471,0,1,0.05594546685238461,0.06030043214559555
14472,0,1,0.044418873181470225,0.046928517520427704
14473,0,1,0.10899116096850661,0.0888960212469101
14474,0,1,0.031934413656453775,0.028801091015338898
14475,0,0,0.04882374574879722,0.033452197909355164
14476,0,1,0.04118799398974679,0.045045506209135056
14477,0,0,0.04674943971172239,0.05219801515340805
14478,1,1,0.06482183507575266,0.04285573214292526
14479,0,1,0.05659694247359372,0.04338952898979187
14480,0,1,0.08001824545555969,0.06292401254177094
14481,0,0,0.06446132842105513,0.06102919578552246
14482,1,1,0.07443686597447008,0.08916301280260086
14483,0,1,0.0804325870918802,0.09862083196640015
14484,0,1,0.04861163529128604,0.023799307644367218
14485,0,0,0.06418468801569116,0.03619927912950516
14486,0,1,0.04715594572113076,0.059558674693107605
14487,1,0,0.08659703912259528,0.04424627125263214
14488,0,1,0.05816703097669025,0.05884048342704773
14489,0,1,0.06615800245882837,0.07298573851585388
14490,0,1,0.03598636930554917,0.02163660153746605
14491,0,1,0.03346668919187158,0.04034905135631561
14492,1,1,0.07910254833704594,0.0849137157201767
14493,0,0,0.06581725137218328,0.04009753465652466
14494,1,1,0.04167994889353095,0.0403592512011528
14495,0,1,0.05935685660098086,0.08257143944501877
14496,0,0,0.039478901301531186,0.024181000888347626
14497,0,1,0.04289594625374982,0.04700567573308945
14498,0,1,0.040815399837161426,0.045527905225753784
14499,0,1,0.049158609813961224,0.15147767961025238
14500,0,0,0.07229392625015338,0.05957174301147461
14501,0,1,0.06710110857927239,0.02884054183959961
14502,0,0,0.0628183050825228,0.10266610980033875
14503,1,1,0.049473988313805034,0.07682110369205475
14504,0,0,0.03550388301662124,0.03953428938984871
14505,0,1,0.03628934265907922,0.03890080377459526
14506,1,1,0.0719283219425915,0.05707409977912903
14507,0,0,0.08003101057177284,0.0645492821931839
14508,0,1,0.04979059343023243,0.02362951636314392
14509,0,1,0.04735589417425315,0.07993824779987335
14510,0,1,0.041562364170899466,0.03776419907808304
14511,0,1,0.08282082385215048,0.017866387963294983
14512,0,1,0.049574432583050235,0.0745808333158493
14513,0,1,0.06162577516286141,0.07619823515415192
14514,0,1,0.02985416323334939,0.027401866391301155
14515,0,0,0.09069209547181983,0.1271832138299942
14516,0,1,0.07472233725435876,0.02999366819858551
14517,0,0,0.030286298037783065,0.05957949161529541
14518,0,1,0.03427056118670762,0.07714515179395676
14519,0,1,0.048011988649900916,0.04734254628419876
14520,1,1,0.08037890930730257,0.10279074311256409
14521,0,1,0.08280872112255336,0.01282539963722229
14522,0,1,0.07156600328607776,0.043169066309928894
14523,0,0,0.049058836185973356,0.13331818580627441
14524,0,1,0.05086886029367231,0.05785330384969711
14525,0,0,0.02897077477969591,0.03447140380740166
14526,1,1,0.060130866565921634,0.06218987703323364
14527,0,1,0.05524330696233304,0.02170751988887787
14528,0,1,0.029054626993323826,0.050908587872982025
14529,0,1,0.06166960889745611,0.08417254686355591
14530,0,1,0.02984730981574972,0.028023015707731247
14531,0,0,0.05819044395751996,0.16935643553733826
14532,0,1,0.044494815048349484,0.03789559379220009
14533,1,1,0.0428006302057633,0.025205202400684357
14534,0,1,0.06438571187851398,0.011580519378185272
14535,0,0,0.06825827323762884,0.05878962576389313
14536,0,0,0.06628596615621767,0.08751565217971802
14537,1,1,0.07975423085390951,0.02630031108856201
14538,0,1,0.050767564209098934,0.009629108011722565
14539,0,1,0.03351954936429489,0.031870730221271515
14540,0,0,0.08280570198527001,0.051265180110931396
14541,0,1,0.0661987830299416,0.05959872901439667
14542,0,0,0.06989629491264707,0.044938214123249054
14543,0,0,0.05761875854513275,0.07213710248470306
14544,0,0,0.06139014549903793,0.0777178481221199
14545,1,0,0.040567140784132136,0.031023535877466202
14546,0,1,0.045574954607867396,0.045120932161808014
14547,0,0,0.051339630649306814,0.01759013533592224
14548,0,1,0.054649864778278504,0.12116903066635132
14549,1,1,0.06842484308096161,0.06921963393688202
14550,0,1,0.1172145565209759,0.051661133766174316
14551,1,1,0.06416981583585894,0.06698843836784363
14552,0,0,0.07330690357241784,0.04763999581336975
14553,0,0,0.05355303004134743,0.028421558439731598
14554,0,1,0.04631306022752532,0.08749249577522278
14555,1,0,0.08978337306946366,0.07880325615406036
14556,0,1,0.09024176118894178,0.0665232241153717
14557,0,1,0.08732831102016045,0.08960054814815521
14558,0,0,0.06585594429177576,0.04083649814128876
14559,0,1,0.06910556155997287,0.06517301499843597
14560,0,0,0.07492880586480566,0.11107276380062103
14561,0,1,0.08214194357533539,0.06515023112297058
14562,0,1,0.057201915842549925,0.06764663010835648
14563,0,1,0.07411822191957348,0.04050283133983612
14564,0,1,0.03550732812034993,0.038833536207675934
14565,1,1,0.03520963298599289,0.08326494693756104
14566,0,1,0.07089471608192627,0.054114922881126404
14567,0,1,0.0744011148852349,0.01883159577846527
14568,0,1,0.07353731348643489,0.07256041467189789
14569,0,1,0.08426798437759289,0.03153295814990997
14570,0,1,0.09215658025603612,0.07301519811153412
14571,0,0,0.09239109119506725,0.1096227765083313
14572,0,1,0.10160121650566048,0.1039545089006424
14573,0,1,0.08806001912578856,0.043648093938827515
14574,0,0,0.08236642369013958,0.16555258631706238
14575,0,1,0.027433954082494612,0.020183656364679337
14576,0,1,0.031772469232440786,0.05632586032152176
14577,0,1,0.06551558939466638,0.050142720341682434
14578,0,0,0.10671062928642924,0.0614323765039444
14579,0,1,0.05991308819161777,0.07378688454627991
14580,1,1,0.059508795807507814,0.10609322786331177
14581,0,0,0.05684946466135343,0.0480714812874794
14582,0,1,0.04545639038495759,0.061321549117565155
14583,0,0,0.05200900711062177,0.028351478278636932
14584,0,1,0.05793610762255244,0.04473107308149338
14585,0,1,0.04011973876137884,0.04086996242403984
14586,1,1,0.03785707792283988,0.03709473833441734
14587,0,1,0.033905220206165064,0.03189849480986595
14588,0,1,0.05008715901548072,0.01901983469724655
14589,1,0,0.08149609943923339,0.044191256165504456
14590,0,1,0.0486729651471985,0.0656721293926239
14591,0,1,0.10935702757493956,-0.019372448325157166
14592,0,1,0.04563437212470381,0.054451316595077515
14593,1,0,0.08437913254353521,0.10076278448104858
14594,0,1,0.031291822882239764,0.02329644374549389
14595,0,0,0.05916017512059356,0.05496063828468323
14596,0,0,0.08312670060564006,0.0689774751663208
14597,0,1,0.05078541140063671,0.02138172835111618
14598,0,1,0.05929235378049609,0.02368251234292984
14599,0,1,0.05809932781077229,0.1987789273262024
14600,0,1,0.07944961672091111,0.05906246602535248
14601,0,0,0.03958906599164817,0.06036246940493584
14602,0,1,0.09346589818036571,0.11929036676883698
14603,0,0,0.0631457440852914,0.027062758803367615
14604,0,1,0.07290229209013394,0.046245917677879333
14605,0,0,0.0976869550994498,0.10156537592411041
14606,0,1,0.04560313791291899,0.03134830296039581
14607,0,1,0.09666416595382807,0.008605152368545532
14608,0,1,0.032339158305608955,0.057170309126377106
14609,0,1,0.03702322259259603,0.07108312845230103
14610,1,1,0.08537221576547854,0.08423440158367157
14611,0,0,0.036728823055989984,0.04689613729715347
14612,0,1,0.061676436848858096,0.025020189583301544
14613,0,0,0.035403335163409294,0.03638504445552826
14614,0,0,0.06543671220369833,0.012516453862190247
14615,0,1,0.06544374524798993,0.05664736032485962
14616,0,0,0.03734856347536907,0.05320587381720543
14617,0,1,0.08448455055336213,0.07559093832969666
14618,0,1,0.05870433653695116,0.08192457258701324
14619,0,1,0.0847612169032386,0.05171586573123932
14620,0,0,0.046006962917207656,0.013143718242645264
14621,0,0,0.07769869893168838,0.04182019829750061
14622,0,1,0.10103268596534179,0.1464897245168686
14623,0,0,0.0557393074329466,0.05749422311782837
14624,0,1,0.07062669837603691,0.06716407835483551
14625,0,1,0.060387575232122584,0.08553766459226608
14626,0,1,0.031243948955195402,0.036874040961265564
14627,0,0,0.08963353787428885,0.1000225692987442
14628,0,0,0.1068811189769871,0.08849510550498962
14629,0,1,0.0929123224870678,0.10337008535861969
14630,0,1,0.07127707588373608,0.09225115180015564
14631,0,1,0.027604996263186812,0.038352686911821365
14632,0,1,0.04891057049136936,0.056706883013248444
14633,0,1,0.046074428428930586,0.028842389583587646
14634,0,1,0.042253816140408115,0.009281687438488007
14635,0,1,0.061521793825789595,0.05215957760810852
14636,0,1,0.05938419374534577,0.04327797144651413
14637,0,1,0.0767650057813539,0.058215945959091187
14638,0,0,0.06244250065232286,0.0491265207529068
14639,0,1,0.03981757467805143,0.03724359720945358
14640,1,1,0.054779086813608824,0.09193102270364761
14641,0,1,0.10184909551633384,0.1022733598947525
14642,0,1,0.06118916299921061,0.055346712470054626
14643,0,0,0.031153418960442235,0.06789015233516693
14644,0,1,0.067181872004651,0.0394408255815506
14645,0,1,0.08522397414568253,0.09878244251012802
14646,0,1,0.03883774338872718,0.06862282752990723
14647,0,1,0.06201451027877071,0.06030740588903427
14648,1,0,0.07432822049050702,0.07197015732526779
14649,0,1,0.056811384105303245,0.0561089813709259
14650,0,1,0.04762982642841734,0.05146142095327377
14651,0,0,0.06833090373150975,0.12702804803848267
14652,1,1,0.05850191785504556,0.023594215512275696
14653,0,1,0.05284963133947995,0.015861719846725464
14654,0,1,0.07188173575548004,0.09496139734983444
14655,0,1,0.04170482746502677,0.02425992488861084
14656,0,0,0.09045235821126568,0.08037923276424408
14657,0,0,0.06917548625249863,0.0681280866265297
14658,0,1,0.06917682117699527,0.11825481057167053
14659,0,1,0.04921663466175412,0.052745357155799866
14660,1,1,0.0714409175992892,0.03822307288646698
14661,0,1,0.04529118304126303,0.0329548716545105
14662,0,1,0.06391768306166433,0.06933356821537018
14663,0,1,0.08500440876576351,0.07850407063961029
14664,0,1,0.06828514825743268,0.03223109245300293
14665,0,1,0.04657252363181434,0.07578034698963165
14666,0,1,0.03777879004560068,0.039326149970293045
14667,0,1,0.039020382027635934,0.04682518169283867
14668,0,0,0.056388630294492925,0.037536755204200745
14669,0,1,0.061448380204412,0.09220561385154724
14670,0,0,0.07830177488311907,0.11081245541572571
14671,0,1,0.06115626128672655,0.07002575695514679
14672,0,1,0.05454088250227192,0.04420065879821777
14673,0,1,0.08065402781950179,0.05000278353691101
14674,0,1,0.03988226552203261,0.06849753111600876
14675,1,1,0.05358784619315739,0.020356379449367523
14676,1,1,0.06398178841340116,0.09383958578109741
14677,1,1,0.06880528375992688,0.04971671104431152
14678,0,0,0.12121507414522309,0.13241100311279297
14679,0,1,0.058823769065833156,0.10388162732124329
14680,0,0,0.04093060834944458,0.0069669634103775024
14681,1,1,0.10949402452089149,0.11689835786819458
14682,0,0,0.04786838651852497,0.06598812341690063
14683,0,0,0.027048052765751,0.030919132754206657
14684,1,1,0.03489345322380045,0.028754688799381256
14685,0,0,0.03349655353561499,0.028784574940800667
14686,0,0,0.08294274196522963,0.054042667150497437
14687,0,1,0.03525265090916027,0.06961697340011597
14688,0,1,0.05398623091677328,0.09756769984960556
14689,0,1,0.026500134522243368,0.027175987139344215
14690,0,0,0.07141524311164499,0.12056189775466919
14691,0,1,0.06683894302488678,-0.012767978012561798
14692,0,0,0.04947337495195461,0.07682110369205475
14693,0,1,0.09076216172689777,3.643333911895752e-05
14694,0,1,0.07217129248637791,0.016453564167022705
14695,0,1,0.0564430922818297,0.07962755858898163
14696,0,0,0.04480674594648605,0.04671581834554672
14697,0,0,0.1017885670457647,0.11739882826805115
14698,0,1,0.07330690357241784,0.04763999581336975
14699,0,1,0.06891753529909661,0.029826290905475616
14700,1,1,0.05109362907594213,0.024530209600925446
14701,0,0,0.030707751530807417,0.037195928394794464
14702,0,1,0.07257894440960574,0.0162343829870224
14703,0,0,0.05078326711816887,0.08809816837310791
14704,0,1,0.051166496385949264,0.02996465563774109
14705,0,1,0.02651603619579379,0.01828579232096672
14706,0,1,0.043987861742388626,0.03253030776977539
14707,0,0,0.06111571247959999,0.02947331964969635
14708,0,0,0.06621458777698729,0.03589963912963867
14709,0,1,0.07061321223242785,0.07726309448480606
14710,1,1,0.0661249954824709,0.07565418630838394
14711,0,1,0.06682219056102912,0.05773115158081055
14712,0,1,0.04338365848209448,0.03735329955816269
14713,0,1,0.07439913755762245,0.10998115688562393
14714,0,1,0.03662933872732695,0.057498570531606674
14715,0,0,0.07606199136463476,0.05668903887271881
14716,0,0,0.029259308015709105,0.03392506390810013
14717,0,1,0.05820894601896054,0.0867748111486435
14718,0,0,0.05050766715345609,0.08726318180561066
14719,0,1,0.03173432272118786,0.05307837203145027
14720,1,1,0.05532975075322935,0.06368385255336761
14721,0,0,0.06906837567050651,0.06477367877960205
14722,0,1,0.09809941449774129,0.09509478509426117
14723,0,1,0.0682927152718333,0.046624794602394104
14724,0,1,0.0593343747606747,0.09328186511993408
14725,0,0,0.043288420576776315,0.058305177837610245
14726,0,1,0.06239004417695096,0.029477521777153015
14727,0,1,0.03780516310105874,0.028657563030719757
14728,0,0,0.040336004493803604,0.032824188470840454
14729,0,1,0.06180106790968208,0.08787840604782104
14730,0,0,0.040153281503637506,0.02802872657775879
14731,0,1,0.03330128071171099,0.05397898703813553
14732,0,1,0.07662487840199023,0.04512026906013489
14733,0,1,0.0552057995861243,0.04605516046285629
14734,0,1,0.07557468987754667,0.08487756550312042
14735,0,1,0.09702800162855163,0.07838782668113708
14736,0,0,0.06565052219923147,0.026776134967803955
14737,0,1,0.05921236951528963,0.03517638146877289
14738,0,1,0.10211832936617235,0.10225333273410797
14739,0,0,0.05054499499888951,0.07931967079639435
14740,1,1,0.045601600819653254,0.03267795965075493
14741,1,1,0.043774164231003554,0.08135321736335754
14742,0,1,0.03563791196439977,0.0279989130795002
14743,0,0,0.030537347908391868,0.03798040375113487
14744,0,1,0.08468814517978987,0.03045538067817688
14745,0,1,0.04258504407727487,0.01536528766155243
14746,0,1,0.0637752447661852,0.0850757360458374
14747,0,1,0.03839805815945987,0.030703317373991013
14748,0,1,0.10068103711888612,0.10756039619445801
14749,0,0,0.04538176385421165,0.04208553582429886
14750,0,1,0.05005243878822216,0.03547985106706619
14751,0,0,0.07716199959339437,0.04832504689693451
14752,0,1,0.06047805091193889,0.05200551450252533
14753,0,1,0.0724348109740274,0.05410216748714447
14754,0,1,0.07056066252662316,0.06989558041095734
14755,0,0,0.05533489578333761,-0.00966481864452362
14756,0,0,0.07359639579754251,0.041158340871334076
14757,0,0,0.06398081772057701,0.09383958578109741
14758,0,0,0.06881167936557436,0.09667359292507172
14759,1,1,0.08869088750840712,0.030709102749824524
14760,0,1,0.06933522311361232,0.05048731714487076
14761,0,1,0.034949340687845554,0.06210152059793472
14762,0,1,0.042503831541602616,0.02521875500679016
14763,0,1,0.10193653217906418,0.10023736953735352
14764,0,1,0.07883312683524338,0.08021819591522217
14765,0,0,0.04888141666539188,0.024698704481124878
14766,0,1,0.05203943994743333,0.09736677259206772
14767,0,1,0.05021482232625708,0.07866339385509491
14768,0,1,0.03989471343352177,0.11566752940416336
14769,0,1,0.054270923610543226,0.026555374264717102
14770,1,1,0.07313290115102966,-0.006756976246833801
14771,0,1,0.02740648428250183,0.0211813785135746
14772,1,1,0.07764611316617342,0.08181867003440857
14773,0,0,0.05489906395629203,0.04333772510290146
14774,0,0,0.04294996216978929,0.06037553772330284
14775,0,1,0.04573758988626132,0.0331382229924202
14776,0,1,0.036249141060232026,0.030257128179073334
14777,0,1,0.10675842599672247,0.08888933062553406
14778,0,0,0.0924833860277958,0.07389914989471436
14779,0,1,0.0810010573630193,0.023418277502059937
14780,1,1,0.05134445955244665,0.01722082495689392
14781,0,1,0.04433917368312383,0.08619918674230576
14782,0,1,0.06513745375220499,0.01555737853050232
14783,0,0,0.06398178841340116,0.09383958578109741
14784,0,0,0.04559519523599083,0.05492473393678665
14785,0,1,0.08458697297542739,0.0997437834739685
14786,0,1,0.08924978538996137,0.23663079738616943
14787,0,0,0.054499707842758705,0.03872550278902054
14788,0,0,0.05689643247946738,0.1506958305835724
14789,0,1,0.051767712941694216,0.09337863326072693
14790,0,0,0.047258940155993814,0.04076756536960602
14791,0,0,0.049735194986207334,0.031158633530139923
14792,0,1,0.045142679789877876,0.08973107486963272
14793,0,0,0.043764022720694545,0.0657961517572403
14794,1,1,0.09014547239223361,0.08401936292648315
14795,0,0,0.04428106965649441,0.07642750442028046
14796,0,1,0.058923486391150165,0.09206542372703552
14797,0,1,0.04068768462281838,0.03362644463777542
14798,0,0,0.038115898967711934,0.042559511959552765
14799,0,0,0.10040822659873722,0.09312237799167633
14800,0,1,0.0435732209232995,0.04405064880847931
14801,0,1,0.06560027515320804,0.030462592840194702
14802,1,1,0.10284159686502034,0.12162706255912781
14803,0,0,0.04880499529104618,0.08690813183784485
14804,0,1,0.03188020116050453,0.04056277498602867
14805,0,0,0.07440165014025799,0.008544236421585083
14806,0,1,0.05767542241932595,0.043679378926754
14807,1,1,0.11196606592317854,0.07709178328514099
14808,1,1,0.04652116484693446,0.04486929252743721
14809,0,0,0.03508245193336148,0.02105814591050148
14810,0,1,0.06936958321872043,0.06148196756839752
14811,0,1,0.06311359474714492,0.03497931361198425
14812,0,1,0.06179298223927604,0.09471295028924942
14813,0,1,0.06633887590266575,0.05476803332567215
14814,0,1,0.03879470894777848,0.08509761840105057
14815,0,1,0.07736966052175151,0.06500987708568573
14816,0,1,0.055227158054277525,0.06732623279094696
14817,0,1,0.061064215597878585,0.05060355365276337
14818,0,1,0.06465359672050022,0.024396389722824097
14819,0,1,0.050065640825137925,0.053735584020614624
14820,0,0,0.035117536835637383,0.020292092114686966
14821,0,1,0.10579335710853197,0.039023905992507935
14822,0,1,0.06912603500307102,0.04806244373321533
14823,0,1,0.030525242074322473,0.03945968300104141
14824,0,0,0.052460001177754234,0.09490503370761871
14825,0,1,0.07087213487588973,0.12217622995376587
14826,0,1,0.04860594344850323,0.030072569847106934
14827,0,1,0.053747480051110186,0.04759105294942856
14828,0,1,0.09826452699466245,0.09593155980110168
14829,1,1,0.09139405980365728,0.06657709181308746
14830,0,1,0.030711610396612056,0.042863015085458755
14831,0,1,0.07613774044962335,-0.020192831754684448
14832,0,1,0.03590958213415222,0.05513739585876465
14833,1,1,0.06828514825743268,0.03223109245300293
14834,0,1,0.048858271789183616,0.0653143897652626
14835,0,0,0.04605208367183522,0.06307005882263184
14836,1,1,0.09066803923300995,0.07862798869609833
14837,0,1,0.07500737933665469,0.0017724782228469849
14838,0,1,0.04714801499115612,0.03039173036813736
14839,0,1,0.062414372704740026,0.029019303619861603
14840,1,1,0.045407619278464345,0.051647670567035675
14841,0,1,0.05737591521410999,0.04280494153499603
14842,0,1,0.06997238766382607,0.14770451188087463
14843,0,0,0.07160601331431798,0.14633344113826752
14844,0,1,0.045149682140463,0.06594306230545044
14845,0,0,0.06548345081124761,0.11557547003030777
14846,0,1,0.0670047025304717,0.06416027992963791
14847,0,1,0.07757033712025219,0.003417372703552246
14848,0,1,0.044185237477132794,0.04425030201673508
14849,1,1,0.05637708842402718,0.03881625086069107
14850,0,1,0.05987853070278851,0.027491986751556396
14851,0,0,0.026462472676033306,0.026507526636123657
14852,0,1,0.05103040139242716,0.02217811346054077
14853,0,1,0.06134870324964742,0.05832970142364502
14854,0,0,0.05633937560158424,0.0378560870885849
14855,0,1,0.05429648329636487,0.009922914206981659
14856,0,1,0.06916711970493233,0.11721527576446533
14857,0,0,0.07490890406770126,0.021990910172462463
14858,0,0,0.07716199959339437,0.04832504689693451
14859,0,0,0.058996504740169056,0.01775354892015457
14860,1,1,0.09410891451865719,0.02993503212928772
14861,1,1,0.09117314239286828,0.001386404037475586
14862,0,0,0.034245498262361417,0.08136716485023499
14863,0,1,0.07603338953797106,0.010669201612472534
14864,1,0,0.09904793220213509,0.12750254571437836
14865,0,0,0.039574228161461236,0.07020875811576843
14866,0,0,0.058395643097025024,0.06699959188699722
14867,0,0,0.07055308663091278,0.07374560087919235
14868,0,1,0.07064263395093764,0.048576027154922485
14869,1,1,0.0358793510472062,0.062361493706703186
14870,0,1,0.08105952479888251,0.04863360524177551
14871,0,0,0.03995404070004695,0.06384091824293137
14872,0,0,0.03961860962958731,0.09741432964801788
14873,0,1,0.03423010048014448,0.06719151139259338
14874,1,0,0.06991696111095687,0.05575251579284668
14875,0,1,0.0913679220843831,0.06350335478782654
14876,0,1,0.041382115280081386,0.019839659333229065
14877,0,1,0.07143740971038515,0.03992919623851776
14878,0,1,0.05642975607121953,0.07312394678592682
14879,0,0,0.11994432384035342,0.09432035684585571
14880,0,0,0.06154354984365258,0.09432435035705566
14881,1,1,0.05408366988743549,0.07914108783006668
14882,0,0,0.07892625727522226,0.04309515655040741
14883,0,1,0.07621796246177928,0.06428618729114532
14884,0,0,0.04675971651711183,0.05219801515340805
14885,0,0,0.05907323942633072,0.0474231019616127
14886,0,0,0.06666505187307406,0.08590317517518997
14887,0,1,0.07880803655210955,0.08181867003440857
14888,0,0,0.12592605068894086,0.11558306217193604
14889,0,1,0.047177498100296825,0.05217380449175835
14890,1,1,0.060648231619074455,0.031988099217414856
14891,0,0,0.0693542124909571,0.06023290753364563
14892,0,0,0.03751418405761381,0.04355263710021973
14893,0,1,0.0428631228646599,0.02705640345811844
14894,0,0,0.04029866785743237,0.024144954979419708
14895,1,1,0.05772251711376626,0.03881198167800903
14896,0,1,0.04772342306459358,0.03824847191572189
14897,0,0,0.03743943335801308,0.041335295885801315
14898,0,1,0.06388995689505901,0.04126092791557312
14899,1,1,0.07010927903743529,0.09857452660799026
14900,0,1,0.04273557789756059,0.036359820514917374
14901,0,1,0.031115723201523594,0.05852208286523819
14902,0,1,0.03628934265907922,0.03890080377459526
14903,0,0,0.08149380466413908,0.044191256165504456
14904,0,0,0.043122196091499906,0.0372731015086174
14905,0,1,0.07499136046422189,0.05074624717235565
14906,0,0,0.06998537181088146,0.015280604362487793
14907,0,0,0.053046745706708504,0.018116839230060577
14908,0,1,0.07476579346649526,0.10161243379116058
14909,0,1,0.06118420638975282,0.04521438479423523
14910,0,1,0.05666002691003774,0.08510568737983704
14911,0,1,0.05803163567456594,0.0774247795343399
14912,1,1,0.04596168604208466,0.07716629654169083
14913,0,1,0.026278504024530525,0.0359945148229599
14914,0,1,0.0556437646704834,0.11117003858089447
14915,0,1,0.05212746800916454,0.024957820773124695
14916,0,0,0.04281539932878932,0.09597822278738022
14917,0,1,0.04513698082724185,0.067747563123703
14918,0,0,0.07069803043935716,0.06856735050678253
14919,1,0,0.08498287610314276,0.09242703020572662
14920,0,0,0.05196720593479867,0.09715588390827179
14921,0,0,0.06726587632437137,0.03712411969900131
14922,0,1,0.05052912943382147,0.10258553922176361
14923,0,0,0.06286761293269441,0.05076649785041809
14924,1,1,0.08745398013463662,0.11379165947437286
14925,0,1,0.03714593491202456,0.06110147759318352
14926,0,1,0.0471502499395719,0.04002756625413895
14927,0,0,0.045679133399613644,0.05800633877515793
14928,0,0,0.03111285393623555,0.05852208286523819
14929,0,0,0.039594391217454214,0.036641620099544525
14930,0,1,0.033934737180530986,0.032269082963466644
14931,0,0,0.06318463957820974,0.022458091378211975
14932,1,1,0.047272409120607276,0.05915070325136185
14933,0,1,0.07431238034704263,0.13349482417106628
14934,0,1,0.06358682461143632,0.030482381582260132
14935,0,1,0.04550575629351428,0.05716570466756821
14936,0,1,0.04587772242438108,0.06324827671051025
14937,1,1,0.07635679583057359,0.09106892347335815
14938,0,1,0.0749419287854238,0.05347861349582672
14939,0,1,0.06907459355951313,0.04210849106311798
14940,0,1,0.05296281582374125,0.09410607814788818
14941,0,1,0.052711366788453354,0.020269259810447693
14942,0,0,0.05503648206927039,0.06002990901470184
14943,0,0,0.04520847811787461,0.07366866618394852
14944,0,1,0.05190886673129742,0.018242403864860535
14945,0,1,0.05365587346153297,0.021899715065956116
14946,0,1,0.06901361083281124,0.029196500778198242
14947,0,1,0.11559810724027975,0.05831730365753174
14948,0,0,0.08149609943923339,0.044191256165504456
14949,0,1,0.05869383003159456,0.08671396225690842
14950,0,1,0.06472023756464093,0.0825808197259903
14951,0,0,0.02497052418076521,0.08562648296356201
14952,0,0,0.11153553085314313,0.08482147753238678
14953,0,1,0.026488944322628022,0.02759072370827198
14954,0,1,0.05360998756839286,0.03584592044353485
14955,1,1,0.049601703011100284,0.08378290385007858
14956,0,0,0.030675159032729007,0.07789939641952515
14957,0,1,0.03415208088958076,0.01852010190486908
14958,1,0,0.05534171716832467,0.07186460494995117
14959,0,0,0.04639842809243251,0.03287927806377411
14960,0,0,0.07154606949625195,0.02179354429244995
14961,1,1,0.06664903815630589,0.1196327656507492
14962,0,1,0.06968998537435338,0.14054960012435913
14963,0,1,0.0614863367239972,0.08342209458351135
14964,1,0,0.05104559143509349,0.009781144559383392
14965,0,1,0.04558876456471124,0.059526145458221436
14966,0,0,0.07804823566983787,0.1138024553656578
14967,0,0,0.043509141715122435,0.046016644686460495
14968,0,0,0.04774776292529784,0.039590999484062195
14969,1,1,0.04715637568427619,0.014011278748512268
14970,0,0,0.10048776786411176,0.09450940787792206
14971,0,1,0.05466429311220983,0.11626686155796051
14972,1,1,0.07549933300480527,0.004687175154685974
14973,0,1,0.046783361378737204,0.049123696982860565
14974,1,1,0.06954098571651832,0.07573074102401733
14975,0,1,0.07149606112334994,0.10043012350797653
14976,0,1,0.060455178464934006,0.0550902858376503
14977,0,1,0.05855734265633661,-0.023271173238754272
14978,0,1,0.037279214161837916,0.0269106924533844
14979,0,1,0.06580669376763877,0.023253977298736572
14980,0,1,0.032789482660526656,0.03532207012176514
14981,0,0,0.08414933887888387,0.07743757963180542
14982,0,0,0.05690473769005515,0.05515427142381668
14983,0,1,0.048618500887906216,0.06919944286346436
14984,0,1,0.07839919755898259,0.1469261348247528
14985,0,1,0.03491452478499491,0.06246598809957504
14986,1,1,0.11099141166064969,0.11261865496635437
14987,1,1,0.05698128264900658,0.031056731939315796
14988,0,0,0.04668848592943435,0.06039933115243912
14989,0,1,0.0735155015878764,0.05361883342266083
14990,0,0,0.05875133891098702,0.0420125350356102
14991,0,1,0.04962623265954355,0.0767623633146286
14992,0,0,0.07294356953138731,0.10209492594003677
14993,0,1,0.05228505008205042,0.03638707101345062
14994,0,1,0.11373428850472889,0.09781081974506378
14995,0,0,0.04874080007352859,0.0780843049287796
14996,0,0,0.07009047016009565,0.09342867136001587
14997,0,0,0.100393466176989,0.09480871260166168
14998,0,1,0.04712412905297743,0.055960603058338165
14999,0,1,0.05788558911763865,0.11331009864807129
15000,0,1,0.040173497458245694,0.06117227301001549
15001,0,0,0.039529003394926696,0.0350881963968277
15002,1,1,0.03540502902038092,0.09783440828323364
15003,0,1,0.05275148918593055,0.0993466004729271
15004,1,1,0.08642844598985178,0.06971141695976257
15005,0,1,0.045667535362753905,0.04443461075425148
15006,0,1,0.040681973566100774,0.08405711501836777
15007,0,1,0.060017722807400906,0.03333482891321182
15008,0,0,0.0769414508314179,0.01653006672859192
15009,0,0,0.0262940832932392,0.035485006868839264
15010,0,1,0.0596625929871885,0.0745389387011528
15011,0,0,0.058366491132166395,0.026030786335468292
15012,0,0,0.0500143643987809,0.056079328060150146
15013,0,1,0.031179020216649547,0.0473884642124176
15014,1,1,0.08559733955726234,-0.0011857151985168457
15015,0,1,0.0527404009935602,0.024227894842624664
15016,0,1,0.11427399834620716,0.10473793745040894
15017,0,1,0.034602044075224284,0.04122338443994522
15018,1,1,0.06387207630088954,0.04823548346757889
15019,0,0,0.039423850744430895,0.028082430362701416
15020,0,1,0.07917486731841203,0.08402260392904282
15021,0,0,0.06532936558825418,0.07769814133644104
15022,0,1,0.054959059945519695,0.08942179381847382
15023,0,0,0.0646273987659754,0.02737155556678772
15024,0,0,0.060390556477233265,0.05378018319606781
15025,0,1,0.04130117171455348,0.06004982814192772
15026,0,1,0.029207719702716982,0.039045579731464386
15027,0,1,0.06573062958352055,0.00631134957075119
15028,0,1,0.038963268871116404,0.125876784324646
15029,0,1,0.03390082873667178,0.027772925794124603
15030,0,1,0.09113931507364106,0.005131557583808899
15031,1,1,0.07352710597812115,0.0577167272567749
15032,0,0,0.03428438074096816,0.05698665231466293
15033,0,1,0.03795294855852002,0.03230437636375427
15034,0,1,0.042500107337995044,0.08126049488782883
15035,1,1,0.08670277433580889,0.0032576173543930054
15036,1,1,0.0605735116510452,0.05334744602441788
15037,0,0,0.04204892862733152,0.08634711802005768
15038,1,1,0.06368818364417612,0.039191946387290955
15039,0,1,0.05474134658893995,0.06922415643930435
15040,0,1,0.04166048349063749,0.0515916645526886
15041,0,1,0.05001096441396509,0.04489496350288391
15042,0,1,0.04757664540781027,0.018149547278881073
15043,0,1,0.07941422402625156,0.07114316523075104
15044,0,0,0.035513310618983,0.04039737954735756
15045,0,1,0.051556693566979284,0.0568392351269722
15046,0,0,0.03680173820818844,0.02999728173017502
15047,0,1,0.027077508114808725,0.023445837199687958
15048,0,1,0.05844832186167742,0.025179341435432434
15049,0,1,0.05897784634814433,0.0473032221198082
15050,0,1,0.08260048839167189,0.0780443400144577
15051,0,1,0.040371565254123276,0.0224900022149086
15052,0,0,0.04956670968512816,0.07605548202991486
15053,0,1,0.042126194896761573,0.05942773073911667
15054,0,1,0.05189166564976662,0.12088833749294281
15055,0,1,0.04568945791762957,0.09765873104333878
15056,0,0,0.03955535652975402,0.03709009289741516
15057,0,0,0.07026226044783312,0.0948629155755043
15058,0,1,0.031139003280694348,0.054943714290857315
15059,1,0,0.05910700013876148,0.0682707354426384
15060,1,1,0.04519510961846014,0.07366866618394852
15061,0,1,0.05087161840019719,0.10281660407781601
15062,0,0,0.03421370896835131,0.06501621007919312
15063,0,1,0.09715978571623185,0.09213906526565552
15064,0,1,0.06497471630124894,0.026685252785682678
15065,0,0,0.0750324722217249,0.05482042580842972
15066,0,1,0.05452091773132656,0.03423906862735748
15067,0,1,0.06283438159044177,0.10327652841806412
15068,1,1,0.07513405156511607,0.05964308977127075
15069,1,1,0.05434946767415816,0.03186030685901642
15070,0,0,0.06544643297229463,0.06321892142295837
15071,0,0,0.05053570106824527,0.0981283038854599
15072,0,0,0.06360989135495716,0.08141433447599411
15073,0,0,0.05687096620451615,0.0688219666481018
15074,0,0,0.04255671212086948,0.08086834847927094
15075,0,1,0.05562889411591894,0.12926709651947021
15076,0,1,0.0911197798890448,0.0889318585395813
15077,0,0,0.06719928306187758,0.026083320379257202
15078,0,1,0.06323969293098307,0.044347330927848816
15079,0,1,0.040183546467365175,0.0523533932864666
15080,0,0,0.03935575088228424,0.060454241931438446
15081,0,1,0.05705249341959008,0.026757575571537018
15082,0,0,0.04529187921995159,0.0329548716545105
15083,0,0,0.06469296516890295,0.07826076447963715
15084,0,1,0.09198709540241168,0.10711744427680969
15085,0,1,0.030414712960506865,0.035949159413576126
15086,0,0,0.025767032543114722,0.02594996616244316
15087,0,1,0.04035644987318142,0.03429112583398819
15088,0,1,0.05462512853692919,0.07214082777500153
15089,0,0,0.06965255509218,0.13315744698047638
15090,0,1,0.0425081722273626,0.028604045510292053
15091,0,1,0.05588901736807493,0.07178542762994766
15092,0,1,0.06071025765610659,0.01470867544412613
15093,1,0,0.05058210493172184,-0.010095477104187012
15094,0,1,0.08198774938973882,0.07337117195129395
15095,0,1,0.06912603500307102,0.04806244373321533
15096,0,0,0.04781045125939769,0.06545202434062958
15097,0,1,0.0588933675597933,0.05722775310277939
15098,0,1,0.08818571701276132,0.09687429666519165
15099,0,1,0.07949780305220602,0.0573858916759491
15100,0,1,0.06726022985278392,0.04327741265296936
15101,0,0,0.04519706123764189,0.07366866618394852
15102,0,1,0.06040832750800547,0.08901245892047882
15103,0,0,0.09299181532707357,0.13605335354804993
15104,0,1,0.04043059262580005,0.08732394874095917
15105,0,1,0.08753930321234688,0.06327545642852783
15106,0,1,0.06840103778877249,0.04321497678756714
15107,0,0,0.0676415871189021,0.027258723974227905
15108,1,1,0.037136721384069774,0.06234404817223549
15109,0,0,0.05610831333559908,0.08047059178352356
15110,0,1,0.08422397795634048,0.0652141273021698
15111,0,0,0.10176268618759501,0.11668169498443604
15112,0,1,0.058996504740169056,0.01775354892015457
15113,1,1,0.09232961586343078,0.11366020143032074
15114,1,1,0.04068074702817845,0.03362644463777542
15115,0,1,0.056651111580282215,-0.010943189263343811
15116,0,1,0.0974660589961612,0.08426065742969513
15117,0,1,0.04877763780774806,0.06797315925359726
15118,0,1,0.051135046827656114,0.018749266862869263
15119,0,1,0.044768191417177805,0.05205012112855911
15120,0,1,0.06466827132087002,0.027622677385807037
15121,0,1,0.08114860419212128,0.048132702708244324
15122,0,1,0.046643086516104895,0.08066932111978531
15123,1,1,0.08235601306855833,0.04891940951347351
15124,0,1,0.051802755236355316,-0.03223041445016861
15125,1,0,0.06521947224871605,0.051752567291259766
15126,0,1,0.031870332381356926,0.045871466398239136
15127,1,1,0.06436196904381583,0.06669091433286667
15128,0,1,0.05690473769005515,0.05515427142381668
15129,0,1,0.054264238747436105,0.007859006524085999
15130,0,0,0.07198589877286818,0.06425146013498306
15131,0,1,0.038145818011972976,0.061608146876096725
15132,1,1,0.038373822590321745,0.06110240891575813
15133,1,1,0.07986583918744658,0.07456985116004944
15134,0,0,0.09581529716872764,0.09909091889858246
15135,0,1,0.07386653413011285,0.048337846994400024
15136,1,1,0.08795704207365176,0.06520195305347443
15137,0,0,0.03981924274225339,0.08163011074066162
15138,0,1,0.025025574270005797,0.04004368185997009
15139,1,1,0.036801588979106105,0.03266797959804535
15140,0,1,0.05647132894045749,0.08285168558359146
15141,0,1,0.05823226334978622,0.036210909485816956
15142,0,0,0.05265687462678599,0.0966542512178421
15143,1,1,0.10471166226987841,0.0942433625459671
15144,0,0,0.04172858852728832,0.02967262640595436
15145,0,0,0.04454639937324047,0.07324114441871643
15146,0,1,0.04337151102043901,0.10458754748106003
15147,0,1,0.07364415607980301,0.0591111034154892
15148,0,0,0.07600777116959681,0.04832504689693451
15149,1,1,0.05875133891098702,0.0420125350356102
15150,0,0,0.07333877529705615,0.12340357899665833
15151,0,0,0.035575011397568225,0.03445994853973389
15152,0,1,0.07740720756402386,0.07741722464561462
15153,0,0,0.05224101681091427,0.05065423995256424
15154,1,1,0.07335166294797862,0.07877596467733383
15155,0,1,0.06472990217112021,0.07713676244020462
15156,1,1,0.05888380924328507,0.10446462035179138
15157,0,1,0.053890722473574515,0.071390300989151
15158,0,1,0.09684940997916613,0.023195505142211914
15159,0,0,0.07250946879097458,0.08998680859804153
15160,0,1,0.06835973938192474,0.048056960105895996
15161,0,0,0.042942068952598555,0.029814571142196655
15162,0,1,0.037762264621263676,0.05068918317556381
15163,0,1,0.06122270448984189,0.10007829964160919
15164,0,0,0.07135280826907786,0.13102160394191742
15165,0,1,0.04557117106788375,0.059007011353969574
15166,1,1,0.07473359916666125,0.10104414820671082
15167,0,1,0.03204347436713941,0.04600458964705467
15168,0,1,0.06570612740384249,0.03154023736715317
15169,0,1,0.09357369932331297,-0.016276001930236816
15170,0,1,0.07013756318518945,0.005269572138786316
15171,0,1,0.08391351872099681,0.041759610176086426
15172,0,1,0.04316983217675818,0.07674991339445114
15173,1,0,0.07715180303600538,0.13678309321403503
15174,1,1,0.06180844466354618,0.02660110592842102
15175,0,0,0.045478637096296154,0.14936305582523346
15176,0,1,0.05137176670982861,0.023378238081932068
15177,1,0,0.05360463686106626,0.017205387353897095
15178,0,1,0.1044848680278215,0.11138151586055756
15179,0,0,0.06411023261474541,0.0903853252530098
15180,0,0,0.025748943628060288,0.027506450191140175
15181,0,1,0.07203815957364623,0.030333146452903748
15182,0,1,0.051812930953028094,0.08843062072992325
15183,0,1,0.084431355315399,0.06665730476379395
15184,0,1,0.05537058386328052,0.08796913921833038
15185,1,1,0.09042337210664181,0.1328497678041458
15186,0,0,0.04123839001417623,0.08044173568487167
15187,0,1,0.04397215871526568,0.05776948481798172
15188,0,0,0.06656223795899284,0.027147486805915833
15189,0,1,0.0680200633532076,0.04806244373321533
15190,0,1,0.04128180209121815,0.08767728507518768
15191,0,0,0.030237849455959045,0.06931958347558975
15192,0,1,0.06832822299635724,0.028467625379562378
15193,0,1,0.05929235378049609,0.02368251234292984
15194,0,0,0.07723419436933171,0.1536882370710373
15195,0,1,0.04568256929176802,0.04478376358747482
15196,0,1,0.07353412249405805,0.07147301733493805
15197,0,1,0.10170602464320486,0.10454168915748596
15198,0,0,0.036747772504065815,0.04520139470696449
15199,1,1,0.07579797806203101,-0.011449083685874939
15200,0,1,0.07204591683356176,0.029230818152427673
15201,0,0,0.07023292873240278,0.11054302752017975
15202,0,1,0.04033033959398895,0.030404336750507355
15203,0,1,0.04992443470105318,0.0828838050365448
15204,0,0,0.07606633775362995,0.07839341461658478
15205,1,1,0.10691444428921501,-0.023816168308258057
15206,0,1,0.08525573246544194,0.04496602714061737
15207,0,0,0.05896528034623233,0.018489256501197815
15208,0,0,0.07878954357667511,0.086554154753685
15209,1,0,0.07925560549277672,0.041738659143447876
15210,0,1,0.0370966833820529,0.09206551313400269
15211,0,1,0.0584777455714411,0.008551642298698425
15212,0,1,0.06546712954328365,0.08128105103969574
15213,0,1,0.027616837410226018,0.02929203398525715
15214,0,1,0.06663088315040128,0.013315737247467041
15215,0,0,0.0970224264787293,0.09189578890800476
15216,1,1,0.09931583599740793,0.10333822667598724
15217,1,1,0.08952806931027044,0.11437700688838959
15218,0,1,0.06693290449399421,0.06650867313146591
15219,0,1,0.07595793417354951,0.07845031470060349
15220,0,1,0.045192609564334324,0.011966340243816376
15221,0,1,0.04052690774289097,0.07826736569404602
15222,0,0,0.06287590460348025,0.08373972028493881
15223,0,0,0.05881220942121074,0.11780811846256256
15224,0,0,0.09093453810968255,0.08298380672931671
15225,0,1,0.0495360632348357,0.05730202794075012
15226,0,1,0.05589623801452659,0.04234589636325836
15227,0,0,0.10052186606712726,0.1144099235534668
15228,0,1,0.04315705821565455,0.1008107140660286
15229,0,1,0.08351523741679101,0.11338318884372711
15230,0,0,0.08931920714242456,0.05999152362346649
15231,0,1,0.048286430640971253,0.0699729174375534
15232,0,0,0.03281118283183238,0.023438582196831703
15233,0,1,0.052824837843379185,0.013954177498817444
15234,0,0,0.04888040859499641,0.04119706153869629
15235,0,0,0.045322666098477654,0.07341964542865753
15236,0,1,0.025750438836533364,0.02089548110961914
15237,1,1,0.05397526209138308,0.0966155081987381
15238,0,1,0.08229993602856572,0.047134995460510254
15239,0,1,0.05539760857382518,-0.01379530131816864
15240,0,0,0.0797596121720788,0.036216944456100464
15241,0,0,0.05712907193910184,0.02131550759077072
15242,1,0,0.09494459052374607,0.07001647353172302
15243,1,1,0.09386177605624241,0.08417864143848419
15244,0,1,0.038507713603546274,0.04910873621702194
15245,0,1,0.09117314239286828,0.001386404037475586
15246,0,0,0.07532016944967432,0.04466231167316437
15247,1,1,0.06070937961401576,0.01470867544412613
15248,0,1,0.10609019738006598,0.10857981443405151
15249,0,1,0.032823629912847284,0.02710183523595333
15250,0,1,0.08420563307108889,0.08995673060417175
15251,1,1,0.06139335191618861,0.07827330380678177
15252,1,0,0.07060794305809591,0.039517298340797424
15253,0,0,0.03082733789599018,0.02701067179441452
15254,0,1,0.060690958734145733,0.03329014778137207
15255,0,0,0.038507949064280414,0.049051471054553986
15256,0,1,0.08826604366671126,0.14094294607639313
15257,1,1,0.07801078966462838,0.08336798846721649
15258,0,1,0.04148294782426683,0.08826661109924316
15259,1,1,0.08777838030885818,0.1393703818321228
15260,0,1,0.08271473099810672,0.06902258098125458
15261,1,1,0.053947914436715,0.07736174762248993
15262,0,1,0.09586275263141847,0.08146333694458008
15263,0,0,0.049741322798108945,0.0352514386177063
15264,0,0,0.06479907323057857,0.12624159455299377
15265,0,0,0.07084737298984575,0.0432562455534935
15266,0,0,0.027858352310279777,0.023620720952749252
15267,0,0,0.04456961614502322,0.042095087468624115
15268,0,1,0.06506778734541485,0.08883871883153915
15269,0,1,0.07435669476927309,0.07337963581085205
15270,0,1,0.045122743124532905,0.0812651664018631
15271,1,1,0.07351114529164204,0.06279531121253967
15272,0,0,0.08099713344675066,0.023418277502059937
15273,0,1,0.04733935471836573,0.03613469749689102
15274,1,0,0.11924039915743856,0.03118896484375
15275,1,1,0.07252924856883286,0.11612257361412048
15276,1,1,0.09788278111432636,0.11389809846878052
15277,1,1,0.04063550355242862,0.07070378214120865
15278,1,1,0.07112280724406458,0.052054375410079956
15279,0,1,0.05269993086935146,0.08215311914682388
15280,0,1,0.04172858852728832,0.02967262640595436
15281,0,1,0.03784156772467404,0.08415815234184265
15282,0,1,0.08268084558533342,0.16341230273246765
15283,0,1,0.07482903116065198,0.030960068106651306
15284,0,0,0.06744725949854567,0.04918570816516876
15285,0,1,0.07219510240435725,0.030705109238624573
15286,0,1,0.05017827090549214,0.02384091168642044
15287,1,0,0.08490855273627845,0.0741761177778244
15288,0,0,0.051993070611421235,0.027270406484603882
15289,0,0,0.04714115016517874,0.025702953338623047
15290,0,1,0.05434740450956908,-0.008987382054328918
15291,1,1,0.09243321524476278,-0.00617709755897522
15292,1,1,0.08856790928703367,0.09739227592945099
15293,0,1,0.07333366334239949,0.0594249963760376
15294,0,1,0.03590958213415222,0.05513739585876465
15295,0,0,0.03830054665904177,0.024166494607925415
15296,1,1,0.03462209327656323,0.03389887139201164
15297,0,0,0.05231906987533705,0.03675892949104309
15298,1,1,0.08331961722014264,0.07719877362251282
15299,0,1,0.03904820816053219,0.0313497893512249
15300,0,1,0.08466374538722449,0.09660904109477997
15301,0,1,0.03233976958718519,0.023981451988220215
15302,0,0,0.03444581095076075,0.024994682520627975
15303,0,0,0.03957925416942333,0.06151019036769867
15304,0,1,0.08590638736446035,0.06266191601753235
15305,0,1,0.08489791970372929,0.11697833240032196
15306,0,0,0.03235737243011433,0.024353589862585068
15307,0,0,0.07130172101862761,0.10944096744060516
15308,1,1,0.09805356967084569,0.10287849605083466
15309,0,1,0.06474381108279782,0.0521649569272995
15310,0,1,0.07464916358985707,0.059012070298194885
15311,0,0,0.06313667032651152,0.026483193039894104
15312,0,0,0.1179273051641696,0.10463634133338928
15313,0,1,0.057520830300429815,0.02358737587928772
15314,0,1,0.07223725763579483,0.04680424928665161
15315,0,1,0.06537092184840913,0.06947166472673416
15316,0,1,0.07009668730932181,0.09857452660799026
15317,0,1,0.057200584862297746,0.05211857706308365
15318,0,1,0.0507361338302067,0.01580965518951416
15319,1,1,0.0680200633532076,0.04806244373321533
15320,0,0,0.101747862708669,0.0831359326839447
15321,0,0,0.07099264138900027,0.03108169138431549
15322,1,1,0.07838126159786135,0.046858057379722595
15323,0,0,0.04927546938388502,0.05045178532600403
15324,0,1,0.054005161228219925,0.0871838629245758
15325,1,1,0.12062672796697821,-0.016194850206375122
15326,0,1,0.045148316113732254,0.0807109996676445
15327,1,1,0.07177070754113588,0.02568027377128601
15328,0,1,0.0822692265019131,0.11612771451473236
15329,0,0,0.02977577199156791,0.036919452250003815
15330,0,0,0.08752588283001952,0.12880469858646393
15331,0,1,0.046513110191686746,0.04616445302963257
15332,0,1,0.06033542728248001,0.08761841803789139
15333,0,0,0.06872468288166125,0.1274852156639099
15334,0,0,0.060176830165904444,0.11268222332000732
15335,0,1,0.07479863263405395,0.0774063691496849
15336,1,1,0.0600334593451316,0.07043465971946716
15337,0,0,0.06973026016046048,0.05480818450450897
15338,0,1,0.08844358861751198,0.07536178827285767
15339,1,1,0.09188019548440898,0.08805520832538605
15340,0,1,0.07031657673645307,0.011437773704528809
15341,0,0,0.044675269850253274,0.0654105693101883
15342,1,1,0.05864890852548611,0.06059670448303223
15343,0,1,0.05146070377041431,0.051492027938365936
15344,0,1,0.07100852832217247,0.047381870448589325
15345,0,1,0.030820039165064594,0.04502135142683983
15346,0,1,0.05869901571442626,0.0661485344171524
15347,0,1,0.0696384342180257,0.044899821281433105
15348,0,1,0.040183546467365175,0.0523533932864666
15349,0,1,0.058734288158354575,0.0806630402803421
15350,0,1,0.05631697885544898,0.06829468905925751
15351,0,1,0.05661617429825251,0.024490267038345337
15352,0,1,0.06835701371642817,0.01959995925426483
15353,0,0,0.04203807667094682,0.041942380368709564
15354,0,0,0.06265044899694677,0.09580953419208527
15355,0,0,0.04489152858321638,0.04822012782096863
15356,0,0,0.04816916971522005,0.0380924716591835
15357,0,1,0.0714409175992892,0.03822307288646698
15358,0,1,0.035575011397568225,0.03445994853973389
15359,1,1,0.06378751263140368,0.061093658208847046
15360,0,0,0.08427054940287698,0.03153295814990997
15361,0,0,0.03331719314560131,0.017869845032691956
15362,0,1,0.056245270187209526,0.07680721580982208
15363,0,0,0.03755729473224581,0.04783517122268677
15364,0,1,0.04378198366348941,0.0899067372083664
15365,0,1,0.0719192597668536,0.020401060581207275
15366,0,1,0.06771499931681892,0.04121646285057068
15367,1,1,0.07855895560974385,0.10802190005779266
15368,1,1,0.046327431865127,0.021312467753887177
15369,1,0,0.07607218133847393,0.05668903887271881
15370,0,1,0.06176949035083561,0.019867107272148132
15371,0,0,0.05291770349056894,0.037022627890110016
15372,0,1,0.08144721423161397,0.08444590866565704
15373,0,1,0.040261926905966985,0.045058466494083405
15374,0,1,0.06737201882106866,0.0640435442328453
15375,0,1,0.05658821108327014,0.04144012928009033
15376,0,1,0.05051442499708857,0.08726318180561066
15377,1,1,0.05275898513746777,0.08578576892614365
15378,0,1,0.03089816247027726,0.019041340798139572
15379,0,1,0.05389354864537044,0.071390300989151
15380,0,1,0.0428409556267738,0.03809618949890137
15381,0,0,0.045348845156757564,0.06139659136533737
15382,0,0,0.057234906084613416,0.022400297224521637
15383,0,0,0.06542644131895896,0.09970925003290176
15384,0,1,0.04868685227472169,0.07073665410280228
15385,0,1,0.0622322293381181,0.0494912713766098
15386,0,1,0.0472109340575817,0.021199777722358704
15387,0,0,0.05889716947165441,0.09941460937261581
15388,0,1,0.039074954967941285,0.03539922833442688
15389,0,1,0.06472420877150604,0.026333250105381012
15390,0,1,0.05511341397885315,0.08316569030284882
15391,0,1,0.028354733143492045,0.04483402520418167
15392,0,0,0.0466480428041738,0.08943379670381546
15393,0,0,0.06039851787368905,0.08111393451690674
15394,0,1,0.06011326284063469,0.04444950073957443
15395,0,1,0.05304430454701961,0.0871838629245758
15396,0,1,0.05905421313385682,0.05451984703540802
15397,0,1,0.04962623265954355,0.0767623633146286
15398,1,1,0.06317027253634125,0.062055379152297974
15399,0,1,0.047731284108995894,0.07884027063846588
15400,0,0,0.060700892248009744,0.01470867544412613
15401,0,1,0.050541002062019086,0.06211239844560623
15402,0,1,0.06690816769275851,-0.004888862371444702
15403,1,1,0.041239980797754414,-0.05929294973611832
15404,0,0,0.04179995914841282,0.06113794445991516
15405,0,1,0.08146786538767889,0.08771996200084686
15406,1,1,0.07603091913349505,0.05318260192871094
15407,0,1,0.08098250638684976,0.08630102872848511
15408,0,1,0.051982214079979605,0.006127297878265381
15409,0,1,0.03904820816053219,0.0313497893512249
15410,0,1,0.04866463521465257,0.07249507308006287
15411,0,1,0.05245226966854519,0.04824341833591461
15412,0,0,0.0631725917437511,0.018634699285030365
15413,0,1,0.03423964815422987,0.06670023500919342
15414,1,1,0.10176297003201817,0.11668169498443604
15415,0,1,0.06724866309057663,0.026936054229736328
15416,0,1,0.046325853428407074,0.07607592642307281
15417,0,1,0.047921444053272685,0.06403703987598419
15418,0,0,0.07012804601875311,0.07699280977249146
15419,0,1,0.04949938140620194,0.05204576253890991
15420,0,0,0.0923274659804291,0.05963209271430969
15421,0,0,0.04144810882128232,0.011090502142906189
15422,0,1,0.039956755075639935,0.06384091824293137
15423,0,1,0.04071298621705434,0.0199640691280365
15424,0,0,0.05343391490277612,0.06695710867643356
15425,1,1,0.05904645907592357,0.08888762444257736
15426,0,1,0.027049391148851888,0.028536945581436157
15427,0,1,0.04275507904389157,0.0488983690738678
15428,0,0,0.06177995376649678,0.07985438406467438
15429,0,1,0.07876657011724422,0.01134239137172699
15430,0,1,0.05455060045589155,0.04868018627166748
15431,0,1,0.05432080092562558,0.07119175791740417
15432,0,0,0.0401351515158076,0.04110689088702202
15433,0,1,0.04241630507368058,0.07940107583999634
15434,0,1,0.04063558868103309,0.021691150963306427
15435,0,1,0.06001620443577725,0.029825136065483093
15436,0,1,0.06828088150968313,0.07620355486869812
15437,0,1,0.054316194041534704,-0.023548290133476257
15438,0,0,0.05020648133394719,0.018651187419891357
15439,0,1,0.03680406364445893,0.027752414345741272
15440,0,1,0.07870281956036426,0.07780073583126068
15441,0,1,0.03611659386685501,0.09401892870664597
15442,0,0,0.05772259151331678,0.06697365641593933
15443,0,1,0.06474019992694402,0.05008677393198013
15444,0,1,0.07393951067824664,0.09800270199775696
15445,0,1,0.06728891313113815,0.08641917258501053
15446,0,0,0.08608846651089527,0.0719045102596283
15447,0,1,0.04360173789162965,0.04311639815568924
15448,0,0,0.07925161054976876,0.03965064883232117
15449,0,1,0.03431800161817966,0.07995547354221344
15450,0,1,0.038060936493061755,0.05468766391277313
15451,0,0,0.07949477651923742,0.10960960388183594
15452,0,1,0.043946359471392984,0.04031161218881607
15453,1,1,0.054001978318000174,0.08175075054168701
15454,1,1,0.05897760730969551,0.08770594000816345
15455,0,0,0.04636543286829202,0.03582945466041565
15456,0,1,0.04400074318310801,0.07979189604520798
15457,0,1,0.07735102493392887,0.06723199784755707
15458,0,1,0.06561540490991115,0.06079888343811035
15459,0,0,0.05183762264589417,0.06297536194324493
15460,0,1,0.04035581198313516,0.03429112583398819
15461,0,0,0.0548009617512379,0.07474839687347412
15462,1,1,0.05937030830933834,0.047181010246276855
15463,0,1,0.037279214161837916,0.0269106924533844
15464,0,1,0.06953617591325453,0.05690917372703552
15465,1,1,0.04378638390781375,0.019074775278568268
15466,0,1,0.06070895685559759,0.01470867544412613
15467,0,1,0.043639788709996755,0.030074171721935272
15468,0,0,0.0493200339559168,0.03204137086868286
15469,0,1,0.06474015624930116,0.04368123412132263
15470,0,0,0.0666302269581001,0.1143757626414299
15471,1,1,0.05602727585494639,0.041834041476249695
15472,0,1,0.04537327904550022,0.02794860303401947
15473,1,1,0.08319298034754338,0.08051194995641708
15474,0,1,0.05429648329636487,0.009922914206981659
15475,0,1,0.08457336056559189,0.11578848958015442
15476,0,1,0.031253773920516995,0.037112973630428314
15477,1,0,0.11190403546396718,0.04798135161399841
15478,0,1,0.06179099272029537,0.08844241499900818
15479,0,0,0.07467974221595217,0.07578228414058685
15480,0,1,0.03715461017065547,0.06172093376517296
15481,0,1,0.06291770027714486,0.09522886574268341
15482,0,0,0.04125621866231856,0.07232506573200226
15483,0,1,0.052611127437396224,0.050902970135211945
15484,0,1,0.05265730422708985,0.015855863690376282
15485,0,1,0.030269048375095517,0.05901056528091431
15486,0,0,0.04365875710350543,0.034750133752822876
15487,0,0,0.05710059757099073,0.06999543309211731
15488,0,1,0.038845123256716164,0.11513029038906097
15489,0,1,0.0456397438795208,0.053521666675806046
15490,0,1,0.06682691291539367,0.05848561227321625
15491,1,0,0.05436092734553334,0.024261437356472015
15492,0,1,0.050968585171617925,0.017247021198272705
15493,0,0,0.09615874749419442,0.01787629723548889
15494,0,1,0.05656384980173926,0.04881574213504791
15495,0,1,0.048218742018698774,0.034191057085990906
15496,0,1,0.0542058516757393,0.03500102460384369
15497,0,1,0.03727836151426132,0.028505869209766388
15498,0,1,0.03588135906264782,0.07762161642313004
15499,0,1,0.03825130004588905,0.046357814222574234
15500,0,1,0.05721401044485057,0.02159278839826584
15501,1,1,0.06887840421403638,0.10002201050519943
15502,0,1,0.043869333646776865,0.05478214472532272
15503,0,1,0.05676509603726457,0.042016543447971344
15504,0,0,0.0870012195092221,0.06527599692344666
15505,0,0,0.08677705577291367,0.0736442506313324
15506,1,1,0.04140438020676017,0.02217402309179306
15507,0,1,0.06311348288965529,0.0810866504907608
15508,0,1,0.07402408623484882,0.12090598046779633
15509,1,1,0.05872192860732402,0.06689576804637909
15510,0,1,0.03951553471376827,0.03643599897623062
15511,0,0,0.027044240450632306,0.021198347210884094
15512,1,1,0.0724801572776429,0.038206204771995544
15513,0,0,0.034582373010211324,0.024617325514554977
15514,0,1,0.03831128515036516,0.03474191203713417
15515,1,1,0.052527925291450894,0.06620796024799347
15516,0,1,0.08976100875922638,0.08589000999927521
15517,0,1,0.05657991703877917,0.040631622076034546
15518,1,0,0.054005161228219925,0.0871838629245758
15519,0,0,0.0885806813532668,0.07493358850479126
15520,0,0,0.11388071671432376,0.10526114702224731
15521,0,1,0.04481268758086471,0.03542593866586685
15522,0,1,0.10701356991054797,0.07958292961120605
15523,0,1,0.03176949854349512,0.0555417574942112
15524,1,1,0.09552340214779612,0.08918474614620209
15525,1,1,0.0436795751620503,0.0220131017267704
15526,1,1,0.07444129909363237,0.054534777998924255
15527,0,0,0.031764982330690444,0.060404837131500244
15528,0,1,0.05315997840229425,0.07818223536014557
15529,0,1,0.07203665872452666,0.06910823285579681
15530,0,0,0.06173909454869185,0.07826238870620728
15531,0,1,0.04983307942031272,0.02261301875114441
15532,0,1,0.04471402828537946,0.0560036227107048
15533,0,0,0.057417955185066955,0.0796009972691536
15534,0,0,0.06981708789832858,0.13809433579444885
15535,0,1,0.041620329860194316,0.04137387499213219
15536,0,0,0.10165108435542677,0.08179715275764465
15537,0,1,0.06036444982058399,0.08942225575447083
15538,0,1,0.06652959507731156,0.05664736032485962
15539,0,0,0.06587034499072024,0.06325191259384155
15540,0,1,0.05955165214033917,0.05323193222284317
15541,0,1,0.04493574277088801,0.04270562902092934
15542,0,0,0.05844396071021468,0.07583464682102203
15543,1,1,0.05710207134118124,0.06999543309211731
15544,0,1,0.06372694003314655,0.048699021339416504
15545,0,1,0.09485935535707907,0.01809754967689514
15546,0,1,0.08056618487684342,0.0629325807094574
15547,0,1,0.047371264469948146,-0.0327344685792923
15548,0,1,0.09930501859126675,0.09407298266887665
15549,1,1,0.08506954770017963,0.0035601407289505005
15550,0,1,0.05015081592714682,0.06402631103992462
15551,0,0,0.04456263805197558,0.05833360552787781
15552,0,1,0.07354973923350694,0.0703292191028595
15553,0,1,0.07852707059978417,0.006889283657073975
15554,0,1,0.06333325990245524,0.11646085977554321
15555,1,1,0.06844735185655498,0.10181041061878204
15556,0,0,0.0882623435058193,0.11443765461444855
15557,0,1,0.06365459396140942,0.07853154093027115
15558,0,0,0.05305997652845652,0.060078758746385574
15559,0,1,0.07230802524521879,0.05602625012397766
15560,0,1,0.04830044059791301,0.0524173304438591
15561,1,1,0.07765371693976811,0.08181867003440857
15562,1,1,0.09316209873353024,0.1149832010269165
15563,0,0,0.026530491618308685,0.021160617470741272
15564,0,0,0.04896728618660402,0.07751649618148804
15565,0,1,0.07997342493156154,0.07378019392490387
15566,0,1,0.0497238911038196,0.05851517990231514
15567,0,1,0.051534817034488825,0.06439880281686783
15568,0,1,0.035505367368784006,0.04033416509628296
15569,0,1,0.031291822882239764,0.02329644374549389
15570,0,1,0.06682754800874803,0.10693901777267456
15571,0,0,0.03727265527747327,0.04003613442182541
15572,0,1,0.07843181444208885,0.0662291944026947
15573,0,1,0.03115963122692024,0.04889880120754242
15574,0,1,0.04804986074355387,0.03562060743570328
15575,0,1,0.06119269501606314,0.07251075655221939
15576,0,0,0.08148485937052782,0.1134968101978302
15577,0,1,0.029484111206772752,0.023815499618649483
15578,0,0,0.05577569522507504,0.04665772616863251
15579,0,1,0.05554625161511283,0.017931826412677765
15580,0,0,0.07145430485485058,0.12716668844223022
15581,0,1,0.060401051389430735,0.08212023973464966
15582,0,1,0.0496210581031865,0.09706389158964157
15583,0,0,0.09373447409149854,0.09264037013053894
15584,1,1,0.11341941446419379,0.02206549048423767
15585,0,0,0.061253505893656746,0.07231029868125916
15586,1,1,0.05179810557814163,0.11036548763513565
15587,0,1,0.05775761971745437,0.1055806428194046
15588,0,1,0.08052924251985422,0.048425450921058655
15589,1,1,0.09309237532007639,0.07806260883808136
15590,1,1,0.07706657214274545,0.07327833771705627
15591,0,0,0.09233037155282231,0.11366020143032074
15592,0,1,0.04293441423301855,0.028304435312747955
15593,0,1,0.0769064662113837,0.03409448266029358
15594,0,1,0.03351607327218541,0.029354754835367203
15595,0,1,0.05973094867775916,0.0705757588148117
15596,0,0,0.045712325206136675,0.028128433972597122
15597,0,1,0.0531185194500754,0.09068512171506882
15598,0,1,0.05266190354234951,0.014391064643859863
15599,0,1,0.057041508209580524,0.030994698405265808
15600,0,1,0.05891636764745174,0.08226244151592255
15601,0,0,0.03721364052945799,0.031031034886837006
15602,0,1,0.06148090032329376,0.07379290461540222
15603,0,0,0.07490838834219032,0.05154041945934296
15604,0,0,0.05462722745646871,0.05670920014381409
15605,0,0,0.07539171327989994,0.025562554597854614
15606,0,0,0.06627345321847712,0.13351058959960938
15607,1,1,0.06227055121194397,0.04004668444395065
15608,0,1,0.0875473116699084,0.02594664692878723
15609,0,1,0.07095000195091425,0.07650332152843475
15610,0,1,0.0764740757085392,0.028107047080993652
15611,0,0,0.042773034779869545,0.04423939436674118
15612,0,1,0.03625296018422286,0.030035514384508133
15613,0,1,0.09708336690574573,0.09189578890800476
15614,0,1,0.08424766748304921,0.07673263549804688
15615,0,1,0.03556462464074528,0.024185307323932648
15616,0,1,0.04963143231478427,0.08470983803272247
15617,1,1,0.06108095265870114,0.03683510422706604
15618,0,1,0.06448898667925272,0.07579448819160461
15619,0,1,0.06588625867506158,0.047726139426231384
15620,1,1,0.05563937928266466,0.15263716876506805
15621,1,1,0.04230305588359848,0.09400755167007446
15622,0,1,0.07481737580532477,0.0675736740231514
15623,0,1,0.07356065028324899,0.06182573735713959
15624,0,0,0.052128251555272925,0.02250383049249649
15625,0,0,0.03203270858351135,0.04568500816822052
15626,0,1,0.06294493243868124,0.08802630752325058
15627,0,1,0.06083092733678841,0.030066683888435364
15628,0,1,0.0703236481943645,0.13778746128082275
15629,0,1,0.045396931582173686,0.07324114441871643
15630,0,1,0.04474974754048949,0.029113225638866425
15631,1,1,0.0781704591246282,0.0922086238861084
15632,0,1,0.036249693066885795,0.030257128179073334
15633,0,1,0.07212296453558706,0.07280220836400986
15634,1,1,0.05947545737263732,0.021450206637382507
15635,0,1,0.05841140121531031,0.022641420364379883
15636,1,0,0.05431782349132938,0.07119175791740417
15637,1,0,0.05558301797299095,0.15684032440185547
15638,0,1,0.07062197914766354,0.07634476572275162
15639,0,0,0.03084176235894758,0.03995757922530174
15640,0,1,0.06539765927506638,0.08643082529306412
15641,1,1,0.0403675651390195,0.023374415934085846
15642,0,1,0.06392108485204258,0.08182153850793839
15643,1,1,0.04954591219880122,0.08990778774023056
15644,1,1,0.06957345614958797,0.04710701107978821
15645,0,0,0.03373448126470649,0.017580397427082062
15646,0,1,0.05061175777543907,0.16109979152679443
15647,1,1,0.07212638188439116,0.06337517499923706
15648,0,1,0.05175603478959506,0.08029042929410934
15649,1,0,0.06727557375489578,0.023576483130455017
15650,0,0,0.05766295176683581,0.08387818187475204
15651,0,1,0.04067259300469575,0.08378805220127106
15652,0,1,0.06147627921556344,0.030480004847049713
15653,0,0,0.06719159787371233,0.03157816082239151
15654,1,1,0.05120946100715683,0.06585194170475006
15655,0,1,0.06137794888744347,0.05334169417619705
15656,0,1,0.02628655888995802,0.04394673556089401
15657,0,1,0.06367694417928088,0.07668735831975937
15658,0,0,0.05962202654275556,-0.023667439818382263
15659,0,0,0.05833456233636225,0.05103907734155655
15660,0,0,0.07291426425399333,0.10413005948066711
15661,0,1,0.060116588859964584,0.06353231519460678
15662,1,1,0.08306227058181398,0.08859787881374359
15663,0,1,0.04272857720882836,0.06759572774171829
15664,0,1,0.04275327096159491,0.04779765009880066
15665,0,0,0.06287285221402028,0.0503673255443573
15666,1,1,0.07140687693477171,0.09301488846540451
15667,0,0,0.08102318970979494,0.02365022897720337
15668,0,1,0.05054499499888951,0.07931967079639435
15669,1,1,0.03544903506332552,0.042370788753032684
15670,1,1,0.12082758014398565,0.11588606238365173
15671,0,1,0.052082586491687136,0.11497960984706879
15672,0,0,0.08044638758722053,0.04560066759586334
15673,0,1,0.10142010789050357,0.10022671520709991
15674,0,1,0.04190525822960603,0.0403747484087944
15675,0,0,0.06980511485468492,0.09928437322378159
15676,1,1,0.08947440569223039,0.10140940546989441
15677,0,0,0.08442257962157082,0.0997396782040596
15678,0,0,0.08160236521228428,0.10100464522838593
15679,0,1,0.05926847527894431,0.04168754816055298
15680,0,0,0.0551050448347538,0.006638035178184509
15681,0,0,0.0854499160108658,0.033000826835632324
15682,0,0,0.04577864115166426,0.08943379670381546
15683,0,0,0.05263282370013443,0.019297972321510315
15684,0,1,0.08055407853772048,0.06911848485469818
15685,0,1,0.06447936567018142,0.03191012144088745
15686,0,1,0.03944524940744851,0.05087762326002121
15687,0,1,0.031173189471097026,0.01568436622619629
15688,0,1,0.04002890311109493,0.05143662542104721
15689,0,1,0.05054499499888951,0.07931967079639435
15690,0,1,0.03661370912913811,0.06453917175531387
15691,0,0,0.06819742069123248,0.052245527505874634
15692,0,0,0.06665960973032613,0.052611611783504486
15693,0,1,0.03727793519633255,0.028505869209766388
15694,0,0,0.07529885136186715,0.03594142198562622
15695,0,1,0.06202669154140297,0.02702966332435608
15696,0,0,0.08005963538377442,0.06867952644824982
15697,0,1,0.06500257348899144,0.02629546821117401
15698,0,1,0.03214804698758702,0.04682416468858719
15699,0,1,0.06601238951354989,0.045332543551921844
15700,0,0,0.06544374524798993,0.05664736032485962
15701,0,1,0.05273345803604251,0.03367788344621658
15702,0,1,0.051970778931290526,0.01830112934112549
15703,0,0,0.0662254500124862,0.08339312672615051
15704,0,0,0.07644981487819205,0.004318892955780029
15705,0,1,0.030555157424527336,0.05794404447078705
15706,1,1,0.038555161243740615,0.032090023159980774
15707,0,1,0.06615568268771482,0.10282465815544128
15708,0,0,0.08255330776677275,0.08723150193691254
15709,0,1,0.07822564237919194,0.06397812068462372
15710,0,1,0.06795965446102793,0.062475986778736115
15711,0,1,0.09204924269867318,0.07892841100692749
15712,0,1,0.04935738150684178,0.0669911578297615
15713,0,1,0.04031772454146339,0.040888600051403046
15714,0,0,0.06118420638975282,0.04521438479423523
15715,0,1,0.05447374037352279,0.04128590226173401
15716,0,1,0.045527052176129734,0.036370038986206055
15717,0,1,0.07218526029571704,0.030705109238624573
15718,0,1,0.0511613975265387,0.029794424772262573
15719,0,0,0.04395657189041907,0.04031161218881607
15720,0,1,0.06127045365766064,0.07870274037122726
15721,0,1,0.06033369201683546,0.08663800358772278
15722,1,1,0.055963703320268635,0.04348868131637573
15723,0,1,0.04565517510748816,0.04153299331665039
15724,0,1,0.04454639937324047,0.07324114441871643
15725,0,1,0.08310195890551267,-0.012522295117378235
15726,0,0,0.06126941945853405,0.07379753887653351
15727,0,1,0.05632397857105487,0.04636295139789581
15728,0,1,0.0649797276389877,0.04917050898075104
15729,0,1,0.030840599519969286,0.03739257901906967
15730,0,0,0.040183546467365175,0.0523533932864666
15731,0,1,0.08455968371440267,0.108547642827034
15732,1,0,0.08248544115435455,0.12622636556625366
15733,0,0,0.052052406496308296,0.0945124477148056
15734,0,0,0.06734652253822249,0.08753509074449539
15735,0,0,0.037440693025332906,0.02088114619255066
15736,0,1,0.0867092662137312,0.0033045560121536255
15737,1,0,0.06499486148344889,0.03682151436805725
15738,0,1,0.09756289667825499,0.10343731939792633
15739,0,0,0.1237749512779186,-7.463246583938599e-05
15740,0,0,0.04447941376722529,0.07701893150806427
15741,0,0,0.053442848062840234,0.06335791945457458
15742,1,1,0.07781424977062215,0.03975008428096771
15743,0,1,0.07516257802171195,0.15053056180477142
15744,0,1,0.04094100250359191,0.010490871965885162
15745,0,1,0.06691310346401848,0.07196062803268433
15746,1,1,0.06691623266563111,0.042379558086395264
15747,0,1,0.0736353272398573,0.0591111034154892
15748,0,1,0.05597085681012132,0.04348868131637573
15749,0,0,0.03176178860406481,0.02186857908964157
15750,0,1,0.09970015922512668,0.0406796932220459
15751,0,1,0.04137644488179758,0.061958376318216324
15752,0,0,0.07408958933111282,0.11645102500915527
15753,0,1,0.07275838641539076,0.05004391074180603
15754,0,1,0.03024660976337256,0.02079974114894867
15755,1,0,0.08225871975868432,0.03855612874031067
15756,0,1,0.05761721550934877,0.048215076327323914
15757,0,0,0.06479634320409183,0.040988750755786896
15758,0,0,0.027015078065237397,0.03195039927959442
15759,0,1,0.05429051096563614,0.02502308040857315
15760,1,1,0.06935747938069843,0.10888561606407166
15761,0,0,0.0735402396720741,0.08011209219694138
15762,0,1,0.03344050691676512,0.047021474689245224
15763,0,1,0.04827171790820223,0.16481004655361176
15764,0,1,0.11795445110908981,0.10966497659683228
15765,0,1,0.03628314157676614,0.027808472514152527
15766,0,0,0.07437537905441308,0.08658672869205475
15767,0,0,0.030247385233069496,0.02079974114894867
15768,0,0,0.06623295654149704,0.12871098518371582
15769,0,1,0.07730890244210387,0.018906205892562866
15770,0,1,0.047444732790661984,0.06175479292869568
15771,0,0,0.07034265322610847,0.011532515287399292
15772,0,1,0.04598123084342083,0.0774490237236023
15773,0,0,0.04711201649369938,0.012533307075500488
15774,0,0,0.05672996525688359,0.10917257517576218
15775,0,0,0.054614182476321424,0.10541950166225433
15776,0,0,0.0683846668047892,0.0474904328584671
15777,0,1,0.07434989352322696,0.0704457238316536
15778,0,1,0.04352074066211617,0.06269185245037079
15779,0,1,0.08853541440915383,0.12431086599826813
15780,0,0,0.05194766296926877,0.022267580032348633
15781,0,1,0.06370808235987734,0.09656956791877747
15782,0,0,0.05897191492990776,0.05936606228351593
15783,0,1,0.060168498362674114,0.005741551518440247
15784,0,0,0.07141040660618034,0.0808628648519516
15785,0,0,0.09910224462576073,0.01281324028968811
15786,0,1,0.060400839003254964,0.08740998059511185
15787,0,1,0.057689663322471454,0.02317523956298828
15788,0,1,0.05358629937563199,0.04771383851766586
15789,0,0,0.04011190148330862,0.06159285828471184
15790,0,1,0.04919257656603407,0.015789486467838287
15791,0,0,0.061325380805173815,0.08132284879684448
15792,0,1,0.025693744176904773,0.036567188799381256
15793,0,0,0.08307692684142609,0.02971343696117401
15794,0,0,0.11193890128090428,0.11224827170372009
15795,0,1,0.07337605319931034,0.0983644425868988
15796,0,1,0.09958880990038219,-0.003211602568626404
15797,0,1,0.0809675455928181,0.07262073457241058
15798,0,1,0.09732601824161688,0.11021293699741364
15799,0,1,0.036254176964638216,0.030596189200878143
15800,0,1,0.03986522425710089,0.08142702281475067
15801,0,1,0.058695009765318704,0.08192457258701324
15802,0,1,0.10996247220512906,0.10056166350841522
15803,1,1,0.055997215106806025,0.04933617264032364
15804,0,0,0.05360998756839286,0.03584592044353485
15805,0,0,0.06176937502648758,0.06996703147888184
15806,0,1,0.07134571377817817,0.11618444323539734
15807,0,1,0.055678091244675904,0.04745633155107498
15808,0,1,0.049928378462887044,0.03378717601299286
15809,0,1,0.09901692990690356,0.12401868402957916
15810,0,1,0.06828514825743268,0.03223109245300293
15811,0,0,0.04118304554222496,0.08398253470659256
15812,0,0,0.03266682504186733,0.05679105222225189
15813,1,0,0.07237139544739676,0.046817027032375336
15814,0,1,0.07935477081407616,0.04644803702831268
15815,0,0,0.02899684268072803,0.03134489804506302
15816,0,1,0.0714409175992892,0.03822307288646698
15817,0,0,0.0799165822993207,0.06611678004264832
15818,0,0,0.07393624956534181,0.047213464975357056
15819,1,1,0.030898912552574397,0.03274969756603241
15820,0,1,0.06381799421437512,0.04115430265665054
15821,0,1,0.07292045807560432,0.04480898380279541
15822,0,0,0.07187131194817448,0.050389647483825684
15823,0,0,0.050513501559502474,0.06999506056308746
15824,0,1,0.060591319427711995,0.04488085210323334
15825,0,1,0.06684024344138728,0.10693901777267456
15826,0,0,0.08259809613273097,0.0780443400144577
15827,0,1,0.036139770067111096,0.027597881853580475
15828,0,0,0.04630662376969162,0.06264632940292358
15829,0,1,0.05471877988722966,0.05918486416339874
15830,0,0,0.04808266690763749,0.054600201547145844
15831,0,0,0.043706623724952445,0.026367677375674248
15832,0,1,0.06384330741448517,0.05298908054828644
15833,0,0,0.034225897187931356,0.06719151139259338
15834,0,1,0.041383716289388084,0.019839659333229065
15835,0,1,0.06358741937029747,0.07677629590034485
15836,0,1,0.06354940795850957,0.0026279836893081665
15837,0,0,0.0530780346821758,0.10395176708698273
15838,1,0,0.038555161243740615,0.032090023159980774
15839,0,1,0.055456941132203494,0.12167797982692719
15840,0,1,0.07038033848129495,0.025074124336242676
15841,0,0,0.07253897508795434,0.0534699410200119
15842,0,0,0.0577391534905376,0.016438908874988556
15843,0,1,0.05891070787097501,0.028322041034698486
15844,0,1,0.06652959507731156,0.05664736032485962
15845,0,1,0.037626044374247825,0.058608219027519226
15846,0,1,0.09698271893160346,-0.017041146755218506
15847,0,0,0.04144810882128232,0.011090502142906189
15848,0,0,0.06987086617895254,0.053400471806526184
15849,0,1,0.05452414744002773,0.08719034492969513
15850,0,0,0.03456943025071184,0.029621850699186325
15851,0,1,0.0495373169108182,0.08795517683029175
15852,0,1,0.06364865218648283,0.08905690163373947
15853,1,1,0.0383386368282356,0.035363659262657166
15854,0,1,0.08151946516406039,0.017442062497138977
15855,0,1,0.07025986720781018,0.025948360562324524
15856,0,1,0.051812930953028094,0.08843062072992325
15857,1,1,0.09414747887498678,0.09591268002986908
15858,0,1,0.07861660705020135,0.07637297362089157
15859,0,1,0.0451693433798185,0.08625287562608719
15860,0,1,0.07796084520922775,0.04117801785469055
15861,0,1,0.04126802403887579,0.05523824691772461
15862,0,1,0.07873957752161967,0.03481101989746094
15863,0,0,0.05659605732395774,0.013171814382076263
15864,0,1,0.06740333373764017,0.05434286594390869
15865,0,1,0.054084877318492056,0.029566705226898193
15866,0,0,0.06776230898059893,0.03742268681526184
15867,0,1,0.028853616981192508,0.08064987510442734
15868,1,1,0.06829200577633403,0.024567730724811554
15869,0,0,0.031476571972403465,0.04525723308324814
15870,0,0,0.028853616981192508,0.08064987510442734
15871,0,1,0.043969747706103623,0.08766777813434601
15872,0,1,0.061161572410346324,0.07467246055603027
15873,0,0,0.10213518835819005,0.013130903244018555
15874,0,1,0.07496636423159,0.047001227736473083
15875,0,0,0.05901905263929369,0.028429359197616577
15876,0,1,0.06300700026206148,0.04568146914243698
15877,0,1,0.07560139164861066,0.0748434066772461
15878,0,1,0.058996504740169056,0.01775354892015457
15879,0,1,0.06874529607553617,0.09057585150003433
15880,0,1,0.08846895080003397,0.07844136655330658
15881,0,1,0.08544823444616281,0.033000826835632324
15882,0,0,0.04773590159014984,0.07389695197343826
15883,0,0,0.04483885719281967,0.058808378875255585
15884,1,1,0.04144810882128232,0.011090502142906189
15885,0,1,0.06382161211735121,0.04755623638629913
15886,1,1,0.11144408929568708,0.10760897397994995
15887,0,0,0.06991002629964836,0.0689784437417984
15888,1,1,0.0849909455445324,0.1483442634344101
15889,0,0,0.02396808520080966,0.04488202556967735
15890,0,1,0.058689694565149886,0.046439945697784424
15891,0,0,0.046365868697289384,0.03582945466041565
15892,0,0,0.07757296774337213,-0.004936352372169495
15893,0,0,0.05003312283889891,0.08049624413251877
15894,0,1,0.04652116484693446,0.04486929252743721
15895,0,0,0.049164428479856984,0.07110282778739929
15896,0,1,0.0352574088481794,0.06955868005752563
15897,0,1,0.06861289785345563,0.02642153948545456
15898,0,0,0.046349319846455544,0.05433119088411331
15899,0,1,0.08633370251503464,0.057270348072052
15900,0,1,0.05200774912769841,-0.006573058664798737
15901,0,0,0.052668226618414415,0.07060254365205765
15902,0,1,0.05429648329636487,0.009922914206981659
15903,1,1,0.0576799878913503,0.07938877493143082
15904,0,1,0.07301511240463199,0.10959092527627945
15905,0,0,0.045128582661141586,0.04585340991616249
15906,0,1,0.06306140304355144,0.038422778248786926
15907,0,0,0.06660776206007883,0.12940675020217896
15908,0,1,0.030657594212194092,0.045643992722034454
15909,0,0,0.07062235223627654,0.09314734488725662
15910,0,1,0.06358843629921561,0.06721855700016022
15911,0,0,0.042041724447677134,0.0836360976099968
15912,0,0,0.03780516310105874,0.028657563030719757
15913,0,1,0.051253835895226765,0.02883458137512207
15914,0,0,0.05084798231567965,0.08570709079504013
15915,0,1,0.030635108780031263,0.0437246672809124
15916,0,0,0.08855568613194725,0.011960595846176147
15917,0,0,0.03192983718971534,0.02428002469241619
15918,0,1,0.06770994199746933,0.09262208640575409
15919,0,0,0.06052642859833779,0.1059194803237915
15920,0,1,0.030712670920200698,0.042863015085458755
15921,0,1,0.09608598797149029,0.07778576016426086
15922,0,1,0.07736917104901453,0.06500987708568573
15923,0,0,0.038273404766248804,0.048982493579387665
15924,0,0,0.03680406364445893,0.027752414345741272
15925,0,1,0.06985391399753688,0.036222413182258606
15926,0,0,0.04020387004844045,0.04655108600854874
15927,0,1,0.05528159987421655,0.08038508892059326
15928,0,0,0.06732699322444112,0.03583303093910217
15929,0,1,0.07176686379442485,0.048576027154922485
15930,0,0,0.04646679510073798,0.050149720162153244
15931,0,1,0.03605004783160804,0.034410715103149414
15932,0,1,0.04478268365038453,0.04080885648727417
15933,0,0,0.044598206308076344,0.0657961517572403
15934,0,1,0.049750744616725545,0.04849115014076233
15935,0,1,0.05051546694692065,0.08726318180561066
15936,0,1,0.06326651178656895,0.04099375009536743
15937,0,0,0.04454639937324047,0.07324114441871643
15938,0,0,0.0416579399102603,0.026254691183567047
15939,0,1,0.06468042288008975,0.008742697536945343
15940,0,1,0.05532975075322935,0.06368385255336761
15941,0,1,0.07469562473732963,0.07241769134998322
15942,0,1,0.08504439925113647,0.0551881343126297
15943,0,1,0.07137994922212124,0.09701015055179596
15944,0,1,0.04125621866231856,0.07232506573200226
15945,0,1,0.041427950498376276,0.016152821481227875
15946,0,1,0.03219914598610232,0.035966236144304276
15947,0,0,0.07730890244210387,0.018906205892562866
15948,0,1,0.05537053278892887,0.06844976544380188
15949,1,0,0.03816908364573027,0.08979503810405731
15950,1,1,0.09360884954592019,0.00843675434589386
15951,0,1,0.04144810882128232,0.011090502142906189
15952,0,1,0.05049658085143831,0.004615336656570435
15953,0,0,0.08934923834107872,-0.002912968397140503
15954,1,1,0.05802996078447134,0.08459272235631943
15955,0,0,0.056965782467874704,0.031056731939315796
15956,0,1,0.037808154636338485,0.04516896605491638
15957,1,1,0.07829640731776485,0.07014672458171844
15958,0,1,0.06907147841775774,0.011474892497062683
15959,1,1,0.04318201116126233,0.09411473572254181
15960,0,1,0.03113347988467273,0.04459293931722641
15961,0,1,0.08541915697259025,0.1447506844997406
15962,0,1,0.03298782845966484,0.023143984377384186
15963,1,1,0.0799748952462229,0.07008790969848633
15964,0,1,0.04255489417407425,0.07478629797697067
15965,0,1,0.04177903795221191,-0.0016059651970863342
15966,1,1,0.046626705853785366,0.07007087767124176
15967,0,1,0.026998195054213178,0.04066269099712372
15968,0,0,0.05165539163070258,0.08490506559610367
15969,0,0,0.07472233725435876,0.02999366819858551
15970,1,1,0.046488065316725335,0.04871473088860512
15971,0,1,0.055576229343904396,0.03597036004066467
15972,0,0,0.06577591396000358,0.02286505699157715
15973,0,1,0.07638664664342162,0.051426127552986145
15974,0,0,0.09067022077557838,0.11250531673431396
15975,0,0,0.03643783429966969,0.052683696150779724
15976,0,1,0.03321196446133126,0.048815444111824036
15977,1,0,0.0439591658443515,0.045004237443208694
15978,0,1,0.05390092420554779,0.09204166382551193
15979,0,0,0.06173255915688898,0.02435006946325302
15980,0,1,0.031190499314843696,0.07109830528497696
15981,1,1,0.032596901502309324,0.0681178867816925
15982,0,1,0.06411755178995829,0.10242404043674469
15983,0,1,0.06758203452308809,0.0042458176612854
15984,0,1,0.03606290237725123,0.035004597157239914
15985,0,0,0.0529880835307219,0.014236345887184143
15986,1,1,0.10370940147106286,0.11219477653503418
15987,0,1,0.06774138482307258,0.03742268681526184
15988,1,1,0.04719572002012394,0.05134371668100357
15989,0,1,0.046813675980022534,0.06504984200000763
15990,0,0,0.05782673181985665,0.1949365735054016
15991,0,0,0.031089401850688626,0.0682782456278801
15992,0,1,0.028440950267986653,0.024529816582798958
15993,0,1,0.047217516873591034,0.07178397476673126
15994,0,1,0.03820336269109991,0.02754269540309906
15995,0,1,0.055898872372335845,0.07359465211629868
15996,0,1,0.050199261994747765,0.01859651505947113
15997,1,1,0.07300907030283427,0.1303141862154007
15998,0,0,0.08537719625348172,0.0600273460149765
15999,0,1,0.06019223609977471,0.04689343273639679
