test_row_id,y_true,treatment,tau_hat_x
0,0,0,0.049842891164056366
1,0,1,0.03207300558733087
2,0,1,0.039167989411467784
3,1,0,0.03856408238484493
4,1,1,0.03704276323444437
5,0,1,0.0854801659301967
6,0,1,0.02965776243440725
7,1,0,0.03814790881923406
8,0,0,0.08154103090486045
9,0,0,0.035546190075592406
10,0,1,0.03562808740177975
11,1,1,0.04106679350587596
12,0,1,0.04823236575518717
13,0,1,0.08112903156117252
14,0,1,0.08608013142192836
15,0,0,0.03482192089637494
16,0,1,0.045543808369286794
17,0,0,0.09383353383067547
18,0,1,0.06543843152215872
19,0,0,0.06705544399331759
20,0,1,0.0891014501556527
21,1,1,0.04249246904647365
22,0,1,0.07907730870774843
23,0,1,0.03414583407394425
24,0,1,0.03346711617471389
25,1,1,0.06365080049885082
26,0,1,0.08433648500208965
27,0,1,0.021238668127950076
28,0,0,0.029954309528911684
29,1,1,0.041980624796529455
30,0,1,0.08877497216620595
31,0,1,0.04066799209820911
32,0,1,0.05198369816911505
33,1,1,0.0476566843601349
34,0,1,0.048376268995528895
35,1,1,0.03981513898130281
36,0,1,0.04524939540291252
37,1,1,0.10065394108406926
38,0,0,0.04224878574739812
39,0,1,0.026551906328700324
40,0,0,0.08666277157297442
41,0,1,0.08222889894136858
42,0,1,0.037136473122932084
43,0,1,0.017745075860225445
44,0,0,0.048180306280849926
45,0,1,0.08101272929844754
46,0,1,0.053276061919909794
47,0,0,0.04527171037078388
48,1,0,0.0618050833039899
49,0,1,0.05175149441013229
50,1,1,0.09691168344857816
51,0,1,0.037358292230094174
52,0,0,0.0758077412333703
53,0,1,0.08823351578398166
54,0,1,0.06437731233450873
55,0,1,0.08343670982614573
56,1,1,0.10013187245860322
57,0,1,0.04746484262720174
58,0,0,0.040576974314608286
59,0,1,0.027123233074428443
60,0,1,0.03839662676067536
61,0,0,0.06860953799640591
62,0,1,0.07996646055798898
63,0,1,0.07716994069219373
64,0,1,0.04264646801298179
65,0,0,0.04805443866488539
66,0,0,0.048577582809389445
67,0,0,0.08375646326754112
68,1,1,0.08369650312782051
69,0,1,0.0880542646562085
70,0,1,0.08310335201609094
71,0,1,0.04382735192378159
72,0,0,0.03855773331387951
73,0,0,0.016683121504653415
74,0,0,0.08935529097382855
75,0,0,0.08221799841770872
76,0,0,0.03648037910144979
77,0,0,0.08742334984574451
78,0,1,0.04907283746109545
79,0,1,0.03846050568192743
80,0,1,0.08152008813284564
81,0,1,0.03677742574881933
82,0,0,0.04004262078846653
83,1,0,0.0863388056619091
84,0,1,0.04054006058077511
85,1,1,0.06509283296304026
86,0,1,0.1040060291863579
87,1,1,0.0848865876328544
88,0,0,0.08274729477847828
89,0,1,0.0653825716773892
90,0,0,0.052086204064422756
91,0,0,0.06837418149722098
92,0,1,0.045600631444574886
93,0,1,0.039243501901725444
94,1,1,0.07344721234585097
95,0,1,0.07923512604990243
96,0,1,0.08319208947672467
97,0,1,0.06715492067873988
98,0,0,0.09550333289137926
99,0,1,0.06309360094248812
100,0,1,0.07716485136509307
101,0,0,0.01514968149752487
102,0,0,0.04774474313440763
103,0,1,0.1097222762388161
104,0,1,0.11607792734152492
105,0,1,0.08055127502929904
106,0,0,0.050664658537726504
107,0,1,0.04082137520788577
108,0,1,0.04401134658494865
109,0,1,0.040687785021258124
110,0,1,0.03080339635727935
111,1,1,0.050327198229571574
112,0,1,0.06438826433987614
113,0,1,0.04329875315790169
114,0,1,0.03953103246593071
115,0,0,0.047093065272864464
116,0,0,0.05615429837959322
117,0,1,0.07923284184077982
118,1,1,0.06071584054274004
119,0,0,0.07800620412389038
120,0,1,0.04176977294880513
121,0,0,0.083554611464838
122,0,0,0.0374988738612925
123,0,0,0.04701323913864385
124,0,0,0.048762371012491826
125,1,1,0.03192699404231702
126,0,1,0.08265324270364403
127,0,1,0.0828455870153873
128,0,1,0.09473033053658839
129,0,0,0.04319015594337429
130,0,0,0.08190837923661265
131,0,1,0.07770712257169135
132,0,1,0.08416100022021045
133,0,1,0.047769238073249044
134,0,0,0.0382744836151359
135,0,1,0.03604821009102492
136,1,1,0.04536436410999231
137,1,1,0.08144504629324409
138,0,0,0.039683365134874374
139,0,0,0.0778634353206468
140,1,0,0.07308276470224861
141,1,1,0.10145007825426638
142,1,1,0.0705458622266783
143,0,1,0.07736062863196783
144,0,1,0.07903428744630979
145,0,1,0.10592587374548627
146,0,1,0.0679155894691309
147,0,0,0.042192364903168314
148,0,0,0.053720991075210306
149,0,0,0.07417427283110309
150,0,0,0.08954434352060753
151,0,1,0.038087583820273115
152,0,0,0.05072492607898357
153,0,0,0.07037194871892392
154,0,1,0.028241159359908407
155,0,0,0.050037793088073754
156,0,1,0.0467633891508176
157,0,0,0.1069266398170253
158,0,1,0.04229575869802069
159,0,0,0.024179553395808767
160,0,1,0.04238747003893244
161,0,1,0.07810308245074213
162,0,1,0.08272163109796797
163,0,0,0.045219062529145634
164,0,1,0.04664854981974232
165,0,0,0.031149948470524807
166,0,1,0.04359506301487657
167,0,1,0.10034911807373117
168,0,1,0.046209427216099073
169,0,0,0.08528731648149968
170,0,0,0.01699877946105005
171,0,0,0.03820629302545255
172,0,0,0.03380794325526332
173,0,1,0.063596981696028
174,0,1,0.04388888571604983
175,0,0,0.060448828413076354
176,1,1,0.07879540487755245
177,0,0,0.05884611314392603
178,0,1,0.06863880134568565
179,0,1,0.04734213815245193
180,0,1,0.062061421456743725
181,1,1,0.006078172212318565
182,1,0,0.023281883313089058
183,0,1,0.04224231055471511
184,0,1,0.0751856092650067
185,0,1,0.039615300719805145
186,1,1,0.06544981614711813
187,0,1,0.055486711514794805
188,0,0,0.08834868206953428
189,1,1,0.03108663983635506
190,0,1,0.07331212055889262
191,0,0,0.04645019103640822
192,0,0,0.07716369443621181
193,0,1,0.034091760000507135
194,0,0,0.03945851777360562
195,0,1,0.07708658395639725
196,1,1,0.08432880415607313
197,0,0,0.06971211611545577
198,1,1,0.10844211216646478
199,0,0,0.04069008616204042
200,0,1,0.08525097464861543
201,0,1,0.03265842251110848
202,0,1,0.05789643696180093
203,0,0,0.08144426457624883
204,0,1,0.0485247739714089
205,0,1,0.050604621798928565
206,0,0,0.04593511791797051
207,0,1,0.08112102246986105
208,1,1,0.06761659385322648
209,0,1,0.08598269526115675
210,0,1,0.026252772213193554
211,0,1,0.04725742162976742
212,0,0,0.07368355366021781
213,0,0,0.053657077845698405
214,0,1,0.09503360712533748
215,1,1,0.04979542470607949
216,0,1,0.04788013818874667
217,1,1,0.07385787797205465
218,0,1,0.04113297724310427
219,0,1,0.07131932049960399
220,0,1,0.031308267735910215
221,0,1,0.05467797633982331
222,0,0,0.04674576881312191
223,0,0,0.07183809933995781
224,0,0,0.021192393798883526
225,0,1,0.07003552519266164
226,0,1,0.03353685658012834
227,0,0,0.04518360180576431
228,1,1,0.04429454192991024
229,0,1,0.06512306727397474
230,0,1,0.10327157953143554
231,0,0,0.04714958785318649
232,0,1,0.0851662511086631
233,0,1,0.0868787186920302
234,0,0,0.051790709775312194
235,1,1,0.04083351776273719
236,0,0,0.034310828212908845
237,1,1,0.051476613452945276
238,1,1,0.046894704150274844
239,0,1,0.07228719501154696
240,0,1,0.04765086195447461
241,0,0,0.04627485720146877
242,0,1,0.04687081897679262
243,1,0,0.07798440575149809
244,0,0,0.03911936467420981
245,0,1,0.03462793753460179
246,0,1,0.047068977169695325
247,1,0,0.024956307226864986
248,0,0,0.0582719717742861
249,1,0,0.031996056855041206
250,0,1,0.07318319704412597
251,0,1,0.04567032469411444
252,0,0,0.09077106143153929
253,1,1,0.03808243358327011
254,1,0,0.05058564299531282
255,0,1,0.0620218273627407
256,0,1,0.057055924275007844
257,0,1,0.03696533275716089
258,0,1,0.07661332174907272
259,0,1,0.04361008759460235
260,0,1,0.04148743876053137
261,1,1,0.06300934074488758
262,0,1,0.08152928934615386
263,0,1,0.10702873364723636
264,0,1,0.07525142015553607
265,0,1,0.041714516787217396
266,0,1,0.07671038228806193
267,0,0,0.046337779523841674
268,0,1,0.0483285113280202
269,0,1,0.030367355108075603
270,0,1,0.042223904484463934
271,0,1,0.06672002454709353
272,0,1,0.07352262297022111
273,0,1,0.06858866294845113
274,0,1,0.02844490315848429
275,0,1,0.06299785691603131
276,0,1,0.05268061364487743
277,0,1,0.08072072606158029
278,1,0,0.06810876711161612
279,0,1,0.04259352275436417
280,0,1,0.09036036509143931
281,0,0,0.07867961574526075
282,0,0,0.04601384000580423
283,0,0,0.05213118320984918
284,0,1,0.03429828219563634
285,1,1,0.060059314523205225
286,0,1,0.0907965590038084
287,1,1,-0.007091008567632312
288,1,1,0.0857358196232774
289,0,1,0.08372121210408456
290,0,0,0.08840531240731647
291,0,1,0.07422662139723768
292,0,1,0.08966789730914695
293,1,1,0.03865256269402715
294,0,0,0.06920168841280447
295,0,0,0.04659940119489209
296,0,1,0.05012504047356421
297,0,1,0.04772733418678194
298,0,0,0.04275944519357036
299,0,1,0.054118969406283204
300,0,1,0.08307298840826938
301,0,1,0.09464244544808592
302,0,0,0.046677778609160545
303,0,0,0.05099429778384718
304,0,1,0.039443666012481296
305,1,0,0.06549907398246915
306,1,1,0.045009358072739813
307,0,0,0.0656838770625064
308,0,1,0.07984223510826369
309,0,1,0.0795451139074789
310,0,1,0.11099785934613295
311,0,1,-0.000984560598685947
312,0,1,0.013539683631761747
313,0,0,0.029646845344029806
314,0,1,0.05936099684277698
315,1,1,0.05573871756269152
316,0,0,0.027219308417487362
317,0,1,0.07794801515723804
318,1,1,0.02473265283324254
319,0,1,0.101788852275427
320,0,0,0.03780874159474179
321,0,1,0.03980133339977124
322,0,1,0.047394668556059054
323,0,1,0.060823698593544376
324,1,0,0.07650739192518864
325,0,0,0.056716309469629335
326,0,1,0.07371699167002699
327,1,0,0.040997510868901396
328,0,0,0.08289007378493556
329,0,1,0.008499120978607895
330,0,0,0.09845899700893965
331,0,0,0.042307901791757134
332,0,1,0.0618050833039899
333,0,0,0.08173887349966558
334,0,0,0.05533965321093051
335,0,1,0.07980977314441422
336,0,0,0.06930752590450201
337,0,1,0.040664771633938335
338,0,1,0.05242908779830591
339,0,0,0.03368467500948652
340,0,1,0.02173868788015161
341,0,1,0.07672877827566608
342,0,1,0.08330632720203825
343,0,1,0.038262388474204254
344,0,1,0.05534386114133534
345,1,1,0.04295933786915774
346,1,1,0.041081135928576235
347,1,1,0.08501484290186316
348,0,0,0.05674179692355376
349,1,1,0.08187223432492527
350,0,0,0.08623613625014986
351,0,1,0.09221769472723446
352,0,0,0.05375358938033316
353,0,0,0.030922931226686014
354,0,1,0.03971027009796387
355,1,1,0.08012344760291415
356,0,0,0.07393829223077746
357,1,1,0.012057343077160988
358,0,0,0.03888368808582605
359,0,1,0.04559848751097661
360,0,1,0.0853966776561451
361,1,0,0.06189235543775008
362,0,1,0.04318793553441295
363,0,1,0.04000028052606119
364,0,1,0.07627384828198042
365,1,0,0.07610886714067604
366,0,1,0.08219392856439234
367,1,1,0.08331125304984285
368,0,1,0.09600137653814683
369,0,0,0.04946299679295449
370,1,1,0.023306664963263442
371,0,1,0.04318919018518526
372,0,1,0.09289540241119804
373,0,0,0.04086055444171091
374,1,0,0.07964278831269007
375,0,0,0.09460426212504486
376,0,1,0.04923766967724579
377,0,0,0.05165405911655459
378,0,1,0.03795584097607858
379,0,0,0.1048279538242634
380,1,1,0.04168422050676866
381,0,1,0.0778352343099537
382,0,1,0.044599330914388
383,0,0,0.05467797633982331
384,0,0,0.018014823424925355
385,0,1,0.061359873395421094
386,1,0,0.027399968467863144
387,0,0,0.08746851809111107
388,1,1,0.06486077184614447
389,0,0,0.08089044051679634
390,0,0,0.043223259541141375
391,1,0,0.049463098383478274
392,0,1,0.045621969758960955
393,0,1,0.08353410399044817
394,0,1,0.06294542036688068
395,0,0,0.08162629861396503
396,0,0,0.04659940119489209
397,1,0,0.07995460766588874
398,0,1,0.03794543574733782
399,0,1,0.07753543557009246
400,0,0,0.05064594675097809
401,0,0,0.05240755186387344
402,0,1,0.0604132588533544
403,0,1,0.04672942381141651
404,0,1,0.08514024779632019
405,0,0,0.012819228657041732
406,0,0,0.07848843876571865
407,0,1,0.03821087728562173
408,1,0,0.0762219261987043
409,1,0,0.038273959040362654
410,0,1,0.08783463199831937
411,1,1,0.09846090930899068
412,0,1,0.08272520195399591
413,0,0,0.039225438014757905
414,0,0,0.038629380175033395
415,1,1,0.058734530829070444
416,1,1,0.045544973436998884
417,0,0,0.043641465692505085
418,0,1,0.0424166310592554
419,0,0,0.039224053952833196
420,0,1,0.06332119796261275
421,0,1,0.08602344729720295
422,0,1,0.04720949104510726
423,0,1,0.0791134402242622
424,0,1,0.08671589269955496
425,1,1,0.09249675183401533
426,1,1,0.043234931823606784
427,0,1,0.03529226307003172
428,0,1,0.03311213128123443
429,0,0,0.015372726503698433
430,0,1,0.08304701943119353
431,0,1,0.05004415765551773
432,0,1,0.04946299679295449
433,0,1,0.07654218042175115
434,0,1,0.051009082446021536
435,1,1,0.048900440992615625
436,1,1,0.09671704796272304
437,0,0,0.03792996392997677
438,0,1,0.06672002454709353
439,0,1,0.08351549112768675
440,0,1,0.0464973823529134
441,0,1,0.05257507230114003
442,0,1,0.07680966347442945
443,0,1,0.060113197101335794
444,0,0,0.04759159739729674
445,0,1,0.08627511095956819
446,0,0,0.07375240705925487
447,0,1,0.034336317131280616
448,0,1,0.0898905993370447
449,0,1,0.03358428226325949
450,0,1,0.07134105954152098
451,0,1,0.08343670982614573
452,0,0,0.05292363193489742
453,0,1,0.08189872269316502
454,0,0,0.04742541668334504
455,0,1,0.07526579438150229
456,0,0,0.050486880606121824
457,0,1,0.06403990144325898
458,0,0,0.0811722568015621
459,0,1,0.05992000532241463
460,0,1,0.03910662559395896
461,0,1,0.06576206997764013
462,0,1,0.066202016230451
463,0,1,0.11132950382233506
464,0,0,0.06799846625733008
465,0,0,0.042447999731179756
466,0,1,0.04556019418989872
467,0,0,0.08418474567355061
468,0,1,0.08289993705576493
469,0,1,0.04663334591397374
470,0,1,0.056469831760822715
471,1,1,0.07247326227262806
472,0,0,0.04334014521190933
473,0,0,0.06875138054134627
474,0,1,0.048218970488582806
475,1,1,0.07337403271114037
476,0,1,0.08284182061573696
477,0,0,0.07736062863196783
478,0,1,0.08144595462741779
479,1,1,0.0594993198949397
480,0,0,0.028397130835310903
481,0,1,0.04906810813019146
482,0,1,0.08305019124838409
483,1,0,0.0373081060848696
484,0,0,0.07736654724581082
485,0,1,0.05646749563688687
486,0,0,0.11418528104083919
487,1,1,0.038137658786383186
488,0,0,0.05025746835609214
489,0,0,0.0849284827958604
490,0,1,0.08068770517926288
491,1,1,0.060064022056258035
492,0,1,0.045172849168369694
493,0,0,0.07596945737581282
494,0,1,0.049172761727980574
495,1,0,0.05816960876825077
496,0,0,0.080887491372587
497,0,0,0.04573484828000028
498,0,0,0.0910104016611293
499,0,0,0.09660353321310607
500,1,0,0.08418625561347418
501,0,0,0.026803700353921135
502,0,0,0.07971774493988223
503,0,1,0.036847254533951136
504,0,0,0.043166724116474715
505,0,1,0.07980977314441422
506,0,0,0.07553371806240805
507,0,0,0.04124432536745273
508,0,1,0.08300978139957288
509,0,0,0.08216487691028754
510,0,0,0.058590795223883135
511,0,1,0.08791978277413229
512,0,1,0.07970029335220143
513,1,1,0.06271468506906867
514,1,1,0.059857408086122735
515,0,0,0.08339788064014883
516,0,1,0.03888987358579785
517,0,0,0.046591202298228246
518,1,1,0.05606052582011807
519,0,1,0.08036434197077924
520,1,1,0.08112345774872676
521,0,1,0.06479973083083773
522,0,1,0.0829182342116227
523,0,1,0.08229192542314445
524,1,1,0.042577021177033846
525,0,1,0.0501211372794491
526,0,0,0.08025508108206388
527,1,1,0.04373040206660815
528,1,1,0.08760468210605786
529,0,0,0.08195207196263647
530,0,0,0.0647345418121934
531,0,1,0.07813351944529029
532,1,1,0.0870427923166516
533,0,0,0.08200595851478512
534,0,0,0.04312030602814129
535,1,1,0.04106677181761296
536,0,1,0.06922702362417645
537,0,1,0.06797695866068472
538,0,1,0.04812441646449506
539,0,1,0.1034764560982393
540,0,1,0.07286260912407103
541,1,1,0.056817217063663925
542,0,0,0.08132982368690073
543,0,1,0.04502403994705251
544,0,0,0.08516268029443566
545,1,1,0.05945089700122877
546,0,1,0.028975239464069942
547,0,1,0.038035069344642396
548,0,0,0.0737622971269527
549,0,1,0.08876721407726894
550,1,1,0.0756360444279865
551,0,0,0.05445892307983796
552,0,1,0.08146270539172706
553,1,1,0.050416187481388194
554,1,1,0.052050183498682616
555,1,0,0.020934758272244412
556,0,1,0.09827723856608817
557,0,1,0.04609801683356626
558,1,1,0.034275437244080664
559,0,1,-0.013851114752150045
560,0,1,0.11571986069522665
561,0,0,0.04647619575536467
562,0,0,0.03590670402772305
563,0,0,0.017848709801396585
564,0,1,0.029945959960164692
565,0,0,0.017897813386232884
566,0,0,0.07403108114688814
567,0,0,0.038708103716833156
568,0,0,0.08511593920635588
569,0,0,0.08107843061935262
570,0,1,0.04809184374958251
571,0,1,0.036055651984819935
572,0,1,0.06617579696891587
573,1,1,0.08036077945281675
574,0,0,0.11585504855519524
575,0,1,0.08650616184090257
576,0,1,0.08124535773650317
577,0,1,0.0373081060848696
578,0,1,0.07704858495760433
579,0,0,0.045616972702242714
580,0,0,0.06034729533112185
581,0,1,0.03749649822773971
582,0,1,0.03951155020718408
583,0,1,0.04526226848081216
584,0,1,0.0824054442371574
585,0,0,0.01686978803138683
586,0,1,0.08971059862426416
587,1,1,0.02405338689295957
588,0,1,0.07563619639635251
589,0,1,0.0816725209915931
590,0,1,0.04985404029383593
591,0,1,0.09447029843526458
592,1,1,0.04589308524486477
593,0,0,0.08406936190760685
594,1,0,0.04727885737189011
595,0,1,0.042581020992625784
596,0,0,0.04264646801298179
597,1,1,0.07492202374817082
598,1,0,0.07337991207904149
599,0,1,0.07594084896146355
600,0,1,0.040726463930665875
601,0,1,0.04125004850601421
602,1,1,0.07776946098199711
603,0,1,0.05310743335789453
604,0,1,0.0463770688461868
605,1,1,0.03760957174839931
606,0,1,0.04555111980939433
607,0,1,0.04626626595630397
608,1,1,0.0741155062162577
609,0,1,0.08226332584997231
610,0,1,0.060427358449244864
611,0,0,0.08443426158765699
612,0,1,0.04220388059444937
613,0,1,0.043233603496657835
614,0,1,0.03474679733159661
615,0,1,0.04830636576081032
616,0,0,0.046066187990239885
617,1,0,0.04459526501178525
618,0,0,0.06272816767229426
619,0,1,0.041712307339647786
620,0,0,0.014822397104417927
621,0,1,0.08397114934345426
622,0,0,0.07633796557168393
623,0,0,0.028140258727627897
624,0,1,0.0382744836151359
625,0,1,0.0956858928692714
626,0,1,0.04652648208560061
627,0,0,0.047920810596074725
628,0,0,0.04264646801298179
629,0,0,0.04800160081732424
630,1,1,0.04689613162328324
631,0,0,0.08948380406487993
632,0,1,0.0876123680930194
633,0,1,0.08262316466397036
634,0,0,0.0805001054579125
635,0,1,0.0907936358096137
636,0,1,0.0566723160406678
637,0,1,0.08774727576548821
638,0,0,0.09348022831851438
639,0,1,0.060894086753395346
640,0,0,0.06675465565912099
641,1,1,0.03604821009102492
642,0,1,0.07074721252952267
643,1,0,0.02011328070593178
644,0,1,0.08362101488713983
645,0,0,0.07877513541948869
646,0,0,0.08650744762091697
647,1,1,0.07009835970735996
648,0,1,0.005699958617225947
649,0,1,0.08123237284416493
650,0,0,0.057200865723401585
651,0,0,0.05155221993954742
652,0,1,0.07574334952530462
653,0,0,0.0463770688461868
654,0,1,0.045974042839141485
655,0,0,0.04659940119489209
656,0,0,0.0666540514341866
657,0,1,0.02053282732830119
658,1,0,0.0855785248611206
659,0,0,0.03758352251242711
660,1,1,0.04697573729156326
661,0,0,0.041958858913503046
662,0,1,0.01590117722060111
663,0,1,0.1091358705812508
664,0,0,0.07163132400964153
665,0,0,0.07240703547278407
666,0,1,0.0760116685015832
667,0,1,0.08081460948546287
668,0,1,0.09158782240965022
669,0,1,0.02847966904832999
670,0,0,0.0662831036531563
671,0,1,0.04995377270396171
672,0,1,0.026120292319911927
673,0,1,0.10254790162650297
674,0,0,0.08169387138067649
675,0,1,0.07600434282481686
676,0,1,0.03814937399192089
677,0,1,0.041401738282488706
678,1,1,0.10023487193876801
679,1,1,0.054188755197465154
680,0,1,0.0874653422520697
681,0,0,0.0416586290586031
682,0,0,0.03467955825734314
683,0,0,0.07655635995423032
684,0,1,0.07468946410829717
685,1,0,0.06931903059058445
686,1,1,0.09535828599170981
687,0,0,0.06714817814210844
688,0,1,0.08889038265152815
689,0,1,0.08650400933999752
690,0,1,0.07321907223071203
691,0,0,0.08323847902770708
692,0,1,0.08045377483995247
693,0,1,0.06149365163934319
694,0,0,0.04975594864160242
695,1,1,0.03212980975468392
696,0,0,0.0403761874768941
697,0,1,0.0846249467122955
698,0,0,0.041958858913503046
699,0,0,0.048650675433202936
700,0,0,0.052170717488433896
701,0,0,0.043565709167561306
702,0,0,0.07261889477116344
703,0,1,0.07527912142412217
704,1,1,0.04819732606576041
705,0,0,0.08195207196263647
706,0,0,0.04701323913864385
707,1,1,0.04275602011769357
708,0,1,0.06537913457601502
709,0,1,0.04618887703760824
710,0,1,0.041131493821716374
711,0,0,0.04737006886642306
712,0,1,0.05048594343155821
713,0,1,0.08145741536768931
714,0,1,0.08319283746530448
715,0,1,0.03588780177728833
716,0,1,0.08143790151661853
717,0,1,0.09355859031144619
718,0,0,0.04485701309881682
719,0,1,0.02888289876649503
720,0,1,0.03324964289609206
721,0,0,0.038043351945473286
722,0,1,0.08261127142972302
723,1,0,0.04452578181972847
724,0,1,0.04907283746109545
725,0,1,0.0760916269566209
726,1,1,0.08503853364391659
727,1,1,0.06971579982437826
728,1,1,0.0488406073902089
729,0,0,0.05376819690504382
730,0,0,0.08284043071494167
731,0,0,0.06446523741826497
732,0,0,0.027773895340368865
733,0,1,0.04379443547673077
734,0,0,0.04668305159678615
735,0,1,0.021979520686844205
736,0,1,0.033324501782341864
737,0,1,0.03754499856237822
738,0,1,0.09654288809710618
739,0,1,0.05595980693899995
740,0,0,0.07656011070956337
741,0,1,0.06095763760000991
742,0,1,0.048748512935740236
743,0,1,0.05018226739912015
744,0,1,0.08178648381957002
745,0,0,0.08205603191168802
746,0,1,0.07998759908430246
747,0,0,0.07761384205424082
748,0,1,0.04208949551693647
749,0,1,0.09243842910383308
750,0,1,0.031506398622156054
751,0,0,0.046362340118963244
752,0,1,0.0692390197163809
753,0,1,0.06005037695275667
754,0,0,0.07307561845366364
755,0,1,0.03044705390297791
756,0,0,0.020647050322089716
757,0,1,0.04956621607535667
758,0,0,0.08367466673236752
759,0,1,0.08408947098301703
760,0,1,0.07422760316672415
761,0,1,0.08028859448908773
762,0,0,0.045080560368395264
763,0,0,0.0817966755568989
764,0,1,0.04447704817203675
765,1,1,0.05953928992938299
766,0,0,0.038920916811884705
767,0,1,0.09653232312244894
768,0,1,0.07375679255738263
769,0,0,0.035935259693366375
770,0,1,0.0544089713302716
771,0,1,0.08233822931677862
772,0,1,0.046703462399507775
773,0,0,0.09645038332877809
774,0,0,0.0769653466930567
775,0,1,0.04347039895871146
776,0,0,0.043877056676622755
777,0,0,0.050971714291956224
778,0,0,0.02385564840969839
779,0,1,0.07929570654619471
780,0,0,0.06784403728196672
781,0,1,0.08144239718712315
782,0,1,0.020881893738268674
783,0,1,0.08242199206372354
784,0,1,0.040782650543154025
785,0,1,0.03843040253675854
786,0,0,0.08914579683189985
787,0,1,0.07977354214107807
788,0,1,0.0510915311581189
789,1,1,0.08674119458025188
790,0,1,0.044992625431136565
791,0,0,0.06435894099832173
792,0,1,0.08097282070585933
793,0,0,0.0697287540221945
794,0,0,0.0844482392717498
795,0,1,0.05402036799215909
796,0,1,0.03324964289609206
797,0,0,0.1005103722494371
798,0,1,0.07337991207904149
799,0,1,0.05375358938033316
800,1,0,0.08161183885069076
801,1,1,0.10408755670241664
802,0,0,0.043871590240330716
803,0,1,0.03324964289609206
804,0,1,0.07041576984736009
805,0,0,0.07997578587706713
806,0,0,0.07546850300153192
807,0,1,0.0851662511086631
808,0,0,0.04214024776776633
809,0,1,0.07980053048570196
810,0,1,0.04062719648174045
811,0,1,0.042812696481858536
812,0,1,0.08290205529011446
813,0,0,0.08841038613364233
814,0,0,0.054950600597911264
815,1,1,0.07492072655805201
816,1,1,0.05945089700122877
817,0,0,0.10025076028153715
818,0,1,0.07230468370414436
819,0,1,0.04645888982684927
820,0,1,0.07890582823077524
821,0,1,0.09586187784253053
822,0,0,0.0714939457473611
823,0,0,0.0348148126843288
824,0,1,0.04687081897679262
825,0,1,0.08768108741967223
826,0,1,0.08217574462850828
827,0,1,0.0629660691038357
828,0,1,0.08362556393406541
829,0,1,0.08221015570371301
830,0,1,0.08314355493362366
831,0,0,0.08891912532681304
832,0,0,0.04746396720541453
833,0,1,0.04470859421305103
834,0,1,0.08936753279774207
835,0,0,0.04998475356411622
836,0,1,0.0285434404522766
837,0,1,0.06458883104979292
838,0,1,0.03703336320608622
839,0,1,0.01736485694466431
840,0,0,0.07009835970735996
841,1,0,0.08066687055747948
842,0,1,0.0934289271166352
843,0,1,0.0656282312061122
844,0,0,0.07567372291279187
845,1,1,0.04870303609061294
846,0,1,0.06236063087126565
847,0,1,0.03881286677273099
848,0,1,0.0618050833039899
849,0,1,0.04443790282676803
850,1,0,0.056965305343388416
851,0,0,0.08102700604077867
852,0,1,0.025901988713797605
853,0,1,0.008752966335871623
854,1,1,0.037946942571598405
855,1,1,0.06663603981061288
856,0,1,0.06777643382593432
857,0,1,0.06143170366690284
858,1,1,0.01657518817753205
859,0,1,0.02460833146525536
860,0,1,0.08079444140324844
861,0,1,0.04244163190712004
862,0,0,0.04004262078846653
863,0,1,0.00581340129997342
864,0,1,0.044936411559541055
865,0,0,0.03872498294362037
866,0,0,0.04408745173708946
867,0,1,0.08527636125679694
868,0,1,0.07912637813003669
869,0,0,0.048158661506122066
870,0,1,0.0463770688461868
871,0,1,0.049309084960419976
872,0,0,0.07028037840324797
873,0,1,0.07966626228890582
874,1,0,0.014895651546177823
875,0,0,0.04614402157294083
876,0,1,0.04294231336448187
877,0,1,0.08282788917097014
878,0,1,0.042577021177033846
879,0,1,0.0790849241635636
880,0,1,0.04716208736204285
881,0,1,0.07009835970735996
882,0,0,0.08215750582846648
883,0,0,0.07433384788839739
884,0,1,0.041683883970202465
885,1,1,0.11087332844654402
886,0,1,0.06206642421830242
887,0,1,0.04682454151829897
888,0,1,0.040938489766090214
889,0,1,0.0779999087371109
890,0,0,0.07877839790410388
891,0,1,0.038498354484069616
892,0,1,0.04893995098134153
893,1,0,-0.008789536192783623
894,1,1,0.06519782818708708
895,1,1,0.0891631145811821
896,0,0,0.07567202775818521
897,0,1,0.0353717119285999
898,0,1,0.07544105721791496
899,0,0,0.03703065160534982
900,0,1,0.07412101924334884
901,1,1,0.041448732463499095
902,0,1,0.08523320895384887
903,0,1,0.08688513151403146
904,0,1,0.039198294842451825
905,0,1,0.0695237446640207
906,0,1,0.04912190154949793
907,0,1,0.03409504381390542
908,0,1,0.08378669862576725
909,0,1,0.07513991323983418
910,0,0,0.03453162362679088
911,0,0,0.06804000345860653
912,1,1,0.07815862981667851
913,1,1,0.09319848174952591
914,0,1,0.04897368247988851
915,0,1,0.04665527290561869
916,0,0,0.08049303109853118
917,0,1,0.05729743661759404
918,0,1,0.027562722233030267
919,0,1,0.08608013142192836
920,0,1,0.048596749187010874
921,0,1,0.038273959040362654
922,0,0,0.09567235907702235
923,0,1,0.08157678614153802
924,0,1,0.04057163741300317
925,0,0,0.0884724129159201
926,0,1,0.0873891523127881
927,0,1,0.04473462378292349
928,0,1,0.05237418169227817
929,0,1,0.04359108205539436
930,0,1,0.046938204376517675
931,0,0,0.048171283361363476
932,1,1,0.029498638386432352
933,0,1,0.04476650369198968
934,0,0,0.07329546415266311
935,0,1,0.06276980818519977
936,1,0,0.08154697720254563
937,0,1,0.04000028052606119
938,1,1,0.07776172040944676
939,0,0,0.03996534147094638
940,0,1,0.09848383373010833
941,0,0,0.03635093719400223
942,0,1,0.037671809077022236
943,0,0,0.08328189956048729
944,1,1,0.10295583186792512
945,0,1,0.04060011688502876
946,0,1,0.03984840168931351
947,1,1,0.046892991732525105
948,1,0,0.08503505073530124
949,0,1,0.05007358763346575
950,0,0,0.03472296113525921
951,0,1,0.04183309104698789
952,0,1,0.0859864045601355
953,0,0,0.09133455097297416
954,0,1,0.039634228244311925
955,1,1,0.10818456807152121
956,0,0,0.06488688830782567
957,0,0,0.0492493136476561
958,0,1,0.04446120417852877
959,0,1,0.08031892290323929
960,0,1,0.0641698555051105
961,0,1,0.038010832378175485
962,0,1,0.061202538520994484
963,0,1,0.07604957995792509
964,0,0,0.07051958637885856
965,0,1,0.06227975585613482
966,0,0,0.07541805575086696
967,0,1,0.03238094986871685
968,0,1,0.04130241734896615
969,0,1,0.04783569188949645
970,0,1,0.05938046572625463
971,0,1,0.038273959040362654
972,0,0,0.08450309535266293
973,0,1,0.042709638748532355
974,0,1,0.05391113859759167
975,0,1,0.11085785400618367
976,0,1,0.07970289861965486
977,0,1,0.0454928837672966
978,0,0,0.05610862464202976
979,0,0,0.04762134152800958
980,0,1,0.0770747941229184
981,1,1,0.03665742249978336
982,0,1,0.053742433459332425
983,0,1,0.05160809280240506
984,0,0,0.04920096663870849
985,0,0,0.07144781682074199
986,0,1,0.07369014250804483
987,0,1,0.042377669726782016
988,0,1,0.046393137070939686
989,1,1,0.11152444899405964
990,0,1,0.08090441646596296
991,0,1,0.03862906558263962
992,0,0,0.038304030689598874
993,0,0,0.028520009683448398
994,0,1,0.04419460665957363
995,1,1,0.040889649169500664
996,0,1,0.07970289861965486
997,0,1,0.038455823704955885
998,0,0,0.03850036808228629
999,1,1,0.11050262685245801
1000,0,1,0.054506539080621655
1001,0,1,0.07492202374817082
1002,1,1,0.04990030268801673
1003,0,1,0.06546879486369492
1004,0,1,0.08501433543884046
1005,0,1,0.08745687613826925
1006,0,0,0.06984366925511352
1007,0,0,0.08356960887633984
1008,0,0,0.0761256884748083
1009,0,1,0.05105274154000167
1010,0,1,0.050363437524203886
1011,0,0,0.08100003717182208
1012,0,0,0.07367188645394109
1013,0,1,0.10863035503011151
1014,0,0,0.04054006058077511
1015,1,1,0.054648752458830024
1016,0,0,0.09035597164733697
1017,0,0,0.07338720461739885
1018,0,0,0.06705544399331759
1019,0,1,0.07275767983600902
1020,0,0,0.1003282389340641
1021,0,0,0.07706305820365578
1022,0,0,0.06907508439471362
1023,0,0,0.07881308609711232
1024,1,0,0.07286007765106722
1025,0,1,0.0518306156153967
1026,1,1,0.036543525074003366
1027,0,1,0.0792794954098498
1028,0,1,0.07608066664047802
1029,0,0,0.037019188899767935
1030,1,0,0.04650982573285376
1031,0,1,0.09728835105883643
1032,0,1,0.08359746324169139
1033,1,1,0.03821208453212678
1034,0,1,0.01688633412998898
1035,0,0,0.08372976859856018
1036,0,0,0.0622970609580378
1037,0,1,0.04672942381141651
1038,0,1,0.08711536627522895
1039,0,1,0.0760116685015832
1040,0,1,0.08643214241426345
1041,0,1,0.03588780177728833
1042,0,1,0.0527144701108329
1043,0,1,0.0807830666837719
1044,0,1,0.10441470419560897
1045,0,1,0.10658837297126977
1046,1,0,0.10440225761721485
1047,0,1,0.03728160708002343
1048,0,1,0.025914701743453714
1049,0,1,0.040743519451280436
1050,0,1,0.04279902021806574
1051,0,1,0.06961396573023335
1052,0,1,0.05404244299472327
1053,0,0,0.08194928663680924
1054,0,0,0.0836486121572862
1055,0,1,0.07401569851858475
1056,0,0,0.08894170727872183
1057,0,0,0.08387009920989663
1058,0,1,0.050618927372524165
1059,0,1,0.038357039581579544
1060,0,1,0.04591261703067619
1061,0,1,0.017090393108523776
1062,0,1,0.07596945737581282
1063,0,1,0.02719814928489437
1064,0,0,0.0522195789283098
1065,0,0,0.040271408489033184
1066,0,1,0.0413818801485554
1067,0,1,0.04441228705026469
1068,0,1,0.045600631444574886
1069,0,0,0.029111460785285585
1070,0,1,0.08454227751178574
1071,0,1,0.06502897865519996
1072,0,1,0.07496413359494014
1073,0,0,0.04745171813469301
1074,1,1,0.05063911942574801
1075,0,1,0.040162517336912174
1076,0,0,0.04468742048558001
1077,0,1,0.047623148880493966
1078,0,0,0.06808576832247192
1079,0,1,0.11126810725729551
1080,0,1,0.018496683984049564
1081,0,0,0.07400478441010079
1082,0,0,0.06349577950088572
1083,0,0,0.07655079026971287
1084,0,1,0.039844295767041946
1085,0,1,0.0799930052863391
1086,0,1,0.08154288994364556
1087,0,1,0.04170622885659804
1088,0,1,0.046391031971472096
1089,0,1,0.0814403613015896
1090,0,0,0.03278130197912312
1091,1,0,0.07336736654328871
1092,0,1,0.018290988095872273
1093,0,0,0.0957445402676897
1094,0,0,0.03589480609121042
1095,0,1,0.04509709818397639
1096,1,1,0.044356289385000344
1097,1,0,0.05119122035435423
1098,0,1,0.04735992824326216
1099,0,1,0.030041006683593958
1100,0,1,0.04564629458953076
1101,0,0,0.04896871460089326
1102,1,1,0.07471022258892476
1103,0,1,0.057253465059088224
1104,0,1,0.041609850580158037
1105,0,1,0.024884209699303547
1106,0,1,0.05699695105546129
1107,1,1,0.038053598021259696
1108,0,0,0.028651710663092966
1109,0,0,0.08195207196263647
1110,1,1,0.08336012560920861
1111,0,0,0.08406316035369177
1112,0,1,0.09671391776252897
1113,0,0,0.08569401559497455
1114,1,1,0.055661105965747595
1115,0,0,0.024405974855094797
1116,0,0,0.059812822205513184
1117,0,1,0.07853481577358343
1118,0,0,0.07711488227999316
1119,0,1,0.08761655059861255
1120,0,0,0.05233091722268547
1121,0,1,0.044852011434793115
1122,0,1,0.05478660790839031
1123,0,1,0.00595360570856765
1124,0,1,0.02229129867399554
1125,0,1,0.03301444849892886
1126,1,1,0.04137306903236891
1127,1,1,0.05083362660969434
1128,0,1,0.08088593335728864
1129,1,1,0.06040473682610479
1130,0,1,0.06832565261887082
1131,0,1,0.050518294586972864
1132,0,1,0.06982977269386341
1133,0,0,0.09626081272447061
1134,0,0,0.034224464166565646
1135,0,0,0.08938139636692531
1136,1,0,0.04887324904102934
1137,0,0,0.04000028052606119
1138,0,0,0.06452889673722019
1139,0,1,0.050344617367648385
1140,0,1,0.03469794699400147
1141,0,0,0.07683119898190637
1142,0,1,0.04517332740413309
1143,0,0,0.028889914434110073
1144,0,1,0.025947844165178716
1145,1,1,0.09252759615002343
1146,0,1,0.05225949701459348
1147,0,1,0.08098312987590359
1148,0,0,0.08221255145990415
1149,0,1,0.07604957995792509
1150,0,1,0.08711341212602389
1151,0,1,0.08327624257611686
1152,0,1,0.03914036934859724
1153,0,1,0.07801946254430199
1154,0,1,0.04264646801298179
1155,0,1,0.0957427442643157
1156,0,1,0.07628915615676257
1157,0,1,0.07392303718713267
1158,0,1,0.07722816084951246
1159,0,1,0.03618196898349488
1160,0,1,0.03758226505361035
1161,0,0,0.06497622411513217
1162,0,1,0.049972930383250264
1163,0,1,0.05601437115171437
1164,0,1,0.08045377483995247
1165,0,0,0.04025917449127626
1166,0,1,0.05113096764242208
1167,0,1,0.09087009958429541
1168,0,0,0.07308990905292605
1169,0,1,0.07410432089358658
1170,0,1,0.09348022831851438
1171,0,1,0.08227737482198377
1172,0,1,0.046998742155749326
1173,0,1,0.04752934434245892
1174,0,0,0.027578895151420375
1175,0,0,0.036593242696119965
1176,0,1,0.08076849559372912
1177,0,0,0.07228464841283275
1178,0,1,0.08068770517926288
1179,0,1,0.02895133249291407
1180,0,1,0.08263827196376491
1181,0,0,0.015650426618384825
1182,0,1,0.04621301685875245
1183,0,1,0.11232781516464005
1184,0,1,0.07621256790805844
1185,0,1,0.043880465240245276
1186,1,1,0.08103209273380038
1187,0,1,0.04723073522557442
1188,0,1,0.050602751326141
1189,0,0,0.07412101924334884
1190,0,0,0.03469318210290025
1191,0,1,0.044611651504200836
1192,0,1,0.08430624489364057
1193,0,0,0.047436811006294294
1194,0,1,0.03475264768993689
1195,0,0,0.04843806308459922
1196,0,0,0.08394974840562955
1197,0,1,0.08420135918966123
1198,0,1,0.07511037992742234
1199,0,1,0.08361221351821925
1200,0,1,0.08297404592186483
1201,0,1,0.038054073635557926
1202,1,1,0.06202333817172587
1203,0,0,0.08031139323814171
1204,1,1,0.06507075542724869
1205,0,1,0.04734213815245193
1206,0,1,0.015282873129462993
1207,0,0,0.0782885998440652
1208,0,0,0.04129870134937552
1209,0,1,0.09326207121054614
1210,1,1,0.13625031583495592
1211,0,1,0.04777479865250477
1212,0,0,0.08409623774024202
1213,0,1,0.042698708639312424
1214,0,1,0.04187205573552466
1215,1,1,0.06514081174946355
1216,1,1,0.03302029435841096
1217,0,0,0.04570342290773176
1218,0,0,0.08012344760291415
1219,0,1,0.0786912353582724
1220,1,1,0.024432384942040006
1221,0,1,0.02824032435321242
1222,1,1,0.07615791717038164
1223,0,1,0.03512440834560099
1224,0,0,0.04336418141231158
1225,0,0,0.05784739802720939
1226,0,0,0.02907704502728575
1227,1,1,0.09103218410350702
1228,0,0,0.017281038628595834
1229,0,1,0.07936768378958486
1230,0,1,0.04268945694515635
1231,0,0,0.04281797796573052
1232,0,1,0.04489312899343992
1233,0,0,0.041500388731179325
1234,0,1,0.06681654764303609
1235,0,1,0.03773183472219711
1236,0,0,0.07753071261227087
1237,1,1,0.026551906328700324
1238,1,1,0.06471404991465399
1239,0,0,0.08502910983104797
1240,0,1,0.0810982096835195
1241,0,1,0.04340602758818182
1242,0,1,0.03308241834058079
1243,0,0,0.08105315977042671
1244,0,1,0.04446490045169962
1245,0,1,0.007061944563365153
1246,0,1,0.08466478418670023
1247,0,1,0.03561601592585408
1248,0,0,0.07248938466541846
1249,0,1,0.07282960521582317
1250,1,1,0.07201123184001136
1251,0,1,0.0818294753149539
1252,0,1,0.08045377483995247
1253,0,1,0.045470357463711274
1254,1,1,0.05017625007301789
1255,1,1,0.07889936573723344
1256,0,1,0.030526409499891997
1257,1,1,0.031263952475505494
1258,0,1,0.047219359673035616
1259,0,0,0.0852412819970891
1260,0,1,0.08356779229335795
1261,0,0,0.08087802285344747
1262,0,1,0.08036434197077924
1263,1,1,0.07533759330744941
1264,1,1,0.07683979513970104
1265,0,0,0.06811119290311796
1266,0,1,0.08333764923835264
1267,0,1,0.04295933786915774
1268,0,0,0.0751856092650067
1269,0,1,0.04367392489175419
1270,0,1,0.020044875461692358
1271,0,1,0.050416512635743996
1272,0,1,0.07685524458585086
1273,0,1,0.022181061027006455
1274,0,0,0.06816268131948655
1275,0,1,0.08215805206717748
1276,0,1,0.030608469814592764
1277,0,1,0.04419460665957363
1278,0,1,0.039234911355827254
1279,1,0,0.05056634960961724
1280,0,1,0.03933568799819092
1281,0,1,0.06039769701116781
1282,0,0,0.07172925749923298
1283,0,1,0.04581852200467989
1284,0,1,0.05671156429749487
1285,0,1,0.04650982573285376
1286,0,0,0.05124452593604367
1287,0,1,0.03927427525394375
1288,0,0,0.07980534720309938
1289,0,0,0.027446789256915627
1290,0,0,0.049481368340744056
1291,0,0,0.03605921191582454
1292,1,1,0.05877498782784369
1293,1,1,0.08792165674787969
1294,0,1,0.07934250530155623
1295,0,1,0.04262442543509637
1296,0,0,0.08036434197077924
1297,0,1,0.04835874444322527
1298,0,0,0.051203730314813636
1299,1,1,0.10076129876851475
1300,0,1,0.020881893738268674
1301,1,1,0.07825268345826948
1302,0,0,0.08019086683270481
1303,0,0,0.10119500853945337
1304,1,1,0.031451412316027695
1305,0,0,0.05789643696180093
1306,0,1,0.08072243596061085
1307,0,1,0.058081483383722855
1308,1,1,0.08339115798652963
1309,0,1,0.09131565755182104
1310,0,1,0.07980977314441422
1311,1,1,0.08277227467218914
1312,0,1,0.030262071447552167
1313,1,1,0.05637433716496472
1314,0,1,0.08137330005052694
1315,0,1,0.051379538932072075
1316,0,0,0.04839066796066768
1317,0,0,0.0736414769114127
1318,0,0,0.08353984618181184
1319,0,0,0.0343734328479568
1320,0,1,0.046609968633368
1321,0,1,0.05102311941725655
1322,0,1,0.08412518864219479
1323,0,0,0.0431075757283068
1324,1,1,0.08077217810063943
1325,0,0,0.04386338636089615
1326,0,0,0.05206082129459629
1327,0,1,0.05590634825317546
1328,0,0,0.0056340465524579025
1329,0,1,0.06760795542984928
1330,0,0,0.05851048628289244
1331,0,1,0.045600631444574886
1332,0,0,0.053734912756634806
1333,0,0,0.03592975481156463
1334,0,0,0.046042123720401916
1335,0,1,0.1156231908988897
1336,1,1,0.05027043385471487
1337,0,1,0.05741260016696933
1338,0,1,0.04359754775591032
1339,0,0,0.07572992135200662
1340,0,1,0.02081150845949848
1341,0,1,0.02474270939252736
1342,1,1,0.07410432089358658
1343,0,1,0.08545270099841451
1344,0,0,0.09813364351659723
1345,0,1,0.07606785805769552
1346,0,0,0.07455309082347095
1347,0,0,0.05729743661759404
1348,0,0,0.09379406702401905
1349,1,0,0.08106677303972798
1350,1,1,0.038054073635557926
1351,0,1,0.08330348692476716
1352,1,0,0.055909841981304206
1353,1,0,0.0353494134965537
1354,0,0,0.05259790618961112
1355,1,0,0.09083652987953189
1356,1,1,0.03672736781835843
1357,0,1,0.06304629549360558
1358,0,1,0.0747563277497355
1359,1,1,0.04128448032982544
1360,0,0,0.0923803555552089
1361,0,1,0.004737975775568965
1362,1,1,0.0821931489369138
1363,0,1,0.030367355108075603
1364,0,0,0.09207232718067712
1365,0,1,0.042041549592014435
1366,0,1,0.04533409906905681
1367,0,1,0.09213038116747321
1368,0,1,0.08902436107882333
1369,0,1,0.04578021418448852
1370,1,0,0.06747305315257994
1371,0,1,0.04627986757423014
1372,0,1,0.09032852647516844
1373,0,1,0.05290587931925237
1374,0,1,0.08127713193456097
1375,0,1,0.02231453483113121
1376,1,1,0.10201574343320774
1377,0,1,0.045567467618723975
1378,0,1,0.05795806354082424
1379,0,1,0.03263801613632317
1380,0,1,0.06512934216977176
1381,0,0,0.047047388364433146
1382,0,0,0.04705768452102472
1383,0,0,0.04573281396690064
1384,0,1,0.09385404410408132
1385,0,1,0.08226091294484164
1386,0,1,0.08047271671114656
1387,0,1,0.07856690997019297
1388,1,0,0.08847235285503632
1389,1,1,0.04672942381141651
1390,0,1,0.08085760967578956
1391,1,1,0.10781596221712689
1392,0,1,0.04065945766818657
1393,0,0,0.09872536873345313
1394,0,1,0.07406145010679427
1395,1,1,0.04749508090104124
1396,0,0,0.06135851604820086
1397,0,1,0.07987704094914949
1398,0,1,0.0853267063252264
1399,0,1,0.020881893738268674
1400,0,1,0.08000341515651879
1401,0,0,0.09343307694975825
1402,0,1,0.062398692626970974
1403,1,0,0.050093112885451346
1404,0,0,0.07587855746684258
1405,1,1,0.04365813961402247
1406,0,1,0.07655079026971287
1407,0,0,0.05703393192210654
1408,0,0,0.060036050391162755
1409,0,1,0.056290034002530215
1410,0,1,0.08350579784521844
1411,0,0,0.038010253897886565
1412,0,0,0.054672085698408576
1413,0,0,0.04898351711723142
1414,1,1,0.06835410026262412
1415,0,1,0.04220388059444937
1416,0,1,0.08518436486612382
1417,1,0,0.08548330556194483
1418,1,0,0.09449324927027218
1419,0,1,0.027946755411543855
1420,0,1,0.05119957938221497
1421,0,1,0.04254633899150235
1422,0,0,0.07143814738475433
1423,0,1,0.0387938296485482
1424,0,1,0.046650607505754706
1425,1,1,0.08660315630157153
1426,0,0,0.07816515535201878
1427,0,1,0.057984749738964725
1428,0,0,0.08715946133108729
1429,0,0,0.09569376891053014
1430,0,1,0.08172497286745165
1431,0,1,0.04528388941506921
1432,0,1,0.04226972988902011
1433,0,0,0.05937491605238068
1434,0,1,0.045684835724242694
1435,0,0,0.04696786452571845
1436,0,0,0.045216016553119825
1437,0,1,0.04698616631257492
1438,1,1,0.0678960940312566
1439,0,1,0.05005694701975841
1440,1,1,0.03426677841815315
1441,0,0,0.038656173673676
1442,0,1,0.04107498584681704
1443,0,1,0.0451954346239436
1444,1,1,0.049126633147144834
1445,0,1,0.03983839384026059
1446,0,0,0.04903304460317508
1447,0,0,0.09755733934064434
1448,0,1,0.005978764559681824
1449,0,0,0.09311160821848333
1450,0,1,0.058076586090446664
1451,0,1,0.045841060696732334
1452,0,1,0.08871465341486948
1453,1,1,0.0795709693720939
1454,0,1,0.05980349494527473
1455,0,1,0.0374988738612925
1456,0,1,0.09819837765788157
1457,1,1,0.03935940385927451
1458,0,1,0.0757891548425194
1459,0,0,0.08881844537060851
1460,0,1,0.08093028467411835
1461,0,1,0.016672140385860963
1462,1,1,0.0418999886998419
1463,0,1,0.03324964289609206
1464,0,1,0.0739914315687561
1465,0,0,0.04946299679295449
1466,0,1,0.06537523895545168
1467,0,1,0.0786690389958048
1468,0,0,0.10461546397307514
1469,0,0,0.04481650279906178
1470,1,1,0.08438676646870748
1471,0,1,0.038152040500967155
1472,0,0,0.08131287055802039
1473,0,1,0.05662557899078455
1474,1,1,0.09368564138820361
1475,0,1,0.0602621299622835
1476,0,0,0.08225771394696345
1477,0,1,0.029428562012014263
1478,0,1,0.08131270906416338
1479,0,0,0.054950938685414966
1480,0,1,0.03492721562626376
1481,0,1,0.026666674856158968
1482,1,1,0.0931089510334965
1483,0,1,0.06971211611545577
1484,0,1,0.04419460665957363
1485,0,1,0.05399209333974005
1486,0,0,0.05122932785965617
1487,0,0,0.04998951888844022
1488,0,1,0.022931602791459546
1489,0,0,0.08431998103061789
1490,0,0,0.07423132115686057
1491,0,1,0.03561817565004571
1492,0,1,0.08773225493242842
1493,0,0,0.08358492228804817
1494,0,0,0.07605608238348867
1495,0,1,0.08522628354176164
1496,0,1,0.016615159629968377
1497,0,0,0.08258544745273345
1498,0,1,0.06046543377158003
1499,0,1,0.1037134458682862
1500,0,0,0.08863980819090317
1501,0,1,0.06528193341754313
1502,0,1,0.06285416449054046
1503,0,1,0.0608936196941821
1504,0,1,0.05833585235430059
1505,1,1,0.07367318217821855
1506,0,1,0.05820352946077689
1507,0,0,0.03910662559395896
1508,0,1,0.027446789256915627
1509,0,0,0.047233520165085745
1510,0,1,0.03982259065228417
1511,1,1,0.06375617291581905
1512,1,0,0.08637462977142918
1513,0,1,0.037697005401707034
1514,0,0,0.04705339004192591
1515,0,1,0.08131088061342985
1516,0,0,0.07405164951871607
1517,0,1,0.07731533807405563
1518,1,1,0.05441937660226684
1519,0,0,0.08334945698194199
1520,0,0,0.04592655771352593
1521,0,0,0.07707655675045512
1522,0,1,0.03283809744084798
1523,0,1,0.053559688381365156
1524,0,1,0.09308660892937695
1525,1,1,0.09783766557212434
1526,1,1,0.07339803873053062
1527,0,1,0.043114294282919095
1528,0,1,0.09209080169903107
1529,0,0,0.06663603981061288
1530,0,1,0.032058141077529946
1531,0,1,0.04870801286244665
1532,0,1,0.044356289385000344
1533,0,0,0.0666095675374602
1534,0,0,0.08474585649792943
1535,0,0,0.08353857650741348
1536,0,1,0.04303784321606484
1537,0,0,0.04340065751495836
1538,0,1,0.04703922817968773
1539,1,1,0.04860436671510626
1540,0,0,0.06309360094248812
1541,0,0,0.02893325463966362
1542,0,1,0.043708120849036886
1543,0,0,0.08184284384237198
1544,1,1,0.07734382844871437
1545,0,1,0.04680471874424744
1546,0,0,0.07787748099566469
1547,0,1,0.04650207798175086
1548,1,1,0.07293644135468251
1549,0,1,0.04701323913864385
1550,0,1,0.08579032673286088
1551,0,0,0.06673913048674134
1552,0,1,0.041958858913503046
1553,0,0,0.0469469796803837
1554,0,0,0.033769944743951126
1555,0,1,0.08782484798392451
1556,0,0,0.04776806556418595
1557,0,0,0.02712033515240357
1558,0,0,0.04435902723517898
1559,0,1,0.08544586936215785
1560,0,1,0.05788096335877303
1561,0,1,0.0862088915956696
1562,0,0,0.07403338696185312
1563,0,0,0.0820146586892807
1564,0,1,0.08900943900460256
1565,1,1,0.06475111647832965
1566,1,1,0.08540381030883823
1567,0,1,0.051582670834111846
1568,0,1,0.07977173958105777
1569,0,1,0.06568710165579837
1570,0,1,0.05048594343155821
1571,1,1,0.0775743080827434
1572,0,1,0.07177818927168522
1573,1,1,0.034152091840413984
1574,0,0,0.08206665665451775
1575,0,1,0.08740540848034303
1576,0,1,0.04264646801298179
1577,1,1,0.08166005450588117
1578,1,1,0.08132141972491543
1579,1,1,0.09159313105965294
1580,0,1,0.04701323913864385
1581,0,0,0.049692072770353896
1582,0,1,0.053181025572333576
1583,0,0,0.08062144147527123
1584,1,1,0.035994322874798194
1585,0,1,0.029092796955935453
1586,0,1,0.07167041910280493
1587,0,1,0.0820054259191306
1588,0,0,0.038880307341115444
1589,0,1,0.08329661654252736
1590,1,1,0.041840218818159865
1591,0,1,0.052742543010807996
1592,0,0,0.05144488428070185
1593,0,1,0.06039868167124035
1594,0,1,0.0646630232893566
1595,0,1,0.05675370819651767
1596,0,1,0.07861277704118633
1597,0,1,0.07762393353331147
1598,0,0,0.013188810778546885
1599,0,1,0.04025767665030417
1600,0,1,0.0766533914833238
1601,0,1,0.039954316720518517
1602,0,1,0.03825713085933595
1603,0,1,0.045776214954050064
1604,0,0,0.024103814531486956
1605,0,1,0.039451247711181164
1606,1,1,0.03613184782846152
1607,0,1,0.04343205517009363
1608,1,1,0.08008837473456168
1609,1,1,0.043310776653524674
1610,0,1,0.045357563944326044
1611,0,0,0.08820667116335897
1612,0,0,0.04098852377161652
1613,0,0,0.038546896975545156
1614,0,0,0.03945753405539567
1615,1,0,0.08344756010655915
1616,0,1,0.041415536526870585
1617,0,1,0.03226879764381307
1618,0,1,0.011667457944868117
1619,0,1,0.09085939056628872
1620,0,1,0.0387000812899825
1621,0,1,0.06889420495344632
1622,0,1,0.0550193967974701
1623,0,0,0.07104807190258346
1624,0,1,0.06719838874937445
1625,0,1,0.08528731648149968
1626,1,1,0.05116958444720529
1627,0,1,0.06647461744067287
1628,0,1,0.04220388059444937
1629,0,1,0.08784327191064971
1630,1,0,0.06660631825165189
1631,0,1,0.07052199240364813
1632,0,0,0.04207689626710062
1633,0,0,0.07862299584797741
1634,0,1,0.03982120403637501
1635,0,0,0.03832871312280904
1636,1,1,0.041840218818159865
1637,0,1,0.08487534808487551
1638,0,1,0.07830231017923373
1639,0,0,0.08112445422458217
1640,0,0,0.03648534026507515
1641,0,0,0.03702623288884686
1642,0,1,0.08085760967578956
1643,1,1,0.06655159336157881
1644,0,1,0.0751362901084032
1645,0,1,0.0745264741159765
1646,1,1,0.04020880555470633
1647,0,1,0.047432725624945715
1648,0,1,0.04489906284901245
1649,0,1,0.04192554820908871
1650,0,1,0.06917273229727504
1651,0,1,0.08739378399539763
1652,1,0,0.04301603384822396
1653,1,1,0.04334514432063845
1654,0,1,0.026914477374996436
1655,0,1,0.06031096534857605
1656,0,1,0.058918477479168695
1657,0,1,0.03640337485823823
1658,0,0,0.08089504334592162
1659,0,1,0.089604118195017
1660,0,1,0.0917283588055644
1661,1,0,0.020270665642157994
1662,0,1,0.058076586090446664
1663,0,0,0.08767895670820251
1664,0,1,0.08560398013149878
1665,0,1,0.07345033262191547
1666,0,0,0.05062486923811264
1667,0,1,0.046252130133384334
1668,0,1,0.07336126348507624
1669,0,1,0.08777082592989546
1670,0,1,0.08969922323555338
1671,0,0,0.04920096663870849
1672,0,1,0.04292084409328228
1673,0,0,0.0748657177845834
1674,0,1,0.07957722797804226
1675,0,1,0.0463770688461868
1676,0,1,0.08372109665054495
1677,0,1,0.020491395588659755
1678,0,1,0.016329864715647832
1679,0,1,0.09140796478871041
1680,1,0,0.08353857650741348
1681,0,0,0.04714887041226526
1682,0,1,0.049835307859445455
1683,1,1,0.037292085509805006
1684,1,0,0.044630987484121296
1685,0,0,0.07297323549714821
1686,0,1,0.07766167845776671
1687,1,1,0.08117547415393254
1688,1,1,0.049415982523065546
1689,1,1,0.08254889277618951
1690,0,0,0.04900727455215496
1691,0,1,0.07337991207904149
1692,0,0,0.07628927058014151
1693,0,0,0.03638120078359067
1694,0,1,0.05797911445902722
1695,0,1,0.08062168120733411
1696,0,1,0.04805443866488539
1697,1,1,0.08128975897235446
1698,0,0,0.02648085910299844
1699,0,1,0.05599901936469285
1700,0,0,0.09173165067023745
1701,1,1,0.08336068191544685
1702,0,1,0.11533185065472018
1703,0,0,0.03708428006830766
1704,1,1,0.10094923913542173
1705,0,0,0.07734908508942924
1706,0,1,0.08493277866818813
1707,0,1,0.06738770102706443
1708,0,1,0.048353924959905606
1709,0,1,0.04379451889092201
1710,1,1,0.04324618792646344
1711,0,1,0.08748640924313855
1712,0,0,0.046202898558944855
1713,0,1,0.08249197748243776
1714,0,1,0.08474585649792943
1715,0,0,0.03932071233251086
1716,0,1,0.039406693496008026
1717,0,1,0.04147269370454082
1718,0,0,0.045797994589014554
1719,1,1,0.0524833883874414
1720,0,0,0.06446598967893948
1721,0,1,0.04581113745832026
1722,0,0,0.04449624893467201
1723,1,1,0.059172843823829424
1724,0,0,0.0382744836151359
1725,1,1,0.08556317956601507
1726,0,0,0.08059321666529518
1727,0,0,0.04228686925321627
1728,1,1,0.06456002292749197
1729,0,1,0.08360400239209873
1730,0,1,0.03505134449418003
1731,0,0,0.0748122122587829
1732,0,0,0.05762188688738993
1733,0,0,0.020461803428083153
1734,0,1,0.03983948802292971
1735,0,1,0.10346060889594869
1736,1,0,0.046885042503342494
1737,0,1,0.07226838939513422
1738,0,1,0.0745438731323449
1739,0,1,0.08373129035869496
1740,1,1,0.046655543577457506
1741,0,0,0.0737884006099393
1742,0,0,0.07090212555801756
1743,0,1,0.09305419749600333
1744,1,1,0.08280715142476718
1745,0,1,0.04320990491981052
1746,1,1,0.04026037631079917
1747,0,1,0.08723583491352847
1748,0,1,0.03132417617181234
1749,0,0,0.031291491068573186
1750,0,1,0.029640861739199994
1751,0,0,0.08068770517926288
1752,0,1,0.09906506607428332
1753,0,1,0.052432784754697925
1754,0,0,0.08045377483995247
1755,0,1,0.10117182790148918
1756,0,1,0.061233705567334054
1757,0,0,0.04100100205215004
1758,0,0,0.03949530606720918
1759,0,1,0.06981691386476674
1760,0,1,0.028652168764031427
1761,0,1,0.0661655017878647
1762,0,0,0.03665457303334113
1763,0,0,0.04134860974492231
1764,1,1,0.04901795335742735
1765,0,1,0.08633853735205696
1766,0,1,0.07764974562818788
1767,1,1,0.023541712073323996
1768,0,1,0.037909315118371874
1769,0,1,0.04607256086456642
1770,1,1,0.05240111235639855
1771,0,1,0.0477502372100102
1772,0,1,0.08727108116902385
1773,0,1,0.04226458341329379
1774,0,1,0.10234043988633199
1775,0,1,0.044564266488616486
1776,0,1,0.07125394000338309
1777,0,1,0.07984118199260316
1778,0,1,0.047788607072618866
1779,0,1,0.028074712021723083
1780,0,1,0.07801562331573783
1781,0,1,0.1068503688282547
1782,0,0,0.0830442807124972
1783,0,1,0.08197250290432684
1784,0,1,0.04661876482845606
1785,0,0,0.05983018756568477
1786,0,0,0.023481446104659146
1787,0,1,0.04425108542236236
1788,0,1,0.04336168343301233
1789,0,0,0.0805816138027494
1790,0,1,0.04028559629097006
1791,0,1,0.08546764016021789
1792,1,1,0.060306336860289494
1793,1,1,0.0744729694872549
1794,0,1,0.06495229638046852
1795,0,1,0.09487740584291987
1796,0,1,0.057143912206921874
1797,0,0,0.08352910169766894
1798,0,1,0.0489365456515494
1799,1,0,0.08619011586039661
1800,1,1,0.06837118537342116
1801,0,0,0.07429514402778269
1802,0,0,0.04805443866488539
1803,0,1,0.03493295171512286
1804,0,1,0.07736941028883793
1805,0,1,0.07945125262266475
1806,1,1,0.06150145145279194
1807,1,1,0.02849989419200137
1808,0,1,0.028079723114484836
1809,0,0,0.08659989664880255
1810,0,0,0.06155204849661733
1811,0,1,0.07254232716086875
1812,1,1,0.04195909696182597
1813,0,1,0.0460767448088392
1814,0,1,0.018014823424925355
1815,0,0,0.08036721503981557
1816,0,1,0.04303572476888264
1817,0,1,0.08430452798424175
1818,0,0,0.04340575462984027
1819,0,1,0.04724179105427232
1820,0,1,0.03194863773912288
1821,0,0,0.03711567789472591
1822,0,0,0.08088868218117766
1823,0,1,0.09146343230098315
1824,0,0,0.03567509435056933
1825,0,1,0.04235644530863328
1826,0,1,0.03606384258093165
1827,1,0,0.11788725451201529
1828,0,1,0.08037368697440903
1829,0,1,0.08207310627550235
1830,0,0,0.07774592573033198
1831,0,0,0.08068770517926288
1832,0,1,0.04780605627858674
1833,1,1,0.07297486938152709
1834,0,0,0.04272946853076209
1835,0,1,0.05233541124747389
1836,1,1,0.04990030268801673
1837,0,0,0.06574297179713853
1838,0,1,0.033583311686778625
1839,0,0,0.08146823623130152
1840,0,1,0.07083692172252176
1841,0,1,0.03846050568192743
1842,0,1,0.06313393532212253
1843,0,1,0.045450046111173835
1844,0,1,0.11047177183192948
1845,0,0,0.07688622554156
1846,0,1,0.05054110850319238
1847,0,1,0.05101199701314732
1848,0,1,0.05040971340172279
1849,0,1,0.06513057272829333
1850,0,1,0.03628177221228941
1851,0,0,0.11826723942636781
1852,1,0,0.043887447771775404
1853,1,0,0.08331283513637983
1854,0,1,0.045868539857359315
1855,0,1,0.041253709404614036
1856,0,1,0.04067395797491092
1857,0,1,0.05461013586865843
1858,0,1,0.03368313693633143
1859,0,1,0.03673618370555458
1860,0,1,0.08396176601848133
1861,0,1,0.07105541234622866
1862,0,1,0.07713062139278018
1863,0,1,0.08744224805416934
1864,1,1,0.05044005862870849
1865,1,1,0.08252752422219212
1866,0,1,0.041880149692858366
1867,0,0,0.05967225711494083
1868,1,1,0.060259988822116
1869,0,0,0.04359282400329864
1870,0,1,0.04893898993394329
1871,0,0,0.03519125587894695
1872,0,0,0.04365047632736199
1873,0,0,0.07655079026971287
1874,0,1,0.0909760414996386
1875,0,1,0.07662329651443443
1876,0,0,0.05001990910083674
1877,0,0,0.04536722442308293
1878,0,1,0.017177013307279367
1879,0,1,0.05775090395906487
1880,0,0,0.04458133887216144
1881,0,1,0.053470545435553164
1882,0,0,0.06925210813985357
1883,0,0,0.047373786442678714
1884,0,1,0.04628362943862218
1885,0,1,0.05860488280808013
1886,0,1,0.08961359727424999
1887,0,0,0.0809988917222732
1888,1,1,0.024102186301711296
1889,0,0,0.06383414455969844
1890,1,1,0.06535570104190609
1891,0,1,0.05807824539038971
1892,0,0,0.038920916811884705
1893,0,0,0.0463770688461868
1894,1,0,0.04397677629072349
1895,0,0,0.0442373811598385
1896,0,1,0.045679557333963006
1897,1,0,0.03532245357937421
1898,0,1,0.03290126399375086
1899,0,1,0.09647549240483716
1900,0,1,0.04799121111005081
1901,1,1,0.04407868987751777
1902,0,1,0.10225915224192822
1903,0,1,0.04325226004053284
1904,0,1,0.05322276038911074
1905,0,1,0.03561678527168468
1906,0,0,0.10085912691799245
1907,0,1,0.07584384995983229
1908,0,1,0.07766910010216263
1909,0,0,0.01811143259236235
1910,1,0,0.03670608653006549
1911,0,0,0.03441924806417557
1912,0,1,0.07708836301985077
1913,0,1,0.05945089700122877
1914,0,0,0.0559637620849508
1915,0,1,0.06685521417835501
1916,0,1,0.044751282133719136
1917,0,0,0.08068770517926288
1918,0,1,0.10594081123581865
1919,0,1,0.0396966742489375
1920,0,0,0.04411286353358809
1921,0,1,0.07634969064834563
1922,0,0,0.07495772343552878
1923,0,1,0.04444698924821009
1924,0,0,0.08429691632501822
1925,0,1,0.09444711077187105
1926,0,1,0.05861406353274483
1927,0,1,0.040404786456114124
1928,0,0,0.01076431469544539
1929,0,1,0.0209564884349235
1930,1,1,0.0425194152626962
1931,0,1,0.08275531960723935
1932,0,1,0.0582133556105027
1933,0,0,0.09568589417546997
1934,0,0,0.0831437301777202
1935,0,0,0.03444399013954338
1936,0,1,0.046270095936522454
1937,1,1,0.028002511442427738
1938,0,1,0.08046553756335796
1939,0,0,0.035556239049181176
1940,0,1,0.08119333770191983
1941,0,0,0.0502438019490597
1942,0,1,0.06312602493780956
1943,0,1,0.09198500141916996
1944,0,0,0.03754824195191489
1945,0,1,0.08149194815646016
1946,0,1,0.09165322090133617
1947,0,0,0.08181159079654901
1948,0,1,0.05031686192505458
1949,1,1,0.036856120291162656
1950,0,1,0.08770214772878862
1951,0,1,0.08065294253343745
1952,1,1,0.07317933234155846
1953,0,0,0.0628615027868518
1954,0,0,0.0757891548425194
1955,0,1,0.08236149848979946
1956,0,0,0.08036328856545025
1957,0,1,0.030710965327902955
1958,1,1,0.036272133891379156
1959,0,1,0.04758884166614869
1960,0,0,0.04714083084641934
1961,0,1,0.08048794434353036
1962,0,1,0.06630026861707171
1963,0,0,0.03054572658561345
1964,0,1,0.07877872921220533
1965,0,0,0.024328765735415637
1966,0,1,0.035344279507239854
1967,0,0,0.0909169040637238
1968,0,1,0.08255243022654365
1969,0,1,0.04743737701277877
1970,0,1,0.0823341079514705
1971,0,1,0.07932920827976264
1972,0,0,0.04287144121147396
1973,0,1,0.07330696931200473
1974,1,0,0.055901221474770786
1975,0,1,0.09741629991174328
1976,0,1,0.057285551301460035
1977,0,1,0.0580676611948083
1978,0,0,0.06503661004223565
1979,0,0,0.012201828000720439
1980,0,0,0.06926433503259248
1981,0,1,0.05324288917539338
1982,0,1,0.05135448313494673
1983,0,0,0.09068370747941545
1984,0,1,0.03700554320469256
1985,1,1,0.012020400411875506
1986,0,0,0.08885077771013969
1987,0,0,0.04847793098343616
1988,0,0,0.06536183395379198
1989,0,0,0.10581669863611817
1990,0,1,0.06336035332691943
1991,0,0,0.07114689774731758
1992,0,1,0.04254824999758909
1993,0,1,0.048637143672399075
1994,1,1,0.0823393381503161
1995,0,1,0.02968161736850335
1996,0,1,0.02758512734592836
1997,0,1,0.043257992203264865
1998,0,1,0.057796273151514296
1999,0,1,0.019543322035428592
2000,0,1,0.07813916752786042
2001,0,1,0.029092796955935453
2002,0,1,0.08372257371131785
2003,0,1,0.04705274929623077
2004,0,0,0.04241201312309935
2005,0,1,0.06559196140054409
2006,0,1,0.04538242504301008
2007,0,0,0.08173268132123337
2008,0,0,0.030542630923724386
2009,0,1,0.09989454709673376
2010,0,1,0.09031081758614737
2011,0,0,0.034029469162053586
2012,0,1,0.077075750694955
2013,0,1,0.11980143844525513
2014,0,1,0.0526357712038755
2015,0,0,0.056956850599158615
2016,0,0,0.043163621122365325
2017,0,1,0.03865006518748295
2018,0,1,0.006116739082299434
2019,1,1,0.08470166397161574
2020,0,1,0.07453704803548664
2021,0,1,0.08256144381394083
2022,0,0,0.07074683584546135
2023,0,1,0.017877950746694946
2024,0,1,0.048854257701187634
2025,1,1,0.08680935564078383
2026,0,1,0.06990500062870733
2027,0,0,0.04075635627796581
2028,0,0,0.033923367738593266
2029,0,1,0.08432961340104007
2030,0,1,0.045543808369286794
2031,0,0,0.06205028752875569
2032,0,0,0.10096203192588511
2033,1,0,0.04995377270396171
2034,1,1,0.04490852947411156
2035,0,1,0.06995075269184091
2036,0,1,0.046146802615753005
2037,0,0,0.09980723098615274
2038,0,0,0.08670187820090576
2039,0,0,0.08470063009029584
2040,0,1,0.023243856897822525
2041,0,1,0.09516225256768869
2042,0,1,0.030367355108075603
2043,0,0,0.03399180078660183
2044,0,1,0.0304448675539676
2045,0,1,0.047422781368845715
2046,0,0,0.05882465116745796
2047,0,0,0.05649596173180891
2048,0,0,0.0747422370475927
2049,0,0,0.09013296860752905
2050,1,1,0.06926024405253484
2051,0,1,0.0459481908961927
2052,0,1,0.09129103022334908
2053,0,1,0.04689817416616681
2054,0,1,0.02897568384383664
2055,0,0,0.08218436883988187
2056,0,0,0.052109561725205214
2057,0,1,0.08131908374570801
2058,0,1,0.08975466914031914
2059,0,1,0.04916156059756822
2060,0,0,0.058991117098177004
2061,0,1,0.044871004736764954
2062,0,1,0.10733982578200624
2063,1,1,0.024653067493712977
2064,0,0,0.05278654422180078
2065,1,1,0.021979520686844205
2066,0,1,0.042436532863022625
2067,0,0,0.08878013034565745
2068,0,1,0.06433356797660861
2069,0,1,0.08328231063409859
2070,0,1,0.07207477137445312
2071,1,0,0.08408702158618021
2072,0,1,0.04198268018576022
2073,0,0,0.054846271242612626
2074,0,1,0.030960466004231055
2075,0,1,0.10728143641201354
2076,0,1,0.04369254126719868
2077,1,1,0.0827516467242515
2078,0,1,0.04904383723906152
2079,0,0,0.07206363962121445
2080,0,1,0.03877525164309799
2081,0,1,0.03629542868730553
2082,0,1,0.09717346593995498
2083,0,1,0.0634650458811892
2084,0,1,0.08561498518077507
2085,0,1,0.057757302545889386
2086,0,0,0.05761925640987401
2087,0,0,0.08678586097281807
2088,1,1,0.03693079449550465
2089,0,1,0.08342372440258838
2090,0,1,0.07457845517783802
2091,0,1,0.0788538582065433
2092,0,0,0.06101296436102118
2093,0,0,0.06240125295135428
2094,0,1,0.08737092893817351
2095,0,1,0.0823190606448003
2096,0,1,0.024696082326947866
2097,0,1,0.028093462026045464
2098,0,1,0.08366307989225688
2099,1,0,0.07087384760627959
2100,0,0,0.04169878684535695
2101,0,1,0.036543525074003366
2102,1,1,0.0630598550905748
2103,0,0,0.0447794530634907
2104,0,1,0.058674638501507
2105,1,1,0.03279954257879626
2106,0,1,0.023012946268962355
2107,1,0,0.02468703077450053
2108,0,1,0.07997807244972678
2109,0,1,0.0729988692750571
2110,0,1,0.09065665734811869
2111,0,1,0.09293777388555378
2112,0,1,0.02513755585613829
2113,0,1,0.045345963518740234
2114,1,1,0.05644876595065461
2115,0,1,0.03911593174585723
2116,0,0,0.046173388052385966
2117,0,1,0.04390013166666253
2118,0,1,0.06037793161346776
2119,1,0,0.02673105380679409
2120,0,1,0.047349151740859595
2121,0,1,0.09597904968837292
2122,0,1,0.0372749772501584
2123,0,0,0.07664103607982792
2124,0,1,0.029759459160045375
2125,1,1,0.031559357213333215
2126,1,1,0.047381258426192036
2127,0,1,0.09381973969947885
2128,0,1,0.08369927447901528
2129,0,1,0.06651706146583791
2130,1,0,0.038323870045784005
2131,0,0,0.07913594766478571
2132,0,1,0.048066304994259235
2133,0,1,0.07375166213304979
2134,0,1,0.030980216089081455
2135,1,0,0.05072291573671343
2136,0,0,0.061799729139670516
2137,0,1,0.03344507476512136
2138,0,0,0.07159105924699197
2139,0,0,0.05118118575583853
2140,0,0,0.08045377483995247
2141,0,0,0.09074160327148639
2142,0,0,0.06528355691403927
2143,0,1,0.06837992175360308
2144,0,0,0.010498759686919108
2145,0,1,0.07716485136509307
2146,1,1,0.10158017910315087
2147,0,0,0.08293764457406701
2148,0,0,0.04852627067381175
2149,1,1,0.016940748124140568
2150,0,1,0.06449991252147022
2151,1,1,0.04247002651411512
2152,1,1,0.0942757085429386
2153,0,1,0.08238771079035402
2154,0,0,0.0395624838908035
2155,0,1,0.005228383543303805
2156,0,1,0.044215681612286784
2157,1,0,0.05632047148193048
2158,0,0,0.07151942352710726
2159,0,1,0.049790726126963974
2160,0,1,0.040743519451280436
2161,0,1,0.08036434197077924
2162,0,1,0.07401569851858475
2163,0,0,0.037470158817145896
2164,0,1,0.024335231237215187
2165,0,1,0.04390110473309055
2166,0,1,0.040017414994718746
2167,1,1,0.08324200513192288
2168,0,0,0.01807422275665327
2169,1,1,0.07346652086695828
2170,0,1,0.053274933683629073
2171,0,0,0.06433531897677022
2172,0,0,0.04241201312309935
2173,1,1,0.09033813551792863
2174,0,1,0.08588703059071723
2175,0,1,0.055533043124807294
2176,0,1,0.03385767953240805
2177,0,0,0.07980977314441422
2178,0,1,0.07815075918978925
2179,1,0,0.08270395370887951
2180,0,0,0.0691731041555686
2181,0,0,0.060306336860289494
2182,0,1,0.05894458383414572
2183,0,1,0.048762371012491826
2184,0,1,0.04746171380251578
2185,0,1,0.045019710999826504
2186,0,0,0.08410164356750705
2187,0,1,0.04613277389563096
2188,0,1,0.07861760079925163
2189,0,1,0.05079418213288199
2190,0,1,0.04757062774945661
2191,1,1,0.06930886896976218
2192,1,1,0.008254831824020384
2193,0,1,0.06819059575622952
2194,0,1,0.06739872411813834
2195,0,1,0.0883431000354076
2196,0,1,0.040312485019601725
2197,0,0,0.038273959040362654
2198,0,0,0.08800344162800532
2199,0,0,0.035417129441611406
2200,0,1,0.08815602275282966
2201,0,1,0.07210614420250255
2202,0,1,0.01974177255739918
2203,0,0,0.008078806332544491
2204,0,1,0.08146198556762421
2205,0,1,0.08105596530921859
2206,0,1,0.06791015283023735
2207,0,1,0.04577324638406084
2208,1,1,0.01964101263635025
2209,0,0,0.0529642344927586
2210,0,0,0.04388931345861836
2211,1,1,0.08486837537858173
2212,0,1,0.04208807422823947
2213,0,0,0.040605578405815405
2214,0,0,0.07650129185721367
2215,1,1,0.03839035218687245
2216,0,0,0.08833670602850999
2217,0,1,0.033908934281043995
2218,0,0,0.07604957995792509
2219,0,0,0.01749866215182026
2220,0,1,0.04465187757353594
2221,0,0,0.03156074960241957
2222,0,1,0.06334673416743637
2223,0,1,0.05560295774346979
2224,0,0,0.02354670007568866
2225,0,0,0.07730770040766649
2226,1,0,0.07077420803604179
2227,0,1,0.10117843540281471
2228,0,0,0.08238771079035402
2229,0,1,0.046737108952813425
2230,0,1,0.040707300413852496
2231,0,1,0.04792591102852756
2232,0,1,0.06965648223594241
2233,0,1,0.0705328564531182
2234,0,1,0.09052089417284045
2235,0,1,0.05072291573671343
2236,0,0,0.022832950433619638
2237,0,0,0.07044966406904876
2238,0,0,0.027318005584692627
2239,0,0,0.025145854300991102
2240,1,1,0.013701564725481643
2241,0,1,0.07401569851858475
2242,0,1,0.041590291421794864
2243,1,1,0.08146012493871461
2244,0,0,0.04035806346354047
2245,0,0,0.02530800340947381
2246,0,0,0.05412878612795949
2247,0,0,0.042838561142783234
2248,0,0,0.05013850873128941
2249,0,1,0.04220388059444937
2250,0,0,0.040009985310962774
2251,0,1,0.055784014235359544
2252,0,0,0.07032851261817775
2253,1,1,0.08249726310742787
2254,0,1,0.0315410645400107
2255,0,1,0.02602156150405501
2256,0,1,0.08461617965654049
2257,0,0,0.10013718897683996
2258,0,1,0.02991441073549234
2259,0,0,0.08510175670313526
2260,0,1,0.05729743661759404
2261,1,1,0.08210053052931296
2262,0,0,0.02077121729073804
2263,0,1,0.06320786754124123
2264,0,1,0.05591995871468829
2265,0,0,0.045483856951886205
2266,0,0,0.04746396720541453
2267,0,1,0.0806093115553313
2268,0,1,0.03386676816572824
2269,1,1,0.029694284863072455
2270,0,1,0.07300106956313746
2271,0,1,0.075857155985317
2272,0,1,0.05754348441968345
2273,0,0,0.049689249758007266
2274,1,1,0.042171676801192666
2275,0,0,0.04556000234606315
2276,0,0,0.04298463641313135
2277,0,0,0.027568645180454668
2278,0,1,0.08299685830214726
2279,0,1,0.039140410614871876
2280,0,1,0.1123488319579587
2281,0,1,0.09753245663618873
2282,0,1,0.0856699056572673
2283,1,0,0.05781454113744812
2284,1,1,0.0851932519967776
2285,0,0,0.06003209344731078
2286,0,0,0.07091758390672442
2287,0,0,0.03740607747082008
2288,0,0,0.08427519313882878
2289,1,1,0.06920979434421026
2290,1,1,0.05203730782603255
2291,1,1,0.05502920886728288
2292,0,1,0.0873891523127881
2293,0,1,0.08068770517926288
2294,0,1,0.03240958763960851
2295,1,1,0.08912999752312525
2296,0,1,0.07836077181120482
2297,0,1,0.06817038347800894
2298,0,1,0.058678395976261385
2299,0,0,0.0788920725778367
2300,1,1,0.07873611861930095
2301,0,0,0.07818357133498768
2302,0,1,0.08131787626698464
2303,0,1,0.08111467991249102
2304,0,0,0.048147542419301234
2305,0,0,0.08058314370934687
2306,0,1,0.08458257332778499
2307,0,1,0.04659940119489209
2308,0,0,0.08378016094035583
2309,0,0,0.07345742755831956
2310,0,0,0.0677103388989984
2311,0,0,0.0837034375182585
2312,0,0,0.07332871827891804
2313,0,1,0.08019659399327858
2314,1,1,0.08348538938744268
2315,0,1,0.046905840550700975
2316,0,1,0.03537745733059858
2317,0,0,0.041422946055685965
2318,0,0,0.01655383703955229
2319,0,1,0.0677584850734086
2320,0,1,0.04961207517966561
2321,0,1,0.08840854222661386
2322,0,0,0.07148555815135119
2323,0,1,0.08045377483995247
2324,0,1,0.04279902021806574
2325,1,1,0.05261603451754765
2326,0,0,0.061578029933720906
2327,0,1,0.04552548966236937
2328,0,0,0.11988406129363915
2329,0,1,0.04906810813019146
2330,1,0,0.08192987821343095
2331,0,1,0.042182375621999155
2332,0,1,0.03164994199738114
2333,0,1,0.0837878752366519
2334,0,1,0.0504009879284652
2335,0,1,0.04683794289065808
2336,1,0,0.039041625716281225
2337,0,1,0.0347284397451553
2338,0,1,0.03397800341736969
2339,0,1,0.07514851852612155
2340,0,1,0.056123892959341976
2341,1,1,0.039160377980432766
2342,0,0,0.07616866860873056
2343,0,0,0.0822957027810945
2344,0,0,0.08527636125679694
2345,0,0,0.04564361762976351
2346,0,0,0.0808288615358542
2347,1,1,0.10118302086149195
2348,0,1,0.03467955825734314
2349,0,1,0.07136896104041572
2350,0,1,0.08162629861396503
2351,0,0,0.08798808206520586
2352,0,1,0.056246123502145445
2353,1,1,0.04888985718693137
2354,0,1,0.011405953441175346
2355,0,0,0.075636508376837
2356,0,1,0.0599147928112112
2357,1,1,0.08333764923835264
2358,0,0,0.09157087535314715
2359,0,1,0.032430155107003776
2360,0,0,0.06320372574852257
2361,0,0,0.042447999731179756
2362,0,1,0.0450035650746362
2363,0,1,0.03924176505221999
2364,0,1,0.040362984593183576
2365,0,1,0.021979520686844205
2366,0,1,0.04401937856698615
2367,0,1,0.046697900540426406
2368,0,0,0.07020978003350879
2369,0,1,0.05294100692811134
2370,0,0,0.05322276038911074
2371,0,1,0.08376671234695107
2372,1,0,0.07823160117762645
2373,0,1,0.06716889211457827
2374,0,0,0.04260329854238716
2375,0,0,0.03579427070380077
2376,0,1,0.07764563385831813
2377,0,1,0.08125393048041095
2378,0,1,0.07795858491531676
2379,0,1,0.08197621597405914
2380,0,1,0.08402460338182624
2381,1,1,0.049801187428112154
2382,0,1,0.04867613188799304
2383,0,1,0.05200057146845949
2384,0,1,0.09378609349821407
2385,0,0,0.03908444661190525
2386,0,1,0.08004806053206916
2387,0,0,0.04356416881333612
2388,0,1,0.03588780177728833
2389,0,1,0.04145856541052308
2390,0,1,0.038988710996715095
2391,0,0,0.06864501837591667
2392,0,1,0.043260135188215934
2393,0,1,0.08530937760857474
2394,0,1,0.047533209810118104
2395,0,0,0.04275346750596071
2396,0,0,0.03074023961841442
2397,0,1,0.09554766265459298
2398,0,0,0.04209808102729956
2399,0,1,0.08072590518761094
2400,0,1,0.07367975736002982
2401,0,0,0.07997801439424665
2402,0,0,0.07867425881447396
2403,0,1,0.030960466004231055
2404,0,1,0.041660371871549425
2405,0,1,0.06381716030494834
2406,1,0,0.07680234568101311
2407,0,1,0.08294424654103938
2408,0,1,0.08102296915209731
2409,0,1,0.0476886469428445
2410,1,1,0.04353655088415619
2411,0,1,0.0395602668649781
2412,0,0,0.032991456088507155
2413,0,0,0.03815461173222301
2414,1,1,0.08736831429544395
2415,0,0,0.04101535508656379
2416,0,1,0.07386101679073477
2417,1,1,0.08251717458397725
2418,0,1,0.046294126141432454
2419,0,1,0.03132516763820054
2420,0,1,0.021552368220590278
2421,0,1,0.05792144932628156
2422,0,0,0.08440946852969593
2423,0,0,0.07937911320412214
2424,0,0,0.039408865787508233
2425,0,1,0.058986905413658725
2426,0,1,0.09171248992228015
2427,1,0,0.0401086523472123
2428,0,1,0.07947039699180931
2429,0,0,0.07400478441010079
2430,0,1,0.09794131397329123
2431,0,0,0.08548872859423985
2432,0,1,0.08457593512800883
2433,0,1,0.069479713387725
2434,1,1,0.045015838133847325
2435,0,1,0.048193637283110616
2436,0,1,0.08891261387854246
2437,0,0,0.043448600166023595
2438,0,1,0.08195207196263647
2439,0,1,0.038926295657222776
2440,0,1,0.06986968363654725
2441,0,0,0.09813364351659723
2442,0,0,0.09283858927636926
2443,0,1,0.06292797695985802
2444,0,0,0.077075750694955
2445,0,1,0.014157632803630398
2446,0,0,0.042567434557658726
2447,0,0,0.07354551510818802
2448,0,0,0.07234316847695936
2449,0,1,0.09103639574658753
2450,0,0,0.0834016420234165
2451,0,0,0.05904417401954057
2452,0,0,0.04823629994081749
2453,0,0,0.0844804014235802
2454,0,1,0.0762964617520944
2455,0,0,0.028840710393737347
2456,0,1,0.04516611726033076
2457,0,1,0.07130817836821268
2458,0,0,0.07106903519368078
2459,0,1,0.03990439279050363
2460,0,1,0.04642972510390012
2461,0,1,0.05687043170424538
2462,1,1,0.0573094886187319
2463,1,1,0.09283588870069917
2464,0,0,0.057349102131009494
2465,1,1,0.04659940119489209
2466,0,1,0.08506319055840819
2467,0,1,0.09437288478929941
2468,0,1,0.03881163075327787
2469,0,1,0.04066462904100946
2470,1,1,0.04656216059372142
2471,0,0,0.048946803078236595
2472,0,1,0.08198944408201225
2473,0,1,0.032502398721474444
2474,0,0,0.047181762718767034
2475,0,1,0.0693173355685805
2476,1,1,0.07964550489591456
2477,0,0,0.042751198178896846
2478,0,1,0.048639216345562786
2479,0,1,0.08226505192180951
2480,1,1,0.04340942794880106
2481,0,1,0.04317139674609083
2482,1,1,0.012501372170333315
2483,0,1,0.039545203872867085
2484,0,1,0.04576855442719634
2485,0,0,0.03195580621909226
2486,1,0,0.07115338564295048
2487,0,1,0.05012310180150531
2488,0,0,0.09712283694838098
2489,0,1,0.07956405292339754
2490,0,1,0.06249561235031803
2491,0,1,0.06608079842541761
2492,1,1,0.04923766967724579
2493,1,1,0.08016817342662337
2494,0,0,0.02974522363936638
2495,0,0,0.0463770688461868
2496,0,1,0.05399209333974005
2497,1,0,0.09014137629464465
2498,1,1,0.06628055865126661
2499,0,1,0.08484311196202926
2500,0,1,0.036543525074003366
2501,1,1,0.08244871343063888
2502,0,1,0.0696062940042157
2503,1,1,0.08510811693695632
2504,0,0,0.06178236769120979
2505,0,1,0.038016141137051866
2506,0,0,0.08058778167280035
2507,0,0,0.07769279758822277
2508,0,0,0.04019084540267444
2509,0,0,0.08037744999218274
2510,1,0,0.07558915303132374
2511,0,1,0.0811284559258478
2512,0,1,0.019349052041023797
2513,0,0,0.05676342231360529
2514,0,1,0.04487044527706966
2515,1,0,0.0804283699670412
2516,0,0,0.08037204141183094
2517,0,1,0.04406624699417114
2518,1,0,0.01652829162533103
2519,0,0,0.050679840458585965
2520,0,0,0.09396378193952996
2521,0,1,0.04216686507481889
2522,0,1,0.09658482674136626
2523,0,1,0.03467955825734314
2524,0,0,0.0758077412333703
2525,1,1,0.07480345408375377
2526,0,1,0.011709341260343136
2527,0,1,0.03503725892266013
2528,1,1,0.039335485288491207
2529,0,0,0.050846759277239695
2530,0,1,0.051771485087620306
2531,0,1,0.03698904383123139
2532,0,1,0.04528550055677759
2533,0,1,0.04045059098703826
2534,0,1,0.027425845228040653
2535,0,0,0.08229254045864576
2536,0,1,0.042447999731179756
2537,0,1,0.058442671136929455
2538,0,1,0.06620910235930816
2539,1,0,0.023244295779368866
2540,1,1,0.08505466693305754
2541,0,0,0.09202756310508257
2542,0,0,0.06752070839787405
2543,0,1,0.0510510004249461
2544,0,1,0.07800703824179758
2545,0,1,0.03363619144342843
2546,1,1,0.11673169996199204
2547,0,0,0.0903059590850282
2548,0,1,0.05390386898205187
2549,0,0,0.0435093679636043
2550,0,1,0.0809301686779755
2551,0,1,0.10466116065813313
2552,0,0,0.09038594727068269
2553,0,1,0.03144296625089782
2554,1,1,0.04507679300204237
2555,0,0,0.0823190606448003
2556,1,1,0.06223910969164982
2557,0,1,0.06021504113235594
2558,0,1,0.04621529488005128
2559,0,1,0.041880319407547426
2560,0,1,0.09729306131021401
2561,0,0,0.09136002227055601
2562,0,1,0.03162364989915803
2563,0,1,0.06744476868077812
2564,0,1,0.07970289861965486
2565,0,0,0.04335946167833653
2566,0,1,0.045862362209623295
2567,0,0,0.08056295751140807
2568,0,1,0.03496256318603574
2569,0,1,0.039225438014757905
2570,0,0,0.04030407626584821
2571,0,1,0.043358300427194775
2572,1,1,0.0742690602338584
2573,0,1,0.08107958128863857
2574,0,0,0.08007805676998199
2575,1,0,0.03039681821123455
2576,0,1,0.04000028052606119
2577,0,1,0.07753196270783184
2578,1,0,0.03879725741498776
2579,0,0,0.08211689553435339
2580,0,1,0.042192364903168314
2581,0,1,0.06294435468266342
2582,0,1,0.08341243979429219
2583,0,1,0.047885715102067856
2584,0,1,0.04704023789654632
2585,1,1,0.08358885807608885
2586,0,1,0.08093543195848399
2587,0,1,0.07501975262689696
2588,0,1,0.07925952807694185
2589,0,0,0.05001990910083674
2590,0,1,0.09083652987953189
2591,0,1,0.08379810206409483
2592,0,1,0.04077265376418965
2593,0,1,0.08613490735901018
2594,0,1,0.038920916811884705
2595,0,1,0.09170675991496552
2596,0,1,0.062488813906608834
2597,0,0,0.0615610926922267
2598,0,0,0.04242610884385732
2599,1,0,0.07466705139573904
2600,0,0,0.044356289385000344
2601,0,1,0.0365649710263798
2602,0,0,0.05018226739912015
2603,1,1,0.074102946785673
2604,0,1,0.09215084869411422
2605,0,1,0.08152530910017015
2606,0,1,0.03808287389070713
2607,1,1,0.05113096764242208
2608,0,0,0.0825679255335432
2609,0,1,0.04552580344610964
2610,0,1,0.07009835970735996
2611,0,1,0.03438592267194813
2612,0,1,0.04913876062355679
2613,0,1,0.05876653751286677
2614,1,1,0.06918315351763347
2615,0,0,0.09351359713081853
2616,0,0,0.11055763123567261
2617,0,1,0.05752593124072007
2618,0,1,0.07345742755831956
2619,1,0,0.04573789596119224
2620,0,1,0.04357604947054075
2621,0,1,0.07702994592185972
2622,0,0,-0.01240140516525114
2623,0,1,0.09386768586473831
2624,0,0,0.04712654384091708
2625,0,0,0.0645491662692319
2626,0,1,0.09430700574555978
2627,0,1,0.08759760472481996
2628,0,1,0.05065285396898177
2629,0,0,0.03827803482361958
2630,0,0,0.04264646801298179
2631,0,1,0.0511032419476265
2632,0,1,0.0632719837773968
2633,0,0,0.07338720461739885
2634,0,1,0.03467955825734314
2635,0,0,0.0763879657131654
2636,0,1,0.07812762578622295
2637,0,1,0.0733840571642512
2638,0,1,0.09133912004221412
2639,0,1,0.036755166821144276
2640,0,0,0.022797191456573745
2641,0,1,0.052145786308341074
2642,0,1,0.03432056840759418
2643,1,1,0.08198823253102897
2644,0,1,0.060472433961311654
2645,0,1,0.04548957469214292
2646,0,0,0.04791366062033102
2647,0,1,0.0757891548425194
2648,0,1,0.08257602243660861
2649,0,1,0.04107800167122569
2650,0,1,0.0840407723181436
2651,0,0,0.0741268479636427
2652,0,0,0.04774261004024986
2653,0,1,0.07410432089358658
2654,0,1,0.07504285765626731
2655,1,1,0.05445892307983796
2656,0,0,0.09329089458294208
2657,0,1,0.07655401648395743
2658,0,0,0.04238747003893244
2659,0,0,0.06309360094248812
2660,0,1,0.042219322837783096
2661,0,0,0.03881569991372395
2662,0,0,0.08477767714155367
2663,0,0,0.020074396846882357
2664,1,1,0.017387089395849032
2665,0,1,0.034747946031118825
2666,0,1,0.08227000964926749
2667,1,1,0.07561666649983612
2668,0,0,0.059708693062429895
2669,0,1,0.05000789573246526
2670,0,1,0.08068770517926288
2671,0,1,0.036564838012875016
2672,0,1,0.04675755674508479
2673,0,1,0.03823314819158491
2674,0,1,0.04731988901451988
2675,0,1,0.08037350261213977
2676,0,1,0.04100904114590523
2677,0,1,0.08579930417770248
2678,0,1,0.050668631486181066
2679,1,1,0.051175708681358775
2680,0,1,0.07223364639739102
2681,0,1,0.009387544156127777
2682,0,0,0.03604821009102492
2683,0,1,0.048162140822353296
2684,0,1,0.0848693340317717
2685,0,0,0.03283809744084798
2686,0,1,0.046085222624438135
2687,0,0,-0.0016832544528101873
2688,0,1,0.06667528910775432
2689,0,0,0.04068937109957588
2690,0,1,0.08428336613787302
2691,0,0,0.04805443866488539
2692,0,0,0.10733042026491293
2693,0,1,0.04391892786594637
2694,0,1,0.04110155439397768
2695,0,0,0.10384365265064914
2696,0,1,0.018431270164295115
2697,0,0,0.0761761947242718
2698,0,0,0.06370279828670901
2699,0,1,0.03526031465520072
2700,0,0,0.03385971115763547
2701,0,1,0.08478493933350018
2702,0,0,0.035506545854807794
2703,0,1,0.034934391937297096
2704,0,0,0.03829859045252281
2705,0,1,0.038920916811884705
2706,1,1,0.05126185552300764
2707,0,0,0.07457384686735483
2708,0,1,0.04177630676827752
2709,0,0,0.060472433961311654
2710,0,0,0.03919382984718974
2711,0,1,0.009729598971974264
2712,1,0,0.02912153038503803
2713,0,1,0.08216572165207657
2714,0,1,0.045168815886318325
2715,0,0,0.06459411153872735
2716,0,1,0.04624754880076995
2717,0,1,0.043924199387398145
2718,0,1,0.08144504629324409
2719,0,1,0.037960356833838256
2720,0,1,0.0885921486949353
2721,0,0,0.04075695755268087
2722,1,1,0.043713504632625126
2723,0,0,0.0855646157640432
2724,0,1,0.06147059172042946
2725,0,0,0.05891149659494712
2726,0,1,0.040106258552454956
2727,0,1,0.08224785953631833
2728,0,1,0.04707520416718465
2729,0,0,0.04175323768283137
2730,1,0,0.09325640236491771
2731,0,1,0.05731865172666806
2732,0,1,0.039164429243318956
2733,0,1,0.0844804014235802
2734,0,0,0.0767498149482117
2735,1,1,0.07648309762132144
2736,1,1,0.09436286255714875
2737,0,1,0.07734270102604814
2738,0,0,0.08833213449381579
2739,1,1,0.024751281849240782
2740,0,1,0.0856361637735461
2741,0,1,0.036800126313385736
2742,0,1,0.04022605321567287
2743,0,1,0.05747232486499322
2744,0,0,0.07604560349344945
2745,0,1,0.08304701943119353
2746,0,0,0.07125877518331325
2747,0,0,0.04161587636843042
2748,0,0,0.07577040212865824
2749,0,0,0.038054073635557926
2750,0,1,0.05125836313359074
2751,0,0,0.05773098216474534
2752,0,1,0.04783531854190436
2753,0,1,0.04352559020723324
2754,0,1,0.08263479003398995
2755,0,0,0.08688891220519951
2756,0,1,0.027808144739740907
2757,0,0,0.042577021177033846
2758,0,1,0.06514332284132344
2759,0,0,0.052807698201945405
2760,0,1,0.039836883466167525
2761,0,1,0.0529178290086087
2762,1,1,0.023103785159853955
2763,0,1,0.039694015389430876
2764,0,0,0.026065496474074204
2765,0,1,0.05225949701459348
2766,0,1,0.0869301791502849
2767,0,1,0.03329025242770401
2768,1,1,0.03590670402772305
2769,0,1,0.07096798818279965
2770,0,1,0.0712300033506252
2771,0,0,0.07247647636905885
2772,0,1,0.08156209789724923
2773,0,1,0.040337541268997
2774,0,0,0.06778851189890998
2775,0,0,0.05046218296057098
2776,0,0,0.057551689585852404
2777,0,1,0.08959440352331058
2778,0,1,0.046674882356186526
2779,0,1,0.046688344375305404
2780,0,1,0.07940318921105866
2781,0,1,0.0814403613015896
2782,0,0,0.041679203713736804
2783,0,1,0.04881538248272253
2784,0,0,0.06074923693220395
2785,0,0,0.04659940119489209
2786,0,1,0.08809850980232456
2787,0,1,0.07405810105268934
2788,0,1,0.04038741865303432
2789,1,1,0.09252264582632128
2790,0,0,0.08146012493871461
2791,0,0,0.08256078026450867
2792,0,1,0.04682928852825176
2793,0,1,0.0252594482367762
2794,0,0,0.02474270939252736
2795,0,1,0.07755474391116593
2796,0,1,0.08393524182551267
2797,0,1,0.062083025167537574
2798,0,1,0.03702385152754591
2799,1,1,0.07472237328567571
2800,0,0,0.023760238341976166
2801,0,1,0.08665131710445485
2802,0,1,0.002389542195177438
2803,1,1,0.05249627100659347
2804,1,0,0.030512924981853762
2805,1,1,0.045816796622815736
2806,0,1,0.0814964721035786
2807,0,1,0.07970289861965486
2808,0,0,0.031622924335230194
2809,0,1,0.09080187219024376
2810,0,1,0.04400918543595035
2811,0,1,0.08257175467197508
2812,0,1,0.047769166528196884
2813,0,1,0.06926433503259248
2814,0,1,0.0771895812017439
2815,0,1,0.04616984797747584
2816,1,1,0.058711332137097824
2817,1,1,0.0415017867364834
2818,0,0,0.0695825099440566
2819,0,1,0.08508284046992698
2820,0,0,0.07662482494231093
2821,0,0,0.07016406187078969
2822,0,1,0.05072291573671343
2823,0,1,0.011259629017247197
2824,0,1,0.04767072037308007
2825,1,1,0.08295747880732532
2826,1,1,0.04810926373516317
2827,0,1,0.035274452757441836
2828,0,0,0.041609850580158037
2829,0,0,0.06891059444892836
2830,0,1,0.04165354199611679
2831,0,1,0.0871956032317083
2832,0,0,0.04772623560348621
2833,0,1,0.04991718024967525
2834,1,0,0.022967849189521935
2835,0,1,0.07823315524389271
2836,0,1,0.035227369694379514
2837,0,1,0.016223075093563605
2838,0,0,0.0396966742489375
2839,0,1,0.04155813665295457
2840,1,0,0.07502104283991068
2841,0,0,0.05467797633982331
2842,0,1,0.04220388059444937
2843,0,1,0.03732067472131126
2844,0,1,0.0493858296893393
2845,0,0,0.04754798860701999
2846,1,1,0.07168108635040749
2847,1,1,0.06769586057051094
2848,0,1,0.08058633581785996
2849,0,0,0.02946706516152387
2850,0,0,0.051577270981139914
2851,0,1,0.03826121046969953
2852,0,1,0.08036434197077924
2853,0,1,0.08996661070310152
2854,0,0,0.04187383188254574
2855,1,1,0.04627485720146877
2856,0,1,0.07939037321777503
2857,0,1,0.07410432089358658
2858,1,1,0.0473278089281932
2859,0,1,0.07171790842122475
2860,0,1,0.10073795461478763
2861,0,0,0.046609968633368
2862,0,1,0.0581245096722374
2863,0,1,0.036543525074003366
2864,0,1,0.0360755633613061
2865,1,0,0.08654126905154633
2866,0,0,0.07449698344520395
2867,0,1,0.07615791717038164
2868,0,1,0.04052586862979217
2869,0,1,0.051618196381082344
2870,0,1,0.09455237321758314
2871,0,1,0.0443732800891811
2872,0,0,0.09158192658300343
2873,0,1,0.06325049560159225
2874,0,0,0.03863287796140778
2875,0,0,0.08226273733408432
2876,0,0,0.03324964289609206
2877,0,1,0.03415068852863663
2878,0,0,0.040166422808077695
2879,0,1,0.04421589258518667
2880,0,1,0.0352900515977026
2881,0,1,0.08248986447109344
2882,0,1,0.049084938395445754
2883,0,1,0.08744593189580942
2884,0,0,0.04022973819859688
2885,0,1,0.04066984621117275
2886,0,0,0.07831129411925072
2887,0,1,0.04459614459017237
2888,0,1,0.08100003717182208
2889,0,1,0.04025859183184405
2890,0,1,0.04627778943275506
2891,0,1,0.07618815263984921
2892,0,1,0.08917869396835343
2893,0,0,0.07619480511268975
2894,0,1,0.08894264879481675
2895,0,0,0.05361661897496136
2896,0,0,0.05225949701459348
2897,0,1,0.048748512935740236
2898,0,1,0.04623138565112443
2899,1,0,0.09867881405619006
2900,0,1,0.061023244819025615
2901,0,1,0.03369254765607777
2902,1,1,0.07382993412261948
2903,0,1,0.10372310088266902
2904,0,0,0.0807670298525923
2905,0,1,0.07590012862304778
2906,0,0,0.07604957995792509
2907,0,1,0.03640904921589709
2908,0,0,0.02134029525975712
2909,0,0,0.044478405663344905
2910,0,1,0.08029809173157594
2911,0,0,0.040747770316743634
2912,0,1,0.09424826341509998
2913,0,0,0.06413657111096227
2914,0,1,0.07375926867285978
2915,0,0,0.03983422882987976
2916,0,1,0.03821087728562173
2917,0,0,0.05442563094282225
2918,0,1,0.08109487492114456
2919,0,1,0.0825676694788112
2920,0,1,0.0475212096588122
2921,0,1,0.029092796955935453
2922,1,1,0.07599524548680617
2923,0,1,0.042822727521702804
2924,0,1,0.03707148858362139
2925,0,1,0.043986872162276036
2926,0,0,0.08532059906045997
2927,0,1,0.09758190913978212
2928,1,1,0.08770214772878862
2929,0,1,0.08464232913444339
2930,0,1,0.07364886559160772
2931,0,0,0.08187199201528439
2932,0,1,0.08497661153054599
2933,0,1,0.08676535938178986
2934,0,0,0.041300156153104804
2935,0,1,0.07730972255136441
2936,1,1,0.0969344692687559
2937,0,0,0.041746436903763166
2938,1,1,0.07825050899238825
2939,0,1,0.02632376371512203
2940,0,0,0.04368633087302494
2941,0,0,0.08415205080389615
2942,0,1,0.07549986823413768
2943,0,1,0.04188105613561144
2944,0,0,0.04430602266322182
2945,0,1,0.08247206623597078
2946,0,1,0.04367392489175419
2947,0,1,0.03377635774345925
2948,0,1,0.05983018756568477
2949,0,1,0.04383743117293869
2950,1,0,0.0751778226000007
2951,1,1,0.04245033161291982
2952,1,0,0.07905114971087653
2953,0,0,0.0620218273627407
2954,0,1,0.07645278006537694
2955,0,1,0.09001328670787938
2956,0,1,0.027353185169975945
2957,0,0,0.039429470848372464
2958,0,1,0.04519798820118952
2959,0,1,0.05482953700707091
2960,0,1,0.07994941312802595
2961,0,1,0.045600631444574886
2962,0,1,0.05517963284498191
2963,0,0,0.08787138425195629
2964,0,1,0.0458759819625288
2965,0,1,0.055634135407279045
2966,0,1,0.07910332288909813
2967,0,1,0.06830238375522873
2968,0,1,0.06068576976869975
2969,1,0,0.09515151702003521
2970,0,1,0.006751588671461377
2971,1,0,0.04090844452139329
2972,0,0,0.08283721386400406
2973,0,1,0.07009835970735996
2974,0,1,0.08355611235134282
2975,0,1,0.05551710623371436
2976,0,0,0.08172365490841407
2977,1,1,0.10599636765380324
2978,0,1,0.08265409188725628
2979,0,1,0.059741065295422405
2980,0,1,0.039685386377648055
2981,0,1,0.042672827988366704
2982,0,1,0.050016381765481684
2983,0,0,0.04247872759554382
2984,0,0,0.1038378887101804
2985,0,0,0.07635177641257626
2986,0,0,0.08376671234695107
2987,1,1,0.0664934366130148
2988,0,0,0.043531809716374756
2989,0,1,0.047324847588153154
2990,0,1,0.05347962464359056
2991,0,1,0.062461269783575316
2992,0,1,0.07514198360241439
2993,0,1,0.04132806760670606
2994,0,0,0.03588780177728833
2995,0,0,0.07323856429216383
2996,0,1,0.06014898024205864
2997,0,1,0.0814403613015896
2998,0,1,0.08045216632477384
2999,0,0,0.047103650234308174
3000,0,1,0.04017881339020841
3001,0,0,0.020710629739009785
3002,0,0,0.08224922954546268
3003,0,1,0.01842607935744767
3004,0,1,0.03604397988080264
3005,0,1,0.04000028052606119
3006,1,1,0.04674682530732166
3007,0,1,0.08218350111034722
3008,0,0,0.017892469691230317
3009,0,1,0.041958858913503046
3010,0,1,0.08031490687001744
3011,0,1,0.08569614052880614
3012,0,1,0.06498630946622855
3013,0,1,0.03546438422332185
3014,0,1,0.05077286976595686
3015,1,0,0.05115646633917417
3016,0,0,0.04827055259510016
3017,0,1,0.07410432089358658
3018,0,0,0.0741753199945828
3019,0,1,0.046376699187685846
3020,0,1,0.08640054976196548
3021,0,0,0.08453306624456397
3022,1,0,0.039737592967494684
3023,0,1,0.02726383167586323
3024,1,0,0.05916328370237782
3025,1,1,0.07430843537491914
3026,0,0,0.03533899350545509
3027,0,0,0.08259905037561589
3028,0,1,0.07802029165855646
3029,0,1,0.04420840488686638
3030,0,1,0.04379307671090465
3031,0,1,0.07588092122368711
3032,0,1,0.07717596025712233
3033,0,1,0.09570005459663294
3034,1,1,0.07927029362909523
3035,0,1,0.07313767085229299
3036,1,1,0.054659812131563026
3037,0,1,0.03404426062620018
3038,0,1,0.06865281857647211
3039,0,0,0.06177464906889221
3040,0,0,0.0683494444119571
3041,1,1,0.0031123464703116874
3042,0,1,0.03556340521378563
3043,0,1,0.027446789256915627
3044,0,1,0.0373091220389545
3045,0,1,0.07941555001940392
3046,0,1,0.06773925886191048
3047,0,0,0.07810308245074213
3048,0,0,0.08254436382762063
3049,0,0,0.03588780177728833
3050,0,0,0.05320854757209628
3051,0,1,0.06489920348955644
3052,0,0,0.057106672283549875
3053,0,0,0.08367699777165663
3054,0,0,0.08111467991249102
3055,0,1,0.04499314471134242
3056,0,0,0.06318577236213607
3057,0,0,0.0637581928047606
3058,0,0,0.047395921557491436
3059,0,0,0.03263357811041215
3060,0,1,0.09091483515142777
3061,0,0,0.036394741044472476
3062,0,1,0.06286732517609198
3063,0,1,0.013994569624003615
3064,0,1,0.04855544266859016
3065,0,0,0.04795031321917136
3066,0,1,0.05814920302315766
3067,0,1,0.029236065212847075
3068,0,1,0.07909719464751605
3069,0,1,0.04089028454663607
3070,0,1,0.07990021797052042
3071,0,0,0.03496632971744016
3072,0,0,0.083216998634419
3073,0,1,0.050593752273981336
3074,0,1,0.0874481866223044
3075,0,1,0.04063696538827188
3076,0,1,0.0521714740027993
3077,1,1,0.08500720629653635
3078,0,1,0.08022066163458905
3079,0,1,0.037608850508205886
3080,0,1,0.0828629372191272
3081,1,0,0.03671389111099641
3082,0,1,0.10795723806419168
3083,0,0,0.04487304420513385
3084,0,1,0.03590670402772305
3085,0,0,0.07941958834990502
3086,0,0,0.05000470555925484
3087,1,1,0.04835354938298729
3088,0,1,0.0594778202905161
3089,0,1,0.03639619519040466
3090,0,1,0.0843364845554067
3091,0,1,0.03562733559657373
3092,0,0,0.06876321949480255
3093,0,0,0.05714249659202755
3094,0,1,0.035521307786878877
3095,0,1,0.08346623227221629
3096,0,1,0.04277922423773461
3097,0,0,0.08127186967001376
3098,1,0,0.035154989679411455
3099,0,0,0.09607001814564992
3100,0,1,0.03416821767848833
3101,1,1,0.09076442458741409
3102,1,1,0.07059929571306266
3103,1,1,0.09134043606852055
3104,0,0,0.07665872868395339
3105,0,0,0.05913822883565434
3106,0,1,0.08826489079725612
3107,1,0,0.04820860397935875
3108,0,0,0.03854543538139659
3109,1,0,0.04495314538287569
3110,0,0,0.0844834386928497
3111,0,1,0.09509499331840388
3112,1,0,0.04773285574809627
3113,0,0,0.042902341102505036
3114,0,0,0.043954045323876416
3115,0,1,0.0424622171135742
3116,0,0,0.046892991732525105
3117,0,1,0.0476344734528652
3118,1,1,0.03467955825734314
3119,0,1,0.04779948394163334
3120,0,0,0.021673514677996504
3121,0,1,0.08430538485058396
3122,0,1,0.043746666822046566
3123,0,1,0.03756200836569879
3124,0,1,0.09290784526168497
3125,0,0,0.07320628288070143
3126,0,1,0.046265021513537036
3127,0,0,0.07545378139266087
3128,0,0,0.037661774522640086
3129,0,1,0.04343205517009363
3130,0,1,0.08112428396828461
3131,0,0,0.04402182299444857
3132,0,1,0.04183309104698789
3133,0,0,0.07578532875714225
3134,0,1,0.014537857211801817
3135,0,1,0.04849879116109575
3136,0,0,0.09903997556858035
3137,0,1,0.07043542536625384
3138,0,1,0.05671963170422687
3139,0,0,0.04496760327830049
3140,1,1,0.071793379244375
3141,1,1,0.040807700280403494
3142,0,1,0.05060751538721785
3143,0,1,0.06934732917654307
3144,0,0,0.0178054000206561
3145,0,0,0.046122032314743655
3146,0,1,0.03767803825609518
3147,1,1,0.05343936791217304
3148,1,1,0.09629521853325486
3149,0,0,0.037225349719631665
3150,1,0,0.04915371111457979
3151,0,0,0.05981323991405956
3152,0,1,0.03442366451780242
3153,1,1,0.04644616023129691
3154,0,1,0.08316878216328952
3155,0,1,0.0824054442371574
3156,0,1,0.03123474692667856
3157,0,1,0.03682944755672511
3158,0,0,0.07267896789917437
3159,0,1,0.08075211802775492
3160,1,0,0.07556247904844902
3161,0,1,0.04595352961727101
3162,0,0,0.08722641110029543
3163,0,0,0.0869813661931028
3164,0,1,0.04907283746109545
3165,0,1,0.09013061958990491
3166,0,1,0.03591150306105921
3167,1,1,0.03564808613733625
3168,0,0,0.005783527215950508
3169,0,1,0.06947044600253577
3170,0,1,0.0902858924448166
3171,0,0,0.08351935574564928
3172,0,0,0.07547508466754332
3173,0,1,0.05906927415094759
3174,1,1,0.04834998723064399
3175,1,1,0.05271341615004502
3176,0,0,0.0686677847429842
3177,0,0,0.08297925206582499
3178,0,1,0.09294467716693709
3179,0,1,0.0403988153539633
3180,0,1,0.0762719117271197
3181,0,1,0.07573402796416193
3182,0,0,0.04546629673464213
3183,0,1,0.044372961054659134
3184,0,1,0.08941628328561577
3185,0,1,0.0830296584317181
3186,0,1,0.06411926580565852
3187,0,0,0.08865008387118378
3188,0,1,0.07220560133727377
3189,0,1,0.07923339757610343
3190,0,1,0.07615221655261227
3191,0,1,0.022834208501560406
3192,0,1,0.08112669771093761
3193,0,1,0.05115646633917417
3194,0,1,0.0778319915045537
3195,0,1,0.09165240563147277
3196,0,1,0.03734948912176991
3197,0,0,0.035506545854807794
3198,0,1,0.06228471874998889
3199,0,1,0.07933064931687082
3200,0,1,0.06819189874489641
3201,0,1,0.09108350128738907
3202,0,1,0.04924156336687134
3203,0,1,0.08601771630234692
3204,0,1,0.047091609803896865
3205,0,1,0.044120916951851365
3206,0,1,0.08354733360685963
3207,0,1,0.0678095000517315
3208,0,1,0.08576785359493298
3209,0,0,0.03257006929743675
3210,0,0,0.023012946268962355
3211,0,1,0.08056296007565282
3212,0,1,0.09278178700100413
3213,0,1,0.03982259065228417
3214,0,0,0.054040761463042764
3215,0,1,0.0332322567684277
3216,0,1,0.037556488458686144
3217,0,0,0.09577754441497888
3218,0,0,0.08252893506111737
3219,0,1,0.03682788143671738
3220,0,1,0.010602272854775672
3221,0,1,0.08068770517926288
3222,0,0,0.08054199613380494
3223,0,0,0.04071946859948073
3224,0,1,0.07320667880725663
3225,0,1,0.07940067745015683
3226,0,1,0.09594009417171234
3227,0,0,0.04359754775591032
3228,0,1,0.04463157386830818
3229,0,1,0.08341644881551752
3230,0,0,0.03820629302545255
3231,0,1,0.07506133453756977
3232,1,1,0.043295322797942584
3233,0,0,0.04584468121108548
3234,0,0,0.08861263755552944
3235,0,1,0.04000028052606119
3236,0,0,0.07695453704052195
3237,0,0,0.07639829016687989
3238,0,1,0.05309777227802068
3239,0,0,0.048270338217394765
3240,0,0,0.05033364353712034
3241,0,1,0.08242918647180371
3242,0,1,0.0371096298664138
3243,0,1,0.07406967701933828
3244,0,1,0.09382648104548692
3245,0,0,0.0584604672030854
3246,0,1,0.05743092219249852
3247,0,1,0.07559156106859531
3248,1,1,0.06153612153713819
3249,0,0,0.06722036809501007
3250,1,1,0.07600108144427528
3251,0,0,0.07480256696189441
3252,0,1,0.03383501490431441
3253,0,0,0.08756364845419226
3254,0,0,0.042201985399604125
3255,0,0,0.08509824903701757
3256,0,1,0.08207823384677515
3257,0,1,0.0382744836151359
3258,0,0,0.06478585622013078
3259,0,0,0.07874036011935845
3260,0,0,0.03363619144342843
3261,0,1,0.07556527110188406
3262,0,0,0.10324803315887471
3263,0,0,0.08443322583702964
3264,0,0,0.045797994589014554
3265,0,0,0.04952354550566687
3266,0,1,0.08062954227107877
3267,0,0,0.10266155963572213
3268,1,0,0.0552895498454904
3269,1,1,0.06075119095166969
3270,0,1,0.03954953784995793
3271,0,1,0.07819770815683265
3272,0,1,0.08062168120733411
3273,1,1,0.03839035218687245
3274,0,0,0.04137360085780141
3275,0,1,0.08036721503981557
3276,0,1,0.04787559079192116
3277,1,1,0.0653062654219281
3278,0,1,0.028142734824233316
3279,0,1,0.08268897824616137
3280,0,0,0.06936297073733173
3281,0,0,0.07261565555404703
3282,0,1,0.04419460665957363
3283,0,1,0.05571012195427949
3284,0,1,0.046650607505754706
3285,0,1,0.06800300241224902
3286,0,1,0.0019194178598671552
3287,0,0,0.07671038228806193
3288,0,1,0.04647243936809044
3289,0,1,0.04717569769036585
3290,0,0,0.05105760428318288
3291,0,0,0.05465098291071682
3292,0,1,0.046641218075293096
3293,0,1,0.07672561196381132
3294,0,0,0.03995461275349916
3295,0,0,0.03192946671879828
3296,0,0,0.07979238124903414
3297,0,0,0.04220388059444937
3298,0,1,0.053291662469445986
3299,0,0,0.038048476775301494
3300,0,0,0.08937987256273366
3301,0,0,0.08195207196263647
3302,0,0,0.05084545468674456
3303,0,1,0.06881495733409049
3304,0,0,0.04835035291994148
3305,0,1,0.027124489419823004
3306,0,1,0.06865068602953399
3307,0,1,0.06557291408545923
3308,0,1,0.024179553395808767
3309,1,0,0.07376903238488634
3310,0,1,0.037843747377944846
3311,0,1,0.0857351358383646
3312,0,0,0.04437944054184879
3313,0,0,0.08815805284817566
3314,0,0,0.03174498365186719
3315,1,1,0.06756462962440209
3316,0,1,0.05735129293044014
3317,0,1,0.0559258735355108
3318,0,0,0.03975376615469489
3319,0,1,0.10149184090088073
3320,0,1,0.08057993527736301
3321,0,1,0.08277434095450856
3322,0,1,0.0453103608660287
3323,1,1,0.07407612855107301
3324,0,1,0.03691915543663308
3325,0,1,0.01697181145991694
3326,0,1,0.07115282517109713
3327,1,1,0.0403610543200802
3328,0,1,0.11423120803111617
3329,0,1,0.08969332629289441
3330,0,1,0.05793550880928919
3331,0,1,0.044572637687096225
3332,1,1,0.08166005450588117
3333,1,1,0.047034178204910945
3334,1,1,0.050249577544888444
3335,0,0,0.07372600153116687
3336,0,1,0.07996646055798898
3337,0,0,0.058497352574898215
3338,0,1,0.06547331785937137
3339,0,1,0.06363095881868713
3340,0,0,0.023481446104659146
3341,1,1,0.0451441290810972
3342,1,1,0.0863162826678461
3343,0,0,0.048962805668191445
3344,0,1,0.06898754838573008
3345,0,0,0.03398139147997677
3346,0,1,0.07930187509366995
3347,1,1,0.05402036799215909
3348,0,1,0.042447999731179756
3349,0,1,0.08300600656416923
3350,0,1,0.08340382188694641
3351,0,1,0.04650982573285376
3352,0,1,0.05441937660226684
3353,0,0,0.08127091735505043
3354,1,1,0.04805443866488539
3355,0,0,0.0825995828725419
3356,1,0,0.07277603722538735
3357,0,0,0.06130604618984594
3358,1,1,0.0369893425681761
3359,0,1,0.05558045607057666
3360,0,0,0.08981093993972553
3361,0,0,0.08166005450588117
3362,0,0,0.01890538683276759
3363,0,0,0.032667161009291824
3364,1,0,0.08602677688365973
3365,0,1,-0.007256258395967153
3366,0,0,0.04384896051908917
3367,0,0,0.09838274294042634
3368,1,1,0.06507645042369495
3369,0,1,0.07979476594587179
3370,0,1,0.05633534577647672
3371,0,1,0.04347435790110166
3372,0,1,0.06478903185434118
3373,0,1,0.09770470304435169
3374,0,1,0.048229193406019694
3375,0,1,0.04244495818227053
3376,0,0,0.020406036296605708
3377,0,0,0.09158769758699822
3378,0,1,0.04627300040776461
3379,0,1,0.03492721562626376
3380,0,1,0.04977603196673014
3381,0,1,0.08205746508415943
3382,0,1,0.023481446104659146
3383,0,0,0.039545203872867085
3384,0,1,0.04705280928521697
3385,1,0,0.08208601972595077
3386,0,1,0.05096467193544023
3387,0,1,0.03807100672263592
3388,0,1,0.04973878774677162
3389,0,0,0.03846050568192743
3390,0,1,0.029092796955935453
3391,0,1,0.018516975132759152
3392,0,0,0.04712073059481057
3393,0,1,0.03821541051978018
3394,0,1,0.09725668794503733
3395,0,1,0.030367355108075603
3396,0,0,0.05755026697058702
3397,0,1,0.05223945544810081
3398,0,1,0.04429498103018093
3399,0,1,0.05578696286880817
3400,0,1,0.04570057980110148
3401,1,1,0.04437009299525936
3402,0,0,0.08385135349589816
3403,0,1,0.09575078904911158
3404,0,1,0.07073419989638219
3405,1,1,0.04085026207439254
3406,0,1,0.01587008832357336
3407,0,1,0.05000470555925484
3408,0,0,0.042142632001466854
3409,0,1,0.042466763899713364
3410,1,1,0.09076757138135039
3411,0,1,0.057707576203332986
3412,1,1,0.07383426547483465
3413,0,0,0.06177290188931032
3414,0,1,0.042596384345893135
3415,0,1,0.04388888571604983
3416,0,1,0.08089504334592162
3417,0,0,0.04485901300062124
3418,0,1,0.07519141076547688
3419,0,1,0.10342916673161397
3420,0,0,0.04684215517841212
3421,0,1,0.056901655232835364
3422,0,1,0.08648008002481754
3423,0,1,0.084508857333386
3424,0,0,0.03246269223289359
3425,0,1,0.0450717247816098
3426,0,1,0.03982206649459537
3427,0,0,0.04465045088746951
3428,0,1,0.04942470497298301
3429,0,1,0.07459600249046734
3430,0,1,0.08058314370934687
3431,0,0,0.04603307624822142
3432,1,0,0.04580573603630545
3433,0,1,0.11077759992904448
3434,0,1,0.08245174249705398
3435,0,1,0.07913212940313265
3436,1,1,0.05257507230114003
3437,0,1,0.07875544964025108
3438,0,1,0.0925588843772569
3439,0,1,0.02643076564249855
3440,0,1,0.032105522135184784
3441,0,0,0.04092072740446589
3442,0,1,0.053734912756634806
3443,0,1,0.045454028342396154
3444,0,0,0.03324964289609206
3445,0,1,0.06468945376458417
3446,0,1,0.03855349067067328
3447,0,1,0.03963820224565294
3448,0,1,0.06809640256942201
3449,1,1,0.04296284201260528
3450,1,1,0.07655079026971287
3451,0,1,0.08282211817834875
3452,0,0,0.06717538685626821
3453,0,0,0.07615791717038164
3454,0,1,0.07337991207904149
3455,1,1,0.03348962831178474
3456,0,0,0.081793507734826
3457,0,1,-0.01097291003585461
3458,1,1,0.024350286829130624
3459,0,1,0.07778227523096988
3460,0,1,0.05037791974230524
3461,0,1,0.0374988738612925
3462,1,1,0.027274706611319203
3463,0,1,0.03918396047718888
3464,1,0,0.014058349474521998
3465,0,1,0.08045377483995247
3466,0,0,0.0798630502485087
3467,0,1,0.04572045868720481
3468,1,1,0.08932711939571332
3469,1,1,0.08112485389024009
3470,0,1,0.08430785860813184
3471,0,1,0.10065879945959857
3472,1,0,0.05157813303389101
3473,1,1,0.006760892714645986
3474,0,1,0.06796774083309665
3475,0,1,0.08904972664570959
3476,0,0,0.0616552821170311
3477,1,1,0.004624335864365142
3478,0,1,0.05294933264584275
3479,0,1,0.04180277158257827
3480,0,1,0.09430215323213281
3481,1,0,0.03926861183792671
3482,1,1,0.08469103078234994
3483,0,1,0.041541171452946404
3484,0,1,0.050370092051714624
3485,1,1,0.040911499430392066
3486,0,0,0.07987041831625889
3487,1,1,0.08479007535880824
3488,1,0,0.07681666719030134
3489,0,0,0.040743519451280436
3490,0,1,0.04386086345285752
3491,0,1,0.060306336860289494
3492,0,1,0.07693593991385185
3493,0,0,0.07887593225783703
3494,0,0,0.046052900559052784
3495,0,1,0.029355724929299075
3496,0,1,0.044356289385000344
3497,0,1,0.035629679752914326
3498,0,0,0.08233358882092276
3499,0,1,0.018014823424925355
3500,1,1,0.04447704817203675
3501,1,1,0.06063538104715356
3502,0,0,0.04701323913864385
3503,0,1,0.08511036313628378
3504,0,1,0.054637512968068035
3505,1,1,0.0722688564270293
3506,1,0,0.04985165722661168
3507,0,1,0.0925133771690286
3508,0,1,0.08212108980643693
3509,0,1,0.051913906886806784
3510,0,1,0.05568006012047233
3511,1,0,0.08140926632862507
3512,0,1,0.03713864003064228
3513,0,0,0.022016294155132586
3514,0,1,0.04481054204715869
3515,0,1,0.03623306485505631
3516,0,1,0.07812185409125337
3517,0,1,0.08983606521837499
3518,1,1,0.11065658085118438
3519,1,0,0.06634630729652877
3520,0,1,0.059607439100590076
3521,1,1,0.05787462714161043
3522,0,1,0.027925906898421154
3523,0,1,0.08174584831335607
3524,0,1,0.04221745760310845
3525,0,1,0.08179509099390382
3526,0,0,0.034799059705619244
3527,0,1,0.028598596955287613
3528,0,0,0.046160136211089574
3529,0,0,0.03600295401999008
3530,0,1,0.06122151813800365
3531,0,1,0.06978123462082886
3532,0,0,0.045600631444574886
3533,0,1,0.03450212231060762
3534,0,0,0.04810247481412411
3535,0,0,0.07703367082795133
3536,0,0,0.03922548568167916
3537,1,0,0.07446855319997772
3538,0,1,0.046874816347721907
3539,0,1,0.06688387339068479
3540,0,0,0.06926433503259248
3541,0,0,0.059483814707239235
3542,0,0,0.07932765996774979
3543,0,0,0.0485247739714089
3544,0,0,0.046890762579098993
3545,1,1,0.05087315340809476
3546,0,1,0.05693078505727766
3547,0,1,0.08238771079035402
3548,0,1,0.045219820763441276
3549,0,1,0.04028404310619905
3550,0,1,0.05342194169347611
3551,0,1,0.08387587695740037
3552,0,0,0.07739855785214554
3553,1,1,0.08848903410916845
3554,0,0,0.08336057336688091
3555,0,1,0.05814774294575592
3556,0,0,0.042201985399604125
3557,0,1,0.08199812359134136
3558,0,0,0.011546895088534221
3559,0,0,0.07315579398052786
3560,0,1,0.047044812919463046
3561,1,1,0.029040087610154974
3562,0,1,0.07387887756034774
3563,0,1,0.07239540493784052
3564,1,1,0.10285552717363769
3565,0,0,0.011129966461246834
3566,0,0,0.026551906328700324
3567,0,1,0.1085093954202419
3568,0,1,0.038356050161297076
3569,0,1,0.04806629936946228
3570,0,1,0.08505965129437001
3571,1,0,0.039912227010980655
3572,0,1,0.07540375407050372
3573,0,1,0.10430181493140203
3574,0,1,0.039406693496008026
3575,0,1,0.04468694326178291
3576,1,1,0.030735866607118217
3577,0,1,0.002279933333642792
3578,0,0,0.04997576182262024
3579,1,1,0.052895640264306126
3580,0,1,0.05771264572563988
3581,0,0,0.0829535273618035
3582,1,0,0.07823924545118004
3583,0,0,0.07809916562260329
3584,0,1,0.03532472564445626
3585,0,0,0.03292285659521628
3586,0,1,0.08310903099159328
3587,1,0,0.0665186178384846
3588,0,0,0.11347745159599582
3589,0,0,0.028054031154983783
3590,0,1,0.05577288405671077
3591,1,1,0.08144504629324409
3592,0,1,0.08445847925071795
3593,1,0,0.06220156719345671
3594,0,0,0.08650474060391755
3595,0,1,0.08290205529011446
3596,0,1,0.03590511869394577
3597,1,0,0.11684808402744014
3598,0,1,0.03283809744084798
3599,0,0,0.08121290737278512
3600,1,1,0.039605939411911456
3601,0,1,0.09348171086073775
3602,0,0,0.07365025063838948
3603,1,1,0.03983839384026059
3604,0,0,0.10055554211026962
3605,0,1,0.03590670402772305
3606,1,0,0.060001164926247574
3607,0,0,0.062164532482019724
3608,0,1,0.08267780935113647
3609,0,1,0.07308422934020985
3610,0,1,0.0742667016438849
3611,0,1,0.04524352658700086
3612,0,0,0.036543525074003366
3613,0,1,0.07829737506028475
3614,0,1,0.07857108318423697
3615,1,1,0.04659940119489209
3616,0,0,0.02411103526510399
3617,0,0,0.03351643245582368
3618,0,0,0.05199936961677287
3619,0,1,0.04146923238954928
3620,0,0,0.08009116950421545
3621,0,1,0.05355737955438904
3622,0,1,0.037150393092767325
3623,0,1,0.0884026697232481
3624,0,1,0.04932382171503135
3625,0,1,0.0403825967323303
3626,0,0,0.04067830989908992
3627,0,1,0.08433549757988791
3628,0,0,0.05568726772125479
3629,1,0,0.07595733930803658
3630,0,1,0.09642720438242
3631,0,0,0.058956395483120025
3632,0,1,0.03038558870879247
3633,0,0,0.06452747127073946
3634,0,1,0.06886197610703151
3635,0,1,0.051222933439812296
3636,0,0,0.040544283776749096
3637,0,0,0.07006848301108114
3638,0,1,0.0410016728968922
3639,0,1,0.031003453513007484
3640,0,1,0.04812753270523614
3641,1,1,0.0757891548425194
3642,1,1,0.04592099034688257
3643,0,0,0.03375931151045203
3644,0,1,0.06926543806705243
3645,0,0,0.036933808971109344
3646,1,1,0.045009806458801496
3647,1,0,0.0592161065726887
3648,0,0,0.04030508153836484
3649,0,0,0.06695063771412323
3650,0,1,0.04264379124052339
3651,0,1,0.046209427216099073
3652,0,0,0.0896567725746113
3653,1,1,0.06920979434421026
3654,0,1,0.036579122550436216
3655,0,0,0.053183283679911895
3656,0,0,0.063361080108403
3657,0,1,0.04426017018010199
3658,0,0,0.0758526286164557
3659,1,1,0.04687081897679262
3660,0,0,0.07646208032812131
3661,0,1,0.03430897978121834
3662,0,1,0.0613452450991503
3663,0,0,0.03638707592581384
3664,0,0,0.07768882891638212
3665,0,0,0.040796077294688246
3666,0,1,0.04091365188964806
3667,0,0,0.08247013708570275
3668,0,1,0.07426717125493884
3669,0,1,0.05999708149561428
3670,0,1,0.04074435076197458
3671,0,1,0.037925962231602765
3672,0,0,0.0423453499370477
3673,1,0,0.05495972625810022
3674,0,1,0.04590983182164007
3675,0,0,0.014324484699818112
3676,0,1,0.10441419468371518
3677,0,1,0.041300156153104804
3678,0,0,0.08065566473125811
3679,0,0,0.05928753079228985
3680,0,0,0.04219143507771517
3681,1,0,0.04747438058592046
3682,0,1,0.039406693496008026
3683,0,1,0.08166005450588117
3684,0,1,0.0757891548425194
3685,0,1,0.0600428764383847
3686,0,1,0.06371754659565067
3687,0,1,0.07549433646966577
3688,0,1,0.058275529341026075
3689,0,1,0.058348128508520704
3690,0,0,0.08416585594741244
3691,1,1,0.03713573942886822
3692,1,0,0.03640737067069413
3693,0,1,0.07779131814137694
3694,0,1,0.053734912756634806
3695,0,0,0.0880404872224412
3696,0,0,0.07469611975171797
3697,0,1,0.07812607724131229
3698,0,0,0.03473216646407046
3699,0,1,0.03895949536887189
3700,1,1,0.04998710898218808
3701,0,0,0.07970289861965486
3702,0,1,0.04798198084234044
3703,0,1,0.07717750663435363
3704,0,0,0.06771910624269442
3705,0,1,0.07361600167392385
3706,0,0,0.05477738950593447
3707,0,1,0.0374004782577268
3708,0,1,0.04594922063134414
3709,0,1,0.054133357587037266
3710,0,1,0.046510886906914725
3711,0,1,0.03780531591844481
3712,0,1,0.084808212543527
3713,0,0,0.049683484369742896
3714,0,1,0.0339798630151928
3715,0,0,0.03365365042324123
3716,0,1,0.10017959127317011
3717,0,1,0.08436600663654759
3718,0,0,0.024942846362066506
3719,0,1,0.03550632270567471
3720,0,0,0.08930331544790206
3721,1,0,0.03400863854748121
3722,0,1,0.04447704817203675
3723,1,1,0.08167620367794609
3724,0,0,0.020574634654980627
3725,0,0,0.02327954740684008
3726,1,0,0.12046412300069875
3727,0,0,0.04235312761638631
3728,0,1,0.03640893617952657
3729,0,0,0.045941029690689625
3730,0,0,0.083554611464838
3731,1,1,0.04782909341397891
3732,0,0,0.05659155405108977
3733,0,1,0.017451063494015297
3734,0,1,0.01619345969360928
3735,1,1,0.07852879865106475
3736,0,0,0.0330165055672849
3737,0,1,0.03951754844911964
3738,0,0,0.08378463862331124
3739,0,0,0.11816248041914884
3740,1,1,0.0956148623698744
3741,0,0,0.04754663884829699
3742,0,1,0.07800926364232412
3743,0,1,0.047544120884437865
3744,0,1,0.038054073635557926
3745,1,0,0.07188566728786486
3746,0,1,0.03432056840759418
3747,1,0,0.07518450666708479
3748,0,0,0.04021667935528669
3749,0,1,0.08105315977042671
3750,0,1,0.07556738052689027
3751,1,1,0.023461177967220536
3752,0,1,0.04148743876053137
3753,0,0,0.042527041610655104
3754,0,0,0.050597109374969584
3755,0,0,0.10085550407900162
3756,0,1,0.09900177509888586
3757,0,0,0.0374988738612925
3758,1,0,0.016141035698253994
3759,0,1,0.0756965981987734
3760,0,1,0.083457170614277
3761,1,1,0.03694362690078678
3762,0,0,0.03132516763820054
3763,0,0,0.04677986204381165
3764,0,1,0.04007725037670791
3765,0,1,0.04301390197203869
3766,0,0,0.04564159182996856
3767,1,0,0.040506340469580474
3768,0,0,0.04880336240209941
3769,0,0,0.0635928381542246
3770,1,1,0.03875278085992736
3771,0,1,0.04920130038285954
3772,1,1,0.08248568759347706
3773,0,0,0.01893669938431927
3774,0,1,0.08342548628579512
3775,0,0,0.07439850072897772
3776,0,1,0.05092350902526227
3777,0,0,0.053316003483845645
3778,0,1,0.04170362422424459
3779,0,1,0.062314581674133805
3780,0,1,0.02668141983547075
3781,0,1,0.06170555693841176
3782,0,1,0.0825453074668306
3783,0,1,0.021110076173550013
3784,1,1,0.029399716505158567
3785,0,1,0.043164075231971966
3786,0,1,0.04012663322710114
3787,0,0,0.07821462161492289
3788,0,1,0.045217447435908345
3789,0,1,0.10340350746594926
3790,0,1,0.06956991586210652
3791,0,1,0.04629962716466576
3792,0,0,0.050369516805243805
3793,0,0,0.04283582172171245
3794,0,1,0.08124251597561481
3795,0,0,0.034950734797001705
3796,0,0,0.0374988738612925
3797,0,1,0.07376903238488634
3798,0,0,0.049151504715163274
3799,0,1,0.044356289385000344
3800,0,1,0.07495043011688352
3801,0,0,0.06736267018663228
3802,0,1,0.07632686578178667
3803,0,1,0.041551758809951225
3804,0,1,0.08225911238725972
3805,0,1,0.04859348227981512
3806,0,1,0.04000183605201694
3807,0,1,0.04028159878938228
3808,0,1,0.08226524995772268
3809,0,1,0.041351537997789456
3810,0,0,0.08070382309129487
3811,0,1,0.04078932712700789
3812,0,1,0.049665143160649745
3813,0,1,0.05010217173730233
3814,1,1,0.0960627730663662
3815,0,0,0.0731410990255486
3816,0,1,0.040351925836635855
3817,0,0,0.023052075258146305
3818,0,0,0.04585191994084842
3819,0,1,0.037724936757232284
3820,0,1,0.01590117722060111
3821,0,1,0.044016938314036115
3822,1,0,0.0876724491488996
3823,0,1,0.03388933179712346
3824,0,1,0.03181975645878075
3825,0,1,0.0436309287848046
3826,0,0,0.08033982048943264
3827,0,1,0.08908934338114369
3828,0,1,0.08981350023361688
3829,0,1,0.04717913439507984
3830,0,0,0.07138566609792302
3831,1,0,0.058076586090446664
3832,0,0,0.08043170304651212
3833,1,1,0.08397703610287766
3834,0,1,0.059321673875313716
3835,0,1,0.028790042514639423
3836,0,0,0.048166443733761596
3837,0,0,0.03667584754426391
3838,0,1,0.08246479610906818
3839,0,0,0.08359746324169139
3840,0,1,0.04944612535657375
3841,0,1,0.042447999731179756
3842,0,1,0.035496960516033994
3843,0,1,0.06707755837685472
3844,0,1,0.05680241998518197
3845,0,0,0.0330639868714455
3846,0,0,0.045951303966495466
3847,0,1,0.08433785586329054
3848,1,0,0.07978387224885392
3849,0,1,0.043232379535146734
3850,0,1,0.046428599026993075
3851,0,1,0.03933568799819092
3852,0,1,0.08162629861396503
3853,0,1,0.08275104930522871
3854,0,0,0.0524833883874414
3855,0,0,0.05048594343155821
3856,0,1,0.07383155746163525
3857,0,1,0.04845008603616592
3858,0,1,0.07915141575684423
3859,0,1,0.08460956269854736
3860,0,0,0.04516761667598968
3861,0,1,0.04347639617893854
3862,0,1,0.03983521930189403
3863,0,0,0.030665396941278233
3864,0,1,0.07410693576722513
3865,1,1,0.05368217217059014
3866,0,0,0.09739002624740392
3867,0,1,0.058076586090446664
3868,0,0,0.09595320387044043
3869,0,1,0.07223364639739102
3870,0,0,0.05558045607057666
3871,0,1,0.08156884741537004
3872,0,0,0.1188283844568738
3873,1,1,0.05055162862444196
3874,0,1,0.07375059085775322
3875,0,0,0.10567167570637706
3876,0,0,0.057863465393485164
3877,0,0,0.07859397699160632
3878,0,1,0.08050256146221643
3879,1,1,0.07687616703746676
3880,0,1,0.08019106831828235
3881,0,1,0.09815141676313449
3882,0,0,0.0849284827958604
3883,0,0,0.05982852595268362
3884,0,1,0.04723624163512418
3885,0,1,0.06031371817450272
3886,1,1,0.06792168521568646
3887,1,1,0.06975374243855036
3888,0,0,0.0880954386666618
3889,0,1,0.08350603652670507
3890,1,1,0.08012161823488669
3891,1,1,0.0535624526824216
3892,0,1,0.05467797633982331
3893,0,1,0.08141976496043374
3894,0,1,0.044125636192690956
3895,0,1,0.0840069433877792
3896,0,1,0.041045946028339504
3897,0,0,0.08927035071711695
3898,0,1,0.04923766967724579
3899,0,1,0.0823190606448003
3900,0,0,0.03681844706650395
3901,0,1,0.06283248403372388
3902,0,1,0.060833736485391296
3903,0,1,0.040572823893807605
3904,0,0,0.048060728390387476
3905,0,0,0.047450284322453073
3906,0,0,0.06274667359465144
3907,1,1,0.09228946540841584
3908,0,1,0.029913282947141667
3909,0,1,0.09277769605896097
3910,0,0,0.07138255331538339
3911,0,1,0.06485951683131462
3912,0,0,0.06173526293861749
3913,0,1,0.046223010312934146
3914,0,1,0.04701323913864385
3915,0,0,0.08932568242514954
3916,0,1,0.074285630026277
3917,0,1,0.06755885039393694
3918,0,1,0.08370365804864716
3919,0,1,0.08375693848989602
3920,0,1,0.04140175082010472
3921,0,1,0.04262824377350978
3922,0,0,0.01502441346508676
3923,0,0,0.05048594343155821
3924,0,1,0.04073983261562432
3925,0,1,0.024447506279270045
3926,0,1,0.08287479275168734
3927,0,0,0.030614732713887913
3928,0,0,0.07416696228043607
3929,0,1,0.037428348468105964
3930,0,1,0.04054006058077511
3931,0,1,0.07362769895160268
3932,0,1,0.0767061674031411
3933,0,1,0.09589757090070566
3934,1,1,0.08045377483995247
3935,1,1,0.02447256021169695
3936,0,1,0.09585375157503055
3937,0,1,0.04652583451093376
3938,0,1,0.07475980674898713
3939,0,0,0.02929692239575149
3940,0,1,0.0629202114286173
3941,0,0,0.045875410920009796
3942,0,1,0.048560684089521425
3943,0,0,0.06379038319855868
3944,0,1,0.047855641201278915
3945,0,0,0.04717405516219747
3946,0,1,0.05402036799215909
3947,0,1,0.08579619813919465
3948,0,1,0.05043295378794745
3949,0,0,0.08246644581079535
3950,0,1,0.05331892850704808
3951,1,1,0.031407613551072605
3952,0,1,0.06486762048842407
3953,0,1,0.04648711293745846
3954,0,1,0.041214652557691245
3955,0,1,0.04050961211325689
3956,0,1,0.04334245544351134
3957,0,0,0.041837656016058794
3958,0,0,0.04773301893265821
3959,0,1,0.09548578886375729
3960,1,1,0.09442226666647538
3961,0,1,0.05625385908755304
3962,0,1,0.0970009828430202
3963,1,1,0.059199541099847916
3964,1,1,0.05069206400155931
3965,0,0,0.04715263549488869
3966,0,0,0.08141731628123594
3967,0,1,0.09183332845209399
3968,0,1,0.08012344760291415
3969,0,0,0.07200392131105632
3970,0,1,0.07469407514220726
3971,0,1,0.05755868550312536
3972,1,1,0.07575493997472056
3973,0,0,0.10304650126393179
3974,0,1,0.027748248625254913
3975,0,1,0.07142053777081392
3976,0,1,0.052757730357937634
3977,0,1,0.08775877891031862
3978,0,1,0.07618815263984921
3979,0,1,0.03746074045475385
3980,1,1,0.08164941661506997
3981,0,1,0.07555243731813462
3982,0,1,0.08733513921431298
3983,0,1,0.04927397942673935
3984,0,0,0.05874516173200234
3985,0,0,0.05522584921187769
3986,0,0,0.03132516763820054
3987,1,1,0.012859541075324842
3988,1,1,0.1366685775611552
3989,0,0,0.06648507380092367
3990,0,0,0.09653994525736143
3991,0,0,0.10610368124200417
3992,0,0,0.07112825739245701
3993,0,0,0.0490039545365316
3994,0,1,0.043617648209658536
3995,1,1,0.03312436118054346
3996,0,1,0.08103463730570205
3997,0,1,0.09943555016623201
3998,0,1,0.0480322902652885
3999,0,1,0.046948160040585114
4000,1,1,0.04787630198233276
4001,0,1,0.042192364903168314
4002,0,1,0.0815113109428782
4003,0,1,0.04000028052606119
4004,0,1,0.047062341491445274
4005,0,0,0.08252893506111737
4006,0,1,0.04420823800586069
4007,0,1,0.03588780177728833
4008,0,1,0.0699288633693515
4009,1,0,0.08345122658411044
4010,0,0,0.027999943835974456
4011,0,0,0.04325689323107709
4012,0,1,-0.004579251352705098
4013,0,0,0.05056100748620394
4014,0,0,0.0758077412333703
4015,0,0,0.08019873873582065
4016,0,1,0.0791260989623665
4017,0,1,0.07907665248500939
4018,1,1,0.06764725070906898
4019,0,0,0.04485701309881682
4020,0,0,0.09885086552079982
4021,0,1,0.0716056605082553
4022,0,1,0.03658939875921074
4023,0,0,0.049352202050307936
4024,0,0,0.04485701309881682
4025,0,0,0.0816287533171475
4026,1,0,0.0392530521203371
4027,0,0,0.017750574737302762
4028,0,1,0.045033033917744325
4029,0,0,0.08291618493891574
4030,0,0,0.06763490543065603
4031,0,1,0.049676570580751575
4032,0,0,0.08014848925764606
4033,0,0,0.02513109691633158
4034,0,0,0.035224872012593694
4035,0,1,0.03354348304335546
4036,0,0,0.07153174175130872
4037,0,1,0.08373573718355456
4038,0,1,0.03708499530707046
4039,1,1,0.03734948912176991
4040,0,0,0.0781666007505567
4041,1,1,0.04763137535788992
4042,1,0,0.04760977211732327
4043,1,0,0.07114333327984905
4044,0,0,0.024272275055807563
4045,0,0,0.045600631444574886
4046,1,1,0.06746695469850823
4047,0,1,0.023984903922012444
4048,0,1,0.02259383789657154
4049,0,0,0.057544767087024995
4050,1,1,0.09221461195168018
4051,0,0,0.03644539441415197
4052,0,0,0.09207942156253816
4053,0,1,0.08776278582950386
4054,0,1,0.06745495627978057
4055,0,1,0.040743519451280436
4056,0,0,0.07354207685987434
4057,0,0,0.08278521550602325
4058,0,1,0.043945699797348
4059,0,1,0.06530744083947071
4060,1,1,0.07342396598081125
4061,1,1,0.07019819839882008
4062,0,0,0.08526025939285888
4063,0,0,0.04015216394550222
4064,0,0,0.05809837019066015
4065,0,1,0.05310372719451141
4066,1,1,0.09315517825357221
4067,0,0,0.10929529306669408
4068,0,1,0.06895484800044427
4069,0,0,0.042151953267781234
4070,0,1,0.03988545578962521
4071,0,1,0.03800456116817459
4072,0,1,0.04277500298454773
4073,0,1,0.07878849824508138
4074,0,1,0.08243344946321907
4075,0,1,0.01389021922138206
4076,0,1,0.06921162087606933
4077,0,0,0.08048571319819986
4078,1,1,0.08635584026579726
4079,0,1,0.05300063717521812
4080,1,1,0.047802616130531064
4081,0,1,0.05715527781693022
4082,0,1,0.07624917515361793
4083,0,0,0.051878544362395106
4084,0,1,0.051663155960731316
4085,0,1,0.04465187757353594
4086,0,1,0.06918169720072498
4087,0,1,0.07305374194971917
4088,0,1,0.054386754625540164
4089,0,1,0.09014747855365775
4090,0,1,0.030960466004231055
4091,1,1,0.029388378998345725
4092,0,1,0.04650982573285376
4093,1,0,0.03640893617952657
4094,0,1,0.07184214848969532
4095,0,0,0.04814164517833128
4096,0,0,0.07996014405829045
4097,0,1,0.0488238169058417
4098,0,0,0.0763540227850886
4099,0,1,0.04869433417705118
4100,0,1,0.093121825713053
4101,0,1,0.04257521441110334
4102,0,0,0.09282039855966612
4103,0,1,0.053657077845698405
4104,1,1,0.050481593885074075
4105,0,1,0.05137965458547958
4106,0,0,0.09034091802924571
4107,0,1,0.07280893745703002
4108,1,1,0.03788300833757545
4109,1,1,0.11065819590534194
4110,0,0,0.04067683075464951
4111,0,1,0.06930886896976218
4112,0,1,0.01307721807928661
4113,0,0,0.07798458887805729
4114,0,1,0.08032662385405873
4115,0,1,0.07489274865240024
4116,1,0,0.04537010461917976
4117,0,0,0.05175290295071704
4118,0,1,0.08581261289727707
4119,0,0,0.07469646218536244
4120,1,1,0.02704940717745706
4121,0,1,0.08196344122025494
4122,0,0,0.04190841134292114
4123,0,1,0.04042332888279742
4124,0,1,0.04270325691999229
4125,1,1,0.07492756957782938
4126,1,1,0.07276620329247602
4127,0,1,0.02650489802568424
4128,0,0,0.07705677525960482
4129,0,1,0.08089805778024213
4130,1,1,0.08090598172859237
4131,0,0,0.07306617601551724
4132,0,0,0.06828690456384784
4133,0,0,0.0777281107316488
4134,0,1,0.0802495895677666
4135,0,0,0.04054006058077511
4136,0,1,0.03344766143357464
4137,0,1,0.047772403885715686
4138,0,1,0.05087844053573165
4139,0,1,0.09682973853366406
4140,0,1,0.08895813916322728
4141,0,1,0.020881893738268674
4142,0,0,0.06398212987497798
4143,0,1,0.08099400704223453
4144,0,0,0.08015408278614576
4145,0,1,0.0029625331373340676
4146,0,1,0.056957584614832316
4147,0,1,0.04680457507796775
4148,0,1,0.08495677981247968
4149,1,1,0.0629202114286173
4150,0,0,0.08614609676240442
4151,0,0,0.07069926638291874
4152,0,1,0.044024793749174375
4153,1,1,0.026922830968877143
4154,0,0,0.07819529839218455
4155,0,1,0.05048594343155821
4156,0,1,0.07506257899809934
4157,0,1,0.10956405875272579
4158,0,0,0.05154824708852142
4159,1,1,0.04215447780670553
4160,0,1,0.03855371312716155
4161,0,1,0.0691956373598571
4162,0,1,0.0389812997649356
4163,0,1,0.04386405622281647
4164,0,1,0.08339027947192122
4165,0,1,0.08581191209082707
4166,0,1,0.04293820246431565
4167,1,1,0.08260686246891089
4168,0,1,0.04907283746109545
4169,1,1,0.0809456457794065
4170,0,1,0.09101341023399998
4171,0,0,0.043660299658825535
4172,0,1,0.04795895346395835
4173,0,1,0.08768156166386365
4174,0,1,0.05172681075324456
4175,1,1,0.04659940119489209
4176,0,1,0.040142540917007516
4177,0,1,0.04864779422406702
4178,0,0,0.04930466549943609
4179,0,0,0.04508622917713988
4180,0,1,0.043401228220078664
4181,0,1,0.051236287034441295
4182,0,0,0.05254136969052144
4183,0,1,0.04539376158582577
4184,0,1,0.08006844296141058
4185,0,1,0.07942441270337022
4186,0,0,0.07598537449536466
4187,0,0,0.029498638386432352
4188,1,1,0.04125589465091465
4189,1,1,0.1018353634024889
4190,0,1,0.044165509991665505
4191,0,0,0.05455829484451252
4192,0,1,0.08389888692738653
4193,1,1,0.08425892073478818
4194,0,1,0.06491641100331232
4195,0,1,0.1012546285744999
4196,0,1,0.041043735223951286
4197,0,0,0.023266364088810484
4198,0,0,0.02139897217685543
4199,1,1,0.08102869558812718
4200,0,1,0.0780571491879208
4201,0,1,0.08168993148624872
4202,0,1,0.03805107033956413
4203,0,0,0.03212384998092822
4204,0,1,0.042547091334355885
4205,1,1,0.04632769453369269
4206,0,1,0.056392978885238594
4207,0,1,0.04862442472649327
4208,0,1,0.05020795752150279
4209,0,0,0.03135564557247861
4210,1,0,0.05353422659140993
4211,0,0,0.026288311019002746
4212,0,0,0.04284442153713547
4213,0,0,0.0370500551325602
4214,1,1,0.07086759156913705
4215,0,1,0.04534341191570597
4216,0,0,0.028908988097313636
4217,0,0,0.03892218970025719
4218,0,1,0.034613682072196325
4219,0,1,0.0466705421934973
4220,0,0,0.051507296538256905
4221,0,1,0.05363926866377307
4222,1,1,0.08743735730830071
4223,0,0,0.04579038313100779
4224,0,1,0.10884901520461378
4225,0,0,0.0806559813415103
4226,0,1,0.02939294146032679
4227,0,0,0.03352198721699619
4228,0,1,0.04779279245156337
4229,0,0,0.04636978516649535
4230,0,1,0.08290350281859174
4231,0,0,0.03846096986547945
4232,0,0,0.09741629991174328
4233,1,1,0.08290350281859174
4234,0,1,0.08332163378866805
4235,0,1,0.0422196504712464
4236,1,1,0.044499783299318696
4237,0,0,0.07819976259812642
4238,1,0,0.0860472580237316
4239,0,1,0.07953388420779793
4240,0,1,0.05741386794372154
4241,0,1,0.08831083049323762
4242,0,0,0.07615221655261227
4243,0,1,0.08003301907798835
4244,0,0,0.07656522382179046
4245,0,1,0.06063987499918459
4246,0,1,0.07481560558488559
4247,0,1,0.08402460338182624
4248,1,0,0.04953996115881767
4249,0,0,0.08410501733569362
4250,0,0,0.07837662499175016
4251,0,0,0.06925690648600799
4252,1,0,0.039921917902430805
4253,1,1,0.08278675087611945
4254,0,1,0.04400467509628022
4255,0,1,0.042266325303863324
4256,0,1,0.03596371323954538
4257,0,1,0.04725629543222924
4258,0,0,0.053181025572333576
4259,0,0,0.023743481053548218
4260,0,0,0.060129256976414344
4261,0,1,0.03729365885613029
4262,0,1,0.0458207447066094
4263,0,0,0.07507324685037395
4264,0,1,0.08257222341208643
4265,0,1,0.04521198786393644
4266,0,0,0.04930466549943609
4267,0,0,0.05603103537698069
4268,0,0,0.027844602544934056
4269,1,1,0.04568584465758435
4270,1,1,0.04105090153670064
4271,0,1,0.023481446104659146
4272,1,0,0.042672827988366704
4273,0,1,0.05679225615853051
4274,0,0,0.07278170382753538
4275,0,0,0.042732139150407335
4276,0,0,0.035629679752914326
4277,0,0,0.04754116687429733
4278,0,1,0.056328399270715694
4279,0,1,0.06036294761984991
4280,1,0,0.0535960700196185
4281,0,0,0.09727401084037898
4282,0,1,0.05369574910734297
4283,0,0,0.048748512935740236
4284,1,0,0.04701567753712283
4285,0,1,0.05548801136366566
4286,0,1,0.0689794899571336
4287,0,1,0.04073580929337774
4288,0,1,0.03549052762889862
4289,0,0,0.05230384181117115
4290,1,0,0.048076935809359955
4291,0,0,0.05568916760153178
4292,1,1,0.10886352454638937
4293,0,1,0.06775943023443494
4294,0,0,0.03324964289609206
4295,0,1,0.09599774503765816
4296,0,0,0.08891261387854246
4297,1,1,0.08003671998289927
4298,1,1,0.018014823424925355
4299,0,0,0.035866630270970506
4300,0,1,0.046120443641940845
4301,1,0,0.10660657621939976
4302,0,1,0.035558104578625814
4303,0,1,0.0779583427613612
4304,0,1,0.040505520842638434
4305,0,0,0.045600631444574886
4306,0,1,0.05983018756568477
4307,0,1,0.05718197696109427
4308,1,1,0.07955791273529493
4309,0,0,0.10974545253569382
4310,1,1,0.07719666040366402
4311,0,0,0.08262028034424665
4312,0,0,0.04374667827351393
4313,1,1,0.05324773290358205
4314,0,1,0.03722596215528641
4315,1,1,0.08701782586465659
4316,0,1,0.09544159682263621
4317,0,0,0.03994935679402756
4318,1,1,0.08655050489759064
4319,1,0,0.0658245921564937
4320,0,0,0.06681728873911255
4321,0,0,0.04066538467004091
4322,0,0,0.061921115505961535
4323,0,1,0.08416604600213452
4324,0,1,0.08796049809510023
4325,0,1,0.08409195259234867
4326,1,1,0.004621621393515178
4327,0,0,0.04221745760310845
4328,0,0,0.0564710559030733
4329,0,1,0.08514710548516602
4330,0,1,0.03483395065668757
4331,0,1,0.08251915700256053
4332,0,1,0.04013953409266924
4333,1,1,0.08502341905516846
4334,1,1,0.0872758495915023
4335,0,1,0.07460314219944696
4336,0,1,0.05015681607525965
4337,0,0,0.03743450902968387
4338,0,1,0.05306462346260821
4339,0,1,0.0823943065644638
4340,1,1,0.0901084831777835
4341,0,1,0.08269492564766429
4342,0,1,0.09975033190473982
4343,1,1,0.05242939028835697
4344,1,0,0.0438022838625646
4345,1,0,0.057812621040980665
4346,0,1,0.0407674230831001
4347,0,1,0.08191589394066708
4348,0,0,0.034224464166565646
4349,0,1,0.04076393829793373
4350,0,0,0.030367355108075603
4351,0,1,0.03559306708319624
4352,0,1,0.04682259455455477
4353,0,0,0.046601935784477744
4354,0,1,0.038924995312450875
4355,1,1,0.1147409800677736
4356,0,1,0.05031702451876345
4357,0,1,0.05710700713640235
4358,0,0,0.03697257969083512
4359,0,0,0.07633923969653744
4360,0,1,0.07345742755831956
4361,0,1,0.03475295104068336
4362,0,1,0.0725456012031578
4363,0,1,0.04649991768869177
4364,0,0,0.058182833196788644
4365,0,1,0.04665358011668437
4366,0,1,0.08510251710580911
4367,0,0,0.04268578119438124
4368,0,0,0.08369901658904985
4369,0,0,0.08986620954012128
4370,0,0,0.058425081229657894
4371,0,0,0.09583590489819274
4372,0,0,0.058076586090446664
4373,0,0,0.07358479069494368
4374,0,0,0.0373091220389545
4375,0,1,0.04659940119489209
4376,0,1,0.043540519580934856
4377,0,1,0.03820629302545255
4378,0,0,0.03528247856580131
4379,0,0,0.029399716505158567
4380,0,1,0.03821418129881175
4381,0,0,0.041777874113565094
4382,0,1,0.07872066922622378
4383,0,0,0.054878293104235046
4384,0,1,0.043661590691827463
4385,0,1,0.02963668898970685
4386,0,1,0.04595022107810476
4387,0,1,0.045287090493315356
4388,0,1,0.041253275127121194
4389,0,1,0.1039487862173989
4390,0,1,0.08038980652816353
4391,0,1,0.05677400335237774
4392,0,0,0.04387047898766633
4393,0,1,0.0373081060848696
4394,0,1,0.04289875879434252
4395,0,0,0.05466654393126003
4396,1,0,0.045944850219013456
4397,0,1,0.03863729336620257
4398,0,1,0.011174342248283555
4399,1,1,0.10079803632624126
4400,0,1,0.056170866879815866
4401,0,0,0.02523117777678717
4402,0,1,0.03430897978121834
4403,0,1,0.041958858913503046
4404,0,0,0.03821087728562173
4405,0,0,0.0402588387382171
4406,0,0,0.05688098251004964
4407,0,1,0.053788892391629706
4408,0,1,0.05789413134368779
4409,0,1,0.025112529840813802
4410,0,0,0.03757044258907442
4411,0,1,0.04814631724424804
4412,0,0,0.027446789256915627
4413,0,0,0.07600872059512946
4414,0,0,0.03524746930636708
4415,0,1,0.04418884073847225
4416,0,1,0.04110939795034017
4417,0,0,0.07131430071343711
4418,0,0,0.050362142211953995
4419,0,1,0.08753968950756336
4420,0,0,0.04529338457078133
4421,0,0,0.12482849180965046
4422,0,1,0.1193028410536373
4423,0,0,0.05773988886374101
4424,0,1,0.08247156899934015
4425,1,1,0.07782620370230872
4426,0,1,0.09586813610042952
4427,0,0,0.03942196042615503
4428,1,0,0.0476886469428445
4429,0,1,0.08341175918203508
4430,1,1,0.07419929463875882
4431,0,0,0.046591202298228246
4432,0,0,0.03892382117137025
4433,0,0,0.04984189563625124
4434,0,1,0.032371028966721734
4435,0,1,0.08600914660956999
4436,0,0,0.09328605953860392
4437,0,0,0.03205173081922542
4438,0,1,0.03781680073149324
4439,0,1,0.05774590388380769
4440,0,1,0.07988915428070303
4441,0,0,0.07286047505467118
4442,0,1,0.08328651185495672
4443,0,1,0.07556704195703541
4444,0,1,0.045916834843863955
4445,0,0,0.030367355108075603
4446,0,0,0.08139824514977717
4447,0,0,0.08175839121890945
4448,0,0,0.08036534347781968
4449,0,0,0.05022693895217109
4450,0,0,0.07136023953436378
4451,0,1,0.030367355108075603
4452,0,1,0.08069522291993814
4453,0,0,0.08273788079455333
4454,1,1,0.04299266348097659
4455,0,1,0.07936569790336717
4456,0,1,0.04964548143306915
4457,0,0,0.05170682246299922
4458,0,1,0.03391783797029254
4459,0,1,0.0344643755805601
4460,0,1,0.056839274097710876
4461,0,0,0.038048476775301494
4462,0,1,0.059432403022988765
4463,0,1,0.084808212543527
4464,1,1,0.05484556050956586
4465,0,1,0.03197386114116642
4466,0,1,0.08034993999193785
4467,0,0,0.036295580605137705
4468,0,0,0.07269873008338604
4469,0,1,0.09421008441508583
4470,0,0,0.039827982382490315
4471,0,1,0.03983839384026059
4472,1,1,0.06641041090659644
4473,0,1,0.09399442583459598
4474,0,1,0.0463770688461868
4475,0,1,0.06788640874315097
4476,0,1,0.07402082190014628
4477,0,1,0.04530124288936767
4478,0,1,0.041683883970202465
4479,0,0,0.04766168773066623
4480,0,1,0.08125623727033726
4481,0,0,0.04287944890962338
4482,0,1,0.08265634979246908
4483,0,1,0.046554714283003146
4484,0,0,0.04148743876053137
4485,0,1,0.05900306475600301
4486,1,1,0.06753499907195357
4487,0,0,0.05048594343155821
4488,0,0,0.05035104714627729
4489,0,0,0.07662332582545986
4490,0,1,0.03590670402772305
4491,0,1,0.06483350470590397
4492,1,1,0.07080367447655246
4493,0,1,0.10367635046330485
4494,0,1,0.0885833234135064
4495,0,1,0.04554655728872507
4496,0,1,0.10787587033106669
4497,0,1,0.043786010696224495
4498,0,1,0.030928571848612717
4499,0,1,0.0537574597175713
4500,0,0,0.06815483300005597
4501,0,1,0.04659940119489209
4502,1,1,0.08236889277732609
4503,0,0,0.03846050568192743
4504,0,1,0.029605789551184734
4505,0,0,0.0535984753848594
4506,0,0,0.09837088997753475
4507,1,1,0.016383571669645346
4508,1,0,0.10008010624361935
4509,1,0,0.0666597786762673
4510,1,1,0.045789209227851416
4511,0,1,0.07423169249941604
4512,0,0,0.0461421385112287
4513,0,0,0.046247990418961396
4514,0,1,0.08098786118183933
4515,0,1,0.04622488690943158
4516,0,1,0.04805443866488539
4517,0,1,0.04734213815245193
4518,0,1,0.04884981460848468
4519,1,1,0.08153030417905711
4520,0,1,0.05065348402597013
4521,0,0,0.07683551031630732
4522,0,1,0.042201985399604125
4523,1,1,0.07995640845075717
4524,0,1,0.04227489798823094
4525,0,1,0.08539331842989911
4526,0,1,0.03430897978121834
4527,0,0,0.04543727407459837
4528,0,1,0.08228273094348026
4529,0,1,0.08454991722299203
4530,0,1,0.05152555979360009
4531,0,1,0.0436823219618258
4532,1,1,0.07549939440977647
4533,0,1,0.08098786118183933
4534,0,1,0.08278402435977086
4535,0,1,0.013274949943771876
4536,1,1,0.09451727094091952
4537,1,1,0.08057568687975197
4538,0,1,0.04733841372974735
4539,0,1,0.08333676125022768
4540,0,1,0.04974672499287307
4541,0,1,0.042851333465124236
4542,0,1,0.053067118913079955
4543,0,1,0.04000028052606119
4544,0,1,0.042577021177033846
4545,0,0,0.08651707562932567
4546,0,1,0.041098596894092655
4547,0,1,0.026347104869119273
4548,0,1,0.018610500960125037
4549,0,0,0.08060690022037105
4550,0,1,0.0435093679636043
4551,0,0,0.04349835550907063
4552,1,1,0.0816885812148276
4553,0,0,0.08244481722768462
4554,0,1,0.07906196747154955
4555,0,1,0.08771118101902994
4556,0,1,0.04464285038868959
4557,0,0,0.08003559642430365
4558,0,1,0.0506266226830901
4559,0,0,0.019566860693036942
4560,0,1,0.04485701309881682
4561,0,1,0.08420517468771047
4562,0,1,0.07224107400178303
4563,0,1,0.03644015592445368
4564,0,1,0.07768882891638212
4565,0,1,0.07429514402778269
4566,1,1,0.08378016094035583
4567,0,1,0.08249322046963971
4568,0,0,0.07198699945498299
4569,1,1,0.04923766967724579
4570,0,0,0.034960291846917194
4571,0,1,0.05681061311168961
4572,0,1,0.06360152694433079
4573,1,0,0.09822792244435684
4574,1,1,0.04472747126459204
4575,0,1,0.04277632141156289
4576,1,1,0.04359754775591032
4577,0,0,0.062488063908703956
4578,0,1,0.07736062863196783
4579,0,0,0.04712751218995645
4580,0,1,0.07401569851858475
4581,0,1,0.04147221756071516
4582,0,1,0.06800428970411561
4583,0,1,0.04091287431892156
4584,0,0,0.03770196169354127
4585,0,0,0.05081768406103909
4586,0,0,0.04751841629410092
4587,0,1,0.10076418349498419
4588,0,1,0.03303397576343549
4589,0,1,0.0501720708928843
4590,0,1,0.08981338307842712
4591,1,1,0.09194045297783077
4592,1,0,0.09168512467823586
4593,0,1,0.038054073635557926
4594,0,1,0.08256557759644828
4595,0,1,0.07997540571866038
4596,0,1,0.07848868705398829
4597,0,0,0.04928561561246327
4598,1,1,0.03848746694611757
4599,0,1,0.04491859720048563
4600,1,1,0.04440238239361835
4601,0,0,0.042885241068781374
4602,1,1,0.06867974853992595
4603,0,1,0.04532563132241463
4604,0,1,0.06810617328178019
4605,0,1,0.0839973720798828
4606,0,1,0.06409718470799673
4607,0,1,0.037743889539981756
4608,0,0,0.07393783312197166
4609,0,0,0.03697614042515174
4610,0,1,0.030603639506575228
4611,0,0,0.08374365220549013
4612,0,0,0.046352386768881454
4613,0,1,0.0799088606836202
4614,1,0,0.040138966720687445
4615,0,1,0.04897368247988851
4616,0,1,0.08201873265802909
4617,0,1,0.0161864227156815
4618,0,1,0.035506545854807794
4619,0,0,0.06518765932053865
4620,0,1,0.03132516763820054
4621,0,1,0.03733091741943813
4622,1,1,0.0795708924798526
4623,0,1,0.04375622869725657
4624,0,0,0.02843660183646588
4625,0,1,0.046887944607272886
4626,0,1,0.054001256779490144
4627,1,0,0.08455203733033109
4628,0,1,0.07698986897587856
4629,0,1,0.07924668726015195
4630,0,0,0.06883080801521202
4631,0,0,0.08267281321945644
4632,0,0,0.0850213429772639
4633,0,0,0.0775702606393073
4634,0,1,0.08181824776034909
4635,1,1,0.020984793386308855
4636,0,1,0.07768289152321971
4637,0,0,0.04419460665957363
4638,0,1,0.09587358907806667
4639,0,1,0.05937127938794944
4640,0,0,0.09361604999991469
4641,0,1,0.08651707562932567
4642,0,1,0.0435093679636043
4643,0,1,0.056860631498196465
4644,0,0,0.080366721040319
4645,0,0,0.0825850341860734
4646,0,1,0.040487220949898046
4647,0,1,0.04266496374912017
4648,0,1,0.07464303896738123
4649,0,0,0.10838225840056348
4650,0,1,0.0436350701093603
4651,0,1,0.07401852822214497
4652,0,1,0.07756823411350032
4653,0,1,0.04672942381141651
4654,0,1,0.005850185771521341
4655,0,0,0.04147221756071516
4656,0,1,0.08005366359474944
4657,0,1,0.03913188258074716
4658,0,1,0.041536282625533445
4659,0,0,0.08961032800471821
4660,0,1,0.09214186183214865
4661,0,0,0.051248964270842925
4662,1,1,0.08947287955691496
4663,1,1,0.07009835970735996
4664,1,0,0.04955422275806158
4665,0,1,0.030149256278517087
4666,1,1,0.076033199737426
4667,0,1,0.044725140556168205
4668,1,1,0.09970269922907662
4669,0,0,0.08367699777165663
4670,0,0,0.08045377483995247
4671,0,1,0.07495785107537217
4672,0,1,0.08062168120733411
4673,0,0,0.03067033441143136
4674,0,0,0.0819081761135645
4675,0,1,0.08070029028748577
4676,0,1,0.07831029744877874
4677,0,0,0.04347960490453918
4678,0,0,0.04203097748061241
4679,1,1,0.041522916906360285
4680,0,1,0.06069301072228625
4681,0,1,0.04571813588168984
4682,0,1,0.07615791717038164
4683,0,1,0.0770048527151816
4684,0,1,0.047941605278957064
4685,1,1,0.05973271450525672
4686,0,0,0.08236487400783098
4687,0,1,0.04945037674286901
4688,0,0,0.06469312066028554
4689,0,1,0.04045708620870202
4690,0,1,0.08108526258575718
4691,0,1,0.04199953214681394
4692,0,1,0.08174148293557233
4693,0,1,0.07136983850680206
4694,0,1,0.10058603459758457
4695,0,1,0.06798440495870842
4696,0,1,0.08089012501540199
4697,0,1,0.0400259148563261
4698,0,1,0.037578290913924846
4699,0,0,0.04339330664500653
4700,0,1,0.07036245525636665
4701,0,0,0.0758582674703539
4702,0,1,0.021095835076014015
4703,1,0,0.0757891548425194
4704,0,1,0.04934539387218655
4705,1,1,0.04417677450668833
4706,1,1,0.04349491650944464
4707,0,1,0.05071649547043375
4708,0,1,0.0720874620889876
4709,0,0,0.040940168406561055
4710,0,1,0.10371395320712545
4711,0,1,0.05104379599516376
4712,1,1,0.08508114766000008
4713,0,1,0.061677825815531315
4714,1,1,0.08059990601591882
4715,0,1,0.025889144015428286
4716,0,1,0.07998460605536192
4717,0,1,0.03832871312280904
4718,0,1,0.0745090068613878
4719,0,1,0.03015472053017966
4720,0,1,0.047219932875083456
4721,0,1,0.08625260500580062
4722,0,1,0.0459035431097075
4723,0,1,0.0346244890250699
4724,0,1,0.057943808992344956
4725,0,1,0.08208831668366934
4726,1,1,0.07970549593649563
4727,0,1,0.05745302886775358
4728,0,1,0.09455818358936216
4729,0,0,0.07007274484655891
4730,0,0,0.04706283928564288
4731,0,1,0.05011022083596751
4732,0,1,0.028568058866558877
4733,0,0,0.08997363398364647
4734,0,0,0.042686762183703014
4735,1,0,0.0842789971897114
4736,0,1,0.01938811404635705
4737,0,0,0.04964735037283658
4738,0,0,0.03590511869394577
4739,0,0,0.06879871696580789
4740,0,0,0.04529814741260958
4741,0,0,0.029478111574333225
4742,0,1,0.03403019835030002
4743,0,1,0.08272574349936439
4744,0,0,0.06791167027466437
4745,0,1,0.07596945737581282
4746,0,1,0.09809052209028754
4747,0,1,0.08879385082013225
4748,0,1,0.07354983109528412
4749,0,1,0.028818790606024564
4750,0,1,0.07125520344200836
4751,0,1,0.08387279603573147
4752,1,0,0.08015788216789926
4753,0,1,0.06073999506250356
4754,0,1,0.0401549466854404
4755,0,0,0.04726509109213356
4756,0,0,0.012052572399287783
4757,0,0,0.07207197222460561
4758,0,1,0.07211331460652975
4759,0,1,0.04257783502696259
4760,0,0,0.054002367500520385
4761,0,1,0.08335397174129783
4762,1,1,0.07981635617302393
4763,0,0,0.049971307093859385
4764,1,1,0.08794392977861622
4765,0,1,0.04605795866644598
4766,0,0,0.09476840794750396
4767,0,1,0.04802275108847344
4768,0,0,0.07962393815868755
4769,0,1,0.067032557863176
4770,0,1,0.0797693495917319
4771,0,0,0.0787401708834536
4772,0,0,0.052316670082197245
4773,0,0,0.034626082151129695
4774,0,0,0.04407229256944835
4775,0,1,0.0786612694859711
4776,0,1,0.0402180879995194
4777,0,1,0.04207115002617698
4778,1,1,0.04282662979777202
4779,1,0,0.08717166001375842
4780,0,1,0.08346471423380869
4781,0,1,0.07665540454557415
4782,0,1,0.09243957111418706
4783,0,0,0.06091904354578623
4784,0,1,0.07357911982919886
4785,0,1,0.046242822091082915
4786,1,1,0.07900799138677346
4787,0,1,0.04917740434695121
4788,0,1,0.07723919862756681
4789,0,1,0.01105051144751229
4790,0,0,0.08128870837918381
4791,1,0,0.047783621172377014
4792,0,0,0.024027657187068042
4793,0,1,0.07390139456198777
4794,0,0,0.037136069203806944
4795,0,1,0.022020408916481826
4796,0,1,0.12391889092501353
4797,0,1,0.04481974551220349
4798,0,1,0.07251275440854293
4799,0,1,0.0401820944372709
4800,0,0,0.05685790642882523
4801,1,1,0.08222712278329011
4802,0,0,0.042897298043284834
4803,0,0,0.07078029088657033
4804,0,0,0.09566605798639696
4805,0,1,0.05512250837815054
4806,1,1,0.06440316431419507
4807,1,1,0.05091924491871933
4808,0,1,0.04920096663870849
4809,0,1,0.0716629354444869
4810,0,0,0.0294848190901411
4811,0,1,0.08028566488430551
4812,0,0,0.08212738728069281
4813,0,1,0.051555936323283105
4814,0,1,-0.028488389221732947
4815,0,0,0.10414038013592238
4816,0,0,0.08229086221881027
4817,0,0,0.00851623114526277
4818,0,0,0.09936978137798458
4819,1,1,0.10431649526769954
4820,0,1,0.09647549240483716
4821,1,1,0.03132417617181234
4822,0,0,0.07204391897602899
4823,0,0,0.08636973727709965
4824,0,1,0.024313620499316936
4825,1,0,0.060899812378779186
4826,1,1,0.04230419726031337
4827,0,1,0.03039242957497275
4828,0,1,0.04171019529310321
4829,1,1,0.06580943972351999
4830,0,1,0.059759883408296244
4831,0,1,0.050180281695317165
4832,0,1,0.03927877402119364
4833,0,1,0.0419130976722551
4834,0,1,0.07941225314865842
4835,0,1,0.043183619482222206
4836,1,1,0.06727273722643838
4837,0,0,0.07403509481899402
4838,0,1,0.05397698135158087
4839,0,1,0.08343746638251132
4840,0,1,0.03725163198664897
4841,0,1,0.038468106239608627
4842,0,1,0.06647649150958984
4843,0,0,0.07245089230114106
4844,0,0,0.01860480725685764
4845,0,0,0.07477379294650469
4846,0,1,0.036543525074003366
4847,0,0,0.05335401318420038
4848,0,0,0.0815458583490388
4849,0,0,0.024405974855094797
4850,0,1,0.07086295312548707
4851,1,0,0.08162629861396503
4852,0,1,0.0576170146952856
4853,0,0,0.07035377568255939
4854,0,0,0.018130592202814787
4855,0,0,0.05980937443268394
4856,1,1,0.04908119145537776
4857,0,1,0.05973271450525672
4858,0,1,0.053174313620306
4859,0,0,0.035506545854807794
4860,1,1,0.061933694532684616
4861,0,0,0.043776345606103655
4862,0,1,0.04070495549006863
4863,0,0,0.0839228246646877
4864,0,0,0.0681990242174518
4865,1,1,0.07468479101650563
4866,1,1,0.05647795330225386
4867,0,1,0.05920113000875984
4868,0,1,0.04053242742750811
4869,0,1,0.04509360238859439
4870,0,0,0.04408651469799372
4871,0,1,0.048845449037718425
4872,0,0,0.09554194416858242
4873,0,1,0.09339716087037973
4874,0,1,0.06371416821035608
4875,0,0,0.051130449268759134
4876,0,1,0.03604821009102492
4877,1,1,0.10886660553425628
4878,0,0,0.08492718754325827
4879,0,1,0.044877726286539306
4880,0,1,0.09267530108993108
4881,0,0,0.08584531916465099
4882,0,1,0.10133695519546906
4883,0,1,0.04686382639081672
4884,1,1,0.05904417401954057
4885,0,0,0.0762964617520944
4886,0,0,0.07570887061354052
4887,0,1,0.034013711034573076
4888,0,0,0.07803291034712967
4889,0,0,0.03502509519127836
4890,0,0,0.05045774485912377
4891,0,1,0.0779631306045892
4892,0,1,0.034152091840413984
4893,0,1,0.08202020535722598
4894,0,1,0.05118020134650561
4895,0,1,0.046561748881119934
4896,0,1,0.09463649560342406
4897,0,0,0.06739615524489427
4898,0,1,0.04946299679295449
4899,1,0,0.07996220588082381
4900,0,0,0.08012344760291415
4901,0,0,0.0558361265866509
4902,0,0,0.06417959475384452
4903,0,1,0.08773395563588912
4904,0,0,0.04907283746109545
4905,0,1,0.07856511097500314
4906,0,1,0.04214024776776633
4907,0,1,0.05611090034778944
4908,0,0,0.07100176984029478
4909,1,0,0.04385829643794173
4910,0,1,0.03722752785404621
4911,0,1,0.02871915872432807
4912,1,1,0.05060899879073476
4913,0,1,0.09398535237436509
4914,0,1,0.03195927768577299
4915,1,1,0.037977432540905236
4916,1,1,0.05238124886940388
4917,0,1,0.06795783765617128
4918,0,0,0.044873191931788056
4919,0,1,0.07241313157650509
4920,0,0,0.09382061213537077
4921,0,1,0.04624436956289313
4922,0,0,0.08830244813122541
4923,0,0,0.08916314844959097
4924,0,0,0.03927427525394375
4925,0,1,0.06477437060995803
4926,1,0,0.0796070991669154
4927,0,1,0.06331931353519676
4928,0,0,0.07773746272811474
4929,0,1,0.005574452284320118
4930,0,1,0.03974698332041364
4931,0,0,0.06420909220141334
4932,0,0,0.06373716319852261
4933,0,0,0.03986424310717335
4934,1,1,0.09171766257835917
4935,1,1,0.050764214720456474
4936,0,1,0.0969119153435752
4937,0,1,0.03283809744084798
4938,1,0,0.027225209583694218
4939,0,1,0.040632605792545066
4940,0,0,0.07965744331475709
4941,0,1,0.07531698422051915
4942,0,1,0.07520929806237636
4943,0,1,0.0789473795573187
4944,0,1,0.03590670402772305
4945,0,1,0.06898537711591363
4946,0,0,0.04759509610036746
4947,0,1,0.09335305467994699
4948,0,0,0.07647686157051616
4949,0,1,0.05579982333497209
4950,1,1,0.053720991075210306
4951,0,1,0.04010376797719792
4952,0,0,0.04400360666555632
4953,0,1,0.08055576355177324
4954,1,1,0.05873208210337873
4955,0,0,0.0350010065292878
4956,0,1,0.025761110712204775
4957,1,1,0.09682668716880821
4958,0,1,0.05914046141224823
4959,0,1,0.04876690719845717
4960,0,0,0.08167544702933743
4961,0,1,0.057567196242097884
4962,0,0,0.08293340122335777
4963,0,1,0.03751464214093971
4964,0,0,0.048746682128501556
4965,0,0,0.048919617510501855
4966,0,1,0.061731981749354056
4967,0,1,0.04500538535575313
4968,0,1,0.08137646537609347
4969,0,0,0.05000470555925484
4970,0,1,0.08514005826301911
4971,0,1,0.06336225523164812
4972,0,1,0.009631451556720023
4973,0,1,0.07192893117883509
4974,1,0,0.034610686021339473
4975,0,1,0.07305882319924259
4976,0,1,0.0304388653014476
4977,0,1,0.013287917082574787
4978,0,1,0.04573717552182725
4979,0,1,0.051016985129082836
4980,0,1,0.07281170364479286
4981,0,1,0.031174023057269094
4982,0,1,0.07714402975550472
4983,1,1,0.06964723705194062
4984,0,1,0.06840891669035572
4985,0,0,0.059126021179717096
4986,0,1,0.07059602156097838
4987,0,0,0.054672085698408576
4988,0,0,0.043229572679783626
4989,0,1,0.08122903694338597
4990,0,1,0.04409279296291463
4991,0,1,0.036760856968768976
4992,0,1,0.08988771644827784
4993,0,1,0.03923798479002001
4994,1,0,0.04569542048241153
4995,0,0,0.11073877721795525
4996,0,0,0.08572901331448197
4997,0,1,0.03774757373215627
4998,0,1,0.04684489126236577
4999,1,1,0.036023714412576596
5000,0,1,0.08959012821063232
5001,1,1,0.06273845153614113
5002,0,0,0.08642069959087492
5003,0,0,0.07728971479488136
5004,1,1,0.0833036200973862
5005,0,1,0.04583301486592489
5006,0,1,0.04025859183184405
5007,0,1,0.020881893738268674
5008,0,0,0.07446855319997772
5009,1,1,0.09368531431081459
5010,0,0,0.0836597437868978
5011,1,0,0.035737495567625274
5012,0,1,0.044209800402499465
5013,0,1,0.0712743588883257
5014,1,1,0.07321718433496832
5015,0,0,0.05704780185204304
5016,0,0,0.09491460028754364
5017,0,0,0.04195701708334239
5018,0,1,0.04499672880843565
5019,0,1,0.08048794434353036
5020,0,1,0.04444473240737554
5021,1,1,0.07970754786763382
5022,0,1,0.07780048548126775
5023,0,0,0.06804115485659938
5024,0,1,0.024000938418078023
5025,0,1,0.08307073032167223
5026,0,1,0.052870563542266595
5027,0,1,0.0465991689484466
5028,0,1,0.05958956890274593
5029,0,1,0.09454192210690276
5030,0,0,0.08288230450182049
5031,0,0,0.0757891548425194
5032,0,1,0.09126535041443498
5033,0,0,0.09168512467823586
5034,0,1,0.08439971470650762
5035,0,1,0.07883085264482317
5036,0,0,0.04650982573285376
5037,0,1,0.09868342462764781
5038,0,1,0.08481914523596977
5039,0,1,0.06641041090659644
5040,0,0,0.07685487844559427
5041,0,1,0.05049484183512806
5042,0,1,0.029638926224397174
5043,1,1,0.060944105890596255
5044,1,0,0.06444306530091495
5045,0,1,0.04753885910564626
5046,0,1,0.08533035903673034
5047,0,1,0.08385135349589816
5048,1,1,0.05558045607057666
5049,0,0,0.039472986127386034
5050,0,0,0.08429333154148776
5051,0,0,0.045037976425836075
5052,0,1,0.03674358786249039
5053,0,1,0.08472949205417485
5054,0,1,0.06873636945009433
5055,0,0,0.04288867813558457
5056,1,0,0.05946090423645858
5057,1,1,0.037197573365848696
5058,0,1,0.03966652743640405
5059,1,1,0.047837313652051495
5060,0,0,0.04493698350036997
5061,0,0,0.08119108359003871
5062,0,0,0.10127502643534088
5063,0,1,0.05425478194546343
5064,0,1,0.05178800216106097
5065,0,1,0.0483914433924615
5066,0,1,0.06144869973882483
5067,0,1,0.045600631444574886
5068,1,1,0.06741988616823871
5069,0,0,0.047803981563084
5070,0,1,0.07700358195165136
5071,0,1,0.03311213128123443
5072,0,1,0.04180088321127797
5073,0,1,0.03913178454987844
5074,0,0,0.07368124808070198
5075,0,1,0.028540283646020168
5076,0,1,0.04028845239034194
5077,0,1,0.07461313864069011
5078,0,1,0.06665964809425598
5079,0,1,0.08062536943316137
5080,0,0,0.08003671998289927
5081,0,1,0.03474944208851506
5082,0,1,0.09704088864100723
5083,0,0,0.05303687099082573
5084,1,0,0.08387910401257002
5085,0,0,0.04734213815245193
5086,1,1,0.0872830083249177
5087,0,1,0.04705320450999769
5088,0,0,0.07721069606662309
5089,1,1,0.04833269167836352
5090,0,1,0.08531899301027428
5091,1,1,0.0847480802496532
5092,0,0,0.04100377276355017
5093,0,1,0.05351139664368484
5094,0,0,0.09905164363826158
5095,1,1,0.05467797633982331
5096,1,1,0.019021212836043574
5097,0,0,0.08235415633581591
5098,0,1,0.07890472959350339
5099,0,1,0.01938424901916639
5100,0,0,0.08342634675238013
5101,0,1,0.04748752577998164
5102,1,1,0.08076041979329267
5103,0,1,0.03965183857053715
5104,0,1,0.08297809779810486
5105,0,1,0.08274898347706741
5106,0,1,0.0574825657718349
5107,1,1,0.03588780177728833
5108,0,0,0.049172761727980574
5109,0,0,0.04544639722730484
5110,0,1,0.04216737574035853
5111,0,0,0.08768984530823579
5112,0,1,0.07803960924561355
5113,0,0,0.07908585480080224
5114,0,1,0.07620590371759692
5115,0,1,0.03844861079380362
5116,0,1,0.044824866652666516
5117,0,1,0.032054460634880405
5118,1,1,0.01995677051537325
5119,0,1,0.04230419726031337
5120,1,0,0.07616873643581223
5121,1,1,0.0524833883874414
5122,1,1,0.0007495227684688952
5123,0,1,0.04585379824216159
5124,0,1,0.055338348720891314
5125,0,1,0.03371203067802402
5126,0,0,0.08254529071243039
5127,0,1,0.04701323913864385
5128,0,0,0.0619107504147458
5129,0,1,0.0808660788480981
5130,0,1,0.04904777885156229
5131,1,1,0.03545218146532098
5132,0,1,0.06665143408799043
5133,0,0,0.05564421634970819
5134,0,1,0.041692208326782505
5135,1,1,0.10488212636958294
5136,0,1,0.05317941723941477
5137,0,1,0.07298295997258666
5138,0,1,0.029346992499271266
5139,0,1,0.05523227514416049
5140,0,1,0.053031904104738015
5141,1,0,0.03220474596703716
5142,0,0,0.043822145736298446
5143,0,1,0.029495887404921584
5144,0,1,0.04452630842409511
5145,1,1,0.013287830141026153
5146,0,1,0.04666141004041502
5147,0,1,0.09040674294437975
5148,0,0,0.07730792190691471
5149,0,0,0.04334345323052396
5150,0,1,0.060472433961311654
5151,0,0,0.08854521085510561
5152,1,1,0.06341921678837742
5153,1,1,0.08834471239983921
5154,0,1,0.04265792767283144
5155,0,0,0.0788479187237425
5156,0,1,0.04619412565390376
5157,0,0,0.0365411792186366
5158,0,1,0.03633143611791946
5159,0,1,0.0643687046246992
5160,0,1,0.03132417617181234
5161,0,1,0.04546780558808876
5162,0,1,0.0490453034950662
5163,0,1,0.0428938365631418
5164,0,1,0.10439193810460222
5165,0,1,0.08867169204422667
5166,0,1,0.07831758838860284
5167,0,1,0.048748512935740236
5168,0,1,0.08624932565669013
5169,0,1,0.058851242841889986
5170,0,1,0.07252430072582632
5171,0,1,0.04907283746109545
5172,0,0,0.08166754746757918
5173,0,1,0.08516064693161766
5174,0,1,0.10247999376358512
5175,0,1,0.03584188319241338
5176,0,0,0.024179553395808767
5177,0,1,0.08433336990308586
5178,0,1,0.05933314155847358
5179,1,1,0.10965485441235748
5180,0,1,0.03397927865103177
5181,0,0,0.12378024020175354
5182,0,1,0.04681549839183219
5183,1,1,0.058433993990720454
5184,0,1,0.038951998574467975
5185,0,1,0.036162555480071336
5186,0,1,0.07549564918360653
5187,0,0,0.06968661311937017
5188,0,1,0.04990030268801673
5189,0,1,0.05810715844224008
5190,0,1,0.03952465087092145
5191,0,0,0.03482404708073616
5192,0,0,0.04681900277898929
5193,0,1,0.046115136046512864
5194,0,1,0.055522035860369544
5195,1,1,0.07870980900353787
5196,0,0,0.05024088372581134
5197,0,0,0.0460833976333407
5198,0,0,0.0630767325042052
5199,0,0,0.060335838162943786
5200,0,0,0.08506319055840819
5201,0,1,0.035798963667741095
5202,0,0,0.04483418267627206
5203,0,1,0.04290267694291554
5204,0,0,0.06083867544652798
5205,0,0,0.0479178775192603
5206,0,0,0.08265634979246908
5207,0,1,0.05519483340553398
5208,1,1,0.04175856023010986
5209,0,0,0.09023923959830948
5210,1,0,0.1076552152759917
5211,0,1,0.08286563215882613
5212,0,1,0.08142273076717316
5213,0,1,0.04574941040569825
5214,1,1,0.0852149078703203
5215,0,0,0.07958364484160771
5216,1,1,0.07371622514695841
5217,1,1,0.08391366764751816
5218,0,1,0.04529281995096153
5219,0,1,0.03624258973415705
5220,0,0,0.09590385295502044
5221,0,0,0.08994423360009957
5222,0,1,0.08153695568333118
5223,1,1,0.07805221655241174
5224,1,1,0.03209490813329938
5225,0,1,0.05052808921801394
5226,0,1,0.044227596185619764
5227,1,1,0.02879569415670556
5228,0,1,0.04859929577295324
5229,0,1,0.09294977749674355
5230,0,0,0.10163496543275613
5231,1,1,0.04526226848081216
5232,0,1,0.06491270821174575
5233,1,1,0.09542451415543794
5234,0,0,0.050126533411482654
5235,0,1,0.06186719815378457
5236,1,1,0.1130879347646069
5237,0,1,0.09013178013445619
5238,0,1,0.035141632986449164
5239,0,1,0.03610166583890686
5240,0,1,0.058857586779055435
5241,0,1,0.05788397351082666
5242,0,1,0.07095550565011792
5243,0,1,0.08596223987661053
5244,1,1,0.08333764923835264
5245,1,1,0.11141223893881161
5246,0,1,0.08138627217435059
5247,0,0,0.1075676086615389
5248,0,1,0.08196143657394747
5249,0,1,0.03826355304946466
5250,0,1,0.08144724393002231
5251,0,0,0.03937028641093038
5252,0,1,0.05573871756269152
5253,0,1,0.04900263533087619
5254,0,0,0.05544858593076608
5255,0,1,0.051298617507234946
5256,0,0,0.0758077412333703
5257,0,1,0.046812876176761116
5258,0,1,0.04805443866488539
5259,0,1,0.05878049158136444
5260,0,1,0.060306336860289494
5261,0,1,0.07206357093059437
5262,0,1,0.08630235098706439
5263,0,1,0.04565755227583603
5264,0,1,0.08154542526783577
5265,1,1,0.08045076877668315
5266,0,1,0.053557351751872845
5267,0,1,0.06031463921605132
5268,0,0,0.030078891334026067
5269,0,1,0.08750298894274938
5270,1,1,0.06580156862585802
5271,0,0,0.04571813588168984
5272,0,1,0.05973271450525672
5273,0,0,0.10321975556486909
5274,1,0,0.04997747808995181
5275,1,1,0.04264956179070139
5276,0,1,0.039167491563300565
5277,0,1,0.06994900194434664
5278,0,1,0.08346496001452364
5279,0,1,0.04010147689249585
5280,0,1,0.01587008832357336
5281,0,1,0.04705955659280351
5282,0,0,0.08332355934954298
5283,0,0,0.05447748618472199
5284,0,1,0.04363412868388334
5285,0,0,0.04827473470356333
5286,0,1,0.045485253964734254
5287,0,0,0.06878843535607014
5288,0,0,0.0810537015340566
5289,0,0,0.08962537548949637
5290,0,1,0.04173567611985518
5291,0,0,0.04156507443123663
5292,1,0,0.017064543978796528
5293,0,1,0.04613220743498116
5294,0,1,0.04358674916625319
5295,0,1,0.045422348721749446
5296,0,0,0.06989290822963552
5297,0,0,0.097372773488655
5298,0,1,0.1119377679183439
5299,0,1,0.019822502113281043
5300,0,1,0.07447724752888218
5301,0,1,0.08382685932572162
5302,0,1,0.0710685895400849
5303,0,1,0.03894955314406369
5304,0,1,0.030984666041140214
5305,0,1,0.020881893738268674
5306,0,1,0.018631354907206236
5307,0,1,0.04701323913864385
5308,0,0,0.07278726964109318
5309,1,1,0.10556108345608865
5310,0,0,0.03368667294939493
5311,0,1,0.07973994615186707
5312,0,1,0.0354191674285157
5313,0,1,0.058689348274855516
5314,1,0,0.07167783975544136
5315,0,1,0.03163218839413448
5316,1,1,0.08686013270599979
5317,0,1,0.014869444458032134
5318,0,0,0.06329498121182714
5319,0,0,0.08059128742249663
5320,0,0,0.058427166847610915
5321,0,0,0.061357989428500855
5322,0,1,0.04649909408825926
5323,0,1,0.06372850464201005
5324,1,1,0.07207190382434106
5325,0,1,0.08486624164636171
5326,0,0,0.10551465594660064
5327,0,1,0.057632797407033524
5328,0,1,0.08830221526915294
5329,0,0,0.04577324638406084
5330,0,0,0.05898573322907555
5331,0,1,0.033819315316400866
5332,0,1,0.050315073735167526
5333,0,1,0.08046036133287557
5334,1,1,0.08515964177597779
5335,0,0,0.07302336400219964
5336,0,0,0.09081968178524023
5337,0,1,0.08245048050717657
5338,0,1,0.08061133012174987
5339,0,1,0.049794475743111605
5340,0,1,0.04672942381141651
5341,0,1,0.07357499617359337
5342,0,1,0.07210116490417497
5343,0,1,0.03830353099447882
5344,0,1,0.08092640791961613
5345,0,1,0.03476472871519133
5346,1,1,0.04907283746109545
5347,0,0,0.08734536739197707
5348,0,0,0.07260660198043875
5349,1,1,0.07508260272488598
5350,0,1,3.634940569567646e-05
5351,0,1,0.020669422421351787
5352,0,0,0.04477578587538647
5353,0,1,0.02359761176062091
5354,0,1,0.04573401192111782
5355,0,1,0.10065879945959857
5356,0,0,0.04858796798311628
5357,0,0,0.03337739570456558
5358,0,0,0.042895917567637804
5359,0,1,0.0631751800775803
5360,0,0,0.0334424529884734
5361,0,1,0.06952842651253971
5362,0,1,0.08146012493871461
5363,0,0,0.03835855218726631
5364,0,1,0.0503572263409792
5365,0,1,0.07351914252582234
5366,0,1,0.04167323136028556
5367,0,1,0.08315427968254602
5368,0,1,0.09736086004458518
5369,0,0,-0.0015742732064607766
5370,1,0,0.07634599516955679
5371,0,1,0.07970289861965486
5372,0,1,0.06744510769627876
5373,1,1,0.08048723683651424
5374,0,1,0.04028830121655108
5375,0,1,0.05594144251049163
5376,0,1,0.046978022778942446
5377,0,0,0.04343205517009363
5378,1,0,0.06309360094248812
5379,0,1,0.08138066068242146
5380,1,0,0.046622586925686424
5381,1,1,0.02116624108075464
5382,0,1,0.08375646326754112
5383,0,0,0.09846289383685887
5384,1,0,0.09444882482660022
5385,0,1,0.08271008015228465
5386,0,1,0.08645160178114548
5387,0,0,0.05918935574709158
5388,0,1,0.07784839691342903
5389,0,1,0.0989803139586306
5390,0,1,0.07766167845776671
5391,1,1,0.03400394609336211
5392,1,0,0.09145593747725687
5393,0,0,0.08900021993669839
5394,0,1,0.0660044725803903
5395,0,1,0.04172508090219401
5396,0,1,0.046993023273578544
5397,0,1,0.059856262587751737
5398,0,0,0.07939807081030034
5399,0,0,0.08353857993819616
5400,0,1,0.0758025294167051
5401,1,1,0.0935042622105561
5402,0,1,0.03881489202544321
5403,0,1,0.06075040705374813
5404,0,0,0.08402092059656328
5405,1,1,0.0568474717509119
5406,0,0,0.02856822706480166
5407,0,0,0.03581934566257677
5408,0,1,0.04841416928830884
5409,0,0,0.04179075014618496
5410,1,1,0.08223263811606327
5411,0,0,0.03952813625172911
5412,1,1,0.07567202775818521
5413,0,0,0.04595457504803246
5414,0,1,0.08384715516871531
5415,0,0,0.09051706750280863
5416,0,1,0.04052978046706047
5417,1,1,0.06081475515114614
5418,0,1,0.04059310456534794
5419,0,0,0.04645512369617333
5420,0,0,0.0777258622263954
5421,0,0,0.035506545854807794
5422,0,0,0.03985760154621095
5423,0,1,0.04842666361698596
5424,0,1,0.08818785276597502
5425,0,1,0.08933170260739484
5426,0,1,0.07591277077123285
5427,0,1,0.044918164204727155
5428,0,0,0.0938534357578538
5429,0,0,0.08361040997893622
5430,0,1,0.048679354041500526
5431,1,1,0.07412101924334884
5432,0,1,0.08224941449117484
5433,0,0,0.06393904285493779
5434,0,1,0.08904556790801181
5435,0,0,0.04177655466985957
5436,0,1,0.05298362687372544
5437,1,1,0.06564950365481816
5438,0,1,0.08891261387854246
5439,0,1,0.04930466549943609
5440,0,0,0.08476144876194519
5441,0,0,0.08298860492242283
5442,0,1,0.08399404005068675
5443,0,0,0.08105315977042671
5444,0,1,0.07449788562476328
5445,0,1,0.05552853698818682
5446,0,1,0.10860104580600477
5447,0,1,0.07999758369134491
5448,0,0,0.08162073109212586
5449,0,1,0.04664596896389604
5450,0,1,0.07272790421267443
5451,1,1,0.07094899768027754
5452,1,1,0.08130972941666739
5453,0,1,0.03875831019082285
5454,0,0,0.046968077890872324
5455,0,0,0.036120874273664824
5456,0,1,0.07968896571504733
5457,1,1,0.09114787136263615
5458,0,1,0.045727549832172074
5459,0,1,0.04321796736981237
5460,0,1,0.08654942442476894
5461,0,1,0.04524449768786236
5462,0,1,0.04769099398280327
5463,0,1,0.07389502239937065
5464,0,1,0.04244556925308789
5465,0,1,0.05185863387301002
5466,1,1,0.040955151177636956
5467,0,1,0.02730835375068916
5468,0,0,0.07766167845776671
5469,0,1,0.08387923720538888
5470,0,1,0.03850212849954778
5471,0,1,0.03887641812764011
5472,0,0,0.026551906328700324
5473,1,0,0.0529178290086087
5474,0,0,0.072177258092801
5475,0,0,0.01152578876171103
5476,0,0,0.018188372910583037
5477,0,0,0.05938126998721535
5478,1,1,0.03443423543028371
5479,0,1,0.04723206713957686
5480,1,1,0.07604957995792509
5481,0,1,0.04241955455079593
5482,0,0,0.047165524296861695
5483,0,1,0.04745218398243342
5484,0,1,0.03335239732435076
5485,0,1,0.06369419648296772
5486,0,1,0.08736052377839418
5487,0,1,0.06184191869510303
5488,1,0,0.08816105259705456
5489,0,1,0.0747718020968362
5490,1,0,0.10332745181628163
5491,0,1,0.08068770517926288
5492,0,0,0.07926680100570328
5493,0,1,0.037184165030194956
5494,1,1,0.04494336868793388
5495,0,1,0.06321156395406016
5496,0,1,0.06698685479161494
5497,0,1,0.05792465554572644
5498,0,0,0.0717222758159855
5499,0,0,0.048057792243085734
5500,0,0,0.099468363016955
5501,0,1,0.045600631444574886
5502,0,1,0.052740437183839514
5503,0,1,0.046030155655466344
5504,0,1,0.0478842714133931
5505,0,1,0.09075292874059807
5506,0,0,0.03821087728562173
5507,0,1,0.05472466612388202
5508,0,0,0.029608674097607493
5509,0,1,0.07933413145906483
5510,0,1,0.04744067862675339
5511,0,1,0.08482223136551584
5512,0,0,0.04363714319547342
5513,0,1,0.0795181831481854
5514,0,1,0.04715629430008813
5515,0,0,0.07545065313097221
5516,0,0,0.08012344760291415
5517,0,0,0.062287494792644754
5518,1,1,0.08359853701296975
5519,0,0,0.07868424765924954
5520,1,1,0.07758861175474221
5521,0,0,0.07769387322329155
5522,1,1,0.09426800762685758
5523,0,1,0.06501043501086129
5524,0,0,0.07700319703880448
5525,0,1,0.04568516236523214
5526,0,1,0.055941531137788346
5527,0,0,0.04516532548118473
5528,0,1,0.036296183819050275
5529,0,1,0.05453977620171288
5530,0,0,0.04765838300231894
5531,0,1,0.04477792956512197
5532,0,1,0.04342738661860569
5533,0,1,0.036335164574475984
5534,0,1,0.07692277704286989
5535,0,1,0.017484063736663107
5536,0,1,0.06235059595113568
5537,0,1,0.04407080175860213
5538,0,1,0.07400478441010079
5539,1,1,0.08293916307726319
5540,0,1,0.051425846758632085
5541,0,1,0.05146223669454147
5542,0,1,0.07728195377008773
5543,0,1,0.04044362241053128
5544,0,0,0.08996140285774396
5545,0,0,0.04241400823046039
5546,0,0,0.04507752277641153
5547,0,1,0.08353382273496722
5548,0,1,0.08106955468843642
5549,0,0,0.04850103570372054
5550,0,1,0.038054073635557926
5551,0,1,0.04998238565529096
5552,0,0,0.07527636487173664
5553,1,1,0.07895063830276423
5554,0,1,0.036174765629181836
5555,1,0,0.05557661575622572
5556,0,0,0.08174584831335607
5557,0,1,0.035866630270970506
5558,1,1,0.0796058125057946
5559,0,1,0.04381601104475569
5560,0,1,0.08226091294484164
5561,0,0,0.05553130540605822
5562,0,0,0.08928583926311343
5563,0,1,0.07290195547503518
5564,0,1,0.08048634290315379
5565,0,1,0.09877643178103
5566,0,1,0.055729683493439625
5567,0,1,0.04600467197955778
5568,0,1,0.05648028288142372
5569,0,1,0.041378615179109256
5570,0,1,0.05382302763151201
5571,0,0,0.04537269520239273
5572,0,0,0.13099036647609227
5573,1,1,0.041585787860469445
5574,1,1,0.09185958090359078
5575,0,1,0.01730532656701581
5576,0,1,0.08294304421393872
5577,0,1,0.04731892589243876
5578,0,1,0.04510879104477292
5579,0,1,0.09913684978770636
5580,0,1,0.0775204750307021
5581,0,1,0.09220986024301342
5582,0,1,0.08959629026444069
5583,0,1,0.03969159113912488
5584,0,0,0.049895504975409184
5585,0,1,0.08068770517926288
5586,0,0,0.04644563638809306
5587,0,1,0.03465641154251185
5588,0,1,0.04906810813019146
5589,1,1,0.04481054204715869
5590,0,1,0.05945089700122877
5591,0,1,0.03491931426469564
5592,1,1,0.03559190690827231
5593,0,0,0.032015201825727556
5594,0,0,0.07926802740043035
5595,0,1,0.05630788166351098
5596,0,1,0.024297425627620113
5597,0,0,0.09837598570697806
5598,0,0,0.0982930083815115
5599,0,1,0.07730957956593786
5600,0,1,0.08387994066214972
5601,0,0,0.08489447633425756
5602,0,1,0.08274009183182984
5603,0,1,0.047485733533206925
5604,0,1,0.03960361265085234
5605,0,0,0.03712777625826748
5606,0,1,0.07549433646966577
5607,0,1,0.07466327110624633
5608,0,1,0.0870864219485304
5609,1,1,0.09435874723737338
5610,0,0,0.08540082339792056
5611,0,1,0.08885077771013969
5612,1,0,0.09304891990693648
5613,0,0,0.08107102002238437
5614,0,1,0.08403383569580437
5615,0,1,0.06154534722968333
5616,1,1,0.05898400812444042
5617,0,1,0.08994189794379792
5618,0,0,0.012779876759675787
5619,0,1,0.07375059085775322
5620,0,1,0.08265315780030598
5621,0,1,0.05010866886957808
5622,0,0,0.03523141125313094
5623,0,1,0.010011176424753007
5624,0,1,0.040884713701045725
5625,0,1,0.055195719326860446
5626,0,1,0.07655079026971287
5627,1,1,0.05729414582859541
5628,0,0,0.05558045607057666
5629,0,1,0.08219276384727814
5630,0,0,0.043564663612581364
5631,0,1,0.04000028052606119
5632,0,1,0.09741398026175124
5633,0,1,0.049802108681381185
5634,1,1,0.0842756420278695
5635,0,1,0.022927135198094774
5636,0,1,0.08012344760291415
5637,0,0,0.12292789061706352
5638,0,0,0.06783685995290972
5639,0,1,0.08131088061342985
5640,0,0,0.08213800753179253
5641,0,1,0.04737252010422706
5642,0,0,0.0654459256395158
5643,1,1,0.07291897423626748
5644,0,1,0.08634388346112135
5645,0,1,0.0548751068855044
5646,0,0,0.08118148473013927
5647,1,1,0.06648598802486344
5648,0,1,0.08105315977042671
5649,1,0,0.039827262848255676
5650,0,0,0.046274768134363015
5651,1,0,0.05497335612805533
5652,0,1,0.09076083825484672
5653,1,1,0.09307590159517784
5654,0,1,0.062178229696247214
5655,1,1,0.05402036799215909
5656,0,1,0.08268237120650838
5657,0,0,0.07855827324689896
5658,0,1,0.0620218273627407
5659,0,0,0.08090250927284084
5660,0,1,0.044655945325501836
5661,0,0,0.08645542687664154
5662,0,1,0.0447794530634907
5663,0,0,0.08190589349273444
5664,0,1,0.08195207196263647
5665,0,0,0.03132516763820054
5666,0,1,0.053372174211223186
5667,0,1,0.04547677321461231
5668,0,1,0.0823341079514705
5669,0,1,0.06690652815023733
5670,0,1,0.04197072113606434
5671,0,1,0.04951824977373408
5672,1,1,0.03558974302229502
5673,0,1,0.08814842690434153
5674,0,0,0.042201985399604125
5675,0,1,0.042435534884361574
5676,0,1,0.04518309370937492
5677,0,0,0.042534575161217045
5678,1,1,0.04495533316218421
5679,0,0,0.08921583625247648
5680,0,0,0.08180863657766985
5681,0,0,0.08528756714049333
5682,1,1,0.0902124286181416
5683,0,0,0.04907283746109545
5684,0,0,0.04419460665957363
5685,0,1,0.08375551730891889
5686,0,0,0.08247013871806613
5687,0,1,0.05500440282810823
5688,0,0,0.04499672880843565
5689,0,1,0.056752539474549495
5690,0,1,0.09572626064298134
5691,0,0,0.04804527828121974
5692,0,1,0.08633027974278668
5693,0,1,0.08608013142192836
5694,0,0,0.04324138845305094
5695,1,1,0.04924065093986975
5696,0,1,0.04205755760234174
5697,0,0,0.03315876248077003
5698,0,0,0.04762784376434445
5699,0,1,0.07978550084247699
5700,0,1,0.030298456753089686
5701,0,1,0.012855986001166093
5702,0,1,0.08518205225150681
5703,0,0,0.07604957995792509
5704,0,1,0.07331333899186969
5705,0,1,0.03962030550123849
5706,0,1,0.06734186336681851
5707,1,1,0.07110404098453654
5708,0,0,0.04238085598534676
5709,0,1,0.03028461819555187
5710,0,0,0.03226929853009861
5711,0,1,0.10276947513753827
5712,0,0,0.08250037404977097
5713,0,1,0.038847673109167334
5714,0,1,0.0658112453874323
5715,0,1,0.014416444130885529
5716,0,0,0.08342499464897506
5717,1,1,0.06078114499985984
5718,1,1,0.08944835705293783
5719,0,1,0.08266818899969358
5720,0,1,0.106096643382772
5721,0,1,0.0405374782301284
5722,0,1,0.048707508874776276
5723,0,1,0.031174023057269094
5724,0,1,0.08769915979737676
5725,0,0,0.0862272559919004
5726,0,1,0.08265315780030598
5727,0,0,0.09648603711478479
5728,0,1,0.024830442697496916
5729,0,1,0.04296625899239032
5730,0,1,0.08027494938621921
5731,0,1,0.04517044213822915
5732,0,0,0.08355873825691001
5733,0,0,0.042317178195904
5734,0,1,0.07530441737833565
5735,0,1,0.08304701943119353
5736,0,1,0.08089504334592162
5737,1,1,0.07467065138755791
5738,0,1,0.07939823867612149
5739,0,0,0.06513071942421496
5740,0,1,0.049586416201988046
5741,0,0,0.036512232700533435
5742,0,1,0.03646058832629691
5743,1,1,0.07409919023872104
5744,0,1,0.03660350546170697
5745,0,1,0.05952800486663357
5746,0,1,0.046194412415470176
5747,0,0,0.03797324955847072
5748,1,0,0.09156598379346736
5749,0,1,0.07566271256924095
5750,0,1,0.041398339058677514
5751,0,0,0.04335575644498059
5752,0,1,0.07596945737581282
5753,0,1,0.09237114769042505
5754,0,1,0.03852497511119904
5755,0,1,0.08045238973155037
5756,0,0,0.07278448959998096
5757,0,1,0.0529642344927586
5758,0,1,0.0873465836065806
5759,0,1,0.08816657735547043
5760,0,1,0.03132417617181234
5761,0,1,0.06873206146859344
5762,1,1,0.08311004592171956
5763,0,1,0.06304211787102812
5764,0,1,0.08036077945281675
5765,0,1,0.04683526349389945
5766,0,1,0.052974559617139455
5767,0,1,0.058255607107601526
5768,0,1,0.0831895867958074
5769,1,1,0.045514471282427846
5770,0,1,0.09009528208318067
5771,0,0,0.046843934351478676
5772,0,1,0.0517489110396528
5773,0,1,0.04447704817203675
5774,0,1,0.009715359496845526
5775,0,0,0.039179025669286105
5776,0,0,0.07153890088617612
5777,0,1,0.09960153359212334
5778,0,1,0.08319420088482712
5779,0,0,0.041840218818159865
5780,0,1,0.04980780094055132
5781,0,1,0.041439082151146694
5782,0,0,0.06819576784023768
5783,0,1,0.051869764182170985
5784,0,1,0.08335397174129783
5785,0,0,0.08436714847604916
5786,0,1,0.07799579001968149
5787,0,1,0.08164274704671216
5788,0,1,0.032309459181233124
5789,0,1,0.03251373765796985
5790,0,1,0.06220896568681071
5791,0,1,0.003630316335387852
5792,0,1,0.05912449271663602
5793,0,1,0.09103319429303941
5794,0,0,0.04483005983328288
5795,0,0,0.05257507230114003
5796,0,1,0.09599205775403918
5797,0,0,0.04144127038269676
5798,0,0,0.08381327423174152
5799,1,0,0.07372377269137727
5800,0,1,0.038920916811884705
5801,1,1,0.09113535657437394
5802,0,1,0.05053016851527651
5803,0,1,0.07201083273464286
5804,0,1,0.07334677776088915
5805,0,0,0.08154329103493504
5806,0,0,0.03608773182989926
5807,0,1,0.07710372122812331
5808,0,0,0.0744010097209481
5809,0,0,0.07690137188632545
5810,0,1,0.0392530521203371
5811,1,1,0.02650489802568424
5812,0,1,0.0807830666837719
5813,0,1,0.0734597758959648
5814,0,1,0.07566323484393467
5815,0,1,0.06574129975126607
5816,0,1,0.08212507519850393
5817,0,1,0.029973787895676906
5818,1,1,0.038648781984857994
5819,1,1,0.04969414702873431
5820,0,1,0.04730452968199203
5821,0,1,0.04907283746109545
5822,0,0,0.04574413098440007
5823,0,1,0.07406318869138033
5824,1,1,0.09422833678966903
5825,0,1,0.06457579730052179
5826,0,0,0.027997371958661456
5827,0,0,0.07680328433974358
5828,0,0,0.08115158024380997
5829,0,0,0.056938797188879786
5830,0,0,0.05516936550232017
5831,0,1,0.030068231136848245
5832,0,1,0.0844856506749575
5833,0,0,0.10211181078392784
5834,0,0,0.03821087728562173
5835,0,0,0.08590631120765348
5836,0,1,0.07798979460363034
5837,0,1,0.051270600674377456
5838,0,1,0.04742893515919445
5839,0,1,0.038601228272765235
5840,0,1,0.03584188319241338
5841,0,1,0.10219999472205166
5842,0,1,0.04396696320723872
5843,0,1,0.046116096766405865
5844,0,1,0.03800456116817459
5845,0,1,0.0347372503068403
5846,0,1,0.04481054204715869
5847,0,1,0.043113665426990536
5848,0,0,0.04160031841757464
5849,0,1,0.053657077845698405
5850,0,0,0.03831148644868519
5851,0,1,0.04323091876534868
5852,1,0,0.03404426062620018
5853,1,1,0.035998922604655925
5854,0,1,0.08955209840435797
5855,0,1,0.06628503280628308
5856,0,1,0.044426772501312946
5857,0,1,0.03404426062620018
5858,0,1,0.043223080907310404
5859,0,1,0.047538417865212096
5860,1,1,0.04492559421121703
5861,0,0,0.035866630270970506
5862,0,1,0.04030366915249638
5863,0,1,0.044818208231108866
5864,0,1,0.0786237946068128
5865,1,1,0.07583958164947013
5866,0,0,0.049015174859589825
5867,1,1,0.08223809911062437
5868,0,1,0.07931571887169125
5869,0,0,0.05735129293044014
5870,0,1,0.08022343348078056
5871,0,1,0.0892075815729495
5872,0,0,0.09617532325520861
5873,0,1,0.0388203602186616
5874,1,1,0.08643212456397228
5875,0,1,0.054701420188417546
5876,0,1,0.08257394370015064
5877,0,1,0.08206636769651296
5878,0,1,0.042063778259574434
5879,0,1,0.06758393971552851
5880,0,0,0.04972240865730177
5881,0,0,0.042369121600419744
5882,0,1,0.038540526186031446
5883,0,1,0.005699958617225947
5884,1,1,0.0582880213894448
5885,1,1,0.06248205098163713
5886,0,1,0.06986982798314591
5887,0,1,0.07664964008246017
5888,0,1,0.08430538485058396
5889,0,1,0.0510332585203154
5890,0,0,0.04411290095099009
5891,0,0,0.0907936358096137
5892,0,1,0.03685378246111254
5893,0,0,0.03504395183117358
5894,0,0,0.08144031192038483
5895,0,1,0.07064187331133613
5896,0,1,0.03311213128123443
5897,0,1,0.03821087728562173
5898,0,1,0.06641905451853135
5899,0,1,0.0674723798937386
5900,0,1,0.04310184841539137
5901,0,0,0.04472222046242048
5902,0,1,0.07405910700911858
5903,0,1,0.050764214720456474
5904,0,0,0.07213895978619417
5905,0,1,0.06703110524551567
5906,0,1,0.03479414925392184
5907,0,1,0.07757254811541762
5908,0,1,0.0961200855079789
5909,0,1,0.0687891036311805
5910,0,1,0.06870331045337479
5911,0,0,0.04473715798450413
5912,0,0,0.05072291573671343
5913,0,0,0.03197386114116642
5914,0,1,0.029399716505158567
5915,0,0,0.07949280685478347
5916,0,0,0.0756365798463461
5917,0,0,0.08166005450588117
5918,1,0,0.08180221903853342
5919,0,1,0.061998828447589346
5920,1,1,0.07972112215748173
5921,0,1,0.05959030408477172
5922,0,1,0.0447794530634907
5923,0,0,0.09771872213588907
5924,0,1,0.06103861281806988
5925,0,0,0.0800286070561622
5926,0,1,0.04056113846415183
5927,0,1,0.04473692810274754
5928,0,1,0.03881569991372395
5929,0,0,0.053252208602530764
5930,0,1,0.0444203321873267
5931,0,0,0.04990030268801673
5932,1,1,0.022673879387905667
5933,0,0,0.07009835970735996
5934,0,0,0.07818475155533318
5935,0,1,0.041918943791478515
5936,0,1,0.08098312987590359
5937,0,1,0.083996083194124
5938,0,1,0.10393242721260174
5939,0,1,0.09478927703341668
5940,0,1,0.04071504888544034
5941,0,0,0.08042384734533743
5942,0,1,0.07144616685120163
5943,0,0,0.021979520686844205
5944,0,0,0.07049551546835561
5945,0,0,0.05018226739912015
5946,1,1,0.029134696450470603
5947,1,1,0.030707220516266107
5948,0,1,0.05206806930494248
5949,1,1,0.08384985193178428
5950,0,1,0.07603272752362168
5951,0,1,0.09349151670922745
5952,0,1,0.0802214723766733
5953,0,0,0.04516764758277593
5954,0,1,0.0563937519395189
5955,1,1,0.034912924339184984
5956,0,0,0.11169483723152493
5957,0,1,0.07817645382011804
5958,1,1,0.08119630262762022
5959,0,1,0.04442636118983943
5960,0,0,0.06664948506202795
5961,0,1,0.05200902512194002
5962,0,1,0.06606505292169523
5963,0,0,0.04025859183184405
5964,0,1,0.04359754775591032
5965,0,0,0.07193620767119877
5966,0,1,0.06110350126440568
5967,0,0,0.037619920628821905
5968,0,1,0.03265257167023209
5969,0,1,0.04100518126528548
5970,0,1,0.0373081060848696
5971,0,1,0.05500854239516526
5972,0,1,0.1027213107006309
5973,0,0,0.07604957995792509
5974,0,0,0.08652263889297515
5975,0,1,0.06973396376065281
5976,0,0,0.08408702158618021
5977,0,1,0.043470527148742645
5978,0,1,0.0484945149280228
5979,0,0,0.08029509751954371
5980,0,1,0.04649198586314937
5981,0,1,0.07634412853249682
5982,1,1,0.06268752963823289
5983,0,1,0.05547664194515321
5984,0,1,0.053181025572333576
5985,1,1,0.03604821009102492
5986,0,1,0.03588439353129256
5987,0,1,0.03992564518087147
5988,0,1,0.04484042896648162
5989,0,0,0.08048794434353036
5990,0,1,0.08559471410399075
5991,0,1,0.06667443493524602
5992,0,1,0.04148743876053137
5993,0,1,0.08623068934707437
5994,0,0,0.0741155062162577
5995,0,1,0.019974022697836394
5996,0,1,0.08314583455112055
5997,0,1,0.04931747987968613
5998,0,1,0.04038033375033887
5999,1,1,0.029437505837369413
6000,0,1,0.08152928934615386
6001,0,1,0.07885302414896461
6002,0,1,0.0989113479664322
6003,0,1,0.03584188319241338
6004,0,1,0.0412202974448657
6005,0,1,0.09217491995582441
6006,0,0,0.03376550266040375
6007,0,1,0.07130246776958188
6008,0,0,0.0382744836151359
6009,1,1,0.08649533851390293
6010,0,1,0.09408176340541921
6011,0,1,0.03839035218687245
6012,1,0,0.0891406157426514
6013,0,0,0.08112041469688665
6014,0,1,0.042294046578143965
6015,0,1,0.0463770688461868
6016,0,1,0.08722808597553054
6017,0,0,0.04723776221128688
6018,0,0,0.048054764923236175
6019,0,1,0.03400508050167614
6020,1,0,0.05000470555925484
6021,1,1,0.008054746402660084
6022,0,1,0.08248336615157781
6023,0,1,0.07990021797052042
6024,0,0,0.031996056855041206
6025,0,1,0.08116024667824352
6026,0,0,0.039549504697268215
6027,0,1,0.07866459039943596
6028,0,1,0.03324964289609206
6029,0,1,0.04018216266251778
6030,0,0,0.06112094396648972
6031,0,0,0.04464018981889785
6032,0,1,0.039225438014757905
6033,0,1,0.0917408202084769
6034,1,1,0.04906108773122888
6035,0,0,0.048698701854439974
6036,0,1,0.037662456824881015
6037,0,0,0.09996533893064279
6038,0,0,0.025964706761389678
6039,0,0,0.08733513921431298
6040,0,0,0.08895958421015264
6041,0,0,0.02188072300313723
6042,0,1,0.0473278089281932
6043,0,0,0.08279522505416212
6044,0,1,0.07025169301983486
6045,1,1,0.03969352532853548
6046,0,1,0.03128182313069673
6047,0,1,0.07680901672216675
6048,0,1,0.02923474038687953
6049,0,1,0.0275137142550319
6050,0,1,0.002687750694358469
6051,0,0,0.06398412321947476
6052,0,1,0.0836087750691103
6053,0,0,0.05700533128450477
6054,0,1,0.08023353649515172
6055,0,1,0.06691708914839777
6056,0,0,0.08217081681259444
6057,1,1,0.06926433503259248
6058,0,1,0.045345963518740234
6059,1,1,0.053181025572333576
6060,0,1,0.07459545204229673
6061,1,1,0.05969357029469273
6062,0,0,0.08698744079317383
6063,0,1,0.053720991075210306
6064,1,1,0.03591109097099063
6065,0,1,0.1279122618516918
6066,0,0,0.0861375848368717
6067,0,1,0.08358828511512477
6068,0,1,0.037120141574839935
6069,1,0,0.029428146981446857
6070,0,0,0.05902793929673494
6071,0,0,0.08229086221881027
6072,1,0,0.06375413992472038
6073,0,0,0.06459168764932967
6074,0,0,0.08207095009924388
6075,0,1,0.030491122455408005
6076,0,0,0.07412101924334884
6077,0,1,0.07660182499666064
6078,0,0,0.06386392563343084
6079,1,0,0.0902315466336926
6080,0,0,0.0392914746754282
6081,1,1,0.07973971921630363
6082,0,1,0.04315991560130372
6083,0,1,0.04354608596959502
6084,0,0,0.04919525068492895
6085,1,0,0.07909360001838614
6086,0,1,0.038989867393340656
6087,0,0,0.07536485372263942
6088,0,1,0.11461882266602683
6089,0,1,0.03543495274209339
6090,0,1,0.016893401649937093
6091,0,0,0.04600558607538595
6092,0,1,0.0819010886638617
6093,0,1,0.053398206387217984
6094,0,1,0.06469312066028554
6095,0,1,0.08536610077035951
6096,0,0,0.025789103330631793
6097,0,1,0.035635211727737835
6098,0,0,0.03773183472219711
6099,0,0,0.10286419905688482
6100,0,1,0.08268580487275651
6101,0,0,0.0629715492698197
6102,1,1,0.0444166713449704
6103,0,1,0.08087221460081194
6104,0,1,0.08166005450588117
6105,0,0,0.047064290150232224
6106,0,1,0.040548266910694485
6107,0,1,0.045291110904237035
6108,0,1,0.08194769271541483
6109,1,0,0.08900996495853532
6110,0,1,0.04682411516254448
6111,0,1,0.05963216985383252
6112,0,1,0.10007035388552012
6113,0,0,0.055735358793351925
6114,0,1,0.07942432083056648
6115,1,1,0.03588780177728833
6116,0,0,0.08885077771013969
6117,0,1,0.05819936624556968
6118,0,1,0.06305867671580632
6119,0,0,0.04648747569992093
6120,0,1,0.08780094121041657
6121,0,1,0.07996543684018735
6122,0,1,0.08944537872646538
6123,0,1,0.06947549742499229
6124,0,1,0.03863050429110156
6125,0,0,0.07420891531358112
6126,1,1,0.03193714877182856
6127,1,0,0.04517433712970913
6128,0,1,0.07274428154480071
6129,0,0,0.08045377483995247
6130,0,0,0.04250737054600762
6131,0,1,0.093323400608178
6132,0,0,0.0817567378692579
6133,0,1,0.08151241901876924
6134,0,1,0.03238414200083374
6135,0,1,0.07419979365691112
6136,0,1,0.05606847051698081
6137,1,1,0.04467858853266997
6138,0,1,0.08327773879875776
6139,0,1,0.04452322616634307
6140,0,0,0.04035847649501855
6141,0,0,0.10276541743738102
6142,0,1,0.0755956006605304
6143,0,1,0.07084624005578852
6144,0,1,0.08319019669406576
6145,0,1,0.0874653422520697
6146,0,1,0.022459820980631495
6147,1,0,0.08879711902673751
6148,1,1,0.07010495666549202
6149,1,1,0.023542590048356415
6150,0,1,0.04152476566193893
6151,0,1,0.0819689506612713
6152,0,1,0.0433469374867444
6153,0,0,0.07525538852103694
6154,0,1,0.06777281613209082
6155,0,0,0.08488350093849656
6156,0,1,0.051655850628926636
6157,0,1,0.03492721562626376
6158,0,1,0.03262716927530858
6159,0,1,0.044356289385000344
6160,0,0,0.1193028410536373
6161,0,0,0.0965542819514996
6162,0,1,0.03938099665574418
6163,1,0,0.08736052377839418
6164,0,1,0.044679871708667405
6165,0,0,0.0886131074639775
6166,0,1,0.08353984813360847
6167,0,1,0.04863374058225733
6168,0,1,0.035866630270970506
6169,0,0,0.08201407906089904
6170,0,1,-0.004963750910960793
6171,0,0,0.002024773110038586
6172,0,1,0.07621729482058319
6173,0,1,0.041340207610527695
6174,0,1,0.033714195163010156
6175,0,1,0.06748731024530323
6176,0,0,0.04343205517009363
6177,0,1,0.04701323913864385
6178,0,0,0.017649977782824677
6179,0,1,0.06478823220093544
6180,0,1,0.09604454713446775
6181,0,1,0.05018226739912015
6182,1,1,0.038273959040362654
6183,0,1,0.01587008832357336
6184,0,0,0.040520537791795305
6185,0,0,0.09667517870459216
6186,0,1,0.04733841372974735
6187,0,1,0.06762067698048736
6188,0,0,0.08290393837538816
6189,0,1,0.040748997361913925
6190,1,1,0.07051215882795765
6191,0,1,0.06991905956997012
6192,0,1,0.04832683022849454
6193,0,1,0.08258709208845667
6194,0,0,0.03579119440682178
6195,0,1,0.04193922628293258
6196,0,0,0.00048347403147098013
6197,0,1,0.03697866116266904
6198,0,1,0.04186988330580062
6199,0,0,0.04697375214651632
6200,0,1,0.04610268889455183
6201,0,1,0.04382230497116614
6202,0,0,0.09516822094937305
6203,0,1,0.042216922482470456
6204,0,1,0.04302530947736296
6205,1,0,0.036134112058276116
6206,0,1,0.03303119906057268
6207,0,0,0.021780057199547648
6208,0,1,0.038054073635557926
6209,0,1,0.08413324645428426
6210,0,1,0.08949405471004507
6211,0,1,0.03584188319241338
6212,0,1,0.03428246647397078
6213,0,1,-0.00594106452325502
6214,0,1,0.05907465025345946
6215,1,1,0.0475206325309217
6216,0,1,0.04548505918413319
6217,0,0,0.0820252754759014
6218,0,0,0.03494757687978195
6219,0,0,0.06421020699950541
6220,0,1,0.060472433961311654
6221,0,0,0.03720496218608244
6222,0,1,0.06778517406258662
6223,1,0,0.03485983501944118
6224,0,0,0.09088990029621
6225,0,1,0.03480966473146269
6226,0,0,0.07270327758900819
6227,0,1,0.08194928663680924
6228,0,1,0.034008639257339685
6229,0,1,0.03305595060466465
6230,0,1,0.04557879330077472
6231,0,1,0.04714855320939683
6232,0,0,0.036543525074003366
6233,0,1,0.09837855649629243
6234,0,1,0.06599329029961332
6235,0,1,0.09185431387610755
6236,0,0,0.08802550335062492
6237,0,0,0.049700708964283705
6238,0,1,0.057615983994655416
6239,0,1,0.04066382398986014
6240,0,1,0.02356417802485366
6241,0,1,0.08312346076271931
6242,0,0,0.039225438014757905
6243,0,1,0.07571359204006105
6244,0,1,0.007626273928331887
6245,0,0,0.048139989387050636
6246,0,1,0.08318859188112851
6247,0,1,0.03820629302545255
6248,0,0,0.08706892832168472
6249,0,0,0.08697744613521494
6250,0,1,0.0369893425681761
6251,0,1,0.039411372970653454
6252,0,0,0.09710342946300854
6253,0,1,0.036626528842231776
6254,0,0,0.030608469814592764
6255,0,0,0.036800126313385736
6256,0,1,0.13011801884469007
6257,0,1,0.03820629302545255
6258,0,1,0.02776670475390212
6259,0,0,0.04011722031923222
6260,0,1,0.07508833975783419
6261,0,1,0.10504647299855462
6262,0,1,0.07413192195467325
6263,0,1,0.03626950131828157
6264,0,1,0.09965894517694389
6265,0,0,0.0562320030891611
6266,0,1,0.044448108730482216
6267,0,1,0.06275328756812269
6268,0,0,0.04437024747905521
6269,0,0,0.08475918783317496
6270,0,0,0.013287273393483534
6271,0,1,0.049303968017977706
6272,0,1,0.04672942381141651
6273,0,0,0.048942048146145375
6274,0,1,0.045240558965425774
6275,1,1,0.08763884620068153
6276,0,1,0.03510983031671812
6277,0,0,0.0305728170944281
6278,1,1,0.058090079754622756
6279,0,0,0.046727858140630685
6280,0,0,0.05037790532514597
6281,0,1,0.08012344760291415
6282,0,1,0.08612483307685677
6283,0,1,0.04449624893467201
6284,0,1,0.08119398012844645
6285,1,0,0.09170042821522487
6286,0,0,0.10178905754566775
6287,0,1,0.04990030268801673
6288,0,0,0.09208125948275858
6289,1,1,0.04037862523400278
6290,0,1,0.0849677573457622
6291,1,0,0.0449307865141411
6292,0,0,0.04054006058077511
6293,0,0,0.04964129417164787
6294,0,1,0.06926433503259248
6295,0,1,0.029220560079360886
6296,0,1,0.08364911240590639
6297,1,1,0.03581474544864506
6298,0,0,0.04220388059444937
6299,0,1,0.05144488428070185
6300,0,1,0.08252497910236445
6301,0,0,0.04987127502324129
6302,0,0,0.014454540695525726
6303,0,1,0.048558768765300346
6304,0,1,0.04537269520239273
6305,1,0,0.017985740041569182
6306,0,0,0.059206955762246216
6307,1,0,0.04181925091498556
6308,0,0,0.062461340817939776
6309,0,1,0.05115646633917417
6310,0,0,0.08246729719572789
6311,0,1,0.04650982573285376
6312,0,0,0.03356254141496594
6313,0,1,0.05763541900444438
6314,0,0,0.08150597028482819
6315,0,0,0.08396411452841644
6316,0,1,0.04745147581401275
6317,0,1,0.048305968590711096
6318,0,1,0.08403114066056695
6319,0,1,0.008450810520131177
6320,0,1,0.062290250001049825
6321,0,1,0.06420689716401277
6322,0,1,0.08325440359487657
6323,0,1,0.06926433503259248
6324,0,1,0.029296761785897185
6325,0,1,0.11145766081784751
6326,0,0,0.04158024175715183
6327,0,1,0.07722816084951246
6328,1,1,0.03816057103849149
6329,0,1,0.03492721562626376
6330,0,1,0.04264646801298179
6331,1,1,0.07563598845259818
6332,1,1,0.0565260437458702
6333,0,0,0.011823759488052128
6334,0,1,0.03776267215222859
6335,0,1,0.08271910519803183
6336,0,0,0.07582914997205446
6337,0,1,0.08233219980520201
6338,0,1,0.06655840102852244
6339,0,0,0.03863522379281165
6340,1,1,0.11575654067555673
6341,0,1,0.041906554417056645
6342,0,0,0.08255840561132452
6343,1,1,0.025116449814742342
6344,0,1,0.046251016956419574
6345,0,1,0.049896774953025996
6346,0,1,0.06087111258246101
6347,1,0,0.059835263231039215
6348,0,1,0.08487091337609942
6349,0,1,0.08005744443626928
6350,1,1,0.015577070242036277
6351,0,1,0.07592894479885098
6352,1,1,0.0837993151568702
6353,0,1,0.03903004901532281
6354,1,1,0.02384214149073452
6355,0,1,0.034423873666034194
6356,1,1,0.06879917668377536
6357,0,1,0.045600631444574886
6358,0,1,0.09666274106935888
6359,0,1,0.08271910519803183
6360,0,0,0.044985825545500284
6361,0,1,0.0841232011078469
6362,0,1,0.06228471874998889
6363,1,1,0.08023906147789998
6364,0,0,0.0753783651459403
6365,0,0,0.10704170755343152
6366,0,1,0.0483914433924615
6367,1,1,0.0749399471444279
6368,0,1,0.0827221809173243
6369,0,1,0.04031588712790432
6370,0,1,0.049481368340744056
6371,0,1,0.027765830306593145
6372,0,1,0.05162359281580974
6373,0,0,0.03926318931482025
6374,0,0,0.05876571840483026
6375,0,1,0.0355154153460578
6376,0,1,0.08412163816874857
6377,0,0,0.07703577029179577
6378,0,1,0.06563270649635766
6379,0,0,0.0012406245591412707
6380,0,1,0.08132141972491543
6381,0,0,0.05372723992182488
6382,1,0,0.08661144041463092
6383,0,1,0.08188136773651344
6384,0,1,0.047634132547590476
6385,0,1,0.07764584590260581
6386,0,1,0.043103106776400196
6387,0,0,0.0693534169375416
6388,0,1,0.08746594334086802
6389,0,0,0.08703388349998209
6390,0,0,0.03846050568192743
6391,0,1,0.011546895088534221
6392,0,1,0.045873132134163344
6393,0,1,0.09247077289906107
6394,1,0,0.05085138956222336
6395,0,1,0.04491478260447246
6396,0,1,0.029362673541637612
6397,0,1,0.016393907795795686
6398,0,1,0.035988770126341295
6399,1,1,0.08009364128133882
6400,0,1,0.04082559817136831
6401,0,0,0.02849989419200137
6402,0,1,0.05729611286062591
6403,0,1,0.03984411180338762
6404,0,0,0.08547843372240292
6405,0,1,0.020881893738268674
6406,1,1,0.09278919339576654
6407,0,1,0.03283809744084798
6408,0,0,0.048312398978547756
6409,0,1,0.029399716505158567
6410,1,0,0.03881569991372395
6411,0,1,0.03784988768794487
6412,0,1,0.04012404268323502
6413,1,1,0.08151696851357337
6414,0,1,0.051217506987562486
6415,0,0,0.0648862377846516
6416,1,0,0.10315273483160248
6417,0,1,0.08315964411134553
6418,0,1,0.04214024776776633
6419,1,1,0.05668038774902638
6420,0,1,0.04068994880762647
6421,1,1,0.10203144005435619
6422,1,1,0.09163176411987958
6423,0,1,0.041609850580158037
6424,1,1,0.038228099531051433
6425,0,1,0.047908969586935066
6426,0,1,0.05057992061964167
6427,0,1,0.04054902972354317
6428,0,1,0.0498950252994462
6429,0,0,0.05565831032737525
6430,1,0,0.036543525074003366
6431,0,1,0.0386975047078356
6432,0,1,0.05259862879205693
6433,0,0,0.03234468221614503
6434,0,0,0.03702385152754591
6435,0,0,0.040877656914292224
6436,0,1,0.08060870378626737
6437,0,1,0.028283573653325417
6438,0,1,0.0934593151936618
6439,0,0,0.07273655994249677
6440,0,1,0.0970838209377741
6441,0,0,0.04373945524892314
6442,0,1,0.09074876960857337
6443,0,1,0.08667982056537496
6444,0,1,0.08761885128710556
6445,1,1,0.0829437893618942
6446,0,1,0.04634431785223955
6447,0,1,0.08941103790621481
6448,0,0,0.07644948429383977
6449,0,1,0.08269829376406511
6450,0,1,0.046207004532976936
6451,0,1,0.06205028752875569
6452,0,1,0.07627221043205856
6453,0,0,0.04671018914822754
6454,0,0,0.0854370938989673
6455,0,1,0.05248858777028165
6456,0,1,0.07858643561967908
6457,0,0,0.027014688957439203
6458,0,1,0.0689794899571336
6459,0,0,0.08948606672392156
6460,0,1,0.04369268136012105
6461,0,0,0.02740704210745084
6462,0,0,0.042862785982026155
6463,1,1,0.046409917746608076
6464,0,1,0.029092796955935453
6465,0,1,0.04659940119489209
6466,0,1,0.03830978943435499
6467,0,1,0.04937631940192804
6468,0,1,0.05526845758214882
6469,0,0,0.07412101924334884
6470,0,1,0.03144096795509188
6471,0,0,0.06522124050899429
6472,0,0,0.05942761032521495
6473,0,0,0.05554533727671189
6474,0,1,0.03756954436141348
6475,0,1,0.0354936661055092
6476,0,0,0.04601571080722375
6477,0,1,0.07831547359927359
6478,0,1,0.06389350718564876
6479,0,0,0.0741734979072283
6480,0,0,0.05048594343155821
6481,0,1,0.04030757406031345
6482,0,0,0.04664561993375425
6483,0,1,0.04934350702504823
6484,0,1,0.039673769470615905
6485,0,1,0.06413175936452964
6486,0,1,0.09831681401359242
6487,0,1,0.08273351601581279
6488,1,1,0.03500368113752272
6489,0,0,0.078329550685895
6490,0,1,0.002727215047645516
6491,0,1,0.08861755394800433
6492,0,0,0.08146012493871461
6493,1,0,0.07768882891638212
6494,0,1,0.08222916683664314
6495,0,0,0.024623205087358973
6496,0,1,0.061738188596120916
6497,1,1,0.023481446104659146
6498,0,1,0.04740987327916869
6499,0,1,0.05046356037760686
6500,0,0,0.04290509713135435
6501,0,0,0.09023426684877901
6502,0,0,0.04247419299585783
6503,0,1,0.10424971962329835
6504,0,1,0.08288957544025964
6505,0,1,0.06144983289714897
6506,0,0,0.03480073819912329
6507,0,0,-0.017944454669179995
6508,0,0,0.0921980768015683
6509,0,0,0.07669389293964253
6510,0,0,0.0757891548425194
6511,0,1,0.08785766423978195
6512,0,1,0.042982102121523084
6513,0,0,0.047710428625570886
6514,0,1,0.07412101924334884
6515,0,1,0.08417624021772842
6516,0,1,0.03548701253419491
6517,0,0,0.021142173362596137
6518,0,1,0.03492721562626376
6519,0,0,0.04157019984013302
6520,1,1,0.051399445863567594
6521,0,1,0.04343205517009363
6522,0,1,0.0374988738612925
6523,0,1,0.05021641775614155
6524,0,1,0.046874948671649284
6525,0,1,0.08254436382762063
6526,1,1,0.0373081060848696
6527,0,0,0.03640904921589709
6528,0,0,0.08397708948067743
6529,0,0,0.04864813783150223
6530,1,1,0.05784197055611384
6531,0,1,0.03949895811905749
6532,0,1,0.04698584689084954
6533,0,0,0.052700116484670434
6534,1,1,0.09238733511032968
6535,0,1,0.06526042127147641
6536,0,1,0.08584052830684626
6537,0,0,0.04245033161291982
6538,0,1,0.08630537320174236
6539,0,1,0.04741076683519851
6540,0,1,0.0815402456886369
6541,0,0,0.03482060160956479
6542,0,0,0.08662944905944392
6543,0,1,0.08140017360914492
6544,0,0,0.03918382385212586
6545,0,0,0.07832311926825603
6546,0,0,0.04532596170356704
6547,0,1,0.07851686227845392
6548,0,1,0.09350350789068931
6549,0,1,0.0752677525879712
6550,0,1,0.07267880902603605
6551,0,1,0.000881993711343539
6552,0,1,0.039534693680456354
6553,0,1,0.00712712644638505
6554,0,0,0.04987684861038553
6555,0,1,0.07077218699641497
6556,0,0,0.09100054422955871
6557,0,0,0.08012344760291415
6558,0,1,0.07533153853592152
6559,0,0,0.05048594343155821
6560,0,0,0.08335702115255303
6561,0,1,0.0819250876635815
6562,0,1,0.03659411505466405
6563,1,1,0.03584188319241338
6564,0,1,0.08257127430641524
6565,0,0,0.07980977314441422
6566,0,0,0.08166005450588117
6567,0,1,0.08071552639297945
6568,0,1,0.03042025045533772
6569,0,0,0.033385125722935984
6570,0,1,0.039225438014757905
6571,0,0,0.04603800744567345
6572,0,1,0.04008808018783222
6573,0,1,0.04705339004192591
6574,0,1,0.02361108948188059
6575,1,1,0.023481446104659146
6576,0,0,0.08551187554006426
6577,1,1,0.038958678374893044
6578,0,0,0.018463872426042603
6579,0,0,0.03869189001227217
6580,0,1,0.08247619697567687
6581,0,1,0.10932696945453205
6582,1,1,0.07549795436566897
6583,0,1,0.05879501377476834
6584,1,1,0.07023841425057673
6585,0,1,0.07454948324970703
6586,1,1,0.0893882448284472
6587,1,0,0.04906810813019146
6588,0,1,0.06205028752875569
6589,0,1,0.06254713361177004
6590,0,0,0.03583062132505783
6591,1,1,0.08720506241214404
6592,0,0,0.055779307165207306
6593,1,1,0.09464589297184442
6594,0,1,0.014157394288253265
6595,0,1,0.03812327926583438
6596,0,0,0.03666168624996392
6597,0,1,0.05934084623326992
6598,0,1,0.047562581442028073
6599,0,1,0.07693539364002994
6600,0,0,0.03621043350906654
6601,0,0,0.04955902736900717
6602,1,1,0.09917362478444429
6603,0,1,0.07493488832656355
6604,0,0,0.0618050833039899
6605,0,0,0.030551905764079536
6606,0,1,0.051976343810170196
6607,0,0,0.0751856092650067
6608,0,0,0.055294818125327945
6609,0,1,0.04543727407459837
6610,0,1,0.028500036090624667
6611,0,1,0.06892495380634846
6612,0,0,0.015930884053869616
6613,0,1,0.03960361265085234
6614,1,1,0.026641417082280735
6615,0,1,0.05936099684277698
6616,0,1,0.09718173008578762
6617,0,0,0.08526065394963303
6618,1,1,0.06228938215133984
6619,1,1,0.0831570171887589
6620,0,1,0.049151504715163274
6621,0,0,0.09055987491166145
6622,0,0,0.07316040931319365
6623,0,0,0.038203450101891676
6624,0,0,0.036753377224346365
6625,1,0,0.1006160288814918
6626,0,1,0.07828665010204956
6627,0,0,0.052156072935087325
6628,0,1,0.08329231798194345
6629,0,0,0.04656853293077789
6630,0,0,0.07993992041436271
6631,0,1,0.040097546680803876
6632,1,1,0.07388823254584705
6633,0,0,0.054526306442734304
6634,0,0,0.07223364639739102
6635,0,0,0.0800146254575289
6636,0,0,0.08046584712147464
6637,0,1,0.06331134388022704
6638,0,1,0.036133689443542845
6639,0,1,0.026572033645304888
6640,0,1,0.046531992821191206
6641,0,0,0.04146352286844214
6642,0,1,0.06070107955006886
6643,0,1,0.09247123756817244
6644,0,0,0.04421589258518667
6645,0,1,0.08932063699268458
6646,0,1,0.0504009879284652
6647,0,1,0.04707352400807234
6648,0,1,0.061646533188658884
6649,0,1,0.09198110438448505
6650,0,0,0.09083652987953189
6651,0,1,0.03338928697601337
6652,0,1,0.051680189262834436
6653,0,1,0.0823190606448003
6654,0,1,0.03953808646016916
6655,1,1,0.023138475534937943
6656,0,1,0.09698175145895499
6657,1,1,0.08078007623808782
6658,0,1,0.06771830581153057
6659,0,1,0.06621431065143712
6660,0,1,0.05249344658488511
6661,0,1,0.08197946183465644
6662,0,1,0.04799875721503004
6663,1,0,0.05371049077425164
6664,0,1,0.037518620353758386
6665,0,1,0.053734912756634806
6666,0,1,0.08012344760291415
6667,0,1,0.05945089700122877
6668,0,1,0.034735406904151084
6669,0,1,0.04755370342311432
6670,0,1,0.04849281859728879
6671,0,1,0.0826731778293213
6672,0,0,0.07429512712014141
6673,0,1,0.07224277965772923
6674,0,0,0.055208004601170195
6675,0,1,0.06645641874142327
6676,0,0,0.08171225737031426
6677,0,0,0.07253459936024256
6678,1,1,0.08342796222937532
6679,0,0,0.09243505165647653
6680,0,1,0.0758077412333703
6681,0,0,0.04024760554024901
6682,0,1,0.03247178551457496
6683,0,1,0.04864523696081192
6684,0,1,0.051197729519164646
6685,0,1,0.047589263574450216
6686,0,0,0.03643319556444041
6687,0,1,0.037229561393518726
6688,0,1,0.08727438046368503
6689,0,1,0.027893273026624685
6690,0,0,0.05249779448603791
6691,0,0,0.042652845290670593
6692,0,0,0.046146802615753005
6693,0,0,0.08477363792951319
6694,0,1,0.038027872455041654
6695,0,1,0.08695516044246417
6696,0,1,0.08409520644739002
6697,0,0,0.04499672880843565
6698,0,1,0.07851111585777748
6699,0,0,0.04453250772478902
6700,0,1,0.07385315199627683
6701,0,1,0.0647191748570158
6702,0,1,0.044289147992842434
6703,0,0,0.10955518800879392
6704,1,1,0.03947360448621206
6705,0,0,0.041609850580158037
6706,0,0,0.0405954603667512
6707,0,0,0.06329394751009831
6708,1,0,0.06560160892422451
6709,0,1,0.08317379526968703
6710,0,0,0.06799581329294133
6711,0,1,0.07216456142855326
6712,0,0,0.09348149964986077
6713,0,1,0.08510832661438675
6714,0,0,0.08942684998725645
6715,0,0,0.030367355108075603
6716,0,1,0.09155947707677065
6717,0,1,0.027149908607106858
6718,0,1,0.08347070485977989
6719,0,1,0.03311213128123443
6720,0,1,0.033891919911422
6721,0,0,0.07927883988524792
6722,0,0,0.08290187603122365
6723,0,1,0.050363156006672107
6724,1,1,0.0840845580342438
6725,0,1,0.04990375354477898
6726,0,0,0.04844059682397293
6727,0,0,0.06664093008946077
6728,0,0,0.04597518977535718
6729,1,1,0.046956867458346305
6730,0,0,0.08958683201884327
6731,0,1,0.04511826879469197
6732,0,0,0.03657117257137599
6733,0,0,0.08158879737175996
6734,0,0,0.038691148725408304
6735,0,1,0.09084490496263367
6736,0,1,0.0627286334150203
6737,0,0,0.08405736522461951
6738,1,1,0.09670470576540627
6739,0,1,0.035314723896693934
6740,0,0,0.04139226372961101
6741,1,1,0.0295360088138069
6742,0,0,0.07499418962412019
6743,0,1,0.07935999376551574
6744,0,1,0.0838843538934173
6745,0,1,0.07760776921146566
6746,0,0,0.07930187509366995
6747,0,0,0.09967020118169519
6748,0,1,0.08189856761383503
6749,1,1,0.03757822857153879
6750,0,1,0.08423163659420446
6751,0,1,0.0739755067713316
6752,0,1,0.021106117524875852
6753,0,1,0.04774016855474492
6754,0,1,0.08970432907597972
6755,0,1,0.08904517200000889
6756,0,0,0.08365594215786967
6757,1,0,0.045543808369286794
6758,0,0,0.08903995712202249
6759,0,1,0.0702311185865955
6760,0,0,0.033169124198478825
6761,1,1,0.08068770517926288
6762,0,0,0.0874653422520697
6763,0,1,0.09432019335271055
6764,0,0,0.035767650909506586
6765,0,0,0.08246954599627873
6766,1,0,0.01783892494783307
6767,0,1,0.04990030268801673
6768,0,1,0.08136783026316999
6769,0,1,0.0767103280043556
6770,0,1,0.08079259286574393
6771,0,0,0.02279544086855905
6772,0,0,0.04570543056472385
6773,1,1,0.054839222382102384
6774,0,1,0.08048518586775835
6775,0,1,0.07829412684466001
6776,0,1,0.046415056199494015
6777,0,0,0.04025859183184405
6778,0,1,0.08078092485814102
6779,1,1,0.08948940924919507
6780,0,1,0.04559820940244948
6781,0,0,0.027002457172785967
6782,1,1,0.08749098071500713
6783,0,0,0.04234660766272759
6784,0,0,0.04650982573285376
6785,0,1,0.07643843828989992
6786,0,1,0.09032207567509688
6787,0,0,0.09040167679952059
6788,0,0,0.07677440561884276
6789,1,1,0.0433854418456266
6790,0,1,0.03958449153094621
6791,0,1,0.08339368652102115
6792,0,0,0.04992133216372192
6793,0,1,0.089604118195017
6794,0,1,0.07410432089358658
6795,0,1,0.021707303914143362
6796,0,1,0.050094384045289035
6797,0,1,0.04148735150848591
6798,0,1,0.008567564769566589
6799,0,1,0.07766167845776671
6800,0,1,0.09991023541410878
6801,0,1,0.08567303027954018
6802,0,1,0.08088868218117766
6803,0,0,0.06795292791731741
6804,0,1,-0.003589892643298242
6805,0,0,0.03941695317822013
6806,0,1,0.02769479450668133
6807,0,0,0.07489349912777296
6808,0,1,0.04358871528225985
6809,0,1,0.06277543385751805
6810,1,1,0.0827955902539475
6811,0,1,0.05132239023526319
6812,0,1,0.0814403613015896
6813,0,1,0.09073744697304742
6814,1,1,0.031035353322234192
6815,0,0,0.04224974269361404
6816,0,1,0.09638911083237933
6817,0,0,0.08372859449811441
6818,0,0,0.07216570883483826
6819,0,1,0.08688631950920409
6820,0,0,0.04105673391893675
6821,0,0,0.050486880606121824
6822,1,1,0.04221745760310845
6823,0,0,0.0968438212525142
6824,1,1,0.03541370769621259
6825,0,1,0.0854391793950761
6826,0,1,0.05694851503781887
6827,0,1,0.07594019551466666
6828,1,1,0.08042194089464702
6829,0,0,0.07915213515018171
6830,0,1,0.07159864655184776
6831,0,1,0.06665399249100896
6832,0,1,0.08623751972334852
6833,0,1,0.04835160161756926
6834,0,0,0.04266496374912017
6835,0,1,0.0855655130945938
6836,0,0,0.05896832893871312
6837,0,1,0.05375419428608752
6838,0,1,0.10466493255546261
6839,0,0,0.044978987951853136
6840,0,0,0.08302300262152848
6841,0,0,0.07075639467366299
6842,0,1,0.07504876783121368
6843,0,1,0.08927100953374228
6844,0,0,0.0696138312228961
6845,0,0,0.04275098430887494
6846,0,1,0.08628237096119241
6847,0,1,0.039140089904209745
6848,0,1,0.06634006124253986
6849,0,1,0.0617228777664791
6850,0,1,0.053657077845698405
6851,1,1,0.04694812743858259
6852,1,1,0.041813464255757854
6853,0,1,0.08250867382748013
6854,0,1,0.044559437742441026
6855,0,0,0.08373129035869496
6856,0,1,0.051960394265428075
6857,0,1,0.036543525074003366
6858,0,1,0.08772499272223186
6859,1,1,0.080132466038222
6860,0,1,0.07596945737581282
6861,0,1,0.057544767087024995
6862,0,1,0.04531481078740228
6863,1,0,0.07943694194202403
6864,0,1,0.05001853092334359
6865,0,0,0.04163879032619788
6866,0,0,0.048762371012491826
6867,0,0,0.05095861926949334
6868,0,0,0.03792979442813653
6869,0,1,0.03492721562626376
6870,0,0,0.04826800012219653
6871,0,1,0.0692335107925335
6872,0,0,0.08669161440530203
6873,0,1,0.06451244704015809
6874,0,1,0.04545742334492249
6875,0,0,0.08219704751944772
6876,0,1,0.053432786081375534
6877,0,0,0.04703620521396144
6878,0,1,0.07967933677810551
6879,1,1,0.046248162290494346
6880,0,1,0.06820729281061459
6881,0,1,0.078558059054808
6882,0,1,0.04756429851564278
6883,1,0,0.03597835866221806
6884,0,1,0.04054006058077511
6885,0,1,0.06499223765020748
6886,0,0,0.07537672634404388
6887,0,1,0.04552635225174842
6888,0,0,0.06279125676375052
6889,0,1,0.028972834845474797
6890,0,1,0.038886560661840236
6891,0,0,0.03908027525868807
6892,1,1,0.08797289373931134
6893,1,0,0.06591614497732423
6894,0,1,0.08390247422533362
6895,0,1,0.0790602844124682
6896,0,1,0.07510620023202305
6897,0,0,0.041958858913503046
6898,0,1,0.0918286958706925
6899,0,0,0.05861909403890896
6900,0,1,0.08350548141238498
6901,0,1,0.0989189257236171
6902,0,0,0.08997492699951866
6903,0,1,0.06416214067662648
6904,0,1,0.048756033268525345
6905,0,1,0.04004262078846653
6906,1,1,0.1009831600853021
6907,1,0,0.09491377501928555
6908,1,1,0.07721685976627682
6909,1,0,0.07367885253132592
6910,0,0,0.04196782047365397
6911,0,1,0.08438299357083288
6912,0,1,0.07913941589922985
6913,0,1,0.04181562362384997
6914,0,0,0.1013983628979968
6915,0,1,0.08323280557052486
6916,0,1,0.06844709109167571
6917,0,0,0.07375926867285978
6918,0,0,0.04740344455827447
6919,0,0,0.05072291573671343
6920,0,0,0.04996215185480539
6921,0,1,0.08368216685368068
6922,0,1,0.06718022568276413
6923,0,1,0.04907283746109545
6924,0,1,0.08535985466741879
6925,0,1,0.0653547591896973
6926,0,1,0.07768882891638212
6927,0,1,0.0734799976097562
6928,0,1,0.0779366344846189
6929,1,0,0.07350865401336436
6930,0,1,0.04708928882686693
6931,0,0,0.04207073818364548
6932,0,0,0.040454200959780695
6933,0,1,0.08050908289873793
6934,0,0,0.05084165594078598
6935,0,0,0.08915531160639249
6936,1,1,0.05712392678749997
6937,0,1,0.0916071411596409
6938,0,1,0.04230148680714185
6939,0,1,0.04268578119438124
6940,0,1,0.002638712202762142
6941,0,1,0.08137233489403355
6942,0,0,0.07812607724131229
6943,0,0,0.04063782438821964
6944,0,1,0.08771523530266911
6945,0,1,0.045988788788286494
6946,0,1,0.08146012493871461
6947,0,0,0.02784084140513609
6948,1,0,0.07613645254282164
6949,0,0,0.06527059663514173
6950,0,0,0.04690510554676927
6951,0,0,0.08155892013635826
6952,1,1,0.04290361055861022
6953,0,0,0.07532273864006608
6954,0,1,0.07154929606621392
6955,1,1,0.04383066658427012
6956,0,1,0.04411601936444199
6957,0,1,0.08169067704698615
6958,0,1,0.034301177298531736
6959,0,1,0.03543144111276189
6960,0,0,0.0382744836151359
6961,0,1,0.0688376068389994
6962,0,0,0.038665304585261476
6963,0,0,0.07986524422629836
6964,0,1,0.09898185900376849
6965,0,1,0.08048634290315379
6966,0,0,0.04394341773168308
6967,0,0,0.08162629861396503
6968,0,1,0.0883446363360927
6969,0,1,0.08330773601594399
6970,0,1,0.08402697334263058
6971,1,1,0.042990759456368585
6972,0,0,0.09103825404755814
6973,0,0,0.10780151626820363
6974,1,1,0.04560916510711829
6975,0,1,0.09038227930310655
6976,1,0,0.038067212663975725
6977,0,0,0.03629641195057985
6978,0,1,0.08314383881350035
6979,1,1,0.07009835970735996
6980,0,1,0.0699805401549768
6981,0,0,0.04260375650680814
6982,0,0,0.0561073868535193
6983,0,0,0.05837254828300429
6984,1,1,0.08473258889527588
6985,0,1,0.08546394383081299
6986,0,1,0.04440000665965046
6987,0,1,0.032145486880756684
6988,0,1,0.061336518104744345
6989,0,1,0.03833931701620114
6990,0,1,0.03891174244604875
6991,0,0,0.07363907512649245
6992,0,1,0.05567220260343712
6993,0,1,0.03877056007790913
6994,0,1,0.08169996077041898
6995,0,1,0.05375127810294689
6996,0,1,0.06807160376631546
6997,0,0,0.02776735967318658
6998,0,1,0.05289834915772559
6999,0,1,0.0841450306616714
7000,0,0,0.03753131610548446
7001,0,0,0.042945673480622795
7002,0,1,0.04980911608928123
7003,0,1,0.051097619995448346
7004,0,1,0.07743892440222719
7005,0,0,0.06469312066028554
7006,0,1,0.09160304221642296
7007,0,0,0.036572207576179114
7008,0,0,0.040743519451280436
7009,0,1,0.08392908034267282
7010,0,1,0.05441803631591022
7011,1,1,0.061257819221260154
7012,0,0,0.08152143102563415
7013,0,1,0.05325911847645335
7014,0,1,0.04609801683356626
7015,0,0,0.05982615537297409
7016,0,0,0.08655617607750032
7017,0,0,0.08256184945760318
7018,0,1,0.04492727518180992
7019,0,1,0.075453791062124
7020,1,1,0.07059797215972186
7021,0,1,0.05675697238573991
7022,1,1,0.07610000222293814
7023,0,1,0.04295933786915774
7024,0,1,0.07801562331573783
7025,0,1,0.07435776899443128
7026,0,1,0.0782944075027432
7027,0,1,0.04073580929337774
7028,0,1,0.0430626431243116
7029,1,1,0.07783444615415579
7030,0,1,0.08587578144504582
7031,0,0,0.047350096653750014
7032,0,0,0.08219059292253722
7033,0,0,0.044511455662616696
7034,0,1,0.07968896571504733
7035,0,1,0.04325116739990045
7036,0,1,0.03860045761717544
7037,0,0,0.03604821009102492
7038,1,1,0.06076490637248182
7039,0,1,0.05506183811353969
7040,0,0,0.08115630850906289
7041,0,1,0.09260722836819929
7042,0,1,0.07209720019081993
7043,0,1,0.03959696412897006
7044,0,1,0.0463770688461868
7045,0,0,0.0478570638242282
7046,0,1,0.032178076954614436
7047,0,1,0.04222278340144434
7048,0,1,0.08107102002238437
7049,0,1,0.09577349784231823
7050,0,1,0.06942009222117554
7051,0,0,0.023559806088295113
7052,0,1,0.05761925640987401
7053,0,1,0.08269168401410237
7054,1,1,0.06140322834615462
7055,0,1,0.08685976839657485
7056,0,0,0.04907283746109545
7057,0,1,0.04067860929952559
7058,0,1,0.04254824999758909
7059,1,0,0.018839975935000336
7060,0,1,0.05561602084189887
7061,0,1,0.061669133098124
7062,0,1,0.042887350965292725
7063,0,1,0.06385816859184382
7064,0,1,0.06889532839472925
7065,1,1,0.053925004744355604
7066,0,0,0.048563950144813794
7067,1,1,0.04265865039904741
7068,1,1,0.047422781368845715
7069,0,1,0.042192364903168314
7070,0,1,0.0856363045674716
7071,1,1,0.044356289385000344
7072,0,1,0.07275623915109154
7073,0,1,0.10355822760302424
7074,0,1,0.04083602665324351
7075,0,0,0.06056242647071977
7076,0,1,0.0832731085175221
7077,1,1,0.05252578517410453
7078,0,1,0.040079429846717265
7079,0,1,0.0417960933090827
7080,0,1,0.10583369738121684
7081,0,0,0.038998282132561596
7082,0,1,0.0628716626319499
7083,1,1,0.03824927386836883
7084,0,1,0.05033001544157494
7085,0,1,0.041958858913503046
7086,0,1,0.08211831662412036
7087,0,1,0.04910131204259985
7088,1,1,0.07679159196791353
7089,1,1,0.08349701902956908
7090,0,1,0.05558045607057666
7091,0,0,0.08812399173847438
7092,0,1,0.04734213815245193
7093,0,0,0.06590116900096024
7094,0,1,0.08089504334592162
7095,0,1,0.05721214890705935
7096,0,1,0.03768162989673676
7097,1,0,0.038928530496777296
7098,1,0,0.10055554211026962
7099,0,1,0.08054606260224081
7100,1,1,0.026905325189694365
7101,1,1,0.08050624590708841
7102,0,0,0.08506319055840819
7103,1,1,0.03953602590424173
7104,0,1,0.08018299918651689
7105,1,1,0.04491904360649185
7106,1,1,0.0826578365548894
7107,0,1,0.0813005638366053
7108,0,1,0.03833874983700824
7109,0,0,0.07817872097415118
7110,1,1,0.060393079861131314
7111,0,1,0.04153617792241312
7112,0,1,0.08200368279123205
7113,0,0,0.07303408146614937
7114,0,0,0.04776370717551072
7115,1,0,0.07385839508706296
7116,0,1,0.04672942381141651
7117,0,1,0.08129564628448999
7118,0,0,0.07933945347199195
7119,1,1,0.08511877559782711
7120,1,1,0.040401012616385526
7121,0,0,0.0640342950600102
7122,0,1,0.05935544662264303
7123,0,1,0.08366504281361216
7124,0,1,0.04745147581401275
7125,0,1,0.09873839645698938
7126,0,0,0.08443075479036104
7127,1,1,0.018166248780509296
7128,1,1,0.0780580971655215
7129,0,1,0.098511577730604
7130,0,1,0.03484229246664468
7131,0,0,0.05952735186471092
7132,0,1,0.04698818262169917
7133,0,1,0.03828213906161874
7134,0,0,0.06753954266708884
7135,1,1,0.0342937341592489
7136,0,0,0.06594318995119994
7137,1,1,0.04135245916416791
7138,0,1,0.05516385950751311
7139,0,1,-0.005509650089812201
7140,0,0,0.06263121179432753
7141,0,1,0.04650982573285376
7142,1,1,0.086590348374376
7143,1,0,0.055599531274647174
7144,0,0,0.0715786776035831
7145,0,1,0.033472232290351976
7146,0,1,0.06988547727628455
7147,1,1,0.0348275689507597
7148,0,1,0.08365294469146597
7149,0,0,0.04745711333417826
7150,0,1,0.011795042473221797
7151,0,1,0.03845724894292744
7152,0,1,0.0803549879103772
7153,0,1,0.04242907088428709
7154,0,1,0.07627833226802151
7155,0,1,0.021820844944829953
7156,1,1,0.05187129932156524
7157,0,0,0.04042752502618124
7158,0,1,0.04698566100050517
7159,0,1,0.06627760372637179
7160,0,1,0.08081128165094605
7161,0,0,0.04102952893250619
7162,1,1,0.025276377830485808
7163,1,1,0.04801713705859978
7164,0,1,0.04639023537236898
7165,0,1,0.03496460399423111
7166,0,1,0.04546142233314919
7167,0,1,0.023348504169734732
7168,0,1,0.06219092169495043
7169,1,1,0.09414681347670945
7170,0,0,0.030922088160923844
7171,0,1,0.08976452224339848
7172,1,1,0.054597619289420724
7173,0,1,0.08333341014387138
7174,0,0,0.08010966293800141
7175,0,0,0.09450860585363041
7176,1,0,0.04889885449289312
7177,1,0,0.05496232472528992
7178,0,0,0.045938354397279973
7179,0,1,0.045946205030218935
7180,0,1,0.10082321751683385
7181,0,1,0.04787915452378815
7182,0,1,0.046798780818980604
7183,0,1,0.05347902625886151
7184,0,0,0.06627826713179366
7185,0,1,0.0733840571642512
7186,0,1,0.08164077873277177
7187,0,0,0.07766167845776671
7188,0,1,0.07535012822779304
7189,0,1,0.03009033054323612
7190,1,1,0.08948234799339932
7191,0,0,0.032079870170427405
7192,0,0,0.08264674888635383
7193,0,1,0.06421750767621955
7194,0,0,0.057407956196425594
7195,1,1,0.04507732648729601
7196,0,1,0.08340455967850478
7197,1,1,0.055910233271997886
7198,0,1,0.05608847124698249
7199,0,1,0.044617499198955274
7200,0,1,0.048895464128977426
7201,0,1,0.01840988286127771
7202,0,1,0.0676204562246713
7203,1,1,0.07835756761884143
7204,0,1,0.044230170109058435
7205,0,1,0.08725849106666672
7206,0,0,0.07543579782993588
7207,0,1,0.025112403940032616
7208,0,0,0.04772798945460445
7209,0,1,0.03662914748906125
7210,0,0,0.03726023692098223
7211,0,0,0.05906701796848428
7212,0,0,0.046345353898251694
7213,0,1,0.06063376774237536
7214,0,0,0.02463099982188808
7215,0,0,0.03404426062620018
7216,0,1,0.0706943916422007
7217,0,1,0.046948127879484665
7218,0,1,0.048364734278962554
7219,0,1,0.0857047551218858
7220,1,0,0.060388697222862095
7221,1,1,0.07305750038176603
7222,0,1,0.08339828394217241
7223,0,0,0.08068770517926288
7224,0,1,0.09699770611228047
7225,0,1,0.09842481014268441
7226,1,1,0.02297754259460516
7227,1,1,0.024501888605332558
7228,0,1,0.051020155097580205
7229,0,1,0.04667742839147202
7230,0,1,0.06220157542048192
7231,1,1,0.08538656376561693
7232,0,1,0.09095993490210419
7233,0,0,0.08193593033902631
7234,0,1,0.06132964593265185
7235,0,0,0.06265961756797422
7236,0,0,0.03651174111918132
7237,0,0,0.0723699084888995
7238,0,1,0.07341521971566008
7239,0,1,0.0439962652210289
7240,1,0,0.04397324442399543
7241,0,1,-0.014147511349864481
7242,0,1,0.03421380012938104
7243,0,1,0.08285286114600847
7244,0,0,0.0374988738612925
7245,0,1,0.07854328394727592
7246,0,1,0.08136330800599356
7247,0,1,0.028710111523422278
7248,0,1,0.11139194462774535
7249,0,1,0.09304619971995841
7250,0,1,0.06877276992947899
7251,0,1,0.07444532822354902
7252,0,0,0.06101873500116479
7253,0,1,0.05418277259141279
7254,0,1,0.03475014560309812
7255,0,1,0.05562090773279746
7256,1,1,0.07935866645729206
7257,0,1,0.07136626432638926
7258,0,1,0.0730760601221121
7259,0,1,0.07615221655261227
7260,0,1,0.07385315199627683
7261,0,0,0.06575031584142878
7262,0,1,0.0551283382595536
7263,0,0,0.07009835970735996
7264,0,1,0.07866521435493579
7265,0,1,0.07315768538522333
7266,0,0,0.035224872012593694
7267,0,1,0.05522123344022059
7268,1,1,0.11327981826430694
7269,0,1,0.04292615982335578
7270,0,0,0.04383834379253623
7271,1,1,0.0429087858977293
7272,0,1,0.07834384220595073
7273,0,0,0.050394842447817764
7274,0,1,0.0790078971909854
7275,0,1,0.054074890926036095
7276,0,1,0.04220388059444937
7277,0,1,0.05336585664600864
7278,0,1,0.04258547690186947
7279,0,1,0.07726546010592963
7280,0,0,0.0821523196083896
7281,0,1,0.07555989008647657
7282,0,1,0.03983839384026059
7283,0,1,0.06979529039734822
7284,0,1,0.04388888571604983
7285,0,1,0.05695204111498953
7286,0,1,0.010800257143895148
7287,0,1,0.038579676693082314
7288,0,1,0.08152008813284564
7289,0,1,0.0410822563994319
7290,0,1,0.06444626099448801
7291,0,1,0.04907283746109545
7292,0,1,0.09606735603317812
7293,0,0,0.03489536011799129
7294,0,0,0.0828789009913038
7295,0,1,0.045484172161896264
7296,0,1,0.045809795200290146
7297,0,1,0.03881569991372395
7298,1,1,0.050265843710967276
7299,0,0,0.024405974855094797
7300,0,1,0.09635328166904793
7301,0,1,0.08238771079035402
7302,1,0,0.06357606757734449
7303,0,0,0.08295747880732532
7304,0,1,0.07944215417867934
7305,0,0,0.09515405689737783
7306,0,1,0.0900677140518203
7307,0,0,0.04767273673115157
7308,0,1,0.05354527702015552
7309,0,1,0.043651691961836145
7310,0,1,0.04701323913864385
7311,0,1,0.036445045541529796
7312,0,1,0.06890324745186613
7313,0,1,0.07974158002232401
7314,0,1,0.10185821377097358
7315,1,1,0.08870093061860321
7316,0,0,0.08084287263460538
7317,0,1,0.02801262613189771
7318,0,0,0.07341521971566008
7319,0,1,0.08063466248837547
7320,1,0,0.07906785162800756
7321,0,0,0.08901813359444033
7322,0,1,0.08866733810314496
7323,0,1,0.034936075036826275
7324,1,1,0.07932410456066841
7325,0,0,0.038608296383978016
7326,1,1,0.044356289385000344
7327,0,1,0.07699939724881627
7328,0,0,0.04911738810796257
7329,0,1,0.07566196192422878
7330,0,1,0.04457519542439438
7331,0,0,0.07380421051745861
7332,0,0,0.04307890072587286
7333,1,0,0.04251780501289993
7334,0,1,0.07942257410593023
7335,0,0,0.0776584634083484
7336,0,0,0.05039484813364624
7337,0,0,0.03916648442620112
7338,0,1,0.04178320604335198
7339,0,1,0.03767607405555538
7340,0,1,0.07174561142089383
7341,0,0,0.04769182770254832
7342,0,1,0.09618894921255902
7343,0,1,0.04313548593175778
7344,1,1,0.07771627827457667
7345,0,1,0.06808644281632112
7346,1,1,0.09815831092999458
7347,0,1,0.0811558439565659
7348,0,0,0.029962215770754662
7349,0,1,0.07175638950875023
7350,0,0,0.05747164899568743
7351,0,1,0.07383969636521988
7352,0,1,0.09040875897181708
7353,0,0,0.018210507960967612
7354,0,0,0.0380147158198314
7355,0,1,0.04281877550655269
7356,0,1,0.09088077912962478
7357,1,1,0.041669745802623843
7358,0,0,0.09517535390252654
7359,0,0,0.03660748913251928
7360,1,1,0.10254699021454182
7361,0,1,0.06587873048375184
7362,0,1,0.046134287810061694
7363,0,0,0.04104260761014349
7364,0,1,0.07999840895873334
7365,0,0,0.08080512328868741
7366,0,0,0.04398038669857306
7367,0,1,0.05651187405762495
7368,0,1,0.08166005450588117
7369,0,1,0.03555517718177448
7370,0,0,0.03576883267821197
7371,0,1,0.07077024314435683
7372,0,0,0.04534491990840373
7373,0,1,0.10276902871283465
7374,0,1,0.08566854946599982
7375,0,1,0.06274682920246855
7376,0,0,0.048742384134426636
7377,0,1,0.075168634647589
7378,0,0,0.09403587138118547
7379,0,0,0.07199900594410838
7380,0,0,0.03688636730207892
7381,0,1,0.027017055308662892
7382,0,0,0.04961924025060328
7383,0,1,0.061195704685118146
7384,0,1,0.07341521971566008
7385,0,0,0.08179169538982167
7386,0,1,0.045237693747990804
7387,0,0,0.08113664112091001
7388,0,1,0.03841189272691108
7389,0,1,0.035209914075467634
7390,1,1,0.09301578491251777
7391,1,1,0.03272062648990863
7392,0,0,0.07655079026971287
7393,0,1,0.03590670402772305
7394,1,0,0.04692438730605636
7395,0,1,-0.0006623691458329008
7396,0,1,0.08402278874503016
7397,1,1,0.03995926139589161
7398,0,0,0.04525286932684136
7399,0,1,0.04028672902551474
7400,1,1,0.08994483154765595
7401,0,0,0.04603354160240909
7402,1,1,0.08276857494301133
7403,0,1,0.09822844119322359
7404,0,1,0.025838418637051178
7405,0,0,0.046146802615753005
7406,0,0,0.03719157790485024
7407,0,0,0.08238771079035402
7408,0,0,0.051426997916095174
7409,0,1,0.037833207054217215
7410,0,1,0.03793031548596389
7411,0,0,0.07467254012745306
7412,0,0,0.10684768564857394
7413,0,0,0.04002620819605606
7414,0,1,0.040585496237165036
7415,0,1,0.06524003097798932
7416,0,0,0.003736119417155046
7417,0,0,0.07983907492507225
7418,0,0,0.035119740986666134
7419,0,1,0.0435093679636043
7420,1,1,0.039019180770482276
7421,1,0,0.04952354550566687
7422,1,1,0.08802672999703119
7423,0,1,0.08105520326649873
7424,0,0,0.046428272449805984
7425,0,1,0.04043253865695724
7426,0,0,0.0457628569995772
7427,0,1,0.010192363207270067
7428,0,1,0.034417717712565764
7429,1,1,0.04448989506912068
7430,0,1,0.07847060865364446
7431,0,0,0.04438780872900655
7432,0,0,0.1364434151909286
7433,1,1,0.04529613869234492
7434,0,0,0.044340977825160235
7435,0,1,0.07778692784458052
7436,0,0,0.018847117356053104
7437,0,0,0.07507201439113667
7438,0,0,0.05007518534672557
7439,0,1,0.08227974077822568
7440,0,1,0.024681688851974828
7441,0,1,0.0664539587873061
7442,0,0,0.07651112960335656
7443,0,1,0.07000211789313628
7444,0,1,0.0372749772501584
7445,1,1,0.04398968742430755
7446,0,1,0.046116096766405865
7447,0,1,0.06493387883516691
7448,0,1,0.08355896826427445
7449,0,0,0.08236257698771582
7450,1,1,0.07941958834990502
7451,1,1,0.03700964527324416
7452,0,0,0.08711206150824906
7453,0,1,0.09838782086173431
7454,0,0,0.0832257683965439
7455,0,1,0.03569663220938529
7456,0,1,0.06239022662819649
7457,0,0,0.030070474874260684
7458,0,1,0.03862075398437005
7459,0,1,0.10044577755512007
7460,0,0,0.05327087450930554
7461,0,1,0.09804546980082716
7462,1,1,0.08727350605214444
7463,0,1,0.08239867305906687
7464,0,1,0.09348820690742696
7465,1,1,0.07242963832659893
7466,0,1,0.05352952591461421
7467,0,1,0.05276002650705208
7468,0,0,0.03515622185267076
7469,0,0,0.09125874858537215
7470,0,0,0.08333764923835264
7471,0,1,0.08797710015628424
7472,0,1,0.08660307802676978
7473,1,0,0.06139290566043236
7474,1,0,0.05230374273383369
7475,0,1,0.04629792196284092
7476,0,0,0.07677440561884276
7477,0,1,0.04527334170597522
7478,1,1,0.04309816283833941
7479,1,1,0.09630314374359618
7480,0,1,0.08012344760291415
7481,1,1,0.0372549956129583
7482,0,1,0.061895457530570144
7483,0,1,0.04329672928183366
7484,1,1,0.03509746019556563
7485,1,1,0.09217978425824971
7486,0,1,0.07428692038664653
7487,1,1,0.04235644530863328
7488,1,1,0.0487738871494466
7489,0,1,0.06842215576360894
7490,0,1,0.08356301814045833
7491,1,1,0.028156816895454604
7492,0,0,0.05139190052264856
7493,1,1,0.04367333688743642
7494,0,1,0.0938385612902384
7495,0,1,0.05794903061281291
7496,0,0,0.07226838939513422
7497,0,1,0.05230621751990397
7498,0,1,0.08723488654625779
7499,0,1,0.08168096850730733
7500,0,1,0.03562054118052009
7501,0,1,0.0831264813478265
7502,0,1,0.022927135198094774
7503,0,0,0.04644780247210356
7504,0,0,0.07715782169818232
7505,0,0,0.09436262551958358
7506,0,0,0.0197763256796522
7507,0,0,0.07838745688229143
7508,0,1,0.08314128755958455
7509,0,1,0.08158915231969066
7510,1,1,0.02726580452652095
7511,0,1,0.02480623932439378
7512,0,0,0.04661954357957805
7513,0,0,0.07311291862826638
7514,0,1,0.03817782445920363
7515,0,1,0.07603039594085145
7516,0,0,0.05195017044839956
7517,0,1,0.08161902478688587
7518,0,1,0.05418524933730922
7519,0,1,0.045600631444574886
7520,0,0,0.042447999731179756
7521,0,1,0.08331400542615693
7522,0,1,0.04603354160240909
7523,0,1,0.07640466410294569
7524,0,1,0.09250218822014322
7525,1,0,0.08478063282161918
7526,0,1,0.09342295642615092
7527,0,0,0.024002685731549303
7528,0,1,0.06842761423322938
7529,0,1,0.05134033013190868
7530,0,1,0.07353590652740738
7531,0,0,0.03983839384026059
7532,1,0,0.10073696090374454
7533,0,1,0.08388312120611627
7534,0,1,0.0688831227318526
7535,0,1,0.04503306156775427
7536,1,1,0.0847670878256882
7537,1,1,0.05166294775367482
7538,0,1,0.07127650177740782
7539,0,0,0.04020599829335012
7540,0,1,0.07390224287873984
7541,1,1,0.08414649865168633
7542,0,0,0.03722203176903745
7543,0,1,0.07720273258123185
7544,0,1,0.09372458099493411
7545,0,1,0.02416666864948607
7546,0,1,0.053234533969491266
7547,0,0,0.0835517884549812
7548,0,0,0.027232689551035777
7549,0,1,0.04459186679009638
7550,0,0,0.041850417825866904
7551,0,1,0.09053860820646645
7552,0,1,0.03988156190012299
7553,0,1,0.08487280009144266
7554,0,0,0.07180785089287015
7555,0,1,0.039285913111173645
7556,0,0,0.09496107576875568
7557,0,1,0.0660679138964573
7558,0,1,0.0827270735813142
7559,1,0,0.04818426261371277
7560,0,0,0.09026531375033545
7561,1,1,0.08302687719942367
7562,0,1,0.07397835356320982
7563,0,1,0.051693059858221424
7564,0,1,0.0812043138585657
7565,0,1,0.03555517718177448
7566,0,0,0.08162629861396503
7567,0,0,0.08018880044612968
7568,0,0,0.07522101805512729
7569,0,1,0.0786178217793012
7570,0,0,0.04745147581401275
7571,1,0,0.058019159567946926
7572,1,1,0.040185604752177806
7573,0,1,0.08268390006112239
7574,0,0,0.03711567789472591
7575,0,1,0.07604957995792509
7576,0,1,0.04099830573619388
7577,1,0,0.0728516267551926
7578,0,1,0.029918639955612253
7579,0,1,0.04751843581914608
7580,0,1,0.06996694694942501
7581,0,0,0.09645970102279736
7582,0,1,0.07172199909107774
7583,0,0,0.058851891614526516
7584,0,1,0.08254910063415917
7585,0,0,0.0463770688461868
7586,1,1,0.08653366739208157
7587,0,1,0.02205540676975674
7588,0,1,0.08501433543884046
7589,0,1,0.08794714929330023
7590,0,1,0.09789075575631795
7591,0,1,0.048521665587391766
7592,0,1,0.07233911570777637
7593,0,1,0.04096318136065195
7594,0,1,0.06580550508144797
7595,0,0,0.07938807849053181
7596,0,1,0.03905332717154345
7597,0,1,0.08098786118183933
7598,0,0,0.044615372470393946
7599,0,0,0.07010440569746852
7600,0,0,0.026455091217522066
7601,0,1,0.07094145351913911
7602,0,1,0.08395330795179402
7603,1,1,0.04442147958467128
7604,1,1,0.09278482776273446
7605,0,1,0.05562677743404208
7606,0,0,0.055473012790782844
7607,0,1,0.09223186524444112
7608,0,0,0.08068770517926288
7609,0,1,0.038009183287154386
7610,0,1,0.07306617601551724
7611,0,1,0.04223573158960247
7612,1,0,0.04186016188210445
7613,0,0,0.04075353666627954
7614,0,1,0.03882642502205329
7615,0,1,0.05111507791465125
7616,0,0,0.077075750694955
7617,0,1,0.07931946089679752
7618,0,1,0.1259046592491833
7619,0,0,0.043389462478894435
7620,0,1,0.10079803632624126
7621,0,1,0.02670641059199213
7622,1,1,0.08507517530648619
7623,0,0,0.06292797695985802
7624,0,1,0.049890399006966006
7625,0,1,0.035866630270970506
7626,0,1,0.02198446403007049
7627,0,1,0.06314837745838875
7628,0,1,0.03876779034176432
7629,0,1,0.08203791661506366
7630,1,1,0.04451717651763737
7631,0,1,0.05915725069691745
7632,0,1,0.04465187757353594
7633,0,1,0.03584188319241338
7634,0,1,0.06556870198964197
7635,0,1,0.046617983466223874
7636,1,1,0.05376968791812644
7637,0,1,0.04124092354102448
7638,0,1,0.08113593929980659
7639,0,1,0.0782944075027432
7640,1,0,0.03613184782846152
7641,0,0,0.10018196521569867
7642,0,0,0.07411119183728071
7643,0,0,0.05036940812015029
7644,1,1,0.07500702692305934
7645,0,1,0.04132805171104773
7646,0,0,0.06958349370480632
7647,1,1,0.03581050973458492
7648,0,1,0.036543525074003366
7649,0,1,0.05126751119608136
7650,0,1,0.08102838856896152
7651,0,1,0.07408868345233183
7652,1,1,0.07507805301424836
7653,0,1,0.0883767659707498
7654,0,1,0.05095559243084216
7655,0,1,0.04801574621185312
7656,0,1,0.04288735653953801
7657,0,0,0.04457053810727869
7658,0,1,0.08017654269255556
7659,0,1,0.08864458620317939
7660,0,1,0.04650982573285376
7661,0,1,0.08274386931217254
7662,0,0,0.047270321102791876
7663,0,1,0.04148743876053137
7664,0,1,0.0518853548613114
7665,0,0,0.05679350956273112
7666,0,1,0.0760540544849837
7667,0,1,0.08034411376529292
7668,0,1,0.018080828083242986
7669,0,1,0.03996487300625781
7670,0,0,0.044158464005587206
7671,0,1,0.08668521954297194
7672,0,0,0.07010010467016818
7673,0,0,0.07425932372861528
7674,0,1,0.08570140497408886
7675,1,0,0.07585003792640596
7676,0,1,0.09903406360972221
7677,1,1,0.08089504334592162
7678,0,0,0.030036266270342837
7679,1,1,0.0417542891239792
7680,0,0,0.049398555741451515
7681,1,0,0.049449979676504566
7682,0,1,0.041380425667385076
7683,0,0,0.07312842693141872
7684,0,1,0.0804069994763014
7685,0,0,0.048295536052869195
7686,1,1,0.04444704921698364
7687,0,1,0.04918392654858812
7688,0,1,0.09883654249662407
7689,0,1,0.0820388285594929
7690,0,1,0.08105315977042671
7691,0,1,0.047469673894505765
7692,0,1,0.057404123114380146
7693,0,1,0.0786178217793012
7694,0,1,0.09704279014334308
7695,0,1,0.05090623868408362
7696,0,1,0.04161148718799108
7697,0,1,0.034974666693123366
7698,0,1,0.07591277077123285
7699,0,0,0.042447999731179756
7700,0,1,0.042129191137633
7701,1,0,0.042751785576070574
7702,0,1,0.012755848160210597
7703,0,1,0.05445279200361046
7704,0,1,0.03945851777360562
7705,1,1,0.09396378193952996
7706,0,1,0.06557977664667887
7707,0,1,0.07281170364479286
7708,1,1,0.047589963712171404
7709,0,1,0.08071896985427258
7710,0,1,0.03982206649459537
7711,0,1,0.04472747126459204
7712,0,0,0.07890663812403306
7713,0,0,0.0860531882913381
7714,0,0,0.030732089649973076
7715,0,1,0.046293314545801864
7716,0,1,0.08411128324284234
7717,0,1,0.05876590412060645
7718,0,1,0.06411751575749759
7719,0,0,0.0834668345116473
7720,0,1,0.0618050833039899
7721,0,1,0.04735230723403715
7722,0,1,0.07689796826577285
7723,0,0,0.04700645836870654
7724,0,1,0.030367355108075603
7725,0,1,0.04701323913864385
7726,1,1,0.049789081534813
7727,1,1,0.08105315977042671
7728,0,1,0.05100088363830219
7729,0,1,0.08286590113016769
7730,0,1,0.08373071044505069
7731,0,0,0.08260251876999833
7732,0,1,0.04218489523571322
7733,0,1,0.08106479529821764
7734,0,1,0.035917698948049824
7735,1,1,0.05355335490896361
7736,0,1,0.06133415523665249
7737,0,1,0.03234136045410008
7738,0,1,0.05576288919959817
7739,0,1,0.020188999200460203
7740,0,1,0.09812249771803624
7741,0,0,0.04303744716714025
7742,0,1,0.03725885200109683
7743,1,1,0.05439936066598505
7744,0,0,0.11466260187975756
7745,0,0,0.04759159739729674
7746,0,1,0.04727248291929444
7747,0,0,0.019227470296480448
7748,1,1,0.09581716964500894
7749,0,1,0.04845455920329456
7750,0,1,0.039891431197668976
7751,1,1,0.06890950075983714
7752,0,1,0.07639139412049567
7753,0,0,0.07036280487737266
7754,1,1,0.09764260310908926
7755,0,0,0.03870830122986683
7756,0,1,0.07488932068369789
7757,0,1,0.04913292250948774
7758,0,1,0.06038076752644805
7759,0,1,0.08099957815761584
7760,0,1,0.0830842940310333
7761,0,1,0.07828665010204956
7762,0,1,0.05397927556486205
7763,0,0,0.07874265498474683
7764,1,1,0.08982472613419815
7765,1,1,0.06091250474653562
7766,0,0,0.041351240949991805
7767,0,1,0.04402386792333865
7768,0,1,0.08408876412966912
7769,1,1,0.07330530776670384
7770,0,1,0.06798451284367016
7771,0,1,0.07319964339571892
7772,1,1,0.08224917487920261
7773,1,1,0.07941580110878035
7774,1,0,0.08816390113432254
7775,0,1,0.03636401062886112
7776,0,1,0.08681786840478622
7777,0,0,0.08495123402222264
7778,0,0,0.07944707347514067
7779,0,1,0.02853197943111399
7780,0,0,0.046476451647515474
7781,0,0,0.04350031614420362
7782,0,0,0.07470594489283228
7783,0,1,0.044123449368793824
7784,1,1,0.05678205792412545
7785,0,1,0.04499720624339524
7786,0,0,0.05056283128836634
7787,0,1,0.04054006058077511
7788,0,1,0.036976474803349105
7789,0,1,0.07210623970025255
7790,0,1,0.044749140082794056
7791,0,1,0.03927753834490787
7792,0,0,0.058812772340211296
7793,0,0,0.0362046782896829
7794,0,0,0.09299278562717753
7795,0,1,0.057783039276482394
7796,0,0,0.0762983222063522
7797,0,0,0.03735880324531203
7798,0,1,0.07470747908106243
7799,0,1,0.06399353215944449
7800,1,1,0.04527407470028899
7801,0,0,0.03940923333886445
7802,0,1,0.06420652450991739
7803,0,0,0.07911936012814642
7804,0,0,0.08014049234826937
7805,1,0,0.07662332582545986
7806,0,0,0.08328440293259454
7807,1,1,0.07702384716715233
7808,0,1,0.037286476494352946
7809,0,1,0.08827749608908811
7810,0,1,0.0814891754877145
7811,0,0,0.08274095419483038
7812,0,1,0.05741706521865411
7813,0,0,0.03138185130979127
7814,0,1,0.04054006058077511
7815,0,1,0.08057478841027409
7816,1,1,0.10621769724352458
7817,1,1,0.05841965988239355
7818,0,1,0.026832576894443166
7819,0,1,0.04672942381141651
7820,0,1,0.08449681029894375
7821,0,1,0.07717139919851242
7822,0,0,0.08539512809150228
7823,0,1,0.04323253888947736
7824,0,0,0.03702385152754591
7825,0,1,0.0543427054430724
7826,0,1,0.037679432127278124
7827,0,0,0.07828665010204956
7828,0,1,0.05948536397075428
7829,0,1,0.020259648972848262
7830,1,0,0.07401735985836261
7831,1,0,0.03781998502052841
7832,0,1,0.005693340886646171
7833,0,0,0.050096043359904245
7834,0,0,0.05072291573671343
7835,0,0,0.044018891627983225
7836,0,0,0.08760710220360565
7837,0,1,0.04312952122165483
7838,0,1,0.038273959040362654
7839,0,1,0.043616164684323375
7840,0,1,0.05635934799238188
7841,0,0,0.048545949269591715
7842,0,1,0.05072291573671343
7843,0,0,0.04536786574742817
7844,1,0,0.08466449822518925
7845,1,0,0.040961766076516574
7846,0,0,0.07970289861965486
7847,0,1,0.055190954068684
7848,0,1,0.09061804891576053
7849,1,1,0.043377912921541056
7850,0,1,0.054684938850782266
7851,0,1,0.03102727443085043
7852,0,0,0.05504778790038176
7853,0,0,0.046665132946022404
7854,0,1,0.09718847549042545
7855,0,1,0.08208253733718679
7856,0,1,0.0521351475942331
7857,0,1,0.03604821009102492
7858,1,0,0.07327105919339412
7859,0,1,0.09559640429305002
7860,0,0,0.09002970332949524
7861,0,0,0.0779465370505047
7862,0,1,0.07482825060505303
7863,0,1,0.028362192214665877
7864,0,0,0.04447704817203675
7865,0,1,0.08524915689353117
7866,0,1,0.0687425811642746
7867,0,0,0.04446677540295296
7868,0,0,0.0755556487891082
7869,0,0,0.06758214835723948
7870,1,0,0.11904242577998211
7871,0,0,0.04364616444464899
7872,1,1,0.03836973834486267
7873,0,0,0.07512772400341766
7874,0,1,0.09838010087479399
7875,0,1,0.0917807611637998
7876,0,1,0.03860984558934257
7877,0,1,0.0365857405765285
7878,1,1,0.08146012493871461
7879,0,1,0.08074224856494486
7880,1,0,0.03198286669437479
7881,1,1,0.052279454877983175
7882,0,1,0.09098597741490691
7883,0,1,0.043105894962553175
7884,1,1,0.07676474284829059
7885,0,0,0.04025859183184405
7886,0,1,0.07682758651927185
7887,0,1,0.0669736364333373
7888,0,0,0.08764812729460938
7889,0,0,0.024990821801495422
7890,0,1,0.04421589258518667
7891,0,1,0.04457791340967724
7892,0,0,0.1197555842534596
7893,0,1,0.04570023950326694
7894,0,0,0.09278639509305721
7895,0,1,0.035506545854807794
7896,0,1,0.09807775235988286
7897,0,1,0.07349063856142968
7898,0,1,0.08039254587663633
7899,0,1,0.04676309801821786
7900,0,0,0.045783146143423874
7901,0,1,0.04066119871378853
7902,0,1,0.07762526073190129
7903,0,1,0.06156021469876438
7904,0,0,0.05159846585196168
7905,0,1,0.05014111827421763
7906,0,1,0.04529814741260958
7907,0,0,0.04459186679009638
7908,0,0,0.07596569917041683
7909,0,1,0.08178648381957002
7910,0,1,0.013098078856781567
7911,0,0,0.09289995915923048
7912,1,1,0.06809305008382333
7913,0,1,0.042201985399604125
7914,0,0,0.07983259813012919
7915,0,0,0.0799255961415197
7916,0,1,0.04736485881139716
7917,0,0,0.08169996077041898
7918,0,0,0.08657451567765206
7919,0,1,0.07920705701286217
7920,0,1,0.05600170273487218
7921,0,1,0.08317815724794461
7922,0,1,0.0480391914220882
7923,0,1,0.09920385825052695
7924,0,1,0.04537269520239273
7925,0,0,0.04004262078846653
7926,0,1,0.03324964289609206
7927,0,0,0.06391982722666323
7928,0,0,0.04143801223432805
7929,0,1,0.04412283415903502
7930,0,0,0.04698231349039485
7931,0,1,0.03881569991372395
7932,0,1,0.03085770208362497
7933,0,1,0.018438719172680078
7934,0,1,0.08107856742876186
7935,0,0,0.0381999604661834
7936,0,1,0.08097211344747728
7937,0,1,0.012595129235643543
7938,0,1,0.03533014460475334
7939,1,1,0.08194928663680924
7940,1,1,0.03923648767166738
7941,0,0,0.039992950249080166
7942,1,0,0.049093058934795805
7943,0,0,0.07979391227442909
7944,0,1,0.04469433054656132
7945,0,1,0.04377219641457036
7946,0,1,0.022118014654153702
7947,1,1,0.024443994695079845
7948,0,1,0.07572532060082976
7949,0,0,0.08033273668636039
7950,0,0,0.045616607412451535
7951,0,1,0.07585274283472244
7952,1,0,0.036756198014655135
7953,0,1,0.0503661789323185
7954,0,1,0.0907725918981691
7955,1,1,0.028831301575088314
7956,0,0,0.07148787995089562
7957,0,1,0.06660485009052522
7958,0,1,0.08291721842982934
7959,0,1,0.05411827534934949
7960,0,1,0.042239494640987404
7961,0,0,0.07968931032244356
7962,1,0,0.08495853058072594
7963,0,0,0.043714138542920285
7964,0,1,0.010950353828474743
7965,0,1,0.0969961489104925
7966,0,1,0.04855612174212681
7967,0,1,0.049492844646202974
7968,0,1,0.03555517718177448
7969,0,0,0.08876943263689988
7970,0,0,0.0775370540762619
7971,0,1,0.0570899687881016
7972,0,1,0.05376071622135505
7973,0,0,0.03311213128123443
7974,0,0,0.04830795875505781
7975,0,1,0.03475264768993689
7976,1,1,0.02195555699234704
7977,1,1,0.08580417741464547
7978,0,1,0.0638320598092212
7979,0,0,0.07660560587626303
7980,0,1,0.07692909966907548
7981,0,1,0.05057944196702907
7982,0,1,0.0447794530634907
7983,0,1,0.038546156787561875
7984,0,1,0.033331296502775186
7985,0,1,0.08362255789436598
7986,0,1,0.04944238981745599
7987,0,0,0.046617983466223874
7988,1,0,0.0893827348867296
7989,0,0,0.08198476855440581
7990,0,1,0.050850691562909486
7991,0,1,0.061141540352341636
7992,0,1,0.061149332702304625
7993,0,0,0.04864501525031862
7994,0,1,0.05314600567750316
7995,0,0,0.03616031575886191
7996,0,0,0.07541403612008045
7997,0,1,0.08013606384559174
7998,0,1,0.07801414580770005
7999,0,1,0.0506248264099821
8000,0,1,0.01720291560783275
8001,0,0,0.03888709266713439
8002,0,1,0.04084204910524579
8003,0,0,0.030608469814592764
8004,0,1,0.08147898820640065
8005,0,0,0.0846249467122955
8006,0,0,0.04527282209163831
8007,0,0,0.030506165158945463
8008,0,1,0.08646952390526697
8009,0,1,0.0741225239850018
8010,0,0,0.05031034132295541
8011,0,0,0.03254132349482575
8012,0,0,0.05543758239776781
8013,0,1,0.036002000190415134
8014,1,0,0.08802610033947778
8015,0,1,0.006046039287468672
8016,0,1,0.04765372897863895
8017,0,0,0.06433164830832953
8018,0,0,0.07101088011261894
8019,0,0,0.045579690776604516
8020,0,1,0.07439361841044352
8021,0,0,0.0499058852858073
8022,0,1,0.07285118477019743
8023,0,1,0.07898165362821351
8024,0,1,0.08361196565945084
8025,0,0,0.06566725378123038
8026,0,1,0.018743394071250034
8027,0,1,0.04810356071204577
8028,0,1,0.08353857650741348
8029,0,0,0.09399280249796998
8030,0,1,0.04794570879214964
8031,0,1,0.09423123924182547
8032,0,1,0.04213038334728577
8033,0,1,0.07410432089358658
8034,0,1,0.05209033621200953
8035,0,0,0.09513875905065279
8036,0,0,0.08840253023147215
8037,0,1,0.08369666423993774
8038,0,1,0.04279902021806574
8039,0,1,0.07637864732954816
8040,0,1,0.04761503831637734
8041,0,1,0.04238702247146224
8042,0,1,0.03910572645844874
8043,0,1,0.057824050119687914
8044,0,1,0.0780501171064382
8045,1,1,0.04704023789654632
8046,0,1,0.04698862964935583
8047,0,1,0.01587008832357336
8048,0,0,0.048236164004546674
8049,0,0,0.08076884202506003
8050,0,0,0.082887660361044
8051,1,0,0.039424867862286606
8052,0,0,0.0432480773059408
8053,1,1,0.0045449374422397
8054,1,1,0.05321918856495589
8055,0,1,0.06590253463884069
8056,1,1,0.05071180087110092
8057,1,0,0.06643178444096125
8058,0,1,0.08244059615980351
8059,0,1,0.03604821009102492
8060,0,0,0.02463322506472185
8061,0,1,0.07477513920634239
8062,0,1,0.08501881727594214
8063,0,1,0.047502147655012546
8064,0,1,0.04805443866488539
8065,0,1,0.03860045761717544
8066,0,1,0.0475206325309217
8067,0,0,0.05104902365605689
8068,0,0,0.021280572858819992
8069,0,1,0.053181025572333576
8070,0,1,0.05662877671204893
8071,0,0,0.0459896618730163
8072,0,1,0.047654543442516566
8073,1,1,0.03625857498817351
8074,0,0,0.024119553122353043
8075,0,0,0.07009835970735996
8076,0,1,0.08756445465400929
8077,0,1,0.07621650259461665
8078,0,0,0.11528325796162713
8079,0,1,0.07591277077123285
8080,0,1,0.023101373628932532
8081,0,1,0.08356834987778912
8082,0,0,0.06444626099448801
8083,0,1,0.035306940564489596
8084,0,1,0.08278327738690411
8085,0,0,0.07922178156756166
8086,0,1,0.03940415397844711
8087,0,0,0.07151534265698753
8088,0,1,0.08544349784718051
8089,0,1,0.08894083869545535
8090,0,1,0.07006114671088057
8091,0,0,0.08126596766717019
8092,0,0,0.0712523797311589
8093,0,1,0.08235415633581591
8094,0,1,0.07743507041888953
8095,0,1,0.04000028052606119
8096,1,1,0.043477108675396045
8097,0,1,0.055455562406889015
8098,0,0,0.060211714523846174
8099,0,0,0.08157289882923172
8100,0,1,0.04270643063444997
8101,0,1,0.03872947437098266
8102,0,0,0.07179422683469945
8103,0,1,0.058930249079276055
8104,0,1,0.07937911320412214
8105,0,1,0.0814403613015896
8106,0,1,0.040953103921883546
8107,0,1,0.08308397626799904
8108,0,1,0.04054006058077511
8109,0,1,0.053607025110681314
8110,0,1,0.08085906965332998
8111,0,0,0.045842032826275164
8112,1,1,0.05664814150804359
8113,0,0,0.07451852067471741
8114,0,1,0.07790190321431911
8115,0,0,0.07980977314441422
8116,0,0,0.04077622064883124
8117,0,1,0.04510373275869537
8118,0,0,0.049381337306325254
8119,0,1,0.023481446104659146
8120,0,1,0.08346158790134904
8121,0,1,0.03881569991372395
8122,0,1,0.08429236183531208
8123,0,0,0.03896868392718494
8124,0,1,0.07846334518348075
8125,1,1,0.04000028052606119
8126,0,0,0.0745736343456522
8127,0,1,0.04790052926095566
8128,0,0,0.07290810051177181
8129,0,1,0.0861907905021267
8130,0,1,0.08402511538095232
8131,0,1,0.07210443146622185
8132,0,1,0.08430624489364057
8133,0,1,0.0831246205630741
8134,0,1,0.04612372454180482
8135,0,1,0.07660729329580132
8136,0,0,0.041566782799780475
8137,1,1,0.08162629861396503
8138,0,1,0.046810663375533884
8139,0,1,0.0797320067871316
8140,0,1,0.07158362870966331
8141,0,1,0.07909799589179801
8142,0,0,0.057031127273102444
8143,0,1,0.047859989304949016
8144,1,1,0.03910058777313403
8145,0,0,0.0302359001681778
8146,1,0,0.04044695851727255
8147,0,0,0.0712161217350631
8148,0,1,0.042361513117754324
8149,1,1,0.08180203395661316
8150,0,1,0.005387730612459094
8151,0,1,0.04852670869895237
8152,0,1,0.07640694777007634
8153,0,1,0.04646861707919349
8154,0,0,0.035224872012593694
8155,1,0,0.04923766967724579
8156,0,1,0.0558686317880127
8157,0,1,0.030936518133027877
8158,0,0,0.046961342121650235
8159,1,0,0.05167120362371717
8160,1,1,0.04335575644498059
8161,0,0,0.049062721038991466
8162,1,1,0.0634070396869189
8163,0,0,0.08467969180074789
8164,0,0,0.07615791717038164
8165,0,1,0.07817977361946436
8166,0,1,0.011636762676673497
8167,0,1,0.030092536128319018
8168,0,0,0.056916512210044984
8169,0,1,0.06537638495281761
8170,1,1,0.018369708959842836
8171,0,1,0.05217292618186556
8172,0,1,0.047679599399823205
8173,0,0,0.04433176846393605
8174,0,1,0.0480041880948497
8175,0,1,0.0525146375690394
8176,0,1,0.07850527109774366
8177,1,1,0.04292528000666339
8178,0,1,0.03520223881697349
8179,0,1,0.08095332931501126
8180,1,1,0.047992442117909595
8181,0,1,0.05468442883027397
8182,0,1,0.04099193171301149
8183,0,0,0.07660560587626303
8184,0,1,0.041609850580158037
8185,0,0,0.05270116167402081
8186,0,1,0.07330597578296849
8187,0,1,0.044749140082794056
8188,0,1,0.05799555887348472
8189,0,1,0.039015384668183
8190,0,1,0.08049630815896952
8191,0,0,0.04318732947420548
8192,0,0,0.08045377483995247
8193,0,0,0.09439986470092239
8194,0,1,0.07976452452936103
8195,0,1,0.042201985399604125
8196,1,1,0.04000028052606119
8197,0,1,0.042945471968436316
8198,0,1,0.0762964617520944
8199,0,0,0.09024033732386756
8200,0,1,0.04616396312333374
8201,1,1,0.0537239104217927
8202,0,1,0.03324964289609206
8203,0,0,0.09552452860496385
8204,0,0,0.08246663596478088
8205,0,1,0.04825240934270555
8206,1,1,0.12260565093092227
8207,0,0,0.04224231055471511
8208,0,1,0.03961300912712266
8209,1,1,0.018394581361851643
8210,0,1,0.05915725069691745
8211,0,1,0.10869986004790586
8212,0,1,0.04592203374284208
8213,0,1,0.042192364903168314
8214,0,1,0.041573520285140386
8215,1,0,0.07965468742001225
8216,0,1,0.06047079524217687
8217,0,0,0.031150850133697217
8218,1,1,0.0971856480338294
8219,0,0,0.033421336899944566
8220,0,0,0.04126559531930112
8221,0,1,0.048976370268286835
8222,0,1,0.04584911699036959
8223,1,1,0.0529492475212269
8224,0,1,0.05582905796906054
8225,0,0,0.04130544513988303
8226,0,1,0.08386161437152584
8227,0,1,0.04578306979134176
8228,0,0,0.09051200238082449
8229,0,1,0.08925054549012806
8230,0,1,0.03128671131499235
8231,0,0,0.037403168192111806
8232,0,1,0.050625380950913644
8233,0,0,0.07533759330744941
8234,1,1,0.06774981915749531
8235,0,0,0.07366492261795615
8236,0,1,0.038171867844603156
8237,0,0,0.0806656813309976
8238,0,0,0.08114522746661904
8239,0,1,0.03475264768993689
8240,1,1,0.07225384196384227
8241,0,1,0.08192675558405685
8242,0,1,0.03527068508353629
8243,0,1,0.05212964454486457
8244,0,0,0.07001059398231262
8245,0,1,0.023481446104659146
8246,0,1,0.0726627106142644
8247,0,0,0.039225438014757905
8248,0,0,0.0758077412333703
8249,0,1,0.04536250284588994
8250,0,0,0.06359600001016176
8251,1,1,0.10323599161377466
8252,1,1,0.04086168030044534
8253,0,1,0.03541250877219948
8254,0,0,0.022473034983180335
8255,1,1,0.03175863551790767
8256,1,1,0.07524745903644339
8257,1,1,0.08491394802817184
8258,0,1,0.07943857241927853
8259,0,1,0.042804210984165154
8260,0,1,0.07655079026971287
8261,0,0,0.0815673305367419
8262,0,1,0.07090160172663776
8263,0,1,0.08735408349689441
8264,0,1,0.08097804853172264
8265,0,1,0.08324759456676137
8266,0,1,0.011296276417421041
8267,0,1,0.04694706247199207
8268,0,0,0.020881893738268674
8269,0,0,0.050130828132936206
8270,0,1,0.04662998878791734
8271,0,1,0.06435101998084454
8272,0,1,0.03492721562626376
8273,0,1,0.04805443866488539
8274,0,1,0.009509286376605443
8275,0,1,0.039924041560831125
8276,0,1,0.04550882230781767
8277,0,0,0.0010530728408444379
8278,0,0,0.0021054623202747536
8279,1,0,0.04807299119320427
8280,0,1,0.04000028052606119
8281,0,0,0.04132811678220928
8282,0,1,0.04314914793837921
8283,0,0,0.07304529484710966
8284,0,0,0.03846050568192743
8285,0,0,0.07195634948136936
8286,0,1,0.04354448640709766
8287,0,1,0.047401398098301156
8288,1,0,0.04927511599286125
8289,0,0,0.04631359657518662
8290,0,1,0.060472433961311654
8291,0,1,0.054637512968068035
8292,0,1,0.04681713069086871
8293,0,0,0.03747482500957412
8294,0,0,0.03933554438984079
8295,0,0,0.03956334412162893
8296,0,0,0.058065107849998784
8297,0,1,0.08401641215742055
8298,0,0,0.03369373107987236
8299,1,1,0.04570023950326694
8300,0,0,0.06523249396907373
8301,0,1,0.03178526493697241
8302,0,1,0.04805443866488539
8303,0,0,0.06004886061722858
8304,0,0,0.04734889156373941
8305,0,1,0.0874091940463437
8306,0,1,0.07996220588082381
8307,0,1,0.02237384809654463
8308,0,1,0.06583988769817306
8309,0,0,0.06621411202355157
8310,0,1,0.0854825368877008
8311,0,0,0.058076586090446664
8312,0,1,0.04680473472528826
8313,1,1,0.0828052339281097
8314,0,1,0.042528241627584944
8315,0,1,0.06038991481047556
8316,0,1,0.08496082660883364
8317,0,1,0.04284072847177593
8318,0,0,0.08302968505793933
8319,0,1,0.048762371012491826
8320,0,0,0.08641517367933149
8321,0,1,0.048534268781680934
8322,0,1,0.08495853058072594
8323,0,1,0.09026931194608596
8324,0,1,0.08047606594943044
8325,0,0,0.10938501186170288
8326,0,1,0.07352262297022111
8327,0,1,0.08260775643171588
8328,0,0,0.09891774951753197
8329,0,1,0.06758305118956436
8330,0,0,0.09681499043850568
8331,0,1,0.06610074131082705
8332,0,1,0.046330679468103604
8333,0,1,0.04602118221805172
8334,0,1,0.08218001479254847
8335,1,0,0.0431034639916349
8336,0,1,0.08276703962801807
8337,0,0,0.044707316899429465
8338,0,0,0.04498852057392147
8339,0,1,0.050593752273981336
8340,0,1,0.07593452813736333
8341,0,1,0.07035658353569818
8342,0,1,0.07974576846985137
8343,0,0,0.04404529536878872
8344,0,0,0.05994124476332651
8345,0,1,0.042270492267776974
8346,0,1,0.05395308396699201
8347,0,1,0.03914036934859724
8348,0,0,0.0809828546470729
8349,0,1,0.04524555163817265
8350,0,1,0.03682788143671738
8351,0,1,0.060070305546596536
8352,0,0,0.05614267371311901
8353,0,1,0.10459797748029387
8354,0,1,0.04320471661888052
8355,0,0,0.08118357040903153
8356,0,0,0.08180221903853342
8357,0,1,0.05601770942071215
8358,0,0,0.08068770517926288
8359,0,0,0.04363412868388334
8360,0,0,0.06094115784429207
8361,1,0,0.04433997811382446
8362,1,0,0.02673633566649306
8363,0,1,0.07950041966170006
8364,0,1,0.041522916906360285
8365,0,1,0.10537658459733096
8366,0,1,0.04672791005451632
8367,0,1,0.08787829789006736
8368,0,1,0.04978678639765652
8369,0,1,0.06671163289010676
8370,0,0,0.04532596170356704
8371,0,0,0.046373607763576304
8372,0,0,0.045221787733475766
8373,0,1,0.03713573942886822
8374,0,1,-0.0013678710395700934
8375,0,1,0.0839679807335122
8376,1,0,0.050236657886343045
8377,0,1,0.08047176843618968
8378,0,1,0.06261601975060373
8379,0,1,0.05495533243567999
8380,0,0,0.08396411452841644
8381,0,1,0.07708711801095965
8382,0,0,0.08366765175915797
8383,0,1,0.034359058598728356
8384,1,1,0.08323007283672024
8385,0,0,0.053217470239720184
8386,0,1,0.0816725209915931
8387,1,1,0.0806789272914491
8388,0,0,0.08462647204199303
8389,0,0,0.05658736698118854
8390,0,1,0.04296714206393129
8391,0,0,0.06836475271918027
8392,0,1,0.08040431168436982
8393,0,0,0.03847447365387131
8394,0,0,0.05443156525020961
8395,0,1,0.08069375257705089
8396,0,1,0.06257038632638973
8397,0,0,0.029498638386432352
8398,0,1,0.030367355108075603
8399,0,0,0.053524256490080024
8400,0,1,0.056049994144101584
8401,0,0,0.11875321699846861
8402,0,1,0.039718173590305356
8403,0,1,0.05852767811703245
8404,0,1,0.039653224723273386
8405,0,1,0.07031958777634927
8406,0,0,0.04969525008427835
8407,0,1,0.046506502326410556
8408,0,1,0.042007914505202464
8409,0,0,0.08613897434345272
8410,0,1,0.03684532273545367
8411,0,0,0.09275357761722908
8412,0,1,0.042352330388842396
8413,0,1,0.04793226384809263
8414,0,1,0.020830755728899843
8415,0,0,0.07973311727996074
8416,0,1,0.042270492267776974
8417,1,0,0.015877633087977874
8418,0,1,0.010913531220430511
8419,0,1,0.0376984867663737
8420,0,0,0.04499011438708711
8421,0,0,0.034940692502077327
8422,0,0,0.04815695782099759
8423,0,0,0.0419205004638031
8424,0,1,0.04397885150724183
8425,0,1,0.0661767070927385
8426,0,1,0.048748512935740236
8427,0,1,0.03042025045533772
8428,0,0,0.04990129869029298
8429,0,0,0.08497119685437052
8430,0,0,0.04610268889455183
8431,0,0,0.03205173081922542
8432,0,0,0.014921180953234168
8433,0,1,0.04451827774515853
8434,0,1,0.0776848200873726
8435,0,0,0.07223364639739102
8436,0,0,0.07976095896364496
8437,0,1,0.07323955833580946
8438,0,1,0.07386565698548377
8439,0,1,0.07774230799461784
8440,1,1,0.0758092773267541
8441,0,1,0.009387544156127777
8442,0,1,0.06385463301062538
8443,0,1,0.06399051096502838
8444,0,1,0.06812698609107704
8445,0,1,0.022434261188683694
8446,0,1,0.06316306317299382
8447,0,1,0.03846050568192743
8448,0,1,0.10898300508378683
8449,0,1,0.04421589258518667
8450,0,1,0.08012344760291415
8451,1,0,0.012869210810467296
8452,0,1,0.04336402395721822
8453,0,1,0.04106751879272441
8454,0,1,0.05370863834343163
8455,0,1,0.060250788476624254
8456,0,0,0.09932615455719693
8457,0,1,0.0813597574510683
8458,0,1,0.05843791278199998
8459,0,1,0.046512804021821744
8460,0,0,0.016680003312128856
8461,0,0,0.043292619703179346
8462,0,0,0.061644801184504446
8463,0,1,0.10750099354080325
8464,0,0,0.07603331791014808
8465,0,1,0.04279902021806574
8466,0,1,0.09807904814781002
8467,0,0,0.07745856825445868
8468,0,1,0.08900419963951486
8469,0,0,0.10810591827418958
8470,0,1,0.0465478796761673
8471,1,1,0.08728979473530643
8472,1,1,0.09114348123505543
8473,0,1,0.07469646218536244
8474,0,1,0.09233514921152526
8475,0,1,0.027713400711892173
8476,0,1,0.06109564186767545
8477,0,0,0.08033761131823769
8478,0,1,0.028463569507390936
8479,1,1,0.10472880213291733
8480,0,0,0.05025678960394306
8481,0,1,0.08827135732523969
8482,0,0,0.0834648850657125
8483,0,1,0.03714525566661496
8484,0,1,0.04408849182211234
8485,0,1,0.03059505604488058
8486,1,1,0.016388679118058323
8487,1,1,0.07859289234715433
8488,1,1,0.04179471862158882
8489,0,1,0.0822303852944329
8490,0,1,0.08340712825867194
8491,0,1,0.03746217585802508
8492,0,0,0.039406693496008026
8493,0,0,0.03191423370766182
8494,0,0,0.04092677130743746
8495,0,1,0.05187362577824436
8496,0,0,0.04537269520239273
8497,0,0,0.022271867562106435
8498,0,1,0.03694791699067656
8499,0,0,0.08501167078319298
8500,1,0,0.04570057980110148
8501,0,1,0.05852203035239637
8502,0,0,0.068997537656911
8503,0,1,0.046141561631432945
8504,0,1,0.1251639680053738
8505,0,1,0.09320558623051106
8506,1,1,0.0430957880629675
8507,0,1,0.0331366918108678
8508,0,0,0.05536362765406176
8509,0,1,0.035483097369277405
8510,0,1,0.038168253798872336
8511,0,1,0.05938310638814098
8512,0,1,0.018062369412148695
8513,0,1,0.09058941764841377
8514,0,1,0.08434077963968022
8515,0,1,0.04312952122165483
8516,0,1,0.08211322646177055
8517,0,0,0.07337991207904149
8518,0,1,0.04004262078846653
8519,0,1,0.00968718920917289
8520,0,1,0.03965094897954172
8521,0,0,0.05003903000921834
8522,1,0,0.053628072915318736
8523,0,0,0.04316236818779691
8524,0,0,0.045645962552494534
8525,1,1,0.08056261496642864
8526,1,0,0.06207751387689216
8527,0,0,0.04867613188799304
8528,0,1,0.024179553395808767
8529,0,1,0.08966009781130926
8530,0,1,0.07928223741822017
8531,1,1,0.12317683399662695
8532,0,0,0.05712087005636774
8533,0,0,0.07103676714983331
8534,0,1,0.08489232921159451
8535,0,1,0.09891774951753197
8536,0,0,0.022927135198094774
8537,0,1,0.033655926615174976
8538,0,1,0.09255522131514057
8539,0,1,0.03810448298197475
8540,0,1,0.05160262458999217
8541,0,0,0.08343670982614573
8542,0,1,0.05894841376808701
8543,0,0,0.08671160710665186
8544,0,1,0.0065911758858182255
8545,0,0,0.07828378927505882
8546,0,1,0.050280133233295804
8547,0,1,0.046619396779090716
8548,0,1,0.04353890130272971
8549,0,1,0.051148763586353244
8550,0,0,0.0835289341986645
8551,0,0,0.07111127730559502
8552,0,1,0.03831103025421439
8553,0,1,0.07604957995792509
8554,0,1,0.019966092201280247
8555,0,1,0.047731271984612536
8556,1,1,0.08348022055255105
8557,0,1,0.09250242036541131
8558,1,1,0.04952794624013772
8559,1,0,0.014617398454868799
8560,0,1,0.07885512368711528
8561,0,1,0.08058314370934687
8562,1,1,0.04258894881067301
8563,0,1,0.02214242929737807
8564,0,1,0.08515268814957927
8565,0,1,0.08281364189798267
8566,0,0,0.045600631444574886
8567,0,0,0.060472433961311654
8568,1,1,0.08800292480452672
8569,0,1,0.0374230035835827
8570,0,0,0.04699790746941992
8571,0,1,0.03821087728562173
8572,0,0,0.03877005807093685
8573,0,1,0.08646048073756117
8574,0,1,0.10053864772275027
8575,0,0,0.040721002522153084
8576,0,1,0.03713573942886822
8577,0,0,0.05880127335651314
8578,0,1,0.05058645661381704
8579,0,0,0.08155530790706769
8580,0,1,0.033484805528526056
8581,0,1,0.037263048392771
8582,0,0,0.03474679733159661
8583,0,1,0.0845860069486632
8584,0,1,0.06588547303056501
8585,0,0,0.08386856509250926
8586,0,1,0.0757891548425194
8587,1,1,0.0811722568015621
8588,0,1,0.08908463807877162
8589,0,1,0.021110076173550013
8590,0,0,0.04755347807763236
8591,0,0,0.08246055348366328
8592,0,0,0.07066424899935518
8593,0,0,0.08247619697567687
8594,0,1,0.07410432089358658
8595,0,1,0.05753464363542628
8596,0,0,0.055380593733056704
8597,0,0,0.08151635854819154
8598,0,1,0.07680075825640892
8599,1,0,0.07015537790047321
8600,0,0,0.04678776031768658
8601,0,0,0.02388178773627666
8602,1,0,0.05352132669302402
8603,0,1,0.08031457412685584
8604,1,1,0.07161574468705803
8605,0,1,0.03706818770103185
8606,1,1,0.047269315435851736
8607,0,0,0.043295322797942584
8608,0,1,0.095991683639734
8609,0,1,0.037837483804622596
8610,0,1,0.08302968505793933
8611,0,0,0.07922670683193961
8612,0,1,0.04650789705713669
8613,0,1,0.043742114047232515
8614,0,1,0.07511513029615303
8615,0,1,0.08710646612085826
8616,0,0,0.08180832706740754
8617,0,1,0.057331206638919954
8618,0,1,0.0846150413885237
8619,0,1,0.08163964001634214
8620,0,1,0.07166115236276308
8621,0,1,0.05395159889494171
8622,1,1,0.03613258009158615
8623,0,1,0.047182935141987806
8624,0,1,0.03967041720940136
8625,0,0,0.06838391341709062
8626,0,1,0.08404621844691224
8627,0,1,0.03205140670688769
8628,1,1,0.07515091655414945
8629,0,0,0.06385553684293324
8630,0,1,0.06101943657700812
8631,0,1,0.08042572699319547
8632,1,1,0.09095613655608487
8633,1,1,0.05286387786962154
8634,0,1,0.028834649328558695
8635,0,1,0.047234642594174515
8636,0,0,0.09061804891576053
8637,0,1,0.06862269674614743
8638,0,0,0.03807318543917506
8639,0,1,0.08132141972491543
8640,0,0,0.08270394369944323
8641,0,1,0.046617983466223874
8642,0,0,0.07093753950480293
8643,0,1,0.07486713175740045
8644,0,1,0.048015375574440286
8645,0,0,0.0728086436774974
8646,0,1,0.04340678797422516
8647,0,0,0.04523469242308148
8648,1,1,0.04551690720018492
8649,1,1,0.0675995580491851
8650,0,1,0.08157476557569904
8651,0,1,0.08348022055255105
8652,0,0,0.053724668577371584
8653,0,1,0.0463770688461868
8654,1,0,0.05113861695631361
8655,1,1,0.03467955825734314
8656,1,1,0.08136654565106476
8657,0,1,0.034152091840413984
8658,0,0,0.07897318827231847
8659,0,0,0.038292499233913736
8660,0,1,0.061928799256995876
8661,0,1,0.08572933220700633
8662,0,1,0.04389755826010582
8663,0,1,0.06254269923291761
8664,0,1,0.052795839966995946
8665,0,1,0.07052849755671448
8666,1,1,0.06730839419546913
8667,0,0,0.08081610414835216
8668,0,1,0.037101621275611216
8669,0,1,0.04659940119489209
8670,0,1,0.018014823424925355
8671,0,1,0.08089504334592162
8672,1,0,0.021110076173550013
8673,0,1,0.0838626317218287
8674,0,1,0.05508390519644872
8675,0,1,0.05000470555925484
8676,0,1,0.04348127838024626
8677,0,0,0.04416401907783545
8678,0,1,0.08946503007012073
8679,0,1,0.08199450235376354
8680,0,0,0.05164891516882226
8681,0,1,0.07632141369502124
8682,0,0,0.07424928041117745
8683,0,0,0.04315961806405633
8684,0,1,-0.01129241162452315
8685,0,1,0.03197386114116642
8686,0,1,0.04960441024440915
8687,0,1,0.048321000674937026
8688,1,1,0.03863211737928797
8689,1,1,0.0801773898054893
8690,0,1,0.05714249659202755
8691,0,0,0.03514630647490069
8692,0,1,0.03820629302545255
8693,1,0,0.042238253986204496
8694,0,0,0.07242736800018304
8695,0,0,0.07887397528430545
8696,0,1,0.07689796826577285
8697,0,1,0.04814631724424804
8698,1,1,0.07961473744475721
8699,0,0,0.04843942875621237
8700,1,1,0.08871846209881071
8701,0,1,0.03590471622951494
8702,0,0,0.025551789869658427
8703,0,0,0.09954402064290006
8704,1,1,0.08270072195966426
8705,1,1,0.03869586132881076
8706,0,0,0.08606316589002978
8707,1,1,0.08051542494088136
8708,0,0,0.04000028052606119
8709,0,0,0.08600462102998754
8710,0,1,0.08105315977042671
8711,0,0,0.06409087979883601
8712,0,0,0.07062497665788395
8713,0,0,0.09273487968055985
8714,1,1,0.04057955552789152
8715,0,0,0.07795112181548783
8716,0,1,0.07566119022261275
8717,1,1,0.05995652311976209
8718,0,1,0.04855011087019695
8719,0,0,0.029149192975726164
8720,0,0,0.08912508784750386
8721,1,1,0.10659269541394448
8722,0,1,0.04168468937980868
8723,0,1,0.055484542070706695
8724,0,0,0.03756934314927328
8725,0,1,0.08751345943892162
8726,0,1,0.04461068854293895
8727,1,1,0.043484479418147454
8728,0,1,0.04915627821131435
8729,0,0,0.08355987273564999
8730,0,1,0.03414667854938661
8731,0,0,0.03283809744084798
8732,0,1,0.08089504334592162
8733,0,1,0.08042668138873094
8734,0,0,0.08028754270208861
8735,0,0,0.07458773343292788
8736,0,1,0.03912618561289343
8737,0,0,0.07109246935222047
8738,0,1,0.03682316977707109
8739,0,1,0.06396838675704769
8740,0,1,0.08089504334592162
8741,0,0,0.057937306289031765
8742,0,0,0.05094297747160845
8743,0,1,0.07898124419907152
8744,0,0,0.09664489558212544
8745,0,0,0.07202399005082497
8746,0,1,0.050154260238019804
8747,0,1,0.0695783693165467
8748,1,0,0.08166005450588117
8749,0,1,0.03650774823269126
8750,0,0,0.077075750694955
8751,0,0,0.04164149532301357
8752,0,1,0.07562336855186638
8753,0,1,0.052619026303623015
8754,0,1,0.07575274447334604
8755,1,0,0.059791459352280536
8756,1,1,0.040416287764669816
8757,0,0,0.04247809613743206
8758,0,1,0.013594738179036286
8759,0,1,0.07223364639739102
8760,0,0,0.08190755408430386
8761,0,1,0.07515669489437198
8762,0,1,0.07037824472605764
8763,0,1,0.04263660097002875
8764,0,1,0.07329000222704737
8765,0,0,0.07867914292347254
8766,0,1,0.05034914285249556
8767,1,0,0.042577021177033846
8768,0,1,0.06322683518933717
8769,1,1,0.08516268029443566
8770,0,1,0.06703486285029935
8771,1,1,0.02615460719659117
8772,0,1,0.03812330402854011
8773,0,1,0.042447999731179756
8774,0,1,0.031792775174579097
8775,0,1,0.06122938588380857
8776,0,1,0.10002194973617393
8777,0,0,0.05162359281580974
8778,0,0,0.041587059147235005
8779,0,1,0.0745356896912885
8780,0,1,0.08930202119184182
8781,0,1,0.02496301412909832
8782,0,1,0.015395026063083185
8783,0,1,0.039752100462385885
8784,1,1,0.023481446104659146
8785,0,0,0.04343609798828467
8786,0,1,0.08507309627667349
8787,0,0,0.036580772366244324
8788,0,1,0.008745930420549674
8789,1,1,0.05825917348649072
8790,0,0,0.03854222513438297
8791,0,1,0.04782698778773453
8792,0,1,0.03910662559395896
8793,0,1,0.025253254701610307
8794,0,1,0.07598837395884897
8795,0,0,0.09027555717301358
8796,0,1,0.023709043007821288
8797,0,0,0.03759720618814017
8798,0,1,0.04559421620021389
8799,1,1,0.12375872852717662
8800,0,1,0.04879779329098489
8801,0,0,0.07545121816150956
8802,0,1,0.04672942381141651
8803,0,0,0.08650400933999752
8804,0,1,0.051114782209205026
8805,0,1,0.0535827316696142
8806,0,1,0.08419339309736505
8807,0,1,0.07765069834472235
8808,0,1,0.07166294052324637
8809,0,0,0.07167783975544136
8810,0,1,0.05576949420226404
8811,0,1,0.05078814916345494
8812,0,0,0.05048594343155821
8813,0,1,0.035506545854807794
8814,0,1,0.06439672116582246
8815,0,1,0.04659940119489209
8816,0,0,0.06731080593144631
8817,0,0,0.07352407259395234
8818,0,1,0.07131219138214806
8819,0,1,0.01590117722060111
8820,0,1,0.07896518827285981
8821,0,1,0.04985630338131962
8822,0,1,0.07620057518401249
8823,0,1,0.09607589625495372
8824,0,0,0.04279902021806574
8825,0,1,0.031938835899839854
8826,0,1,0.015057596784045977
8827,0,0,0.030710965327902955
8828,0,1,0.08035027845048678
8829,0,0,0.0857800420996839
8830,0,1,0.08036434197077924
8831,0,1,0.02551367501797265
8832,0,0,0.10222715048413215
8833,0,1,0.010814429328168264
8834,0,1,0.08885077771013969
8835,0,0,0.0558811587443562
8836,0,0,0.04055739184584156
8837,0,1,0.05467797633982331
8838,0,1,0.04571526172704502
8839,1,1,0.039515859273649395
8840,0,0,0.048762371012491826
8841,0,1,0.03359707550657166
8842,0,0,0.010636562304965052
8843,0,0,0.02313370135183372
8844,0,0,0.03702385152754591
8845,0,1,0.08259926975194082
8846,0,1,0.04051111450103231
8847,0,1,0.04670950294772769
8848,0,1,0.049171257349481225
8849,0,1,0.06304211787102812
8850,0,1,0.04585263727332661
8851,0,1,0.041290917232710125
8852,0,1,0.04882653285219828
8853,0,0,0.03950753397761433
8854,0,1,0.023449200258790378
8855,0,1,0.05168801827406834
8856,0,1,0.03318670802812818
8857,0,0,0.06554415225141677
8858,0,1,0.07190416194719174
8859,0,1,0.035807123850187146
8860,0,1,0.06246833578524447
8861,1,1,0.06632780061838611
8862,0,0,0.07970289861965486
8863,1,1,0.04809351591100823
8864,0,1,0.046798104523743014
8865,0,1,0.0852973780343681
8866,0,0,0.07615791717038164
8867,0,0,0.05729864767777962
8868,0,1,0.08027151302928622
8869,0,0,0.07569127549472529
8870,0,0,0.09442226666647538
8871,0,1,0.016184567356026452
8872,0,1,0.07950041966170006
8873,1,0,0.03386833951084465
8874,1,1,0.07341521971566008
8875,0,0,0.06317850104044269
8876,0,0,0.043253617991211926
8877,0,0,0.045539557225584504
8878,0,1,0.045185151380642954
8879,0,1,0.08092835859869293
8880,0,1,0.06130751927752169
8881,0,0,0.08284182061573696
8882,0,1,0.10500287649056558
8883,0,1,0.04765983603319138
8884,0,0,0.06759284277275075
8885,0,1,0.04167392047164056
8886,0,1,0.0753535773805461
8887,0,0,0.09308268219038579
8888,0,1,0.046148983807065946
8889,1,0,0.045151310237733076
8890,0,0,0.06367222604799422
8891,0,0,0.09001529111611639
8892,0,1,0.09607376805916666
8893,0,1,0.06265386307552182
8894,0,0,0.018760035441479035
8895,0,1,0.04502530078608465
8896,0,1,0.07506942148852408
8897,0,1,0.08055127502929904
8898,1,1,0.0350612617092184
8899,0,1,0.046617983466223874
8900,0,1,0.034674272944023435
8901,0,1,0.0703799117631527
8902,0,1,0.0454251031503759
8903,0,0,0.07532983285305898
8904,1,0,0.04573975540567485
8905,0,1,0.05592400204503066
8906,0,0,0.06209328210748362
8907,0,1,0.06770083542831931
8908,0,1,0.04440541630360103
8909,0,1,0.0443648959783392
8910,0,1,0.07536739528859747
8911,0,1,0.04156250571562267
8912,0,0,0.08294057008727573
8913,0,0,0.05171701244174143
8914,0,1,0.0339415655487231
8915,0,0,0.07410432089358658
8916,0,0,0.05220433813754376
8917,0,1,0.04659940119489209
8918,0,1,0.0815094891898435
8919,0,0,0.07683342218561652
8920,0,0,0.07860215502094224
8921,0,1,0.047334115265275804
8922,0,0,0.053028683719776044
8923,1,0,0.08107843061935262
8924,0,0,0.049598339197604854
8925,0,1,0.0422487364945379
8926,0,0,0.03584188319241338
8927,0,1,0.053873662184709514
8928,0,1,0.03981350272454222
8929,0,1,0.04981767047135371
8930,0,0,0.06313741504299498
8931,0,0,0.09338104048534115
8932,0,1,0.050525145113908494
8933,0,1,0.08962339643145238
8934,0,1,0.07374226136263218
8935,0,1,0.04823677730799495
8936,1,0,0.04523685430734076
8937,0,0,0.04169217816746143
8938,0,1,0.06581836566414556
8939,0,0,0.06873814266384073
8940,0,0,0.07580648116954329
8941,0,0,0.04733816362583452
8942,0,1,0.038371660106629464
8943,0,1,0.043797647192177755
8944,0,1,0.03283809744084798
8945,0,1,0.08163382487927814
8946,0,1,0.04164837067984258
8947,0,0,0.08302968505793933
8948,0,0,0.07612363802735075
8949,0,0,0.07615221655261227
8950,0,0,0.07712238410225213
8951,0,0,0.04242420803738263
8952,0,1,0.03332102975189776
8953,1,1,0.06622374863111498
8954,0,0,0.03220054612274023
8955,0,0,0.03247347833708257
8956,0,0,0.04695790111947843
8957,0,1,0.025579684619163677
8958,0,1,0.07918360988804057
8959,0,1,0.04097434420571207
8960,0,1,0.03743350949135117
8961,0,1,0.0635612048447031
8962,0,0,0.07781500595172723
8963,0,1,0.02967951895137009
8964,0,1,0.020932772763551613
8965,0,0,0.048762371012491826
8966,0,1,0.08195207196263647
8967,0,0,0.03711567789472591
8968,0,0,0.05745843877759657
8969,0,1,0.045217225282463365
8970,0,0,0.06390740900468611
8971,1,1,0.07154142136998855
8972,1,1,0.04558211274097424
8973,0,0,0.04267012642083465
8974,0,1,0.03280552374790149
8975,0,1,0.02922204706058609
8976,0,1,0.032121896510876186
8977,0,1,0.023481446104659146
8978,0,1,0.07132317066027241
8979,0,1,0.08918868810007723
8980,0,0,0.035344279507239854
8981,0,1,0.029009505437768236
8982,0,1,0.056290034002530215
8983,0,0,0.02851483336526304
8984,0,1,0.03751501771135649
8985,0,0,0.043257115382224584
8986,0,0,0.061595216484672664
8987,0,1,0.04571813588168984
8988,0,1,0.04408566387930253
8989,0,1,0.039225438014757905
8990,0,0,0.04712494953391038
8991,0,0,0.04300757783377609
8992,0,1,0.04650982573285376
8993,0,1,0.0400259148563261
8994,0,1,0.04402465036237404
8995,0,1,0.08146012493871461
8996,0,1,0.0448679744306056
8997,0,1,0.08342927548564946
8998,0,0,0.03268016242344461
8999,0,1,0.04853782963185397
9000,0,1,0.09806370250138202
9001,0,1,0.05291399703727978
9002,0,1,0.04647066327998864
9003,0,1,0.048043577353461764
9004,0,1,0.06008232449001843
9005,0,0,0.041014268590514304
9006,0,1,0.09379256916524853
9007,0,0,0.05402036799215909
9008,0,1,0.05163264484522875
9009,0,1,0.0246324702232064
9010,0,1,0.08585384193157727
9011,0,1,0.025745376570151433
9012,0,1,0.07382186907192798
9013,0,0,0.054891966237771345
9014,0,1,0.05729743661759404
9015,0,1,0.07700479438857537
9016,0,0,0.0346141908208234
9017,0,1,0.0665978794871408
9018,0,1,0.04177429190560241
9019,0,1,0.07971828888060827
9020,0,0,0.06610152010196275
9021,0,1,0.0458314327107452
9022,0,0,0.07813670192070676
9023,0,1,0.08161902478688587
9024,0,0,0.06154912668706505
9025,0,1,0.028438573321132886
9026,0,1,0.04184998346400457
9027,0,1,0.07957250760665685
9028,1,1,0.09217738542992557
9029,0,1,0.07657813428299907
9030,0,1,0.06430781155003305
9031,0,1,0.036200702722394715
9032,0,0,0.0779465370505047
9033,0,1,0.026358268397905733
9034,0,0,0.095749761238601
9035,1,1,0.05094214671415504
9036,1,1,0.08752726506250712
9037,0,0,0.048514929974451074
9038,0,1,0.03212551423672715
9039,0,0,0.045600631444574886
9040,0,1,0.053212670132248036
9041,0,1,0.08436427379304601
9042,0,0,0.09093472148307499
9043,0,1,0.0531987852478806
9044,0,0,0.06773826288125534
9045,0,0,0.08541018257345781
9046,1,1,0.046617983466223874
9047,1,0,0.04080189491979831
9048,0,1,0.09355983763132811
9049,0,1,0.05194949804651224
9050,0,1,0.07585003792640596
9051,0,1,0.050034839821999064
9052,0,1,0.04639447574373027
9053,0,0,0.07345742755831956
9054,0,1,0.0851845838078604
9055,0,0,0.08027090612782505
9056,0,0,0.07043206600920122
9057,0,1,0.07999703085686272
9058,1,1,0.08340270267982057
9059,1,0,0.056354297548245676
9060,0,1,0.08124101724601476
9061,0,1,0.047585046726829686
9062,0,1,0.04360815728767309
9063,1,1,0.04281358361072547
9064,0,1,0.04054807793605206
9065,0,0,0.051643440368865326
9066,0,1,0.07811640165557239
9067,0,1,0.04295933786915774
9068,0,1,0.041627958307359006
9069,1,1,0.06467781615493218
9070,0,1,0.04688535064286556
9071,0,0,0.04013237266550987
9072,1,1,0.03512869407226371
9073,1,0,0.09179626710067859
9074,0,1,0.08321326177302435
9075,0,1,0.07198161598583135
9076,0,1,0.09223754855649444
9077,1,0,0.04712201255511102
9078,0,1,0.042447999731179756
9079,0,0,0.08353984813360847
9080,0,0,0.03440210027366372
9081,0,0,0.053503121033362515
9082,0,1,0.08146012493871461
9083,0,1,0.06936389583357322
9084,1,1,0.05360464907316136
9085,1,1,0.07582473121474549
9086,0,1,0.05072291573671343
9087,0,0,0.030482976922633027
9088,0,1,0.10658432867008362
9089,0,0,0.08339368652102115
9090,0,1,0.03351951522631376
9091,0,1,0.08372538753737063
9092,0,1,0.07401569851858475
9093,0,1,0.035740543296317505
9094,0,1,0.034295798012493106
9095,0,1,0.09503886544171991
9096,0,1,0.06469312066028554
9097,0,1,0.04687081897679262
9098,0,1,0.040173553615209946
9099,0,1,0.06906111105206152
9100,0,0,0.08480072434417255
9101,0,1,0.05072291573671343
9102,0,1,0.08489276697530099
9103,0,1,0.07497614947141344
9104,0,1,0.04907283746109545
9105,0,1,0.053762108234587366
9106,1,1,0.04039046689621754
9107,0,1,0.030566764408230175
9108,0,1,0.053390342028739574
9109,0,1,0.028959719182669177
9110,0,0,0.07897657124749641
9111,0,1,0.0904388127716848
9112,0,0,0.08435979099964162
9113,0,0,0.08460966615862694
9114,0,1,0.0839623129530335
9115,0,1,0.05570739693489993
9116,0,1,0.08265989128527902
9117,0,1,0.05911609510993232
9118,0,0,0.06968470524172088
9119,0,0,0.07814973819563407
9120,0,1,0.04540550123956548
9121,0,1,0.03640136305096595
9122,1,1,0.029037907394069366
9123,0,1,0.051951493147548565
9124,0,1,0.06633301521620552
9125,0,1,0.04278045681887367
9126,0,1,0.0925363644970566
9127,1,1,0.06673181273518092
9128,0,1,0.0678298370043948
9129,1,0,0.09551955385890454
9130,0,0,0.04930466549943609
9131,0,0,0.061828967547455316
9132,0,0,0.07342873957004184
9133,0,1,0.06033397970609912
9134,0,1,0.08663957601694625
9135,0,1,0.06197956186003792
9136,0,1,0.07487377455020454
9137,0,1,0.0791151291397023
9138,1,1,0.08264452043553419
9139,0,1,0.05072291573671343
9140,0,1,0.08549391391563257
9141,0,0,0.057244272812528835
9142,0,1,0.04386976454886914
9143,0,1,0.06522549248088144
9144,0,1,0.041609850580158037
9145,0,0,0.04801216371990288
9146,0,1,0.037750933345523534
9147,0,1,0.11435875134934889
9148,0,1,0.08519788473399831
9149,0,0,0.08211045717969011
9150,1,1,0.08433336990308586
9151,0,0,0.04611426700627168
9152,0,1,0.08036434197077924
9153,0,1,0.07241995887685054
9154,0,1,0.08595105603688061
9155,0,1,0.046609797851318156
9156,0,1,0.049256107507813125
9157,0,1,0.039909423131344074
9158,0,1,0.08084498604611606
9159,0,1,0.05984794633681165
9160,0,1,0.08404323342919506
9161,0,0,0.04498586933478648
9162,0,0,0.09325706755929368
9163,1,1,0.07168832841595578
9164,0,0,0.043649917228479225
9165,0,1,0.09166489324770129
9166,0,1,0.0487716815353949
9167,0,0,0.08204317396343618
9168,0,0,0.07910056224664626
9169,0,1,0.04269826254544514
9170,0,0,0.02309185097243506
9171,0,1,0.08152008813284564
9172,0,1,0.062400593170594
9173,0,1,0.06007262879168801
9174,0,1,0.07449466679327468
9175,0,0,0.10511671031125319
9176,0,0,0.04300844467069584
9177,0,1,0.030367355108075603
9178,0,0,0.07925036140069042
9179,0,1,0.06240125295135428
9180,0,1,0.05453945495051063
9181,1,1,0.08036434197077924
9182,0,1,0.07797461108208012
9183,1,0,0.08162629861396503
9184,0,1,0.08593697263762237
9185,0,1,0.02083016788803065
9186,0,1,0.07563302972056074
9187,0,1,0.08304701943119353
9188,0,0,0.04446271660363302
9189,0,0,0.04521457427095597
9190,0,1,0.09185893492351585
9191,0,1,0.0385156554524502
9192,0,1,0.051620314170355744
9193,0,1,0.04371521095479711
9194,0,0,0.07319304332541425
9195,1,1,0.08368145978859177
9196,0,1,0.08582156848476435
9197,0,0,0.03722191566209754
9198,1,1,0.05291967498450448
9199,0,1,0.06807792373433327
9200,0,1,0.04512588560538586
9201,0,1,0.09382177464624304
9202,0,0,0.07828665010204956
9203,1,0,0.02273096755756142
9204,0,1,0.016223075093563605
9205,0,0,0.0766225043676152
9206,0,0,0.07498392968021288
9207,0,1,0.07619636993472395
9208,1,1,0.048748512935740236
9209,0,1,0.08314788883302357
9210,0,1,0.09085741122243186
9211,1,0,0.09623809345459994
9212,0,1,0.06199451834721444
9213,0,1,0.08144504629324409
9214,0,1,0.09391310121267085
9215,0,1,0.04844418878577464
9216,0,0,0.03751007425476052
9217,0,1,0.06820026469574833
9218,0,0,0.06499366034813295
9219,0,1,0.08827775760076809
9220,0,1,0.05072291573671343
9221,0,1,0.0815673305367419
9222,0,1,0.06918383618513824
9223,0,0,0.04899640437297108
9224,0,1,0.04587779593468687
9225,0,1,0.041084914850787725
9226,0,0,0.07549433646966577
9227,0,1,0.04662998878791734
9228,0,1,0.09980991006164788
9229,0,0,0.07237114962327618
9230,0,0,0.05770026488598531
9231,0,0,0.03880527804505765
9232,0,0,0.038417006718315556
9233,0,1,0.08698744079317383
9234,0,1,0.0849443931477848
9235,0,1,0.07329546415266311
9236,0,0,0.04258489862176548
9237,0,1,0.04199232718285982
9238,0,0,0.038586204814498905
9239,0,1,0.0822886728714648
9240,0,1,0.03433733087463549
9241,0,1,0.03311213128123443
9242,0,1,0.04503664127755626
9243,0,0,0.09335389893066753
9244,1,1,0.06584597600394831
9245,0,0,0.03836448889941649
9246,0,0,0.07469645747632371
9247,0,1,0.04491507684622189
9248,0,0,0.07810308245074213
9249,0,1,0.046687028798141225
9250,0,1,0.049693269844019894
9251,0,1,0.0707087021350244
9252,0,1,0.06256970300016484
9253,0,1,0.03493903564183914
9254,0,0,0.05015424409201928
9255,1,0,0.0804283699670412
9256,0,1,0.03377954929381377
9257,1,1,0.04415037811926954
9258,0,0,0.042378056390191564
9259,0,0,0.011891294838680205
9260,0,1,0.1009746447269418
9261,0,1,0.04123627316764152
9262,0,1,0.041958858913503046
9263,0,1,0.06009170483605495
9264,0,1,0.03477225796210369
9265,0,0,0.039224053952833196
9266,0,0,0.03588780177728833
9267,1,0,0.04592614743652839
9268,0,1,0.04752451718590289
9269,0,1,0.026216902490319032
9270,0,1,0.05709808523648022
9271,0,0,0.08068770517926288
9272,0,0,0.05051954038030934
9273,0,1,0.04394373288294394
9274,0,1,0.03432347552907486
9275,0,1,0.04635312400020668
9276,0,1,0.061630121341031144
9277,0,1,0.04409570294977212
9278,0,0,0.04688535064286556
9279,0,1,0.03891974245836448
9280,0,1,0.02657654177649097
9281,0,0,0.07944050277030948
9282,0,1,0.071940977769543
9283,0,1,0.03530791526633645
9284,1,1,0.04270501655560177
9285,0,0,0.07700358195165136
9286,0,1,0.0346643554880211
9287,0,0,0.03574238820960319
9288,0,1,0.05052374012534038
9289,0,1,0.06812655232188534
9290,0,1,0.04907283746109545
9291,0,1,0.08270357117910475
9292,0,0,0.07427905645975018
9293,1,1,0.04701903881037525
9294,0,1,0.08684661799216783
9295,0,1,0.056774355405412744
9296,1,1,0.03411413952002029
9297,0,0,0.03740215517796169
9298,0,0,0.08146270539172706
9299,0,1,0.05064521345252165
9300,0,0,0.012919027242295536
9301,1,1,0.06636437733859114
9302,0,1,0.04720237970193463
9303,0,1,0.10482345371274161
9304,0,1,0.0936967950618106
9305,1,1,0.06087674550024956
9306,0,0,0.035108111788687266
9307,0,0,0.08652622839051509
9308,0,1,0.03609673006458542
9309,0,1,0.07281170364479286
9310,0,1,0.08226091294484164
9311,1,1,0.04413392485000922
9312,0,1,0.047503509754439587
9313,0,1,0.04544802603859595
9314,1,1,0.07597886257321951
9315,0,0,0.05254398842223452
9316,0,1,0.03480717513224008
9317,0,1,0.062398842620354
9318,1,1,0.0326660780429338
9319,0,1,0.06453422621919382
9320,0,1,0.07715235663981415
9321,0,1,0.07837116818396475
9322,0,0,0.02447770284878729
9323,0,1,0.05783128002078579
9324,0,0,0.10619370798416329
9325,0,1,0.10244121434152242
9326,0,1,0.10230361442527111
9327,0,1,0.031678590507535756
9328,0,0,0.08608013142192836
9329,0,0,0.05670620242744233
9330,0,1,0.10683868400045532
9331,0,0,0.08304701943119353
9332,1,0,0.044244204900341116
9333,1,0,0.0538115610064971
9334,1,1,0.048863733634380235
9335,0,1,0.06596286272262228
9336,0,1,0.026256911113298045
9337,0,1,0.08147747727036532
9338,0,1,0.04385447099943677
9339,1,1,0.04037374354485119
9340,0,0,0.07549401824162133
9341,0,0,0.0729045985810359
9342,0,1,0.08427712649316381
9343,0,1,0.046999544742225
9344,0,1,0.04250406695845317
9345,0,1,0.0373091220389545
9346,0,1,0.07523234487496722
9347,0,0,0.08828797445118328
9348,0,1,0.10475986852702968
9349,0,1,0.08566854946599982
9350,0,0,0.03059924545694113
9351,0,1,0.04735969807463769
9352,0,0,0.04988422954333775
9353,0,0,0.03941460382765071
9354,0,1,0.06330391987795969
9355,0,1,0.07430299073424143
9356,1,1,0.07535673383189896
9357,0,1,0.077047823604586
9358,0,1,0.03947801834986593
9359,0,1,0.0381365584164165
9360,0,0,0.06758595493566011
9361,0,1,0.0894321476579793
9362,0,1,0.030673448362289232
9363,0,0,0.051373322751164595
9364,0,1,0.040678893388414586
9365,0,1,0.07836195480307105
9366,0,1,0.019421799118990536
9367,0,0,0.07689796826577285
9368,0,0,0.03164563278949727
9369,0,1,0.0737163680786603
9370,1,1,0.014334488659182978
9371,0,0,0.04324050199112471
9372,0,1,0.036516333859580447
9373,0,1,0.06759305496569215
9374,0,1,0.07970289861965486
9375,0,1,0.04594190016773547
9376,0,0,0.11202814373650521
9377,0,1,0.04658983780071632
9378,0,1,0.05641896305254196
9379,0,0,0.08028469953888333
9380,0,1,0.06725602998724836
9381,0,1,0.0382744836151359
9382,0,1,0.07866153233517627
9383,0,0,0.055734820738691945
9384,0,0,0.0927968975398531
9385,1,0,0.04734213815245193
9386,0,0,0.0602621299622835
9387,1,1,0.08301232273480548
9388,0,0,0.043578437585837265
9389,0,0,0.060237480277116257
9390,0,1,0.06686870074675144
9391,0,0,0.03178877993063373
9392,0,1,0.07655079026971287
9393,0,0,0.04264646801298179
9394,0,1,0.03992513914034253
9395,0,1,0.04990030268801673
9396,0,1,0.047710428625570886
9397,0,0,-0.008793812061260575
9398,0,1,0.060415335944331086
9399,0,1,0.04630201742676786
9400,0,1,0.04381228706270278
9401,0,1,0.03859073585212659
9402,0,1,0.053657077845698405
9403,0,0,0.02915944260310638
9404,0,1,0.0745563439316206
9405,0,1,0.04665464996044138
9406,0,1,0.11194293506533828
9407,1,1,0.03865389019725739
9408,0,0,0.024092210483121424
9409,0,0,0.036493789325508216
9410,0,1,0.037588863208579
9411,0,0,-0.006232817993655058
9412,0,1,0.04004262078846653
9413,0,1,0.04509360238859439
9414,0,0,0.04828607335791293
9415,0,0,0.04780908334985896
9416,0,0,0.09444795738097345
9417,0,0,0.04529347045212207
9418,1,1,0.06593857962890641
9419,1,1,0.07695453704052195
9420,0,1,0.12349222067754646
9421,0,1,0.03590153259044755
9422,0,0,0.09210598633476737
9423,0,0,0.05597104647694726
9424,0,1,0.04930123070686388
9425,0,1,0.06098928689650186
9426,0,1,0.0825582911053924
9427,0,1,0.07691102523747292
9428,0,1,0.04299110400184722
9429,0,1,0.07615791717038164
9430,0,0,0.04465187757353594
9431,0,0,0.05507841761693604
9432,0,0,0.0999822756651375
9433,0,1,0.04528099664583958
9434,0,1,0.019940485227125763
9435,0,1,0.08994092323051034
9436,0,1,0.08036434197077924
9437,0,1,0.03231001659296904
9438,1,1,0.04472797873505241
9439,0,1,0.04201833861779221
9440,0,0,0.0798950375246284
9441,1,1,0.04216704371032961
9442,0,1,0.01597107248928902
9443,0,1,0.03846050568192743
9444,0,0,0.088027179107639
9445,0,1,0.04687104637357758
9446,0,1,0.08119398012844645
9447,0,1,0.0807830666837719
9448,0,1,0.04142680876175356
9449,0,0,0.09557623862013254
9450,0,1,0.04242023424267162
9451,0,0,0.05146572507171043
9452,0,1,0.0890450908894732
9453,0,1,0.03551707689036242
9454,0,1,0.03970798847301764
9455,0,1,0.043651452668496855
9456,0,0,0.061590980705021885
9457,1,1,0.08627455350135844
9458,0,1,0.06133424551456472
9459,0,0,0.06588881476667405
9460,0,0,0.04084304760337492
9461,1,0,0.07402919641817982
9462,0,0,0.059478689357097235
9463,0,1,0.05810391744200481
9464,0,1,0.08070374724607536
9465,0,0,0.0740135564805452
9466,0,1,0.08354158986066121
9467,0,0,0.04448626046386096
9468,0,1,0.04560591320864334
9469,0,0,0.056096273279133156
9470,1,0,0.020350081656788338
9471,1,1,0.10287141150873474
9472,0,1,0.019294961304277804
9473,0,1,0.09324649204503528
9474,0,1,0.08724137246233561
9475,0,1,0.08625677266831369
9476,0,0,0.09458745343082992
9477,0,1,0.08206258368358263
9478,0,0,0.03862906558263962
9479,0,1,0.04598475401466029
9480,0,1,0.07592767203801909
9481,0,1,0.017850359723081966
9482,1,1,0.0639327505850125
9483,0,1,0.04560285727928326
9484,0,1,0.08003671998289927
9485,0,1,0.042447999731179756
9486,0,1,0.09164229384328647
9487,0,1,0.09694795583087563
9488,0,0,0.08963918325828263
9489,0,0,0.04672942381141651
9490,0,1,0.05073266834181776
9491,0,1,0.03495032705603667
9492,0,1,0.03043130692182154
9493,0,1,0.08716576392374259
9494,0,0,0.08377801323169293
9495,1,0,0.019449794747408697
9496,0,0,0.08597929935395168
9497,0,0,0.08621179226122735
9498,0,1,0.04475999337629854
9499,0,1,0.04279902021806574
9500,0,1,0.012581010306632959
9501,1,1,0.06527059663514173
9502,0,0,0.07835441973051994
9503,0,1,0.015723188964144923
9504,0,1,0.038438016166744235
9505,0,1,0.04442724023104524
9506,1,1,0.08577791248058611
9507,0,1,0.005308962114078231
9508,0,1,0.07777576355722722
9509,0,1,0.08004762477858782
9510,0,1,0.0422319331777664
9511,0,1,0.0436350701093603
9512,0,0,0.07221560894658455
9513,0,0,0.08392100250838044
9514,0,0,0.09132122879176063
9515,0,1,0.042930796792430864
9516,0,1,0.08231117813990718
9517,0,1,0.04214024776776633
9518,0,1,0.08779681145467219
9519,0,1,0.07768882891638212
9520,0,0,0.08171489526600648
9521,0,1,0.07735741793005008
9522,0,1,0.07875276789306355
9523,0,1,0.03850212849954778
9524,0,0,0.0801322926253424
9525,0,0,0.08634220237288376
9526,1,1,0.05876154941657398
9527,0,0,0.05427162844006404
9528,0,0,0.06882667758049497
9529,0,1,0.0474608981104033
9530,0,0,0.051515772940444335
9531,1,0,0.060063815266148846
9532,0,1,0.04421589258518667
9533,0,1,0.038273959040362654
9534,0,1,0.05030564462350259
9535,0,1,0.04214024776776633
9536,0,0,0.04553285619214222
9537,0,0,0.046120443641940845
9538,0,0,0.09219674540434614
9539,0,1,0.04308494828935824
9540,0,1,0.07410432089358658
9541,1,1,0.06359044969080015
9542,0,0,0.019842826521875887
9543,0,1,0.04046336671323881
9544,0,1,0.0787441006884374
9545,0,0,0.08181075856798804
9546,0,1,0.02198446403007049
9547,0,1,0.028047197800796092
9548,0,1,0.038381242670394534
9549,0,1,0.07966829800056063
9550,0,0,0.03820629302545255
9551,0,1,0.07456967882629192
9552,1,1,0.08009116950421545
9553,0,1,0.07996145510814294
9554,1,0,0.04767248809829623
9555,0,1,0.07988031568874228
9556,0,0,0.038920916811884705
9557,1,1,0.023418893989506515
9558,1,1,0.047698416957285286
9559,0,0,0.05680514268821596
9560,0,1,0.05119991293712063
9561,0,1,0.09369363854516446
9562,0,1,0.0657419251048994
9563,0,1,0.054723328487492506
9564,0,1,0.07758624995752311
9565,0,0,0.08313944527349787
9566,1,0,0.07434098835436294
9567,0,0,0.0373552360827347
9568,0,1,0.08768984530823579
9569,1,1,0.0813630326916471
9570,0,1,0.07662913860202733
9571,0,1,0.08114331154522006
9572,0,0,0.06847844052954571
9573,0,0,0.07751804111922156
9574,1,1,0.0382744836151359
9575,0,1,0.04002236167081894
9576,0,1,0.07454998887642561
9577,0,0,0.08189797583617256
9578,0,0,0.023855342129560118
9579,0,0,0.051202959055320504
9580,1,1,0.08916331762802993
9581,0,1,0.03042025045533772
9582,0,0,0.047089791245610774
9583,0,0,0.04443790282676803
9584,0,1,0.04233486833885632
9585,1,1,0.09914438904466694
9586,0,1,0.0892808441204061
9587,0,1,0.04617425916722977
9588,0,0,0.046165189702475254
9589,0,0,0.05637794951478012
9590,0,0,0.04666685725462113
9591,0,1,0.04570057980110148
9592,0,0,0.06410654866827183
9593,0,0,0.03468969246128609
9594,0,1,0.05017322018942564
9595,1,1,0.04025859183184405
9596,0,1,0.033725790791073365
9597,0,1,0.08011112689731473
9598,0,1,0.06862570333517833
9599,0,0,0.052329579719130936
9600,0,0,0.07718505027531683
9601,0,0,0.07145076960051204
9602,1,0,0.0452008819103702
9603,0,0,0.06853496839555157
9604,0,0,0.05058645661381704
9605,0,1,0.03603987509452444
9606,0,1,0.013996920448784816
9607,0,1,0.08076849559372912
9608,0,1,0.036428495177790905
9609,0,0,0.04571813588168984
9610,0,1,0.07906196747154955
9611,1,0,0.04885535404390029
9612,0,0,0.09845686657203181
9613,0,1,0.05245409600505756
9614,0,1,0.08058314370934687
9615,0,0,0.04930466549943609
9616,0,1,0.08544808604230414
9617,0,1,0.08486909044827809
9618,0,0,0.093297902556746
9619,1,1,0.008879468078786833
9620,0,0,0.07172100855994192
9621,0,1,0.08349313729019056
9622,0,0,0.08113339884678877
9623,0,1,0.04420098395804104
9624,0,1,0.05588413752955621
9625,0,1,0.05796331337128573
9626,0,1,0.07306631324190445
9627,1,0,0.08037158467338637
9628,1,1,0.08363458805017157
9629,0,1,0.04322024611069538
9630,0,0,0.04407451622197983
9631,0,1,0.041980624796529455
9632,0,1,0.08325178226934589
9633,0,0,0.08043417280472197
9634,0,1,0.011979812420145064
9635,0,0,0.06569335105342913
9636,0,1,0.02888026678657087
9637,0,1,0.08028670362835244
9638,1,1,0.09849405005797741
9639,1,1,0.06877294587840413
9640,0,0,0.08379695728264024
9641,0,0,0.03821087728562173
9642,0,0,0.059423767213243786
9643,0,1,0.019546173345616966
9644,1,0,0.038629380175033395
9645,0,0,0.0426570415905432
9646,0,1,0.05249344658488511
9647,1,1,0.06109910104784503
9648,1,0,0.04627993788283059
9649,0,1,0.04850653592814275
9650,0,1,0.09805352387063451
9651,0,1,0.054146583146466906
9652,0,0,0.05196654916504622
9653,0,1,0.04716259153637179
9654,0,1,0.042074801206682035
9655,0,1,0.10071855993169485
9656,0,0,0.04981767047135371
9657,0,0,0.06900441784352584
9658,1,1,0.0775370540762619
9659,0,1,0.051731386857616427
9660,0,1,0.08713883163830982
9661,0,1,0.047664016769343155
9662,0,1,0.08068770517926288
9663,0,1,0.08182252626242438
9664,1,0,0.054101789450186955
9665,0,0,0.09955295809104979
9666,0,1,0.06175062090436299
9667,0,1,0.021280572858819992
9668,1,0,0.07655079026971287
9669,0,1,0.04739638811776711
9670,0,1,0.10620297467426626
9671,0,0,0.0792319350545049
9672,0,1,0.03839662676067536
9673,0,0,0.048523387915437685
9674,0,1,0.04226472180955263
9675,0,1,0.08156209789724923
9676,0,0,0.09366364029383162
9677,0,0,0.025112130394543807
9678,0,1,0.07978606148733183
9679,0,1,0.08284071626670893
9680,1,1,0.07386981618924827
9681,0,0,0.08537191286581408
9682,0,0,0.04375732015850657
9683,0,1,0.05598375166614841
9684,1,1,0.03908027525868807
9685,0,0,0.05788489690094119
9686,0,0,0.029776674121118427
9687,1,1,0.03502685162412206
9688,0,1,0.06578209866672668
9689,0,1,0.05301564822452916
9690,0,0,0.04512801039063667
9691,1,1,0.025834577171605224
9692,0,1,0.04724449310912292
9693,1,1,0.07838724187570818
9694,0,1,0.04985601748895774
9695,0,0,0.0881820483344313
9696,0,1,0.05558045607057666
9697,0,1,0.04261214758492898
9698,0,0,0.03752557075062589
9699,1,1,0.03420877584326244
9700,0,0,0.0796409314342928
9701,0,1,0.04172999530083297
9702,1,1,0.045117012809127416
9703,0,0,0.061833596652755146
9704,0,1,0.072173281066065
9705,0,1,0.04535694904072981
9706,0,0,0.06082075054724019
9707,0,0,0.07655079026971287
9708,0,0,0.060050769124444035
9709,0,0,0.005471153987733185
9710,0,1,0.03456691911124349
9711,0,1,0.024740768929105192
9712,0,1,0.08441759940684918
9713,0,1,0.041154912399248914
9714,0,1,0.0742847679266932
9715,0,1,0.05239930637791823
9716,0,1,0.022160942776795374
9717,0,1,0.07187623320523191
9718,1,0,0.016617521720228328
9719,0,1,0.04772025030455439
9720,0,1,0.03338722575121184
9721,0,1,0.03899631485006558
9722,0,0,0.0757891548425194
9723,0,1,0.09396785439536315
9724,0,1,0.04374619602660666
9725,0,0,0.04530784801774985
9726,0,1,0.04475634934860534
9727,0,0,0.084808212543527
9728,0,1,0.046900161681062286
9729,0,1,0.053248403441559
9730,0,1,0.11129889123874298
9731,0,0,0.05166322379863306
9732,0,1,0.11461246613803885
9733,0,1,0.04682744430982233
9734,0,1,0.04025859183184405
9735,1,1,0.11064542414286754
9736,1,1,-0.002590392407849397
9737,0,1,0.04551214251247268
9738,0,1,0.0629636243182266
9739,0,1,0.034152091840413984
9740,0,1,0.08049764571550241
9741,0,1,0.0898183545431828
9742,0,0,0.004036648581796625
9743,0,1,0.09247910936950526
9744,0,1,0.061595184603693315
9745,0,0,0.09709893997404151
9746,0,0,0.09208664694809193
9747,0,1,0.07675815860820134
9748,0,0,0.07967350202203448
9749,0,1,0.09138438206193304
9750,0,1,0.09213936924026234
9751,0,1,0.05261255872444559
9752,0,1,0.04663334591397374
9753,1,0,0.07736654724581082
9754,0,0,0.08443343790708856
9755,0,1,0.0784246779871454
9756,0,0,0.08377177212389066
9757,0,0,0.08434426423361133
9758,0,0,0.05546310198158473
9759,1,0,0.08746795609905189
9760,0,1,0.04702965213870075
9761,0,0,0.08238771079035402
9762,0,0,0.043295322797942584
9763,1,1,0.04068994880762647
9764,0,0,0.08125334368108353
9765,0,0,0.0579543862838086
9766,0,1,0.09655002891918724
9767,0,0,0.08747236137970377
9768,0,1,0.033971084775954945
9769,0,1,0.08608013142192836
9770,0,0,0.07362099523004867
9771,1,1,0.09168714196456536
9772,0,0,0.044844736464527954
9773,0,1,0.04610268889455183
9774,0,0,0.07892968432341413
9775,0,1,0.038204573625740874
9776,0,1,0.04706574147304195
9777,0,0,0.045948741078225185
9778,1,1,0.04234439564595257
9779,0,0,0.04025221884598594
9780,0,1,0.041821924348932685
9781,0,0,0.08562409668496143
9782,0,1,0.04427346842792444
9783,0,1,0.05254791919433568
9784,0,1,0.05030564462350259
9785,0,0,0.04723035190543059
9786,0,1,0.07374226136263218
9787,0,0,0.04132360178904484
9788,0,1,0.05645993718192244
9789,0,0,0.04527171037078388
9790,1,0,0.025879101150457422
9791,0,0,0.0686502266530238
9792,0,0,0.10017700668858653
9793,0,1,0.10480121462574926
9794,0,1,0.08862375024991297
9795,0,1,0.04994158473482059
9796,0,0,0.031937447154731874
9797,0,1,0.06474013172155366
9798,0,0,0.03604821009102492
9799,0,0,0.08575397311890415
9800,0,0,0.06505476470741146
9801,0,0,0.050419614840345364
9802,0,0,0.0476599072723671
9803,0,0,0.07294403348300613
9804,0,0,-0.0011709000315939626
9805,0,1,0.05115646633917417
9806,0,1,0.048377756444310874
9807,0,0,0.04616422301310254
9808,0,1,0.058639477166668286
9809,0,1,0.062487669630738846
9810,0,1,0.05729743661759404
9811,0,0,0.057605315858420145
9812,0,1,0.03500702408031355
9813,0,1,0.044515261857893236
9814,0,0,0.08076495445072164
9815,0,1,0.07944513735719232
9816,0,1,0.07630424561285183
9817,0,1,0.07655079026971287
9818,0,1,0.04047583899995371
9819,0,0,0.03641866891103777
9820,0,1,0.08621250094674074
9821,0,0,0.031678590507535756
9822,0,1,0.08885077771013969
9823,0,0,0.06796015267288423
9824,0,1,0.04086124032263962
9825,1,1,0.04906810813019146
9826,0,1,0.040567496514838285
9827,0,0,0.07662174247330641
9828,1,0,0.08900590864089082
9829,1,1,0.0416068521698251
9830,0,1,0.038920916811884705
9831,1,1,0.06690802954939477
9832,0,0,0.04743542907772075
9833,0,1,-0.0022314072174951464
9834,0,0,0.04295077739613584
9835,0,0,0.025386521684891066
9836,0,1,0.08780926604551595
9837,0,1,0.04118014293240987
9838,0,1,0.08166005450588117
9839,0,1,0.06777669986715214
9840,0,1,0.0335419253932287
9841,0,0,0.08234330327752294
9842,0,1,0.08304369644118287
9843,0,1,0.049622888781777806
9844,0,1,0.08243883480852487
9845,0,1,0.043439837065038484
9846,0,1,0.04946299679295449
9847,0,1,0.10315959060569709
9848,0,1,0.044237220103330754
9849,0,1,0.07437901982345256
9850,1,0,0.08006539421495111
9851,0,0,0.05352476068251187
9852,0,0,0.07408868345233183
9853,0,1,0.0439569546374214
9854,0,0,0.020881893738268674
9855,1,1,0.05191213622571947
9856,0,1,0.044532658314634176
9857,0,1,0.0431160215124914
9858,0,1,0.07536485372263942
9859,0,1,0.06735263495392202
9860,1,1,0.03554206135611911
9861,0,0,0.03389957834678962
9862,0,0,0.05350745018621793
9863,0,0,0.04906810813019146
9864,1,0,0.04357784418418455
9865,0,1,0.04323013953116316
9866,0,1,0.08080926476745388
9867,0,0,0.05031240725269602
9868,0,1,0.04790339898625075
9869,0,1,0.07768882891638212
9870,0,0,0.08613813955334038
9871,0,0,0.046146802615753005
9872,0,0,0.08001179632335187
9873,0,1,0.08146849167653579
9874,0,1,0.03651174111918132
9875,0,1,0.026516276273160885
9876,1,1,0.01397491564876624
9877,0,1,0.08162629861396503
9878,0,1,0.03708638035292518
9879,0,0,0.04000028052606119
9880,0,1,0.08267986369858096
9881,0,0,0.08233023096965224
9882,0,1,0.042319197799646824
9883,0,1,0.03916893353395734
9884,0,1,0.04571813588168984
9885,0,0,0.04537396115900276
9886,0,1,0.05263733340242356
9887,0,1,0.04277922423773461
9888,0,0,0.04605215831194064
9889,0,0,0.08703105442998929
9890,1,1,0.05538607021005214
9891,0,1,0.042447999731179756
9892,0,1,0.10043631786773502
9893,0,1,0.07850314685397725
9894,0,1,0.07491821271079377
9895,0,1,0.042957701355974834
9896,0,0,0.08986929061508506
9897,0,1,0.07221179089361632
9898,1,1,0.030367355108075603
9899,1,0,0.08162629861396503
9900,1,0,0.06406535765499266
9901,0,1,0.08768984530823579
9902,0,0,0.021188373054975916
9903,0,0,0.07586976629197584
9904,1,1,0.04946299679295449
9905,0,1,0.04407465317490397
9906,0,0,0.08132716324220501
9907,0,1,0.07073419989638219
9908,0,0,0.06205028752875569
9909,0,1,0.07879658219099075
9910,0,0,0.02539128661135337
9911,0,1,0.029399716505158567
9912,0,1,0.03654731373419466
9913,0,1,0.03926318931482025
9914,0,1,0.03584893016496272
9915,0,1,0.03605921191582454
9916,0,1,0.03588780177728833
9917,1,1,0.04713961586482546
9918,0,0,0.03404426062620018
9919,0,1,0.05167528215388427
9920,0,0,0.0817650612691264
9921,0,1,0.049060682164849594
9922,0,1,0.05115646633917417
9923,1,1,0.07770240114346716
9924,0,1,0.08600914660956999
9925,0,1,0.04800359319794964
9926,1,1,0.08310487962572184
9927,0,1,0.06440754017518881
9928,0,0,0.08234137091885371
9929,0,1,0.11480572475618508
9930,0,1,0.050751926016228854
9931,0,0,0.018014823424925355
9932,0,0,0.0812853570474549
9933,0,1,0.03917976447534344
9934,0,1,0.07997785062699872
9935,0,1,0.04096787966372083
9936,0,0,0.037710572466270284
9937,0,1,0.08153542799825449
9938,0,1,0.06140363528369608
9939,0,1,0.03132417617181234
9940,0,1,0.04513960971646084
9941,0,1,0.05492575517752597
9942,0,1,0.07175638950875023
9943,0,1,0.07810308245074213
9944,0,1,0.06675808655442571
9945,0,0,0.046667451433141945
9946,0,1,0.044059465002031
9947,0,1,0.07655922193775425
9948,0,0,0.05077747978574266
9949,1,1,0.053409015801720756
9950,0,0,0.04749448783352665
9951,0,0,0.07578088715116632
9952,0,1,0.016211101120674545
9953,0,1,0.042171942996898186
9954,0,1,0.028262102712148292
9955,0,1,0.05738112896343578
9956,0,1,0.03132417617181234
9957,0,1,0.0441280802198236
9958,0,0,0.062085165822481976
9959,1,1,0.04300896102923558
9960,0,0,0.045355425303759286
9961,0,1,0.058076586090446664
9962,0,0,0.08382788682180885
9963,0,1,0.03628177221228941
9964,0,1,0.051088540033094564
9965,0,0,0.0460833976333407
9966,0,1,0.07578395613852255
9967,0,1,0.05000470555925484
9968,0,1,0.04609801683356626
9969,0,0,0.04723776221128688
9970,0,1,0.08214583954666024
9971,0,1,0.022675985353849574
9972,0,1,0.03702385152754591
9973,0,1,0.06528850574850757
9974,0,1,0.038054073635557926
9975,1,0,0.07735961696002809
9976,1,0,0.06528850574850757
9977,0,1,0.07599418637069996
9978,0,0,0.04359108205539436
9979,0,1,0.05257507230114003
9980,0,1,0.09003234837483753
9981,1,1,0.0651630361937734
9982,0,1,0.08295139479434048
9983,0,1,0.07445722786932904
9984,0,0,0.08251607222403363
9985,0,1,0.08148928044212572
9986,0,1,0.08942344186882376
9987,0,1,0.060804278719824634
9988,0,0,0.043990834799252955
9989,0,1,0.03758352251242711
9990,1,1,0.07535673383189896
9991,0,1,0.03043517033131084
9992,0,1,0.08354564376236866
9993,0,1,0.07249553324545899
9994,0,0,0.04883105550779752
9995,0,0,0.04898117010143956
9996,0,1,0.07937911320412214
9997,0,1,0.05099867534864544
9998,0,0,0.0438914711969067
9999,0,1,0.03746217585802508
10000,0,1,0.08929669956095254
10001,0,1,0.08102700604077867
10002,1,1,0.07629346017806389
10003,0,1,0.04669505797623364
10004,0,0,0.040015172905449856
10005,0,1,0.02776735967318658
10006,0,0,0.035600747538804565
10007,1,1,0.043312221767150993
10008,1,1,0.030367355108075603
10009,0,0,0.0372549956129583
10010,0,0,0.05048594343155821
10011,0,0,0.045809481501637966
10012,1,1,0.03645128031953315
10013,0,1,0.09239116347998576
10014,0,0,0.09595426280969219
10015,1,1,0.0740135564805452
10016,0,1,0.07979476594587179
10017,0,1,0.0751619817466029
10018,0,1,0.10115279806276575
10019,0,0,0.09495613381933016
10020,0,1,0.10579044002056136
10021,0,0,0.07401780386381408
10022,0,1,0.09439553198240519
10023,0,0,0.049726149140339085
10024,0,1,0.039506465877154805
10025,0,0,0.03940415397844711
10026,0,1,0.0034497371554992745
10027,0,1,0.08340571195602382
10028,1,0,0.0791092956086186
10029,0,1,0.03642636096602273
10030,0,1,0.0490197974529959
10031,1,1,0.08643703246580839
10032,0,1,0.05290587931925237
10033,1,1,0.06074140058129962
10034,0,1,0.05054739022613207
10035,0,0,0.038690269807123125
10036,0,0,0.04070992938702986
10037,0,1,0.049271348213712124
10038,0,0,0.08804105109317123
10039,0,1,0.05709328787354782
10040,0,1,0.047941676541196084
10041,0,1,0.08243436704040145
10042,0,1,0.046751129506785394
10043,0,1,0.08146823623130152
10044,0,0,0.0841727337841097
10045,0,0,0.07766117812491405
10046,0,1,0.09230723996288685
10047,0,0,0.0693170853093172
10048,0,1,0.08365479825945708
10049,0,0,0.05183275350692586
10050,0,0,0.054149286738674654
10051,0,1,0.06469312066028554
10052,0,0,0.07515497024404916
10053,0,1,0.08604915818083675
10054,0,1,0.03738474933101012
10055,0,1,0.025292631592282483
10056,0,1,0.046118491619737606
10057,0,1,0.08538027169254149
10058,0,0,0.07922471383434912
10059,0,1,0.039037268526598536
10060,0,1,0.0757891548425194
10061,0,1,0.08943033564354062
10062,1,1,0.04537269520239273
10063,0,0,0.07970289861965486
10064,0,1,0.03871382799528161
10065,0,1,0.042993126192508446
10066,0,1,0.035243345409306286
10067,1,1,0.060499614661969334
10068,0,0,0.04096787966372083
10069,0,1,0.06846271492735544
10070,0,1,0.10870555139073634
10071,0,1,0.04961924025060328
10072,0,1,0.04670399984764142
10073,0,1,0.08227974077822568
10074,0,0,0.08048081663262466
10075,1,1,0.03679712376399301
10076,1,1,0.048973737558035656
10077,0,1,0.05014002701402219
10078,0,0,0.038882962075750316
10079,0,1,0.0886754016346045
10080,1,1,0.04785412403844724
10081,1,0,0.06257035645597223
10082,0,1,0.034275437244080664
10083,0,0,0.08500139459937171
10084,0,1,0.0810391087251503
10085,0,0,0.07499884418990674
10086,0,0,0.0470685138885813
10087,0,1,0.04632877626113537
10088,0,0,0.08768984530823579
10089,0,0,0.09088533867603524
10090,0,1,0.030996769266892557
10091,0,1,0.043435339435850415
10092,0,0,0.08136654565106476
10093,1,1,0.035506545854807794
10094,0,0,0.07009835970735996
10095,0,1,0.07613549720795759
10096,0,1,0.07703806500443613
10097,0,0,0.07908276019323934
10098,0,1,0.08368188535992521
10099,0,0,0.08600914660956999
10100,1,0,0.08312028005379471
10101,0,1,0.04803028223206594
10102,1,1,0.03510983031671812
10103,0,1,0.08238771079035402
10104,0,1,0.04838713001071587
10105,0,1,0.043253617991211926
10106,0,1,0.04484840649619488
10107,0,1,0.03934848234397523
10108,0,1,0.08734536739197707
10109,0,1,0.07967935859255865
10110,0,1,0.07062089972747296
10111,1,1,0.08351018825755892
10112,0,1,0.08965813028248305
10113,0,1,0.09261959025066112
10114,0,1,0.050625403353068095
10115,1,1,0.0749239217365041
10116,0,1,0.03430897978121834
10117,0,0,0.06355859740741787
10118,0,1,0.06257380467320568
10119,0,1,0.019348689925052544
10120,0,1,0.08091551649660611
10121,0,1,0.08166005450588117
10122,0,1,0.04135217820018682
10123,1,1,0.03223271942108359
10124,0,1,0.08476777297780329
10125,0,0,0.053752724866046084
10126,0,0,0.018832043267154937
10127,0,0,0.02668141983547075
10128,0,1,0.0837183419052918
10129,0,0,0.060256678092778515
10130,0,1,0.04934896653861722
10131,0,1,0.07597079784550642
10132,1,0,0.046751129506785394
10133,0,1,0.05907304853231566
10134,0,1,0.07495605943711457
10135,0,1,0.046323410043722583
10136,0,0,0.03482192089637494
10137,0,1,0.061484235128770465
10138,0,0,0.0452314866134275
10139,0,1,0.04165700040935539
10140,0,1,0.053538517850870035
10141,0,1,0.07976970668979627
10142,0,1,0.03996224133095279
10143,1,1,0.0430487677074076
10144,0,1,0.06459654639226974
10145,0,0,0.049666822554722656
10146,0,1,0.059801319098770234
10147,0,1,0.04650982573285376
10148,0,1,0.04315879001233333
10149,0,1,0.04659940119489209
10150,0,0,0.08028407730053691
10151,0,0,0.03353132004226255
10152,0,1,0.09177857653129756
10153,0,1,0.0489487926653227
10154,0,0,0.04223573158960247
10155,0,1,0.0629202114286173
10156,1,1,0.05497916100652726
10157,0,1,0.04449021596394512
10158,0,0,0.03982259065228417
10159,0,0,0.036133689443542845
10160,0,0,0.07428733642200622
10161,0,1,0.031981136645060006
10162,0,0,0.021974374162717542
10163,0,1,0.03881569991372395
10164,1,1,0.07604957995792509
10165,0,1,0.055028784632115954
10166,0,1,0.022050311067048422
10167,0,1,0.08272163109796797
10168,0,1,0.03600295401999008
10169,0,1,0.059069829758005205
10170,0,1,0.04876562679921271
10171,0,1,0.04736485881139716
10172,0,1,0.07472023631250947
10173,0,1,0.05729743661759404
10174,1,0,0.044135570851317515
10175,0,0,0.06741533796982421
10176,0,1,0.07410432089358658
10177,0,0,0.036858074816458586
10178,0,1,0.08230285262199091
10179,0,0,0.08125393048041095
10180,0,0,0.03265189219084678
10181,0,0,0.04754155501215022
10182,0,0,0.043719370455441706
10183,0,1,0.05540782204312164
10184,0,0,0.04380662790013188
10185,0,0,0.030367355108075603
10186,0,1,0.06577887519893554
10187,0,0,0.07173047258434469
10188,0,1,0.05206806930494248
10189,0,0,0.022567447185625207
10190,0,1,0.07446956525485865
10191,0,0,0.07038939179824855
10192,0,0,0.06137807858260732
10193,1,1,0.0369893425681761
10194,0,0,0.08609261568450062
10195,0,0,0.08089354207147094
10196,0,1,0.04374869738627051
10197,0,1,0.09831073059897191
10198,1,1,0.07749508186461089
10199,0,1,0.044877726286539306
10200,0,1,0.0802761270608695
10201,0,0,0.029865829569656333
10202,0,1,0.04695359883218259
10203,0,1,0.03071659431923525
10204,0,0,0.045860852078214595
10205,0,0,0.040147916885152554
10206,0,1,0.03627230925204915
10207,0,1,0.039830120100427906
10208,0,1,0.03945060488813156
10209,0,1,0.038630308206870766
10210,0,0,0.08387587695740037
10211,0,1,0.07401569851858475
10212,1,1,0.08484804716848715
10213,1,1,0.08347572956405114
10214,0,0,0.07981139121738129
10215,0,1,0.04167307164522353
10216,0,1,0.05290587931925237
10217,0,1,0.11584086898697551
10218,0,0,0.045883127611032956
10219,0,0,0.04607727173066226
10220,1,1,0.10325710803582941
10221,0,0,0.08093555845960505
10222,1,1,0.054107243187756615
10223,0,0,0.07424930806706004
10224,0,0,0.08223694116105883
10225,0,1,0.04570611146441381
10226,1,1,0.09620538936415439
10227,0,1,0.02879569415670556
10228,0,1,0.0388461138123513
10229,0,0,0.05806896043655538
10230,1,1,0.043580025077213154
10231,0,1,0.09023556667243952
10232,0,0,0.010182233815904378
10233,0,0,0.07805009585689002
10234,0,1,0.0778311130492044
10235,0,1,0.08132141972491543
10236,0,1,0.08963762676867486
10237,1,1,0.10594715536962757
10238,0,0,0.04698584689084954
10239,0,1,0.0367135469810977
10240,0,0,0.09193058943795204
10241,0,0,0.08941337791577204
10242,0,1,0.07273145816250948
10243,0,0,0.11418528104083919
10244,0,1,0.046394886238990574
10245,0,1,0.01963587453071375
10246,1,1,0.06327835318033369
10247,0,1,0.037440160029910755
10248,0,1,0.06919365546609932
10249,0,1,0.06310156591729876
10250,0,0,0.07919586684918983
10251,0,1,0.07876702907382098
10252,0,0,0.09637836132220651
10253,0,1,0.0910614432345173
10254,0,0,0.07459663672797763
10255,0,1,0.046832128341634416
10256,0,1,0.03791880973879533
10257,0,1,0.04759159739729674
10258,0,1,0.08304701943119353
10259,0,1,0.03290126399375086
10260,0,1,0.06703507451443677
10261,0,1,0.035985318571768544
10262,0,0,0.04643929968737426
10263,0,0,0.09349405593132068
10264,0,0,0.05229334469549614
10265,1,1,0.05096337530388638
10266,1,0,0.08071451514139588
10267,1,1,0.07463167190495967
10268,1,1,0.054873310976957794
10269,0,1,0.08105159579238859
10270,1,1,0.09676231718552168
10271,0,0,0.062071855851159125
10272,0,1,0.08885643305146747
10273,0,1,0.040585248672935274
10274,0,0,0.08752818469535147
10275,0,1,0.0436823219618258
10276,0,0,0.057449967109219326
10277,0,0,0.07698986897587856
10278,0,0,0.035917698948049824
10279,0,0,0.09050577965614143
10280,0,0,0.04710887442507134
10281,0,1,0.03737830028267051
10282,0,0,0.04214956628480998
10283,0,1,0.08230321665046952
10284,0,1,0.07498172181122198
10285,0,1,0.0347587777996556
10286,0,1,0.03830353099447882
10287,0,0,0.046882183182240855
10288,1,1,0.08006006806527924
10289,0,1,0.07564698096518238
10290,0,0,0.031111465382442416
10291,0,1,0.05711605923141078
10292,0,1,0.03728989737238311
10293,0,0,0.05231536139833742
10294,0,1,0.0829802440479527
10295,0,1,0.03548701253419491
10296,0,0,0.07281170364479286
10297,0,1,0.08071807351013796
10298,0,0,0.04551439132442919
10299,0,1,0.04041327011592354
10300,1,1,0.043427963972686875
10301,0,0,0.0791588578113587
10302,0,1,0.05280585142760581
10303,0,1,0.07142946089705506
10304,0,1,0.06223503646059374
10305,0,1,0.039878255203546834
10306,0,1,0.05854359078741491
10307,0,0,0.056061994311345766
10308,0,1,0.07050632858844598
10309,0,0,0.043453616793257266
10310,0,0,0.046974259338632196
10311,1,0,0.06205028752875569
10312,0,1,0.06806319920525389
10313,0,0,0.03910662559395896
10314,0,1,0.08527636125679694
10315,0,1,0.05324712659165441
10316,0,1,0.08132141972491543
10317,0,0,0.09429411959507672
10318,0,1,0.0850042348625027
10319,0,1,0.08316878216328952
10320,0,1,0.07527631110822858
10321,0,1,0.04888109317937623
10322,0,1,0.042719538444770125
10323,0,1,0.09417490929471134
10324,1,1,0.08283933504083835
10325,0,0,0.0361614434532311
10326,1,1,0.08504145845821573
10327,0,0,0.0463770688461868
10328,0,1,0.06562250858526261
10329,0,1,0.0487348971580694
10330,0,0,0.07911936012814642
10331,0,0,0.08042699022772953
10332,0,1,0.04681677706931059
10333,1,1,0.07482229006135074
10334,0,1,0.08553425574063951
10335,0,1,0.07435800229421868
10336,0,1,0.017254957986360422
10337,1,1,0.027101733657852515
10338,1,1,0.07088377657861158
10339,0,1,0.03878806613800475
10340,0,1,0.05407033722955171
10341,0,1,0.04066683176329121
10342,0,0,0.05756486087327768
10343,0,0,0.08888655852395158
10344,1,1,0.08137983012788863
10345,0,1,0.03949279117554574
10346,0,1,0.09386304194972221
10347,0,0,0.09201974088849546
10348,1,1,0.041148166775655776
10349,0,1,0.04325390018282324
10350,0,0,0.061085341581909425
10351,0,1,0.08099545687426338
10352,0,1,0.03692463105155277
10353,0,1,0.0807830666837719
10354,0,0,0.08300556566385901
10355,0,0,0.0988538460461919
10356,0,1,0.09164578033146326
10357,0,1,0.04186852761977304
10358,0,1,0.08119224599541813
10359,0,1,0.02726580452652095
10360,0,1,0.053657077845698405
10361,0,0,0.09348815961553994
10362,0,0,0.0641145407005647
10363,0,1,0.044255440514397726
10364,1,1,0.08416150541142291
10365,0,0,0.0998769739833924
10366,0,1,0.04053902574723414
10367,0,1,0.04295933786915774
10368,0,1,0.04865101471186422
10369,0,0,0.10355015178680697
10370,0,1,0.11142275206489291
10371,0,1,0.043571426319492464
10372,1,0,0.0611634170723305
10373,1,1,0.03820629302545255
10374,1,1,0.05898051257142495
10375,0,1,0.044774226748330134
10376,0,1,0.0735034452390559
10377,0,1,0.07167900216871886
10378,0,1,0.041611531121742665
10379,0,1,0.08099217123173852
10380,0,0,0.08835816452891224
10381,0,1,0.03614860064825069
10382,0,0,0.03122789143841724
10383,0,1,0.07340574051085992
10384,0,1,0.046677778609160545
10385,0,1,0.0800201543718436
10386,1,1,0.06060486022321059
10387,0,1,0.028481692624190848
10388,0,1,0.05941954062591079
10389,0,1,0.07918653777371015
10390,0,1,0.04519390054698798
10391,0,1,0.0834648850657125
10392,0,1,0.07769010669723517
10393,0,1,0.058615652953931785
10394,0,1,0.016107058044010907
10395,0,0,0.07381819330470317
10396,0,1,0.08034403802680713
10397,0,0,0.08337109142263735
10398,1,0,0.05900348027076776
10399,0,1,0.06525906263867176
10400,0,0,0.05331488993654415
10401,0,1,0.08011059453591889
10402,0,1,0.04805443866488539
10403,1,1,0.08285513815897415
10404,0,0,0.051445677975332206
10405,1,1,0.07617122981412938
10406,0,0,0.07980977314441422
10407,1,0,0.0392914746754282
10408,1,1,0.09391919327990561
10409,0,1,0.06412839039360946
10410,0,1,0.04906810813019146
10411,0,1,0.014354611001441447
10412,0,1,0.07683249263477224
10413,0,1,0.06284900733484208
10414,0,1,0.08144504629324409
10415,0,1,0.04659940119489209
10416,0,1,0.03850911471294962
10417,0,0,0.021036803055700225
10418,0,0,0.04132218544458093
10419,0,1,0.0761266464393493
10420,0,0,0.04668224355712788
10421,0,1,0.10048093934843733
10422,0,1,0.028675025239661887
10423,0,1,0.049177479164883346
10424,0,1,0.04052037276440881
10425,0,1,0.07583833061036183
10426,0,0,0.03859201402641874
10427,0,0,0.04822725376148111
10428,0,1,0.07841198026643169
10429,0,1,0.03404426062620018
10430,1,1,0.048762371012491826
10431,0,1,0.05027065721932028
10432,0,1,0.059126968790625706
10433,1,1,0.05699143268924141
10434,0,1,0.08693571425446531
10435,0,0,0.06751572255212429
10436,0,0,0.05402036799215909
10437,0,0,0.049027558589659855
10438,1,0,0.09172866132111641
10439,0,0,0.03584188319241338
10440,0,1,0.07312504058805862
10441,1,1,0.029092796955935453
10442,0,1,0.042349462523270785
10443,0,1,0.05502673683961698
10444,0,1,0.036134112058276116
10445,0,1,0.0713870168696058
10446,0,1,0.0962202884114629
10447,0,1,0.04343205517009363
10448,0,0,0.0869176742578831
10449,0,0,0.044209459524239714
10450,0,1,0.09960336681278166
10451,0,0,0.04591198189906796
10452,0,1,0.07534875537414575
10453,0,0,0.04175929056027687
10454,0,1,0.046174335024773236
10455,0,1,0.035665428709341786
10456,0,0,0.04421589258518667
10457,0,1,0.03748034236403001
10458,0,0,0.08540661838989685
10459,0,1,0.09699099852829424
10460,0,0,0.08177062046479146
10461,0,1,0.08314740724821124
10462,0,0,0.07418865484251312
10463,0,1,0.083035660829849
10464,0,1,0.04512439790241682
10465,0,0,0.0530948684734786
10466,0,1,0.04289022742850827
10467,0,1,0.03423423089901184
10468,0,1,0.020568242994081717
10469,0,1,0.08387009920989663
10470,0,0,0.04805443866488539
10471,1,1,0.08599595400949488
10472,1,1,0.07639182649740114
10473,0,1,0.03500881501068069
10474,0,1,0.04047547775592381
10475,1,1,0.08287564813685981
10476,0,0,-0.0013624178616731177
10477,0,1,0.038273959040362654
10478,0,0,0.04621301685875245
10479,0,0,0.03463533992472551
10480,0,1,0.05109276954172844
10481,0,1,0.07509000646385115
10482,1,0,0.06336222416982962
10483,0,1,0.05036196508596073
10484,0,0,0.08216586225724173
10485,0,1,0.10308063624398037
10486,0,0,0.042192364903168314
10487,0,0,0.016990940868707782
10488,0,1,0.04004938805650566
10489,0,0,0.07094899768027754
10490,0,1,0.043418835921475926
10491,0,1,0.04419460665957363
10492,1,0,0.06313969680955414
10493,0,1,0.09173015112586211
10494,0,0,0.08407236401687145
10495,0,0,0.03918222915027097
10496,0,1,0.058527242279318895
10497,0,1,0.043435538141862844
10498,0,1,0.04487710514880866
10499,0,1,0.04052978046706047
10500,0,1,0.08298438542186337
10501,0,1,0.08022249743366333
10502,0,1,0.033131942318574845
10503,0,1,0.01787452654479193
10504,0,0,0.07426756184305837
10505,0,1,0.058076586090446664
10506,0,1,0.05415387907333066
10507,0,1,0.07199696561027591
10508,0,1,0.08046412767814658
10509,0,0,0.09224582981965915
10510,0,1,0.06598848444476385
10511,0,0,0.05973271450525672
10512,0,0,0.05321918856495589
10513,0,0,0.005745073309518626
10514,0,0,0.07446132348395089
10515,1,1,0.051794594843288355
10516,0,1,0.05556783719786511
10517,1,1,0.037710572466270284
10518,0,1,0.024765211289607365
10519,1,1,0.0510611370058963
10520,0,1,0.0800201543718436
10521,0,1,0.10507492632177082
10522,0,1,0.021441739147864174
10523,1,1,0.046386109682581514
10524,0,1,0.05580915830318538
10525,0,1,0.042858642561948816
10526,1,0,0.07939271537770612
10527,0,1,0.029399716505158567
10528,0,1,0.05287675338588054
10529,0,0,0.052742543010807996
10530,0,0,0.07645943261929657
10531,0,1,0.08711826194119686
10532,0,1,0.07856511097500314
10533,0,0,0.07020400340222022
10534,0,1,0.04900263533087619
10535,0,1,0.07609522451872369
10536,1,1,0.08960274425170417
10537,0,1,0.036846639435261265
10538,0,0,0.05231536139833742
10539,0,1,0.04301782423479822
10540,0,0,0.06862319883900068
10541,0,1,0.04534791795934168
10542,0,1,0.07493345060870915
10543,0,0,0.03710311634699603
10544,1,0,0.03482192089637494
10545,0,1,0.04000028052606119
10546,0,1,0.04313976838125665
10547,0,1,0.05063911942574801
10548,0,0,0.04310918061212234
10549,0,1,0.03366869679655848
10550,0,1,0.032612468813541365
10551,0,1,0.05677310798095643
10552,0,1,0.08324200513192288
10553,0,1,0.08657335429460744
10554,0,1,0.03467955825734314
10555,0,1,0.07812607724131229
10556,0,0,0.03338080321704363
10557,0,1,0.05558045607057666
10558,0,0,0.01994034500538913
10559,0,0,0.08156094011394158
10560,0,0,0.0788920725778367
10561,0,1,0.05837028485177949
10562,0,1,0.04651064363844279
10563,1,0,0.04854432767364935
10564,1,1,0.0713792982178574
10565,0,0,0.02990323283514732
10566,0,1,0.08129863195746487
10567,0,0,0.08339316019926798
10568,1,1,0.08885077771013969
10569,0,1,0.04591261703067619
10570,0,1,0.03584188319241338
10571,0,1,0.07857153760967957
10572,0,1,0.028074712021723083
10573,0,1,0.082669317777341
10574,1,0,0.005106352059444371
10575,0,0,0.04714316212960003
10576,0,0,0.09317479763687178
10577,0,0,0.04836711255523379
10578,0,0,0.08146012493871461
10579,0,0,0.0757891548425194
10580,0,1,0.07986897993854994
10581,0,1,0.0456322258600535
10582,0,0,0.08507082085426204
10583,0,0,0.049548299363258566
10584,0,1,0.046278347983665064
10585,0,1,0.054490340280916746
10586,0,0,0.07668842047461345
10587,1,0,0.06438086457457136
10588,0,1,0.06185421867234948
10589,0,1,0.0724794740372917
10590,1,1,0.0030036603770213673
10591,1,1,0.07978440484858813
10592,1,1,0.08424234041022442
10593,1,1,0.018489201601146414
10594,1,1,0.030536464549510343
10595,0,1,0.08151617552852226
10596,0,0,0.06603649967879417
10597,0,1,0.017747928682694637
10598,0,1,0.059615212460009795
10599,1,1,0.0458074929964634
10600,0,0,0.08353410399044817
10601,0,0,0.0758365336677041
10602,1,1,0.06433294768018
10603,0,0,0.03210053907555299
10604,0,1,0.004481499445441531
10605,0,1,0.02599377152211979
10606,0,0,0.053366857624857725
10607,1,1,0.045645869440508455
10608,0,1,0.09911520929638026
10609,0,1,0.08332033512987996
10610,0,0,0.06309657234640206
10611,1,0,0.06482300831126642
10612,0,1,0.037392971864912194
10613,0,1,0.04448845373765141
10614,0,1,0.08297147208767605
10615,0,0,0.0467761456387083
10616,0,1,0.050195622735663366
10617,0,0,0.03770016704999007
10618,0,0,0.040276716675547414
10619,0,1,0.0870729079414224
10620,0,1,0.05033130956903924
10621,0,1,0.04379323002397942
10622,0,0,0.03903362962204025
10623,0,1,0.046412286689948866
10624,1,1,0.10646434888176268
10625,0,0,0.035164837823858076
10626,0,1,0.04392480933232593
10627,0,0,0.04502433436105148
10628,0,0,0.05060871177859644
10629,0,0,0.05347902625886151
10630,0,1,0.04419788391489918
10631,1,1,0.07699617149649711
10632,0,1,0.04565671146890088
10633,1,1,0.09385713358551032
10634,0,1,0.05614810295156587
10635,1,1,0.07050632858844598
10636,0,0,0.05027229729296899
10637,0,1,0.06815538642118463
10638,0,1,0.03997139198498445
10639,0,1,0.07979476594587179
10640,1,1,0.06077329767442758
10641,0,1,0.032354199275243266
10642,0,1,0.0647414578784886
10643,0,1,0.08259042989375721
10644,0,1,0.04906810813019146
10645,0,1,0.03808243358327011
10646,1,1,0.07191033454890161
10647,0,1,0.053657077845698405
10648,0,1,0.08068770517926288
10649,1,0,0.04241671861853461
10650,1,1,0.08615304612575266
10651,1,1,0.01763415200868151
10652,0,1,0.02778290005203136
10653,0,1,0.03554824803241173
10654,1,1,0.04910709114842214
10655,0,1,0.07088787747116074
10656,0,1,0.030367355108075603
10657,0,1,0.09083652987953189
10658,0,0,0.04004262078846653
10659,0,1,0.05216765152822207
10660,0,1,0.07585274283472244
10661,0,0,0.05225949701459348
10662,1,1,0.0733494757204297
10663,0,1,0.07655079026971287
10664,1,1,0.09200048503730077
10665,1,1,0.06141870844642475
10666,0,0,0.08828417903049827
10667,0,1,0.044626940581415545
10668,1,1,0.05670027486372925
10669,0,1,0.009991171188340774
10670,0,0,0.04499482498018535
10671,0,1,0.08195537721148927
10672,0,1,0.047485733533206925
10673,1,0,0.0605094934996968
10674,0,1,0.08126652814842045
10675,0,1,0.05063911942574801
10676,1,1,0.03475264768993689
10677,0,0,0.08508286478774375
10678,0,1,0.03279287667312104
10679,0,1,0.04753008082616452
10680,0,1,0.06442928959420882
10681,0,0,0.05375051803906487
10682,1,1,0.052485527856408566
10683,1,1,0.04285411301387285
10684,0,1,0.08224803250204205
10685,0,0,0.08228650547980274
10686,0,1,0.046200814680880824
10687,0,1,0.10916899971490797
10688,1,1,0.024405974855094797
10689,1,1,0.032316136271816995
10690,1,1,0.07697820605960824
10691,0,1,0.051941366077885645
10692,0,1,0.08296283561682348
10693,1,1,0.03236206595145186
10694,0,1,0.07828665010204956
10695,0,1,0.07531567141062455
10696,1,1,0.03604821009102492
10697,0,1,0.08261269900543322
10698,0,1,0.08344991072449773
10699,0,1,0.08435729492380319
10700,0,0,0.05839888359932338
10701,0,1,0.08396176601848133
10702,1,1,0.07026764844945688
10703,0,1,0.044941072811455984
10704,0,1,0.05898051257142495
10705,0,0,0.057376071333711684
10706,0,0,0.08352725332877128
10707,0,1,0.061296938833079656
10708,0,1,0.07366853031736657
10709,0,1,0.019034062173187143
10710,0,0,0.06878548405702578
10711,0,1,0.042378056390191564
10712,0,1,0.08723576194496516
10713,1,1,0.07596945737581282
10714,0,1,0.06703486285029935
10715,0,1,0.07069249085916675
10716,0,0,0.04123255375198767
10717,0,1,0.04189209009340315
10718,1,1,0.07615221655261227
10719,0,0,0.08659359575400993
10720,1,1,0.04733245848122977
10721,0,1,0.041628548765767645
10722,0,1,0.051185390678543996
10723,0,1,0.07410432089358658
10724,0,0,0.03974234855570129
10725,1,1,0.026615702138528673
10726,0,1,0.044378813173193046
10727,0,1,0.04681852505192393
10728,0,1,0.03516103221105977
10729,1,1,0.08348340949396246
10730,1,0,0.08377611459605261
10731,0,1,0.03396290540875879
10732,0,0,0.041840218818159865
10733,0,0,0.07250649610736157
10734,0,1,0.034334189451570706
10735,0,0,0.06561342768740085
10736,0,1,0.05300926028705844
10737,0,0,0.06927031739397987
10738,1,1,0.09630146019244246
10739,0,1,0.04873454256403464
10740,0,1,0.04359108205539436
10741,0,1,0.05569564039897338
10742,0,1,0.04721850168521498
10743,1,1,0.05761925640987401
10744,1,1,0.0566076217709852
10745,0,1,0.08174429623639723
10746,0,1,0.04758117514685918
10747,0,1,0.04061288112870732
10748,0,0,0.08734512556389097
10749,0,1,0.08837891303383695
10750,1,1,0.06668970836424774
10751,1,1,0.03686350910225428
10752,0,1,0.02555596985685413
10753,0,0,0.04838579053650277
10754,0,1,0.04242023424267162
10755,0,0,0.05077658435200175
10756,1,1,0.08006006806527924
10757,0,1,0.03723384529011329
10758,0,0,0.05903330468912425
10759,0,0,0.09792887430215219
10760,0,0,0.03825226276871089
10761,0,1,0.07716994069219373
10762,0,1,0.08012582700715663
10763,0,1,0.08222409808646572
10764,0,1,0.044905479510219615
10765,0,1,0.03654951082415639
10766,0,1,0.08626566663574967
10767,0,1,0.08293748806363363
10768,0,0,0.08058066576457493
10769,0,1,0.06522844439436189
10770,1,1,0.05072291573671343
10771,0,1,0.05931373235559399
10772,1,1,0.07937616670969286
10773,0,1,0.04905487015405621
10774,0,0,0.10773896057814523
10775,0,0,0.049794475743111605
10776,0,0,0.07465513880189695
10777,0,0,0.07998460605536192
10778,0,1,0.08440268360364613
10779,0,1,0.039225438014757905
10780,1,1,0.05402036799215909
10781,0,0,0.03964056700895549
10782,0,1,0.04434047778008529
10783,1,0,0.045294369826699876
10784,0,1,0.04480347559550581
10785,0,1,0.07407864082310524
10786,0,1,0.0418254752782583
10787,0,1,0.062108496558293765
10788,0,1,0.047395921557491436
10789,1,1,0.07214058518778227
10790,0,1,0.06471098815725093
10791,0,1,0.08076839607796102
10792,0,1,0.06855642701269833
10793,0,1,0.026065928320133783
10794,0,0,0.0986300737653828
10795,0,1,0.03960361265085234
10796,0,0,0.08703952423816931
10797,0,1,0.08558812997647847
10798,0,0,0.09211315290357502
10799,1,0,0.061445157353865895
10800,0,1,0.03770683714264123
10801,0,0,0.03999055148638061
10802,0,1,0.03582067447030827
10803,0,0,0.0761168217848307
10804,0,0,0.042730484856787834
10805,0,1,0.07989732518807532
10806,0,0,0.08888667142062685
10807,0,1,0.04705988961741202
10808,0,1,-0.005487530498364077
10809,1,1,0.03843982124509536
10810,0,0,0.09618108414069795
10811,0,1,0.09485486366841087
10812,0,0,0.05987083242802926
10813,0,1,0.08101077921732984
10814,0,0,0.062397353297144624
10815,0,0,0.010821529053819114
10816,0,0,0.08027879896653595
10817,0,1,0.03842351049687766
10818,1,1,0.020115500211723224
10819,0,1,0.04830867577386164
10820,0,1,0.047812397619281105
10821,0,0,0.04947806395035856
10822,0,1,0.09114748749178916
10823,0,1,0.04617019976470629
10824,0,1,0.08107843061935262
10825,1,0,0.0901959074959119
10826,0,1,0.08537067251766187
10827,0,1,0.0370088364015031
10828,0,1,0.021097912686526006
10829,0,1,0.04174483639203958
10830,0,1,0.046575854721873436
10831,0,1,0.040747770316743634
10832,0,1,0.036014697082900525
10833,0,1,0.041130067254981986
10834,1,1,0.07244909153177066
10835,0,1,0.08033758937509759
10836,0,1,0.0753694999264649
10837,0,0,0.05813002409052438
10838,0,1,0.0796409314342928
10839,0,0,0.0467892320068379
10840,0,1,0.04187370754383306
10841,0,1,0.0722710389270492
10842,0,1,0.041980624796529455
10843,1,1,0.03435179792451311
10844,1,1,0.048096472297526456
10845,0,1,0.024260436736373292
10846,0,1,0.06624232805924872
10847,0,0,0.03150363669383684
10848,0,1,0.04050494085478596
10849,0,1,0.08173380617591727
10850,0,0,0.04345695713803908
10851,1,1,0.05878221253804432
10852,0,1,0.05088979496278787
10853,1,1,0.02562876727047836
10854,0,1,0.0621666887785859
10855,0,1,0.044725140556168205
10856,0,0,-0.01376850164410102
10857,1,1,0.10205732964481364
10858,0,1,0.030462632390829785
10859,1,0,0.03192493194705463
10860,1,1,0.07635196708529259
10861,1,1,0.03791501162883962
10862,1,1,0.06976974916609588
10863,0,1,0.08254576635454484
10864,0,0,0.08608013142192836
10865,0,1,0.052483657355444996
10866,0,1,0.07484527987757626
10867,0,1,0.04828212227904438
10868,0,1,0.06769601183407668
10869,0,1,0.08633853735205696
10870,0,1,0.043713504632625126
10871,1,0,0.01306052714778674
10872,0,1,0.06784044439800838
10873,0,0,0.03675936898980661
10874,0,1,0.04852027674078129
10875,0,1,0.08521409945317539
10876,0,1,0.04537269520239273
10877,1,1,0.04221023988245781
10878,0,0,0.05665110922749002
10879,0,1,0.07944129630263821
10880,0,1,0.04759159739729674
10881,0,0,0.05256247737242906
10882,1,1,0.07589428678724476
10883,0,0,0.04212531025429475
10884,0,0,0.07223364639739102
10885,0,0,0.0003540517844410557
10886,0,1,0.09083652987953189
10887,0,0,0.03492721562626376
10888,0,1,0.03591967147461945
10889,0,1,0.08206188393289586
10890,0,0,0.05908389851287728
10891,0,1,0.04162274149861208
10892,0,1,0.10330262225989534
10893,0,1,0.032919905576843454
10894,1,1,0.0332322567684277
10895,0,1,0.12865296665809642
10896,0,1,0.05317941723941477
10897,0,0,0.03839736204796054
10898,0,1,0.04418251563773244
10899,0,1,0.03132516763820054
10900,0,0,0.07463671170640838
10901,0,1,0.06625654658392302
10902,1,1,0.09828528330684178
10903,0,0,0.08402131808995948
10904,0,0,0.02834336716850016
10905,1,1,0.03809800299940451
10906,0,1,0.05071145724421467
10907,0,1,0.08815385843219499
10908,0,0,0.06838497443177487
10909,0,1,0.045483946295345454
10910,0,1,0.041707474896496226
10911,0,1,0.07433546856153644
10912,0,1,0.04778038468771114
10913,0,0,0.07029589776615232
10914,0,1,0.08111921318897626
10915,0,0,0.03132417617181234
10916,0,1,0.11063653047071442
10917,0,1,0.08166005450588117
10918,0,1,0.0757891548425194
10919,0,1,0.07916840440615064
10920,0,1,0.04000028052606119
10921,0,1,0.044443024592556446
10922,0,1,0.04687081897679262
10923,0,0,0.03430897978121834
10924,0,1,0.09521342867546617
10925,0,1,0.0879490306462428
10926,0,0,0.08955490208390751
10927,0,1,0.07894000112428082
10928,0,1,0.0754423465675863
10929,0,1,0.08340468304308868
10930,1,0,0.04659940119489209
10931,0,0,0.08162629861396503
10932,1,1,0.01816713642129351
10933,0,1,0.026340690743974417
10934,0,1,0.08399504533441748
10935,0,1,0.027034933206569845
10936,0,1,0.04235644530863328
10937,0,0,0.03762518262601377
10938,1,1,0.07380377298962874
10939,0,0,0.08089504334592162
10940,0,0,0.06242761914850622
10941,0,0,0.04025859183184405
10942,0,1,0.09448686350627179
10943,1,0,0.07773591389096773
10944,0,0,0.04537269520239273
10945,0,0,0.04419027251239834
10946,0,1,0.08280204002282537
10947,0,0,0.04323291040391247
10948,1,0,0.04109452696908826
10949,0,1,0.06156269499996253
10950,0,1,0.034275437244080664
10951,0,0,0.08033257517851045
10952,0,0,0.009981459558941554
10953,0,0,0.051745108489662045
10954,0,1,0.007937936342169508
10955,0,1,0.07638926982006919
10956,0,1,0.05945657134683635
10957,0,1,0.0814497492099252
10958,1,1,0.04692085584150337
10959,0,1,0.04473895634871351
10960,0,1,0.04694130188656513
10961,0,1,0.06308800325881644
10962,0,0,0.05879501377476834
10963,1,1,0.06764725070906898
10964,0,0,0.05134961155363224
10965,0,0,0.04393220153867941
10966,0,1,0.059602004549803904
10967,1,1,0.08777250110000552
10968,0,1,0.03237799938250013
10969,1,1,0.08143859228840852
10970,0,1,0.039406693496008026
10971,0,1,0.07984255271837583
10972,1,1,0.10352154547496908
10973,0,1,0.05782278802035361
10974,0,0,0.08194663438753963
10975,0,1,0.042766993655114605
10976,0,0,0.0964016617811457
10977,0,0,0.04403133625063833
10978,0,1,0.08763531442917463
10979,0,1,0.08680112801144857
10980,0,1,0.046584315578658234
10981,1,1,0.057601561584285504
10982,1,1,0.09369619147583927
10983,0,1,0.06283168088898787
10984,0,0,0.08142273076717316
10985,1,1,0.03224178227312554
10986,1,1,0.08233282424438503
10987,0,1,0.0783609129019971
10988,1,0,0.07361183401062685
10989,0,1,0.04710005332806436
10990,0,1,0.06760348301122913
10991,1,1,0.040913266045918384
10992,1,1,0.10997888587837618
10993,0,0,0.07412101924334884
10994,0,1,0.07665516963622349
10995,0,1,0.0830641416905747
10996,0,0,0.04553222406130119
10997,0,0,0.07248853882801116
10998,0,1,0.021643456912608747
10999,0,0,0.08432737476536513
11000,0,0,0.0459488546710958
11001,1,1,0.08686618557281212
11002,1,0,0.07709354526469767
11003,0,1,0.02654625853806104
11004,0,1,0.04599245907762704
11005,0,1,0.07634555510845265
11006,0,1,0.03493903564183914
11007,0,0,0.03966652743640405
11008,0,1,0.04027431199018322
11009,0,1,0.05072291573671343
11010,0,1,0.09131989161716687
11011,0,1,0.058076586090446664
11012,0,1,0.07094094083126141
11013,0,1,0.04795760600733905
11014,1,1,0.011546895088534221
11015,1,0,0.05084909432400404
11016,0,1,0.05158078123771497
11017,0,0,0.07710470789387616
11018,0,0,0.051490567802751575
11019,0,1,0.045499966035720305
11020,0,1,0.10492385975816651
11021,0,1,0.07044708001440987
11022,0,1,0.07223443551105366
11023,1,1,0.05539989991830957
11024,1,1,0.053636825494102355
11025,0,1,0.05565346278991315
11026,0,0,0.060096038263753516
11027,0,1,0.027842693654620967
11028,0,0,0.07854282973517056
11029,0,1,0.08432170055160988
11030,0,1,0.041958858913503046
11031,0,1,0.03833039125433121
11032,0,1,0.03980994124424287
11033,0,1,0.0860946151633552
11034,1,0,0.0423408171524316
11035,0,1,0.08354837625751606
11036,0,0,0.043232970360196826
11037,0,0,0.0629412901202028
11038,0,1,0.05673136285870348
11039,0,1,0.08018801297117222
11040,0,1,0.04650982573285376
11041,0,1,0.055294818125327945
11042,0,1,0.05401830776128486
11043,0,0,0.035160303675739836
11044,0,1,0.04148743876053137
11045,1,1,0.025760502136840648
11046,0,1,0.08290205529011446
11047,0,1,0.03045898551311607
11048,1,0,0.08431552129152417
11049,0,1,0.008387455200022424
11050,0,1,0.08659345382302072
11051,0,0,0.07662054985085551
11052,0,0,0.033613536587790135
11053,1,1,0.10507624366084356
11054,0,1,0.08340802302742784
11055,0,1,0.04625404286519984
11056,1,0,0.09176910684015734
11057,0,0,0.08823402118899851
11058,0,0,0.07669294564101106
11059,0,1,0.04776472823446771
11060,0,1,0.032003399572644385
11061,0,1,0.048748512935740236
11062,0,0,0.08045377483995247
11063,1,1,0.045080503920997154
11064,1,0,0.09610635226997476
11065,0,0,0.03818430244520189
11066,0,0,0.07410432089358658
11067,0,1,0.04136729193911709
11068,1,1,0.08006006806527924
11069,0,0,0.04805443866488539
11070,0,0,0.09983330801547174
11071,0,0,0.05028773120543742
11072,0,1,0.0393267970869485
11073,0,1,0.06375052055575536
11074,0,0,0.062071855851159125
11075,0,1,0.08282443104997178
11076,0,1,0.08332175236629055
11077,1,0,0.048042358807060405
11078,0,1,0.02318203003903659
11079,0,1,0.046835113560566716
11080,1,0,0.035208376909652214
11081,0,1,0.08058066576457493
11082,0,1,0.06018525496447247
11083,0,0,0.0382806198401864
11084,0,1,0.04710973022250445
11085,0,0,0.041958858913503046
11086,0,1,0.04672942381141651
11087,0,1,0.08101956492349896
11088,0,1,0.053734912756634806
11089,0,1,0.08665343389106828
11090,0,1,0.07970289861965486
11091,0,1,0.05150402687305137
11092,0,1,0.03678705619484414
11093,1,1,0.0820054259191306
11094,0,1,0.07455645232402135
11095,0,0,0.06803958040567296
11096,0,0,0.01795382462373419
11097,0,1,0.026753443325142102
11098,0,0,0.06592271396144657
11099,1,1,0.09669663135225912
11100,0,1,0.036277687402061484
11101,0,1,0.08045377483995247
11102,0,0,0.015102407746976791
11103,1,1,0.08238771079035402
11104,0,0,0.08282100006464414
11105,0,0,0.07671974581957333
11106,1,1,0.06312484228193858
11107,0,1,0.028091459767591576
11108,0,0,0.04801713705859978
11109,0,1,0.055269927254715856
11110,0,0,0.0378759836457706
11111,0,1,0.028357880343297802
11112,0,1,0.04295933786915774
11113,0,0,0.08774371282750189
11114,1,1,0.06624232805924872
11115,0,0,0.05959541005861663
11116,1,1,0.09200879351662097
11117,1,1,0.07214451842721671
11118,0,1,0.03702385152754591
11119,0,1,0.07341521971566008
11120,0,0,0.04138997735679679
11121,0,1,0.0824281123128853
11122,0,0,0.07493726799035558
11123,0,0,0.078469088521537
11124,0,1,0.0819564244763662
11125,0,1,0.08425703850056891
11126,0,1,0.08162629861396503
11127,1,1,0.042980189505752324
11128,0,0,0.04553521748172054
11129,0,1,0.05700600739284376
11130,0,0,0.023481446104659146
11131,0,1,0.08518436486612382
11132,0,0,0.08107381095742827
11133,0,1,0.053212670132248036
11134,0,1,0.04993519246706639
11135,1,1,0.08047879646247495
11136,0,1,0.08852660096067998
11137,0,1,0.04366389430242677
11138,0,1,0.037911112845145346
11139,0,1,0.030452815432575674
11140,0,1,0.10313417424015163
11141,0,0,0.035599473143801366
11142,0,1,0.042392665846171594
11143,0,0,0.07233216907540603
11144,0,1,0.04036275199248783
11145,0,1,0.0814403613015896
11146,0,1,0.03963820224565294
11147,0,1,0.08361588006487058
11148,0,1,0.03482383304501158
11149,1,0,0.037935205734228435
11150,0,1,0.0724746860671097
11151,0,0,0.0463770688461868
11152,0,1,0.01758609582934357
11153,0,1,0.05791692986105709
11154,0,0,0.09100059274144234
11155,0,1,0.06396912157687606
11156,0,0,0.04807804231870461
11157,0,1,0.08324278742361238
11158,0,0,0.05149003128817896
11159,0,1,0.031174023057269094
11160,0,1,0.07408572347176666
11161,0,1,0.009387544156127777
11162,0,0,0.1115694431521259
11163,0,1,0.0487438682414961
11164,0,0,0.0726590692248134
11165,0,0,0.07009835970735996
11166,0,0,0.05048594343155821
11167,0,0,-0.004302243410219248
11168,0,1,0.06926433503259248
11169,0,1,0.09544159682263621
11170,0,0,0.03544413414932394
11171,0,1,0.08247079896126203
11172,0,0,0.06270342746046677
11173,0,1,0.0751619817466029
11174,0,0,0.03207857739091797
11175,0,0,0.08286920091551633
11176,0,0,0.01794402101337137
11177,0,0,0.08196635951143989
11178,0,0,0.04018065264935029
11179,1,1,0.04133301551704629
11180,0,0,0.07530340347944096
11181,0,0,0.04414419972006012
11182,0,0,0.04264646801298179
11183,0,0,0.06118381205435476
11184,0,0,0.08410430108272172
11185,0,1,0.08804908813047636
11186,1,1,0.05012841237733933
11187,0,0,0.061144745756261755
11188,0,0,0.026065928320133783
11189,0,1,0.0888155243434588
11190,0,1,0.0797411154141198
11191,0,0,0.08603103712234443
11192,0,0,0.07547557300071822
11193,1,1,0.04348356577753872
11194,0,1,0.07136630739915462
11195,0,1,0.08227814340362051
11196,0,1,0.03450212231060762
11197,0,1,0.08829028593159058
11198,0,1,0.044096009655898244
11199,0,0,0.06683748358510815
11200,0,0,0.04717801276839468
11201,0,0,0.08022477860195901
11202,0,1,0.028675025239661887
11203,0,0,0.03751445728773069
11204,0,0,0.08314644081776074
11205,0,1,0.04531126838062508
11206,0,1,0.08146270539172706
11207,0,1,0.08115452588234465
11208,0,1,0.07452378020703339
11209,0,1,0.035866630270970506
11210,0,0,0.03197243506404519
11211,0,0,0.05074211621688812
11212,0,1,0.04865620601217478
11213,0,1,0.04953791852779181
11214,0,1,0.04051116481044523
11215,0,1,0.04213758787282534
11216,0,1,0.039006174363051246
11217,0,0,0.07036243192513139
11218,0,1,0.03151848953345599
11219,0,1,0.0477965059056095
11220,0,1,0.023607180693475227
11221,1,1,0.03197386114116642
11222,0,1,0.0557510285578261
11223,0,1,0.07941037313631077
11224,0,1,0.05827522676469455
11225,1,1,0.039225438014757905
11226,0,0,0.09028652451313621
11227,0,0,0.08049142455294447
11228,0,1,0.01185178516121782
11229,0,0,0.07862819946443173
11230,1,1,0.034579552225014194
11231,1,0,0.022533332042008268
11232,0,0,0.03711567789472591
11233,0,1,0.045816796622815736
11234,0,1,0.10504550318671144
11235,0,0,0.08778663704168882
11236,0,1,0.08304701943119353
11237,1,0,0.09545033560623481
11238,0,1,0.07783005957752845
11239,0,1,0.08693054910789459
11240,0,1,0.04091101285848054
11241,0,0,0.04091115227409519
11242,0,1,0.03152318419676314
11243,0,1,0.06219217304105097
11244,0,1,0.07980977314441422
11245,0,1,0.09368531431081459
11246,0,1,0.03283809744084798
11247,0,0,0.0791656755044381
11248,0,0,0.09791959444141729
11249,0,1,0.046839103056663445
11250,0,0,0.019998900610970143
11251,0,0,0.037373944779564905
11252,0,1,0.054210290341886076
11253,1,0,0.07040044721275279
11254,0,0,0.012813106694515594
11255,0,1,0.08028837330049264
11256,0,1,0.06223790889242803
11257,0,0,0.02940506186794155
11258,0,1,0.0473872539531547
11259,0,0,0.030958484686939756
11260,0,0,0.09944296584373066
11261,0,1,0.0494966495233799
11262,0,1,0.02840499139276526
11263,1,1,0.042560413000051533
11264,0,0,0.04797556648048007
11265,0,1,0.0376502900786959
11266,0,1,0.08069640903630215
11267,0,0,0.025244398573096034
11268,0,1,0.04698836546605715
11269,1,1,0.04248994958842826
11270,0,1,0.07143346623805294
11271,1,1,0.07106275509534965
11272,1,1,0.029908788064610184
11273,0,1,0.079884033692534
11274,0,1,0.07896518827285981
11275,0,1,0.050462287316871794
11276,0,1,0.02726580452652095
11277,0,1,0.09083652987953189
11278,0,0,0.04358871528225985
11279,1,1,0.04490949434020724
11280,0,1,0.04718583364668629
11281,0,1,0.05681061311168961
11282,0,1,0.04242023424267162
11283,0,1,0.09837773825044105
11284,0,1,0.03839035218687245
11285,0,1,0.05453977620171288
11286,1,1,0.0709584154381451
11287,0,0,0.10029567461378447
11288,0,0,0.046935137761410325
11289,0,1,0.042192364903168314
11290,0,1,0.040209023349642166
11291,0,0,0.09117865697210117
11292,0,1,0.041721179567886374
11293,1,0,0.04558768527007765
11294,0,0,0.0373081060848696
11295,0,1,0.08108398607817417
11296,0,1,0.05698552461588527
11297,0,1,0.06501853796375187
11298,0,1,0.0504750921068694
11299,0,1,0.04589626747857254
11300,0,1,0.08384715516871531
11301,0,1,0.05010753412672574
11302,0,1,0.039960365666511
11303,0,1,0.05680975579913186
11304,1,1,0.07680901672216675
11305,0,1,0.08600638889843679
11306,0,1,0.03762518262601377
11307,0,1,0.04357285005167245
11308,0,0,0.0364261504511232
11309,0,0,0.028549566658324785
11310,0,1,0.035103195907569315
11311,0,1,0.08093846638289215
11312,0,1,0.042742259630712445
11313,0,1,0.02715457185708852
11314,0,1,0.07710203916947254
11315,0,1,0.07850314685397725
11316,0,0,0.0435093679636043
11317,0,0,0.04595708690168055
11318,0,1,0.041609850580158037
11319,0,1,0.08588239940975495
11320,0,1,0.050532863048969597
11321,0,0,0.013881855375993206
11322,0,1,0.04411290095099009
11323,0,0,0.1233604312646894
11324,1,0,0.04265229857432015
11325,0,1,0.07341521971566008
11326,1,0,0.061648651081248965
11327,0,1,0.1022688510711062
11328,0,1,0.0772938802563673
11329,0,1,0.08145018781810565
11330,0,1,0.07421269502057443
11331,0,0,0.03591967147461945
11332,1,0,0.05983018756568477
11333,0,0,0.06845348204399268
11334,0,1,0.06810023029561481
11335,0,1,0.08220360417008957
11336,1,1,0.04235644530863328
11337,0,0,0.07878012612075498
11338,0,1,0.04321657294991867
11339,0,1,0.08699717993909133
11340,0,1,0.09740725662155036
11341,0,1,0.03671312224407888
11342,0,1,0.07572002158417876
11343,0,1,0.019721905630374643
11344,0,1,0.03969418417097003
11345,0,1,0.07101811325232571
11346,1,1,0.03504893867223983
11347,0,0,0.08300663895013106
11348,0,1,0.062250402930429743
11349,1,1,0.05079304007054394
11350,0,1,0.036979392020409986
11351,0,1,0.08828753948491101
11352,0,1,0.021979520686844205
11353,0,0,0.06724444691177056
11354,0,1,0.08174287523711525
11355,1,0,0.03467955825734314
11356,0,1,0.03710364433608463
11357,0,1,0.0404133612433153
11358,1,1,0.07350865401336436
11359,0,0,0.04891089519662063
11360,0,1,0.021421015415704667
11361,0,1,0.04331723175809597
11362,1,1,0.07961496467628751
11363,0,1,0.030800680566241103
11364,0,0,0.09229191195542277
11365,1,1,0.04061424130701248
11366,0,1,0.0873752421426181
11367,0,1,0.072780002594689
11368,0,1,0.08146066206229136
11369,0,1,0.10001830970585854
11370,0,1,0.03692461962230448
11371,1,1,0.037389298210885914
11372,1,0,0.08986929061508506
11373,0,1,-0.010704082436593352
11374,0,0,0.07655079026971287
11375,0,1,0.05185091593794892
11376,0,1,0.035165053952923415
11377,0,1,0.09131009701373594
11378,0,0,0.016849778084126292
11379,0,0,0.09020261158992905
11380,1,1,0.04577324638406084
11381,0,0,0.03688060250708909
11382,0,1,0.08256984720646775
11383,0,0,0.04721341616837084
11384,0,0,0.07410432089358658
11385,1,1,0.07856735763722036
11386,0,1,0.08166005450588117
11387,0,1,0.054210184597105956
11388,0,0,0.06581053465655769
11389,0,1,0.0618050833039899
11390,1,0,0.04110588736943175
11391,0,1,0.040664771633938335
11392,0,1,0.04704658594105267
11393,0,1,0.052293985169359666
11394,0,1,0.0760916269566209
11395,1,1,0.03901476419331521
11396,0,1,0.03729328313181071
11397,0,0,0.09190088046285168
11398,0,1,0.06588190282608809
11399,0,1,0.042778011384855645
11400,0,1,0.04693699726484892
11401,0,0,0.09485268651568746
11402,0,0,0.036343047632061184
11403,0,0,0.08360284115509432
11404,0,0,0.04052978046706047
11405,0,1,0.08001294367239187
11406,0,0,0.040023013287025386
11407,0,1,0.0948155255480673
11408,1,1,0.09701789812072534
11409,0,1,0.0507941511520163
11410,0,1,0.07605725752269396
11411,1,1,0.07141721105934348
11412,0,1,0.08299605642210174
11413,0,1,0.07935609008793833
11414,0,1,0.081677890113107
11415,0,0,0.03109881436737296
11416,0,1,0.08381816063978106
11417,0,1,0.034487254181301226
11418,0,0,0.07677440561884276
11419,1,0,0.04131513475125918
11420,0,0,0.05675461802298979
11421,0,1,0.04134850134095314
11422,1,1,0.024393113158766983
11423,0,0,0.04052382047722605
11424,1,1,0.08700737509676507
11425,0,1,0.06638417237794524
11426,0,1,0.08740966811699777
11427,0,1,0.036534613613867145
11428,0,0,0.07857116619180671
11429,0,1,0.10426570098662989
11430,0,0,0.08830221526915294
11431,0,0,0.04884666318418594
11432,1,1,0.05077723006439707
11433,0,0,0.07522318272862064
11434,0,1,0.04097805495367858
11435,0,1,0.0435093679636043
11436,0,0,0.0943025739045564
11437,0,1,0.060472433961311654
11438,0,1,0.045953370374891486
11439,0,1,0.0533292481655658
11440,0,1,0.03335239732435076
11441,0,1,0.02798446773616286
11442,0,1,0.07844299351293646
11443,0,0,0.09338137519514335
11444,0,0,0.09026624080110388
11445,1,1,0.061522276024382636
11446,0,0,0.09337223805346678
11447,0,1,0.06224277035095857
11448,0,0,0.08195207196263647
11449,1,1,0.03247347833708257
11450,0,1,0.057154886646309605
11451,0,1,0.042694687319376534
11452,0,1,0.08466042266363312
11453,0,1,0.060306336860289494
11454,0,1,0.08645080536956178
11455,0,1,0.07565553862443708
11456,0,1,0.03713573942886822
11457,0,1,0.08941114414450321
11458,1,1,0.04323696064828292
11459,0,1,0.06564083377225002
11460,0,1,0.040833871388161
11461,0,0,0.1010399077658489
11462,0,1,0.04622114745937428
11463,0,0,0.039385495029128956
11464,0,1,0.03711567789472591
11465,1,1,0.08143150984886817
11466,0,1,0.04513382498076746
11467,1,1,0.05523317114587968
11468,0,1,0.04947306308030892
11469,0,0,0.026592375921961897
11470,0,1,0.055157592628604285
11471,1,0,0.07972947711265735
11472,0,1,0.02748744469281792
11473,0,1,0.03284457697871625
11474,0,1,0.04134850134095314
11475,0,0,0.0477858922769877
11476,0,0,0.07588489419016317
11477,0,0,0.07925872875878742
11478,0,1,0.0666002137496648
11479,0,0,0.0369893425681761
11480,0,1,0.07407612855107301
11481,0,1,0.03916445554745119
11482,0,0,0.07400478441010079
11483,0,0,0.047007003585356234
11484,0,1,0.04749448783352665
11485,1,1,0.08893812555703401
11486,0,1,0.040743519451280436
11487,0,1,0.034991915268713626
11488,0,1,0.04643971084368666
11489,0,1,0.07768610830788118
11490,0,1,0.07187337859533724
11491,1,0,0.07401426204163937
11492,0,1,0.04625493550548484
11493,0,0,0.07895198228170741
11494,0,1,0.05135900026970638
11495,0,1,0.08162629861396503
11496,0,1,0.04719674155567448
11497,0,1,0.041081882050471905
11498,0,0,0.07403108114688814
11499,0,1,0.04537269520239273
11500,0,0,0.030742846876890224
11501,0,1,0.07825010442354313
11502,0,1,0.03590511869394577
11503,0,1,0.05234004196681403
11504,0,1,0.03407083380162712
11505,0,1,0.03461185100079299
11506,0,1,0.07656668429172066
11507,1,0,0.04800160783763548
11508,0,1,0.06584188133521143
11509,0,1,0.07629504966385472
11510,0,0,0.048748512935740236
11511,0,1,0.04610745260232732
11512,0,1,0.046971739645713835
11513,0,1,0.04960197368734483
11514,1,1,0.08427326092806929
11515,0,1,0.06362640283008615
11516,0,1,0.03678972225440342
11517,0,1,0.09001262794891483
11518,1,1,0.04844947017436338
11519,0,0,0.07017152953262251
11520,0,1,0.02214242929737807
11521,0,1,0.06205028752875569
11522,0,1,0.03397978602497792
11523,0,1,0.04088587183576107
11524,0,1,0.0821523196083896
11525,0,1,0.046069706003457035
11526,0,1,0.06909985385006855
11527,1,1,0.038054073635557926
11528,0,1,0.03639567189849548
11529,1,0,0.07876029001050164
11530,0,0,0.03590511869394577
11531,0,1,0.07673458456365993
11532,0,0,0.08560719862370104
11533,1,1,0.017203847679103122
11534,0,0,0.056070820987832996
11535,0,0,0.0695783693165467
11536,0,1,0.03132417617181234
11537,0,1,0.06589245167753972
11538,0,1,0.07925036140069042
11539,1,1,0.04530784801774985
11540,0,0,0.06267101828439944
11541,0,0,0.038113552090089056
11542,0,0,0.04032148752192851
11543,0,0,0.0481162471314474
11544,0,0,0.07112960692385026
11545,0,0,0.039305458958426416
11546,0,1,0.07487399396146792
11547,0,0,0.09299281424627766
11548,0,0,0.07619489241081873
11549,0,1,0.0791134402242622
11550,0,1,0.08173881089112052
11551,0,0,0.0501949151973801
11552,0,0,0.04682928852825176
11553,0,0,0.06086716868288054
11554,0,0,0.07281170364479286
11555,1,0,0.035572464827323146
11556,1,1,0.1041130395890243
11557,0,1,0.0899699948156282
11558,0,0,0.0281930600527152
11559,0,1,0.018509606656127255
11560,0,0,0.08439756516505262
11561,0,1,0.031613334673624205
11562,0,1,0.08361040997893622
11563,0,1,0.07722492731337237
11564,0,1,0.059872775350098995
11565,0,1,0.08163010903699866
11566,1,1,0.0676964983823052
11567,1,1,0.056421382567852896
11568,0,0,0.06332162461857195
11569,0,1,0.09417998756857326
11570,0,1,0.06026550712015985
11571,0,0,0.045600631444574886
11572,0,0,0.08138876872789039
11573,0,1,0.1071442454535091
11574,0,1,0.0876168636776972
11575,0,1,0.052756670975828285
11576,0,1,0.027808144739740907
11577,0,0,0.08180054061367995
11578,0,1,0.038273959040362654
11579,0,0,0.0807553054647253
11580,0,1,0.029218137329368614
11581,1,1,0.075686846506266
11582,0,0,0.045603939637130844
11583,0,0,0.07732160881212005
11584,0,1,0.04779444154498653
11585,0,1,0.0463770688461868
11586,1,1,0.0618050833039899
11587,0,1,0.03702569254815406
11588,0,1,0.05679941557652423
11589,0,0,0.08639461695342666
11590,0,1,0.0472865963891151
11591,0,1,0.04544802603859595
11592,0,0,0.04361343995188124
11593,0,1,0.05456775656655802
11594,0,0,0.07268147153314758
11595,0,1,0.07732512676482114
11596,0,1,0.08393166975984663
11597,1,1,0.031271143885796174
11598,0,0,0.046645530214506445
11599,0,0,0.04907283746109545
11600,0,0,0.043581523690305456
11601,0,1,0.04286406225481971
11602,0,0,0.06764552706750207
11603,0,1,0.040452396141679774
11604,0,1,0.04218651408136098
11605,0,1,0.0756360444279865
11606,0,1,0.041174626989240584
11607,0,0,0.04319926905045541
11608,0,1,0.05930938598780599
11609,0,1,0.03595791544472722
11610,0,1,0.0848110656452
11611,0,1,0.04025859183184405
11612,0,1,0.07000962369568571
11613,0,1,0.09545710157720085
11614,0,1,0.04883412261130052
11615,1,1,0.0378175977352416
11616,0,0,0.08162629861396503
11617,0,0,0.05018226739912015
11618,1,0,0.0893887080177931
11619,0,0,0.032501418769982075
11620,1,0,0.024768077248290284
11621,1,0,0.08608013142192836
11622,0,1,0.058151614887906246
11623,0,0,0.07720606930400374
11624,0,1,0.07023900286504109
11625,0,1,0.05844783765062333
11626,0,1,0.04754789599121398
11627,0,1,0.08504780101819864
11628,0,1,0.05026434741813583
11629,0,1,0.04207073818364548
11630,0,0,0.08254650429838031
11631,0,1,0.09736387827889939
11632,0,0,0.03709616586971573
11633,0,1,0.055798418057427315
11634,0,1,0.023473568451127004
11635,0,1,0.035806269540777244
11636,0,1,0.10290253514218084
11637,0,1,0.03573974732803282
11638,0,1,0.08109357138477807
11639,0,1,0.036941800138950764
11640,0,1,0.08208414870047284
11641,0,0,0.1097232798327003
11642,0,0,0.05026626718986256
11643,0,1,0.033769944743951126
11644,0,0,0.06751595182855177
11645,0,0,0.03198286669437479
11646,1,1,0.08053305589381515
11647,0,1,0.06130751927752169
11648,1,1,0.04384841827565247
11649,0,1,0.08796893703410079
11650,0,1,0.04686821772172977
11651,0,1,0.07533524728041628
11652,0,1,0.049871535945651524
11653,0,0,0.08478567045294018
11654,0,1,0.07836381481778824
11655,1,1,0.048053529753077584
11656,0,1,0.07768882891638212
11657,0,1,0.046751129506785394
11658,1,1,0.038035069344642396
11659,1,1,0.08089504334592162
11660,0,1,0.041609850580158037
11661,1,0,0.048075645012262025
11662,0,1,0.04946299679295449
11663,0,1,0.08152008813284564
11664,0,1,0.08157678614153802
11665,1,1,0.06521742840196537
11666,1,1,0.06205028752875569
11667,0,1,0.04913573137614442
11668,0,0,0.08438374338594255
11669,0,1,0.075686846506266
11670,0,1,0.03930672906465165
11671,0,0,0.07771578185807687
11672,1,0,0.03562728567095463
11673,0,1,0.0883783514092969
11674,1,1,0.07943948637955853
11675,0,1,0.09606082701497654
11676,0,1,0.02768348714955171
11677,0,1,0.02091387186587565
11678,0,1,0.04100956050438692
11679,0,0,0.06889532839472925
11680,0,1,0.06613469428801459
11681,0,0,0.08317707667121618
11682,0,0,0.08153151459141393
11683,0,1,0.07302918547330603
11684,0,0,0.040743519451280436
11685,0,1,0.04777261646128215
11686,0,1,0.035509397527531364
11687,0,1,0.04332717627430049
11688,1,0,0.04025767665030417
11689,1,0,0.04400351355321855
11690,0,1,0.023135555529583393
11691,0,1,0.04000028052606119
11692,0,0,0.08168519029840576
11693,0,1,0.07666540788766722
11694,0,0,0.08496128544250045
11695,0,1,0.03547025607496608
11696,0,1,-0.006886041565680594
11697,0,0,0.0524833883874414
11698,0,0,0.024405974855094797
11699,0,0,0.047383234903558995
11700,0,0,0.04220388059444937
11701,0,1,0.03209249376546267
11702,0,0,0.0506187383782363
11703,0,0,0.08096255121375184
11704,0,1,0.04515726343177897
11705,0,0,0.04092328353970238
11706,0,1,0.03590670402772305
11707,0,0,0.08214673694297647
11708,0,1,0.04422048958586702
11709,0,0,0.09171991897516503
11710,1,1,0.09713189246609105
11711,0,1,0.03109881436737296
11712,0,0,0.08179342091485645
11713,1,1,0.044008178676084954
11714,0,0,0.04664854981974232
11715,0,1,0.04326631449804838
11716,0,1,0.08433735882524854
11717,0,0,0.07400656474913109
11718,0,0,0.04786083197937635
11719,0,1,0.05910840831076086
11720,0,1,0.03961080788378274
11721,0,1,0.07329760059216182
11722,0,0,0.07028692227471273
11723,0,0,0.03536335773725495
11724,0,1,0.05867978250327725
11725,0,0,0.04684396471190449
11726,1,1,0.0362159354390367
11727,0,0,0.07298405497163972
11728,0,0,0.06278965801328237
11729,0,1,0.042945471968436316
11730,1,1,0.0904063203888869
11731,0,1,0.08312367243505382
11732,0,1,0.0476126506974164
11733,1,1,0.06491823550982598
11734,1,1,0.04813881648968635
11735,1,0,0.09705831598886167
11736,0,0,0.032656813859156884
11737,0,1,0.039037268526598536
11738,0,1,0.08107843061935262
11739,0,1,0.08060107559381463
11740,0,1,0.06434282616743639
11741,0,0,0.04046204301429037
11742,0,1,0.0435093679636043
11743,1,1,0.09125095123626219
11744,0,0,0.08608479765425217
11745,0,0,0.07862301348769378
11746,1,1,0.06231517711026832
11747,1,1,0.07170708898439948
11748,0,1,0.03969418417097003
11749,1,0,0.07661043202574933
11750,0,0,0.07634400246802431
11751,0,1,0.042369121600419744
11752,1,1,0.07771242481946872
11753,1,1,0.08265459624064664
11754,0,1,0.07044226236415838
11755,0,0,0.0490643124567582
11756,0,0,0.03534933612812176
11757,0,0,0.03445149504501852
11758,0,0,0.032076599095320735
11759,0,1,0.06774540423408722
11760,0,1,0.07931908073800127
11761,0,1,0.049060682164849594
11762,0,1,0.09427826341987404
11763,0,0,0.0658155787396358
11764,0,1,0.08231409014142908
11765,0,0,0.05115646633917417
11766,0,1,0.044554055380294465
11767,0,0,0.08280012049110363
11768,0,1,0.1083431520656021
11769,0,1,0.04025859183184405
11770,1,1,0.0266648910284445
11771,0,0,0.06767309357857187
11772,0,1,0.03696409061830429
11773,0,1,0.03386833951084465
11774,1,1,-0.009997782773831516
11775,0,1,0.04472747126459204
11776,0,0,0.08166005450588117
11777,0,1,0.0797320067871316
11778,0,1,0.0696793594798745
11779,0,0,0.04503559413937125
11780,0,1,0.05418545186192898
11781,0,0,0.04960710604088231
11782,0,0,0.08588154452782108
11783,1,1,0.03839035218687245
11784,1,1,0.04291814180439621
11785,0,1,0.08238771079035402
11786,0,0,0.04571526172704502
11787,0,0,0.04923766967724579
11788,0,1,0.03584188319241338
11789,1,0,0.07756546876101747
11790,1,1,0.07456948084965045
11791,0,1,0.06806448213313097
11792,0,0,0.0372549956129583
11793,0,0,0.084808212543527
11794,0,1,0.08180221903853342
11795,0,1,0.038054073635557926
11796,1,1,0.08107843061935262
11797,0,1,0.08916886706505636
11798,0,1,0.06029885017479565
11799,0,1,0.04000028052606119
11800,0,1,0.01657518817753205
11801,1,1,0.08166005450588117
11802,0,0,0.09060205381273666
11803,1,1,0.07995850511990525
11804,0,1,0.08856024395600508
11805,0,1,0.08380693109277915
11806,0,1,0.08363599953917768
11807,1,1,0.03980556785569814
11808,1,1,0.010459220241112052
11809,0,1,0.05345456083813904
11810,1,0,0.07535830624083957
11811,0,1,0.08249016870032003
11812,0,1,0.03651418864335527
11813,1,0,0.03608066153806106
11814,0,1,0.03960361265085234
11815,0,1,0.005126725136048499
11816,0,1,0.06888975516042921
11817,0,0,0.04752751315255083
11818,1,1,0.04214024776776633
11819,0,1,0.024211694143029247
11820,0,1,0.05289834915772559
11821,0,1,0.038558377140818785
11822,0,1,0.049173608279981754
11823,0,1,0.07375345981013375
11824,0,0,0.04444807168152162
11825,0,0,0.051109688922913094
11826,0,1,0.08146270539172706
11827,0,1,0.0844918623128218
11828,0,1,0.08892418082939896
11829,0,0,0.05427774923821201
11830,0,1,0.06576916206263432
11831,0,1,0.04891881716788376
11832,0,0,0.02568287989447098
11833,0,0,0.08494898793675604
11834,0,0,0.06544365944789546
11835,0,1,0.048749678572487354
11836,0,1,0.044306899412516684
11837,0,1,0.050320636995677674
11838,0,1,0.090769206904108
11839,0,0,0.0878714644352153
11840,0,1,0.10559745810438609
11841,0,1,0.07273240528328814
11842,0,1,0.041692208326782505
11843,0,0,0.04485002632992551
11844,0,1,0.07927459918692878
11845,1,1,0.08314355493362366
11846,0,1,0.07873182433501516
11847,0,0,0.043657516834559706
11848,0,1,0.10996150769208646
11849,0,1,0.0282381921511679
11850,0,1,0.06767309357857187
11851,0,0,0.09123524572335331
11852,0,1,0.0814403613015896
11853,0,1,0.07045524084733293
11854,0,1,0.053142732405397256
11855,0,1,0.048509538729669045
11856,1,1,0.09578525813468428
11857,0,0,0.06926543806705243
11858,1,1,0.04900820607551509
11859,0,1,0.08434247819399898
11860,0,1,0.08582699610443804
11861,0,1,0.06868288212461865
11862,0,1,0.04622658277542242
11863,0,0,0.047577554936754994
11864,0,1,0.07992090928248641
11865,0,0,0.05257507230114003
11866,0,1,0.040941827835517586
11867,0,1,0.039748842769479875
11868,0,1,0.0670314875669111
11869,0,1,0.07970289861965486
11870,1,1,0.04558262628087739
11871,0,1,0.08091514922400955
11872,0,0,0.03253804659273389
11873,1,0,0.07470747908106243
11874,0,1,0.08174355235227307
11875,0,1,0.04901795335742735
11876,0,1,0.09365367028238414
11877,0,1,0.03117691834940092
11878,0,1,0.08116932029414042
11879,1,1,0.04519811893944444
11880,1,1,0.08983179215639094
11881,0,1,0.07810308245074213
11882,1,1,0.04503749572804822
11883,0,1,0.04622014866799312
11884,0,1,0.04884190080633505
11885,1,1,0.12475154828341325
11886,0,1,0.03302869819134273
11887,0,0,0.08244919456195113
11888,0,0,0.08202569031435694
11889,0,0,0.060001506221192186
11890,0,1,0.029559803679520623
11891,0,1,0.04716216717929483
11892,0,1,0.037937097955479795
11893,0,1,0.07254382942589314
11894,0,1,0.02546203677171459
11895,0,1,0.06770029270630817
11896,1,1,0.06618039642523876
11897,1,1,0.045942646639024504
11898,0,1,0.05763635454589894
11899,0,1,0.054066696807555464
11900,0,1,0.08160732634815271
11901,0,1,0.08986516894630187
11902,0,1,0.045600631444574886
11903,1,1,0.019065459174358222
11904,0,0,0.04149585262069191
11905,0,0,0.0708325195828938
11906,0,1,0.07009835970735996
11907,0,0,0.04214024776776633
11908,0,1,0.05154366946595653
11909,0,1,0.07965877223661269
11910,0,0,0.03890260393044389
11911,0,1,0.04565090358853132
11912,0,1,0.11327816550206615
11913,0,0,0.03821208453212678
11914,0,1,0.08291874440917656
11915,0,0,0.04153869707516073
11916,0,0,0.0428938365631418
11917,0,1,0.048796213890112336
11918,1,1,0.06815406109137678
11919,0,1,0.0424023451671892
11920,0,1,0.10116318945228962
11921,0,0,0.03571068880165726
11922,0,1,0.01587008832357336
11923,0,1,0.07740731027176653
11924,0,0,0.025021723356413117
11925,0,1,0.06823139074928573
11926,0,0,0.038677554524958566
11927,0,1,0.03580643656216334
11928,0,1,0.08339802948018557
11929,0,0,0.09206613103826208
11930,0,1,0.03492721562626376
11931,0,1,0.042447999731179756
11932,0,1,0.05261046919945792
11933,0,1,0.048087072418692936
11934,0,1,0.061855966888628516
11935,0,1,0.040815177630254565
11936,1,1,0.07534242966805274
11937,1,1,0.035680950771421346
11938,0,1,0.08878774298747491
11939,0,1,0.021979520686844205
11940,1,1,0.07575493997472056
11941,0,0,0.042575718861775004
11942,0,1,0.030178976520513663
11943,0,1,0.08833670602850999
11944,0,1,0.053657077845698405
11945,0,1,0.04315455091323182
11946,0,1,0.03590670402772305
11947,0,0,0.059022266383491825
11948,0,1,0.0779465370505047
11949,0,1,0.048183951107911765
11950,0,1,0.027086835793490728
11951,0,1,0.04672942381141651
11952,0,1,0.08192987821343095
11953,1,1,0.07464303896738123
11954,0,0,0.07605719986480203
11955,0,1,0.044426772501312946
11956,0,1,0.08152008813284564
11957,0,1,0.04719298279327974
11958,0,1,0.05958313425317255
11959,0,1,0.04659393277062422
11960,0,1,0.041567736828917755
11961,0,1,0.04672942381141651
11962,0,1,0.08304701943119353
11963,1,0,0.06329492185279964
11964,0,0,0.08540963589156877
11965,0,1,0.050693076147573006
11966,1,0,0.07085690607785657
11967,0,1,0.04109684836054542
11968,0,0,0.08068770517926288
11969,1,0,0.08418898640128229
11970,0,0,0.09296168342732784
11971,0,1,0.05211542970054674
11972,0,0,0.03245480662428082
11973,0,0,0.030041300140088628
11974,0,1,0.04581055075930254
11975,0,1,0.06377429798013971
11976,0,1,0.08353857650741348
11977,0,1,0.04114056627309447
11978,0,1,0.026097004737907277
11979,0,0,0.09201503289013102
11980,0,1,0.05303871975395374
11981,0,0,0.033674266114871176
11982,0,0,0.0512802064878945
11983,1,0,0.04566717769550978
11984,0,0,0.04473134576623834
11985,0,1,0.07975468914200337
11986,0,0,0.03821330589773196
11987,0,0,0.06667761445778786
11988,0,0,0.055435415437302085
11989,0,1,0.04990030268801673
11990,0,0,0.04487516890736985
11991,0,1,0.037633987005230504
11992,0,1,0.04788155076932529
11993,0,1,0.04107112684320752
11994,0,0,0.06458461861204591
11995,1,1,0.07828665010204956
11996,0,0,0.0634780996199097
11997,0,1,0.038907811026890296
11998,1,1,0.08337103244887449
11999,0,0,0.07057215559742319
12000,0,1,0.0648068102954182
12001,0,1,0.08068770517926288
12002,1,0,0.022826543835881466
12003,0,1,0.052854296957136226
12004,0,1,-0.008710377761887256
12005,0,1,0.09060919530658627
12006,0,0,0.08152008813284564
12007,1,0,0.040743519451280436
12008,0,1,0.07523585932181386
12009,0,0,0.08166005450588117
12010,0,1,0.028762989768557227
12011,0,0,0.039643460667471035
12012,0,0,0.08847894230712529
12013,0,1,0.04508834887791439
12014,0,1,0.04432956500588679
12015,0,0,0.03972170395641658
12016,1,1,0.08054557004951217
12017,1,1,0.023481446104659146
12018,1,1,0.08986929061508506
12019,0,0,0.08703105442998929
12020,0,1,0.016142701293809885
12021,0,0,0.04606738318817985
12022,0,1,0.10981069525800019
12023,0,1,0.04278392706717199
12024,1,1,0.0468750885397086
12025,0,1,0.004045088908418273
12026,0,1,0.08201407906089904
12027,0,1,0.04434934150006072
12028,0,0,0.015215075317746862
12029,0,1,0.03949530606720918
12030,1,1,0.0837537042808612
12031,0,1,0.026011184083750694
12032,0,1,0.080366721040319
12033,0,1,0.044472646872648264
12034,0,1,0.08050728322636458
12035,0,1,0.06780733605183745
12036,1,1,0.0831153290125355
12037,0,1,0.0842789971897114
12038,0,0,0.06896670518816661
12039,0,0,0.08288678696603163
12040,0,1,0.0763912898687204
12041,0,1,0.044472646872648264
12042,0,1,0.042847504344912496
12043,0,0,0.049388892834031195
12044,1,1,0.04008817861275949
12045,0,0,0.043884548657911374
12046,0,1,0.04080070669456856
12047,0,1,0.042792614967036874
12048,0,0,0.034270753594941486
12049,0,1,0.06926433503259248
12050,0,0,0.042447999731179756
12051,0,0,0.06938428941988897
12052,0,0,0.08780680060246224
12053,0,0,0.042714335688404284
12054,0,1,0.04264646801298179
12055,0,1,0.059137784618254814
12056,0,1,0.07354605690350234
12057,0,1,0.04769099398280327
12058,0,1,0.03323079319510395
12059,0,1,0.06035370848456778
12060,0,1,0.043578029445293015
12061,0,1,0.03347543280257484
12062,0,0,0.08642482311635419
12063,0,0,0.04817289860801134
12064,1,1,0.06791909997224899
12065,0,1,0.09422912572594976
12066,0,1,0.001959859799506903
12067,0,1,0.05774654444884645
12068,0,1,0.1020593559824061
12069,0,1,0.08177176412837242
12070,0,0,0.01941403624035149
12071,0,1,0.031312222459166296
12072,0,0,0.09117874047306536
12073,0,1,0.06090025942466377
12074,0,1,0.08988244679250978
12075,0,0,0.06258967094960613
12076,1,1,0.06197700031270158
12077,0,0,0.04321452312474356
12078,1,0,0.09668813173049302
12079,0,1,0.041609850580158037
12080,0,1,0.08144504629324409
12081,0,1,0.05145195145782756
12082,0,1,0.04734213815245193
12083,0,0,0.03602012229753307
12084,0,1,0.08111041148313215
12085,0,0,0.1156231908988897
12086,0,1,0.08635204272387381
12087,0,1,0.045600631444574886
12088,1,1,0.04672942381141651
12089,0,0,0.04432374092062873
12090,0,1,0.03776443419486827
12091,0,0,0.07996045390056176
12092,0,1,0.0630066612096247
12093,0,0,0.08727350605214444
12094,1,1,0.06560753901075056
12095,0,0,0.04570605250805031
12096,0,1,0.09829966708180628
12097,0,1,0.05375358938033316
12098,0,1,0.05825440374840128
12099,0,1,0.07677440561884276
12100,0,1,0.07310010503033486
12101,0,0,0.07412101924334884
12102,0,0,0.02851003305511854
12103,0,1,0.018399894309662525
12104,0,1,0.07574757804648961
12105,0,0,0.07410432089358658
12106,0,1,0.08229086221881027
12107,0,1,0.07615791717038164
12108,1,1,0.044732874693080994
12109,0,1,0.06926433503259248
12110,0,0,0.05291273013031669
12111,0,0,0.06749679681201103
12112,0,1,0.04316349654341453
12113,0,0,0.07968822331762192
12114,0,1,0.08021687544828304
12115,0,1,0.07592108143199035
12116,0,1,0.04748312219044392
12117,0,1,0.04615221104392469
12118,0,0,0.031614732075128424
12119,0,0,0.08656438593596535
12120,0,0,0.04565916456047307
12121,0,1,0.06317093626745075
12122,0,0,0.0968178327295483
12123,1,1,0.08256477137157983
12124,0,1,0.08308065793542102
12125,0,0,0.032017318557505316
12126,0,0,0.08958827869517856
12127,0,0,0.07209093196558207
12128,0,0,0.078558059054808
12129,0,1,0.0832540421966951
12130,0,1,0.059899475496699314
12131,0,1,0.02650489802568424
12132,0,1,0.08012344760291415
12133,0,0,0.04761510555184462
12134,0,1,0.08466787927263085
12135,0,1,0.06791346774947943
12136,0,1,0.06788746675748063
12137,0,0,0.06408827192151731
12138,0,1,0.05132446023054483
12139,0,0,0.03082562405710813
12140,0,1,0.04343205517009363
12141,0,0,0.03640834054670647
12142,0,0,0.08783463199831937
12143,0,1,0.08012344760291415
12144,1,0,0.03316603549524036
12145,0,1,0.03792492386657397
12146,0,0,0.03854705315965062
12147,0,0,0.04416669073726385
12148,0,0,0.042192364903168314
12149,1,1,0.021979520686844205
12150,0,1,0.04742338775662898
12151,0,1,0.06971211611545577
12152,0,1,0.07514826978430897
12153,0,0,0.05246235529209686
12154,0,1,0.045546576938024226
12155,0,0,0.06623181937415318
12156,0,0,0.04420840488686638
12157,0,1,0.09293382688285462
12158,1,1,0.07405872832287597
12159,1,1,0.043151686783124754
12160,0,1,0.07008699153253814
12161,0,0,0.08048281012679676
12162,0,1,0.059668815967777206
12163,0,1,0.07906196747154955
12164,0,0,0.03666891545379726
12165,0,1,0.03466616276723398
12166,1,1,0.09069536545474478
12167,0,0,0.05630285682511964
12168,0,0,0.07477379294650469
12169,0,1,0.04691285223618144
12170,0,1,0.03590511869394577
12171,0,0,0.07498955937928681
12172,0,1,0.09495158799047405
12173,0,1,0.09043831376544942
12174,0,0,0.035506545854807794
12175,0,1,0.015650426618384825
12176,0,1,0.07523898595076574
12177,0,1,0.03969028160860966
12178,0,1,0.035209605554539995
12179,0,1,0.02801574318499208
12180,0,1,0.04632437089490199
12181,0,1,0.047974591882371555
12182,0,0,0.04570057980110148
12183,0,1,0.0463770688461868
12184,0,1,0.08757491327828804
12185,0,1,0.08447199680690654
12186,0,1,0.04936193938568413
12187,0,1,0.052831660722282556
12188,0,0,0.041415536526870585
12189,0,0,0.055155701286234676
12190,1,0,0.029780879859969123
12191,0,1,0.060472433961311654
12192,0,1,0.0524833883874414
12193,0,1,0.04819813381366458
12194,0,1,0.0494462462139727
12195,0,1,0.05162188604507595
12196,1,0,0.07991395341739299
12197,0,1,0.04911107164415411
12198,0,1,0.03989904938495371
12199,0,1,0.08008729277708113
12200,0,0,0.0712227267151127
12201,0,1,0.04687918858733911
12202,1,0,0.08964640309332012
12203,0,1,0.046123907285548806
12204,0,1,0.037503372176970314
12205,1,1,0.03187436539997967
12206,0,1,0.036134112058276116
12207,0,1,0.052794285353123666
12208,0,0,0.0845140477797297
12209,1,0,0.0528799096645365
12210,0,1,0.03839035218687245
12211,0,1,0.0408582856471125
12212,0,1,0.08201785461907118
12213,0,0,0.08066557332664756
12214,0,0,0.03429771048003394
12215,0,1,0.04013873149910441
12216,0,1,0.043529407164584595
12217,0,0,0.0831543032645215
12218,0,0,0.06900646943378579
12219,1,1,0.04397580505233048
12220,0,1,0.09427954484727137
12221,0,1,0.06918935622508217
12222,0,0,0.030551905764079536
12223,1,0,0.05452522438803421
12224,0,1,0.059051954192673436
12225,0,0,0.0836510715665362
12226,0,0,0.04255327220863693
12227,1,1,0.07978550084247699
12228,0,1,0.08146012493871461
12229,0,0,0.07773591389096773
12230,0,1,0.03132417617181234
12231,1,1,0.04636837614140919
12232,0,1,0.03515471625979927
12233,0,0,0.040736038143911475
12234,1,1,0.057632797407033524
12235,0,0,0.04299496671479218
12236,0,1,0.03775501666509456
12237,0,1,0.0749399471444279
12238,1,0,0.07243191324980165
12239,0,1,0.024098503007099682
12240,0,1,0.07927802854689117
12241,0,1,0.04440392586381127
12242,0,1,0.06959610509941308
12243,0,0,0.06498567927697271
12244,0,0,0.04870640402903126
12245,0,1,0.04007767412828284
12246,0,1,0.03835202751577223
12247,0,1,0.08097211344747728
12248,1,1,0.04654688390898874
12249,1,1,0.031174023057269094
12250,1,1,0.07445192454296412
12251,0,1,0.04223713831436962
12252,0,1,0.032820055874773275
12253,0,1,0.029290231499848263
12254,1,0,0.04092373350487484
12255,0,1,0.09263189210710399
12256,0,0,0.06646645431021014
12257,1,1,0.04002273872112734
12258,1,0,0.0789175786669286
12259,0,1,0.08147464473290816
12260,1,0,0.06991117315690946
12261,0,1,0.07922178156756166
12262,0,1,0.04977596742478731
12263,0,1,0.07632141369502124
12264,1,1,0.008987711428021058
12265,0,1,0.03132417617181234
12266,0,1,0.03354348304335546
12267,0,0,0.07449834002292269
12268,0,0,0.048789608968457056
12269,0,1,0.07208152082134983
12270,0,1,0.027928094483345406
12271,0,1,0.03414600896214944
12272,0,1,0.049643481005035794
12273,0,1,0.058283418681289466
12274,1,1,0.05486267425523068
12275,0,1,0.0879490306462428
12276,0,0,0.03324964289609206
12277,0,0,0.04591487944821852
12278,1,0,0.04244432807009234
12279,0,1,0.04672942381141651
12280,0,0,0.06703486285029935
12281,0,0,0.0728715367934619
12282,0,1,0.04907283746109545
12283,0,0,0.08407828062846372
12284,0,1,0.07096456784103365
12285,1,1,0.04518214619990541
12286,0,1,0.0773817652762995
12287,0,1,0.03716471373797466
12288,0,1,0.08035052097432532
12289,0,0,0.0448757048916036
12290,0,1,0.056704770535519984
12291,1,0,0.08091220358686638
12292,0,0,0.0800286070561622
12293,0,1,0.04570057980110148
12294,0,1,0.06607328305305193
12295,0,1,0.0373081060848696
12296,0,1,0.08037142395128509
12297,1,1,0.06714589041271771
12298,1,1,0.021234596594294504
12299,0,1,0.051190138206018254
12300,0,0,0.03273066665281091
12301,0,0,0.04739899765635493
12302,0,1,0.05820352946077689
12303,1,0,0.08146910474325722
12304,0,0,0.06778429644926064
12305,0,1,0.042687776781711886
12306,0,1,0.0036805904074244493
12307,0,0,0.05297086932760475
12308,0,1,0.019784855809452863
12309,0,1,0.03203043455703562
12310,0,1,0.08766634091403241
12311,0,1,0.047701598023955606
12312,0,1,0.049317958577067625
12313,0,0,0.07636868554502323
12314,0,1,0.04947646419243546
12315,0,1,0.10319523016622731
12316,0,0,0.050961234173369174
12317,0,1,0.042966571678747865
12318,0,0,0.050986402218754896
12319,0,1,0.045184372264700234
12320,0,1,0.07355175032098785
12321,0,1,0.03404426062620018
12322,1,0,0.04887602042075226
12323,0,0,0.06484483856998619
12324,0,1,0.07563022671852235
12325,0,0,0.08923432695641761
12326,0,1,0.08458510665317436
12327,0,1,0.08139313719232723
12328,0,1,0.07410693576722513
12329,0,0,0.08716290958251344
12330,0,0,0.029249767393324983
12331,0,1,0.0350459038438762
12332,0,1,0.09337591152626226
12333,0,0,0.051766907818226376
12334,0,1,0.05875383575955162
12335,0,1,0.047710884547843384
12336,0,1,0.09828528330684178
12337,0,0,0.045407206532058854
12338,0,1,0.015307719386153907
12339,0,1,0.0382744836151359
12340,1,1,0.07817546423767174
12341,0,1,0.07799989168857044
12342,0,1,0.05823921918713967
12343,0,1,0.03865006518748295
12344,0,1,0.05430989052990088
12345,0,1,0.03461285165675335
12346,1,1,0.0855503509143319
12347,0,1,0.04296256269729727
12348,0,1,0.04110939795034017
12349,0,1,0.03197131924807545
12350,0,0,0.039216117701051295
12351,1,1,0.035218322234392925
12352,0,0,0.08885077771013969
12353,0,1,0.04452684390314228
12354,1,1,0.04687081897679262
12355,0,0,0.08809011721128057
12356,0,0,0.08101052705936326
12357,0,0,0.08620053755952017
12358,1,1,0.07050765826096902
12359,0,1,0.09230720102866631
12360,0,1,0.07175929927712975
12361,0,1,0.045558178224775425
12362,0,1,0.09331351092024484
12363,1,1,0.015151609717045194
12364,0,0,0.03907450575813306
12365,0,1,0.011044185799219931
12366,0,1,0.09489436843649814
12367,0,1,0.03599474179134068
12368,0,1,0.05200170139806643
12369,0,1,0.0434531643999221
12370,1,1,0.043658380964619097
12371,0,0,0.059160914332581194
12372,0,0,0.07617817862774394
12373,1,1,0.04207450025294015
12374,0,0,0.09396949095286694
12375,0,1,0.050076194414036004
12376,0,0,0.10717856036279849
12377,0,0,0.08029275909001972
12378,0,0,0.07876348781241539
12379,0,1,0.03925132797284068
12380,0,1,0.04805443866488539
12381,0,0,0.03800555505147092
12382,0,1,0.09170306975924009
12383,0,1,0.07828665010204956
12384,0,1,0.0480322902652885
12385,0,0,0.06678453971943343
12386,0,1,0.0725846164003418
12387,0,1,0.040818386268519705
12388,0,1,0.07727145380691082
12389,0,0,0.08463978814317571
12390,0,1,0.05605223152857047
12391,1,1,0.03376478369367046
12392,0,0,0.07307072731721995
12393,0,1,0.047567895033764525
12394,0,1,0.08496064588534685
12395,0,1,0.08350603652670507
12396,0,0,0.07591667671284498
12397,0,1,0.04334213564513314
12398,1,1,0.05899570298096446
12399,0,1,0.0727324118192145
12400,0,0,0.055941531137788346
12401,0,0,0.04387128449913632
12402,0,0,0.029590064825748358
12403,0,0,0.08239495521211856
12404,0,0,0.04765878811639077
12405,0,1,0.04924563676825384
12406,0,1,0.0804648249198965
12407,1,1,0.06298191432648814
12408,0,1,0.08649533851390293
12409,0,1,0.06995583198690422
12410,0,1,0.09983795862133703
12411,0,0,0.06223035241653946
12412,0,1,0.06770781031744119
12413,0,1,0.04527355823935129
12414,0,0,0.08355857988941703
12415,0,0,0.09575275058772204
12416,1,1,0.08359608016861375
12417,0,1,0.04790569218886823
12418,0,0,0.10843825136413603
12419,0,1,0.04673739807890684
12420,0,1,0.07352003439488727
12421,1,1,0.06507075542724869
12422,1,1,0.05558045607057666
12423,0,0,0.04296714206393129
12424,1,1,0.06919863636840703
12425,0,1,0.04469895620890832
12426,1,1,0.0427896923516704
12427,0,1,0.046363692769819574
12428,0,0,0.07261865521281233
12429,0,1,0.08282262973444897
12430,1,0,0.05315863894959952
12431,0,1,0.06310838476277958
12432,0,0,0.04767416740230983
12433,0,1,0.025743860869708486
12434,0,1,0.0821015135119375
12435,0,0,0.08608013142192836
12436,0,1,0.04701189559718758
12437,0,1,0.08624837921284986
12438,0,1,0.04754691338369086
12439,0,0,0.0689867520171771
12440,0,0,0.045684211559161574
12441,0,1,0.02313315657163598
12442,0,1,0.050664658537726504
12443,0,1,0.047886961936253136
12444,0,1,0.0447794530634907
12445,0,0,0.07247582246163921
12446,0,0,0.08784106638520646
12447,1,1,0.08310994742186889
12448,1,0,0.03492721562626376
12449,0,1,0.05560967293434467
12450,0,1,0.06596172705867873
12451,0,1,0.029086368629737548
12452,0,0,0.022276389927095033
12453,0,0,0.03491460379184193
12454,0,0,0.07876267013700336
12455,0,1,0.035065073584086365
12456,0,0,0.08165213458971507
12457,0,1,0.05078594373370566
12458,0,1,0.04672942381141651
12459,0,1,0.08006006806527924
12460,0,1,0.07472342295386124
12461,1,1,0.046085222624438135
12462,0,0,0.0775290211321456
12463,1,1,0.09193042977770374
12464,0,1,0.01688633412998898
12465,0,1,0.03939161960775943
12466,0,0,0.03586367129830287
12467,0,1,0.07472882890137092
12468,0,1,0.08162629861396503
12469,0,0,0.04408745173708946
12470,1,1,0.07464892027149575
12471,1,1,0.019034062173187143
12472,0,0,0.0594993198949397
12473,0,1,0.08378826912748256
12474,0,0,0.08147302873895336
12475,0,1,0.05558045607057666
12476,0,1,0.07086714950042786
12477,1,1,0.022846783177582868
12478,0,0,0.06577121354646208
12479,0,1,0.03273574882857952
12480,0,1,0.04542866669808015
12481,0,1,0.047321033416941244
12482,0,1,0.07040070560561676
12483,1,0,-0.0034669300473736606
12484,0,1,0.004104870174767093
12485,1,1,0.05284344103674927
12486,0,0,0.0374988738612925
12487,0,0,0.08191091259602416
12488,0,0,0.04029790707342957
12489,0,1,0.08162179433680394
12490,0,0,0.032239332500571816
12491,0,1,0.061064907551408754
12492,0,0,0.03550394850572526
12493,1,0,0.09292169857314708
12494,1,1,-0.010113209567469524
12495,0,1,0.040997819179995273
12496,0,1,0.05602836787027246
12497,0,1,0.07538674534187391
12498,0,0,0.08009959260241273
12499,0,0,0.07526602447859118
12500,0,0,0.04509608039738189
12501,0,0,0.04045708620870202
12502,0,1,0.04294412658367359
12503,0,1,0.050645452798233986
12504,0,1,0.04419460665957363
12505,0,0,0.020881893738268674
12506,0,1,0.08387009920989663
12507,0,0,0.04193440208365693
12508,0,1,0.08107843061935262
12509,0,0,0.03927427525394375
12510,0,1,0.06236928247072121
12511,0,1,0.08089504334592162
12512,0,0,0.049129897565879474
12513,0,0,0.02650489802568424
12514,0,0,0.09058075804504867
12515,0,1,0.04449202942705406
12516,0,1,0.045825627703705095
12517,0,1,0.050212573913904206
12518,1,1,0.07412101924334884
12519,0,1,0.08457429637107612
12520,0,1,0.055136504845436154
12521,0,1,0.020033126852672348
12522,0,1,0.04812753270523614
12523,0,1,0.041766171392221836
12524,0,1,0.04222264351210182
12525,0,0,0.08067164803671713
12526,0,1,0.06918315351763347
12527,1,1,0.08564905549721864
12528,1,1,0.025196137600087556
12529,0,0,0.054672085698408576
12530,0,1,0.047362565523077105
12531,0,1,0.03799027058610914
12532,0,1,0.05200057146845949
12533,0,0,0.022480840500793742
12534,0,0,0.01734654414040987
12535,1,1,0.07644954364426329
12536,0,0,0.054775665676130895
12537,0,0,0.08209026542694087
12538,0,1,0.03604821009102492
12539,0,1,0.05647368541240607
12540,0,1,0.08234696145117137
12541,0,1,0.0751856092650067
12542,0,1,0.05911799991546128
12543,0,1,0.08315486491779137
12544,0,0,0.04300037170175998
12545,0,0,0.06030691144635687
12546,0,1,0.08242050310725021
12547,0,0,0.07276227950450859
12548,0,1,0.059817114783585666
12549,0,1,0.07310922584618762
12550,0,1,0.08258650368219551
12551,0,0,0.04608166779547983
12552,0,1,0.08427437524194935
12553,0,0,0.07430213039562315
12554,0,1,0.03467955825734314
12555,0,0,0.0463770688461868
12556,0,1,0.02937505819843355
12557,0,1,0.060850089935581914
12558,0,1,0.09178644128262456
12559,0,1,0.0906425786350184
12560,0,0,0.04035846800097389
12561,1,0,0.08514670444248335
12562,1,1,0.05355335490896361
12563,0,1,0.09348980926261621
12564,0,1,0.048762371012491826
12565,0,1,0.06065765699485694
12566,0,1,0.03430897978121834
12567,0,1,0.08121856230555619
12568,0,0,0.040041500905032584
12569,0,1,0.08107843061935262
12570,0,1,0.023442459647500965
12571,0,0,0.018111562163717267
12572,0,0,0.043709449194183805
12573,0,1,0.04587482135306267
12574,0,1,0.06581053465655769
12575,0,0,0.044086757990544304
12576,0,1,0.08166005450588117
12577,0,1,0.06204557706423848
12578,0,1,0.05309062096044404
12579,0,1,0.035109592888078245
12580,0,1,0.05927521557574689
12581,0,1,0.05497658084881382
12582,0,0,0.0447575859019436
12583,0,0,0.08055327510899134
12584,0,1,0.03963820224565294
12585,0,1,0.050395660140838225
12586,0,0,0.09668633162327774
12587,0,1,0.05531280456718436
12588,0,1,0.018605937224211277
12589,0,0,0.024504262730604732
12590,0,0,0.06711516868951764
12591,0,0,0.071633740234231
12592,0,1,0.045600631444574886
12593,1,1,0.0694378989018344
12594,0,1,0.09580627849817114
12595,0,1,0.04921730836576008
12596,0,1,0.04355489650315624
12597,0,1,0.09427477428479711
12598,0,1,0.06675142355119319
12599,0,1,0.05996558289999653
12600,0,0,-0.006241698438202671
12601,1,1,0.12347852723814631
12602,0,1,0.04268668080604121
12603,0,1,0.0469671081883215
12604,0,1,0.02722336071743106
12605,0,1,0.08421278598300425
12606,1,1,0.08395191066877046
12607,0,1,0.08316878216328952
12608,0,1,0.04749299783880224
12609,0,0,0.044356289385000344
12610,0,1,0.08330632720203825
12611,0,1,0.050257698418679546
12612,0,1,0.047343397270663
12613,0,1,0.07258920351805424
12614,1,1,0.08891261387854246
12615,0,0,0.055246440745361794
12616,0,0,0.08178370353288025
12617,0,0,0.045600631444574886
12618,0,1,0.08799858475820269
12619,1,1,0.0912503152873808
12620,0,1,0.05959545080836304
12621,1,1,0.0463770688461868
12622,0,0,0.06634490600410789
12623,0,1,0.054772910826281065
12624,0,0,0.039285947656396876
12625,0,1,0.0819414232744575
12626,0,1,0.08340107517909036
12627,0,0,0.09074012241500846
12628,0,0,0.09003234837483753
12629,0,0,0.07758165654916624
12630,1,0,0.022675985353849574
12631,1,1,0.040610006532756676
12632,1,1,0.07378010654949065
12633,0,1,0.07744910631700203
12634,0,1,0.07121867775023809
12635,0,0,0.04397512451132015
12636,0,0,0.05027024590277901
12637,0,0,0.10531992023606182
12638,0,1,0.06601107795192772
12639,1,0,0.09640762425292654
12640,0,1,0.09597340075904293
12641,0,0,0.042339099271502936
12642,0,0,0.08060753335904267
12643,0,1,0.08364201242613234
12644,0,1,0.050356638295124226
12645,1,1,0.08057568687975197
12646,0,0,0.10018671168373638
12647,0,0,0.07236556061290755
12648,0,0,0.0823336470815886
12649,0,0,0.08258038025541087
12650,0,1,0.08297800352239076
12651,1,0,0.032054460634880405
12652,0,1,0.032392002669007165
12653,0,1,0.08149097432609165
12654,0,0,0.07539682218706827
12655,1,1,0.07356288897719859
12656,0,0,0.04650982573285376
12657,0,1,0.03677498102391482
12658,0,0,0.1131934921935796
12659,1,0,0.09459888023412709
12660,0,1,0.034152091840413984
12661,0,1,0.07655079026971287
12662,0,0,0.08220230819935627
12663,0,0,0.07044965808792128
12664,0,1,0.07920183588142624
12665,0,1,0.02798446773616286
12666,1,1,0.07994243652962196
12667,0,1,0.08400720160108115
12668,0,0,0.09980497827555701
12669,0,1,0.0480857239052426
12670,0,1,0.011240777771589123
12671,0,0,0.07786310364789306
12672,0,0,0.08272574349936439
12673,0,0,0.020111142991640504
12674,0,0,0.014834007878600588
12675,1,0,0.0854825368877008
12676,0,0,0.058372655738844224
12677,0,0,0.07413339595143759
12678,0,1,0.02972763821074164
12679,0,1,0.039197809271703216
12680,1,1,0.04391219982895438
12681,0,1,0.09185200404121797
12682,0,0,0.03834885814883259
12683,0,0,0.04113991225991699
12684,0,1,0.07684235650751045
12685,1,0,0.08211624192424968
12686,0,1,0.006087063539514305
12687,0,1,0.07578576562089914
12688,0,1,0.09199733962286062
12689,0,1,0.04391206106979076
12690,0,1,0.045213572203848515
12691,0,0,0.0691956373598571
12692,1,1,0.08941681497119668
12693,0,0,0.09428799776153227
12694,0,0,0.027842693654620967
12695,0,1,0.07843736012773744
12696,0,0,0.04118720400407454
12697,0,0,0.07400478441010079
12698,0,0,0.038054073635557926
12699,0,1,0.06916226367404599
12700,0,1,0.0374988738612925
12701,0,1,0.0964059454835725
12702,0,1,0.023886881045953517
12703,1,1,0.04287751496372151
12704,0,1,0.06621411202355157
12705,0,1,0.0743268590463326
12706,0,1,0.04535924552596563
12707,0,1,0.031716934391213036
12708,0,1,0.05115675795300485
12709,1,0,0.08116740189452804
12710,1,0,0.009221485472386427
12711,0,1,0.09669416301700114
12712,0,0,0.08517273232824041
12713,1,1,0.0816145914571503
12714,0,0,0.07874405368506364
12715,0,0,0.08283112599483994
12716,0,0,0.06643528679390534
12717,1,1,0.01188301580728998
12718,1,1,0.06946250875144779
12719,0,0,0.07649423441323835
12720,0,0,0.028560527011360432
12721,0,1,0.008722242721472744
12722,0,0,0.04014526711937861
12723,0,0,0.10421887216143386
12724,0,1,0.03808200216168701
12725,0,1,0.04970046383267525
12726,0,0,0.04703288252407549
12727,0,0,0.08297164721758682
12728,0,0,0.03912401285423211
12729,0,1,0.032782105053249924
12730,0,1,0.07760970463033348
12731,0,0,0.04111259355907406
12732,0,1,0.04664469844706704
12733,0,1,0.07531567141062455
12734,0,1,0.03111559465113853
12735,0,1,0.09091254247158308
12736,0,0,0.04336576410825462
12737,0,1,0.08953023602318572
12738,1,1,0.04381051664282222
12739,0,1,0.044617499198955274
12740,0,1,0.04887015181893251
12741,0,0,0.046906029430189025
12742,1,1,0.03758352251242711
12743,0,1,0.046418465055073556
12744,0,1,0.052751581179506665
12745,0,1,0.04549247405004685
12746,0,1,0.08346344450465475
12747,0,1,0.06633321366476869
12748,0,1,0.01590117722060111
12749,0,1,0.04936817702583363
12750,0,0,0.04828523002456825
12751,0,1,0.04906810813019146
12752,0,1,0.09558746478468749
12753,0,1,0.08089504334592162
12754,0,1,0.038925224112788474
12755,0,1,0.038920916811884705
12756,1,1,0.03552234611172675
12757,0,0,0.06755862155956197
12758,0,1,0.07896526702343055
12759,0,1,0.05937741192756251
12760,1,1,0.07484822005519727
12761,0,0,0.08382286081942567
12762,0,1,0.042689928817307224
12763,0,0,0.042740001524634
12764,0,1,0.07465472923582914
12765,0,1,0.08291403644078968
12766,0,0,0.04435727322482749
12767,0,1,0.04846123935692687
12768,0,1,0.036197819495583226
12769,1,0,0.049017650000025066
12770,0,0,0.07717878079013546
12771,0,1,0.08236737256631017
12772,0,0,0.0463770688461868
12773,0,0,0.06913303910052829
12774,0,1,0.07884300793653198
12775,1,1,0.05036503782470963
12776,0,1,0.09554766265459298
12777,0,1,0.048108267518469375
12778,0,1,0.02797153544633855
12779,1,1,0.04359754775591032
12780,0,1,0.013884887322257462
12781,1,1,0.05225949701459348
12782,0,1,0.07994696978328035
12783,0,0,0.0757891548425194
12784,1,1,0.09395639139799303
12785,1,1,0.03711567789472591
12786,0,1,0.07536299071242084
12787,0,1,0.04295718873385017
12788,0,1,0.03746521982016486
12789,1,1,0.08457955209521012
12790,0,0,0.04191739896438238
12791,0,1,0.04568390632331029
12792,0,1,0.07107439388732224
12793,0,1,0.04502009600496674
12794,0,0,0.08028670362835244
12795,1,1,0.05108398941264981
12796,0,0,0.04421589258518667
12797,0,0,0.06618618160710092
12798,1,1,0.03283809744084798
12799,0,1,0.03512214350415083
12800,1,0,0.1075721246452878
12801,0,1,0.07739329176279088
12802,0,1,0.0447902872094135
12803,1,0,0.08135866206241561
12804,0,1,0.095147206735678
12805,0,0,0.08278308618774997
12806,0,1,0.045003618634041065
12807,0,1,0.026603460659184636
12808,1,1,0.05317989327478079
12809,0,1,0.08529804165993451
12810,0,0,0.028871165263632096
12811,0,1,0.03178993910601711
12812,0,1,0.03972795783982815
12813,0,1,0.05373402466398229
12814,0,0,0.07733001666386452
12815,0,0,0.024020110548970908
12816,0,1,0.017628488129903214
12817,0,1,0.08366765175915797
12818,0,1,0.08669322037316995
12819,0,0,0.04201008022214602
12820,0,0,0.04142411857694757
12821,1,1,0.046146802615753005
12822,0,1,0.014565592673589898
12823,0,1,0.07522101805512729
12824,0,0,0.03590670402772305
12825,1,0,0.09666081802255352
12826,0,1,0.020954471560426676
12827,0,1,0.031117313340773247
12828,0,0,0.05973271450525672
12829,0,1,0.08946829934340916
12830,0,1,0.08539983356296543
12831,0,1,0.06706299428217924
12832,0,1,0.08396849703425863
12833,0,1,0.04873623629109494
12834,0,1,0.06846271492735544
12835,0,1,0.030176396419833516
12836,0,1,0.11440628250485793
12837,0,0,0.07575493997472056
12838,0,1,0.08032389093527006
12839,0,1,0.08873764411145402
12840,0,0,0.0855646157640432
12841,0,1,0.042447999731179756
12842,0,0,0.0906425786350184
12843,0,1,0.057309126612779954
12844,0,1,0.042357773944028655
12845,0,1,0.06667385191480728
12846,0,1,0.03656932995633001
12847,0,1,0.08327290543843577
12848,0,1,0.017356806240490866
12849,1,0,0.04106429766503752
12850,0,1,0.04625744066779135
12851,0,0,0.09523003034127256
12852,0,0,0.0839773732440425
12853,0,1,0.03896652005486867
12854,0,0,0.04859230209732434
12855,0,1,0.08194769271541483
12856,1,0,0.01810404761136158
12857,0,0,0.06034897866843997
12858,1,1,0.042093404459343745
12859,0,1,0.08725363422506993
12860,0,0,0.044582452017920896
12861,0,0,0.040001485739312545
12862,0,1,0.07189891563926318
12863,0,0,0.038586204814498905
12864,0,0,0.03531835417473223
12865,0,1,0.08599367702565686
12866,0,1,0.05254586695823815
12867,0,1,0.05256172931470945
12868,0,0,0.07654696134098432
12869,0,0,0.04211259421992609
12870,0,0,0.04118688851893894
12871,0,1,0.0727899438564379
12872,0,1,0.09362821591105527
12873,0,0,0.08149194815646016
12874,0,0,0.042227438643547
12875,0,1,0.07970289861965486
12876,0,0,0.02780425472344956
12877,0,1,0.05611065279841734
12878,0,0,-0.005792900301804475
12879,0,1,0.0810576614852824
12880,0,1,0.047012214697670356
12881,0,1,0.03430897978121834
12882,0,1,0.0481696268260211
12883,1,0,0.07419999859656279
12884,1,1,0.04923766967724579
12885,0,0,0.07570213854512561
12886,1,1,0.026283996996316453
12887,1,1,0.07908111878786095
12888,1,1,0.0492433953131168
12889,0,1,0.09487740584291987
12890,0,0,0.03436436456486577
12891,0,1,0.021738171964393083
12892,0,0,0.02035895862027077
12893,0,0,0.032612468813541365
12894,0,1,0.03982649032640722
12895,0,1,0.04174976389603638
12896,0,0,0.0447575859019436
12897,0,1,0.0811722568015621
12898,0,0,0.04805443866488539
12899,0,1,0.03692875416264218
12900,0,1,0.039678056269709175
12901,0,1,0.01882938185571332
12902,0,1,0.05257507230114003
12903,0,0,0.018408736288226618
12904,0,1,0.08036607447716013
12905,0,1,0.03303898206461189
12906,0,1,0.04627986757423014
12907,0,0,0.02505786499299942
12908,0,1,0.039977916274125364
12909,0,0,0.04755957512052654
12910,0,1,0.07291395043550068
12911,0,1,0.08325470621178714
12912,0,1,0.06068620343199442
12913,0,0,0.07878749494337436
12914,0,1,0.08835007661543673
12915,0,1,0.04132595222233763
12916,1,0,0.05360427205823448
12917,0,1,0.07683249263477224
12918,0,0,0.03590670402772305
12919,0,1,0.08703682516272346
12920,0,1,0.03618153068644806
12921,0,0,0.052923344635981195
12922,0,1,0.03583863371049812
12923,0,1,0.04246278845794865
12924,0,0,0.047090050143432816
12925,0,1,0.04907283746109545
12926,0,1,0.08304701943119353
12927,0,1,0.04783012540310371
12928,0,1,0.04195140066453957
12929,0,1,0.10304782083185779
12930,1,1,0.0757891548425194
12931,0,1,0.08023353649515172
12932,0,1,0.06697291662706496
12933,0,1,0.08388273714805179
12934,1,1,0.062442163338813826
12935,0,1,0.08025979651168393
12936,0,0,0.05076432473461148
12937,1,1,0.07578395613852255
12938,0,0,0.09158506315103179
12939,0,0,0.04672942381141651
12940,0,1,0.07899415472565793
12941,0,0,0.04264646801298179
12942,0,1,0.04407071741080216
12943,0,1,0.06861632094345095
12944,1,1,0.0618050833039899
12945,0,0,0.03677741143605709
12946,1,1,0.0722710389270492
12947,0,1,0.07828665010204956
12948,0,0,0.08233731662238933
12949,0,1,0.08727350605214444
12950,0,1,0.03660350546170697
12951,0,1,0.0372549956129583
12952,0,0,0.007494578630416766
12953,1,1,0.0494027583263147
12954,0,1,0.04534876766044371
12955,0,1,0.08680393115865365
12956,0,1,0.041802494427959115
12957,0,1,0.054672085698408576
12958,0,1,0.04460250416978211
12959,0,1,0.027621749761771633
12960,0,1,0.05663531857227497
12961,0,1,0.03859036237489913
12962,1,0,0.09202661560094383
12963,0,0,0.044945100153160715
12964,0,0,0.03858752967406319
12965,0,1,0.07345742755831956
12966,0,1,0.10355822760302424
12967,0,1,0.03345820068546627
12968,0,0,0.037938830155920256
12969,0,0,0.046380626001960905
12970,0,0,0.0798306821308436
12971,0,0,0.02650489802568424
12972,0,0,0.0356511034248492
12973,0,1,0.08002303698381566
12974,0,1,0.08375670267401701
12975,0,1,0.047628243211029334
12976,0,1,0.08337220911660165
12977,0,1,0.042102364208645215
12978,0,0,0.07689602978496807
12979,0,1,0.0749584722927987
12980,0,1,0.07705872930915977
12981,0,0,0.06565962704200048
12982,0,1,0.07118334193146486
12983,0,1,0.06374245713824472
12984,1,1,0.04687081897679262
12985,0,1,0.0394374412720768
12986,0,1,0.05245438851590054
12987,0,1,0.04545742334492249
12988,0,0,0.09053336162127631
12989,0,1,0.046279792095579406
12990,0,1,0.040570176811085504
12991,0,1,0.08326563661411833
12992,0,1,0.011546895088534221
12993,0,0,0.01590117722060111
12994,0,1,0.018359172199828563
12995,0,1,0.08599158918008434
12996,0,0,0.07412101924334884
12997,0,0,0.03702385152754591
12998,0,1,0.08144031192038483
12999,0,0,0.06363376219489376
13000,1,1,0.021280572858819992
13001,0,0,0.08258059538773713
13002,0,1,0.036543525074003366
13003,0,0,0.07616167235957001
13004,0,0,0.035866630270970506
13005,0,0,0.03503909783647435
13006,0,1,0.07795133512447058
13007,1,1,0.049540026960779145
13008,0,1,0.08349514151867432
13009,0,0,0.07251093993290159
13010,1,1,0.03846320607739519
13011,0,1,0.0829802440479527
13012,0,1,0.0898671271082328
13013,0,1,0.10604364720719872
13014,0,1,0.08787944983669856
13015,0,1,0.07893403873791117
13016,0,0,0.08228650547980274
13017,0,0,0.06795575457334876
13018,0,0,0.07410432089358658
13019,0,1,0.06761664953779005
13020,0,1,0.03965107520730391
13021,1,1,-0.008908366579277394
13022,0,1,0.08336068191544685
13023,1,1,0.06285857815791551
13024,0,0,0.0320822063308983
13025,0,1,0.04335533695108103
13026,0,1,0.034343275733204774
13027,1,1,0.0404865236273969
13028,0,0,0.05851048628289244
13029,1,1,0.04173200427163708
13030,1,1,0.0824054442371574
13031,0,1,0.040594185229829216
13032,0,1,0.08152782206600837
13033,0,0,0.06601094571869798
13034,0,1,0.07606517605157453
13035,1,1,0.07728687814400932
13036,0,0,0.06569711142219267
13037,0,0,0.03824942722093436
13038,0,1,0.09823053798042206
13039,0,0,0.04260060857951579
13040,1,1,0.031283745660293
13041,0,1,0.06227634991379237
13042,0,1,0.016695675565472842
13043,0,1,0.042087212354023115
13044,0,0,0.0770963051414777
13045,0,1,0.072750021450691
13046,1,1,0.036543525074003366
13047,0,0,0.029706992747852018
13048,0,1,0.0447794530634907
13049,1,1,0.02978540221250702
13050,0,1,0.042661606644629105
13051,0,1,0.037681824674020904
13052,0,1,0.022651100305624873
13053,0,1,0.0571651383339255
13054,0,1,0.021609013668068645
13055,0,1,0.07440269237337463
13056,0,1,0.07936677254429617
13057,0,0,0.036731087510225344
13058,0,1,0.06261137166586625
13059,0,0,0.01056665467538867
13060,0,0,0.032282428399693426
13061,0,1,0.07439164913664366
13062,0,1,0.06887642145287144
13063,0,1,0.045916834843863955
13064,0,1,0.08329661654252736
13065,0,1,0.03936114294261829
13066,0,1,0.03418500431289573
13067,0,1,0.05100029763141577
13068,0,1,0.047001530078807474
13069,0,1,0.09287632395986688
13070,0,1,0.07971598950855135
13071,1,1,0.0879551320239842
13072,1,1,0.03887370499922023
13073,0,1,0.04747917293472993
13074,0,1,0.08178478356539855
13075,0,0,-0.00971452194981445
13076,0,0,0.05158886018769376
13077,0,1,0.0667229265068391
13078,0,1,0.04266496374912017
13079,0,1,0.021979520686844205
13080,0,1,0.0373081060848696
13081,0,1,0.09479208748961374
13082,0,1,0.07626361422177992
13083,0,1,0.02580383806761591
13084,0,1,0.04159773613203099
13085,0,1,0.07110114394532444
13086,0,1,0.0698047445177631
13087,0,1,0.044847194033104006
13088,1,0,0.07492066010601563
13089,0,1,0.0939813651834366
13090,0,1,0.09998454189756828
13091,0,0,0.03590670402772305
13092,0,1,0.03817354907323284
13093,0,1,0.027472540185968054
13094,0,0,0.054619641932959914
13095,0,0,0.08666558702620726
13096,0,1,0.058453964910771136
13097,0,1,0.045950539911629715
13098,1,1,0.07185319949351637
13099,0,1,0.03508582235667864
13100,0,1,0.06861405815633902
13101,0,1,0.020343537342207507
13102,0,1,0.04787506121071741
13103,1,1,0.0451033512310271
13104,0,0,0.03844861079380362
13105,0,0,0.04596026663155264
13106,0,1,0.08652622839051509
13107,1,1,-0.0010603154180461732
13108,0,1,0.0618050833039899
13109,1,1,0.047783621172377014
13110,0,1,0.07772326635827602
13111,0,0,0.03729485289013967
13112,0,0,0.045744905978620826
13113,0,1,0.0959192036342639
13114,0,1,0.013447236905715036
13115,1,1,0.07514198360241439
13116,1,1,0.10057166235330439
13117,0,1,0.04650982573285376
13118,0,0,0.03989036982801181
13119,0,1,0.04235644530863328
13120,0,1,0.07677440561884276
13121,0,1,0.042447999731179756
13122,0,1,0.054940405916516485
13123,0,1,0.05614810295156587
13124,1,1,0.0679571654839271
13125,0,1,0.04984262712754381
13126,0,1,0.03910662559395896
13127,0,0,0.045600631444574886
13128,0,0,0.04447704817203675
13129,0,1,0.0808549281947206
13130,0,1,0.07745843381038553
13131,0,0,0.045600631444574886
13132,0,1,0.06926433503259248
13133,0,0,0.0618050833039899
13134,0,1,0.04835874444322527
13135,1,1,0.07471302373164082
13136,1,1,0.04007622312108446
13137,0,1,0.07702384716715233
13138,0,0,0.06790652966596754
13139,1,1,0.05625679646255343
13140,0,1,0.045452760942994545
13141,0,1,0.058835603513095344
13142,0,1,0.08260198731041174
13143,0,0,0.09224028972758305
13144,1,1,0.0514055398762118
13145,0,1,0.03553425634273545
13146,1,1,0.08065712480088069
13147,0,1,0.08286114721074664
13148,0,0,0.08375960527394037
13149,0,1,0.03960361265085234
13150,0,1,0.08140741532098196
13151,0,1,0.08215980626848639
13152,1,1,0.07655079026971287
13153,0,1,0.08098786118183933
13154,0,0,0.06506397016706136
13155,0,1,0.07615791717038164
13156,0,0,0.07407041523778038
13157,1,0,0.028326229422079557
13158,0,0,0.029399716505158567
13159,1,1,0.07756020866497551
13160,0,0,0.04112584482529161
13161,0,1,0.0341013487694051
13162,0,1,0.08232116484077281
13163,0,1,0.08414709906732404
13164,0,1,0.047153579126946364
13165,0,1,0.0535143064848818
13166,0,0,0.05727068578110082
13167,0,1,0.05163571673229071
13168,1,1,0.05056100748620394
13169,1,1,0.08451109663703514
13170,0,1,0.029734642489117773
13171,0,1,0.04930466549943609
13172,0,1,0.04659940119489209
13173,1,0,0.08224539057560577
13174,1,1,0.05181666356028065
13175,1,1,0.06144983289714897
13176,0,1,0.04659940119489209
13177,0,1,0.057918886503298586
13178,0,1,0.022470717513539757
13179,0,1,0.07272316410206081
13180,0,1,0.061307714369873714
13181,0,0,0.08146012493871461
13182,1,0,0.046617983466223874
13183,0,1,0.06349577950088572
13184,0,1,0.07276492914626748
13185,0,0,0.08169765471135933
13186,1,1,0.04824079582409206
13187,0,0,0.0372549956129583
13188,0,0,0.03496675717377741
13189,0,1,0.10158059699151392
13190,0,1,0.05991008908994043
13191,1,1,0.0524833883874414
13192,1,1,0.06205028752875569
13193,0,1,0.053181025572333576
13194,0,1,0.07415844897861505
13195,0,0,0.03881569991372395
13196,1,1,0.08321421990850458
13197,0,1,0.039779491973466245
13198,0,0,0.04411054993330278
13199,0,1,0.022076220329696847
13200,0,0,0.025204389151353514
13201,0,0,0.03831822910697353
13202,0,1,0.08402015959211626
13203,0,1,0.07457964491308498
13204,1,1,0.042538175740672916
13205,0,0,0.08287564813685981
13206,0,1,0.07682397157234805
13207,0,1,0.07735741793005008
13208,0,0,0.09841190005677114
13209,0,1,0.02649094553797872
13210,0,1,0.0441803868329259
13211,0,1,0.07766167845776671
13212,0,1,0.06539133970987428
13213,0,1,0.08992849520577434
13214,0,1,0.04000028052606119
13215,1,1,0.11175215044495455
13216,0,0,0.0791176375265752
13217,0,1,0.07881383230180339
13218,1,1,0.05945089700122877
13219,0,1,0.04886452480424641
13220,0,0,0.08334663094411157
13221,0,0,0.04425565215491952
13222,0,1,0.08992849520577434
13223,0,0,0.0757891548425194
13224,0,1,0.07460761056804063
13225,0,1,0.04051530055603044
13226,0,1,0.039862772903404065
13227,1,1,0.05163715437261285
13228,0,0,0.12190899682139955
13229,0,1,0.043571332617148066
13230,0,1,0.05374904243114022
13231,0,1,0.04490633152039665
13232,1,1,0.0744084804561504
13233,0,0,0.03286174687711656
13234,1,1,0.020574634654980627
13235,0,1,0.04984063718562747
13236,0,1,0.07240703547278407
13237,0,0,0.0821564795145092
13238,0,0,0.09212217653102668
13239,0,1,0.08880000272863148
13240,0,0,0.0470479579692647
13241,0,0,0.08067090435606111
13242,0,1,0.03030978182679437
13243,0,1,0.04004097176216771
13244,0,0,0.07585003792640596
13245,0,1,0.08118357040903153
13246,0,0,0.08089504334592162
13247,0,1,0.03590670402772305
13248,0,1,0.060894086753395346
13249,0,0,0.04287097299825472
13250,0,1,0.049872489867894346
13251,0,1,0.020421614611140976
13252,0,0,0.04930466549943609
13253,0,1,0.0835802612468568
13254,0,1,0.04507309567222406
13255,0,1,0.05606165741975663
13256,0,0,0.029820650191120547
13257,0,1,0.05159671554454326
13258,0,1,0.03826433181954602
13259,0,1,0.034854856425419314
13260,0,0,0.032243552386497606
13261,0,0,0.04109817374743084
13262,0,1,0.08192767513807843
13263,0,0,0.07589888201933032
13264,0,1,0.06942079699762195
13265,0,1,0.07958583360029657
13266,0,1,0.08449725657984804
13267,0,0,0.06527076045028787
13268,0,0,0.03961723913494705
13269,0,1,0.102847419562654
13270,1,1,0.05456586529086825
13271,0,1,0.041590855016925304
13272,0,1,0.04776909533708737
13273,0,0,0.043469662568483475
13274,0,1,0.07002760784676289
13275,0,0,0.04880470056217397
13276,0,0,0.05115646633917417
13277,0,1,0.04951824977373408
13278,0,0,0.05961479072664422
13279,0,0,0.04584794707526518
13280,0,1,0.057947711383060665
13281,0,1,0.0823790960948405
13282,1,0,0.0777546017358573
13283,0,1,0.04549559839212244
13284,0,1,0.05691086270122795
13285,0,1,0.04757666690430751
13286,0,1,0.08885905045476558
13287,0,0,0.05838556776526525
13288,0,1,0.04785334327154222
13289,0,0,0.07530254757310553
13290,0,0,0.051076182747028846
13291,0,1,0.05054398288822095
13292,1,1,0.09843217491729728
13293,0,0,0.0600871339368266
13294,0,1,0.058679218965326074
13295,0,1,0.04744978574233504
13296,0,1,0.035955831720857354
13297,1,0,0.09677543343735998
13298,0,1,0.05340942385898755
13299,0,1,0.039623421506841054
13300,0,0,0.04013873149910441
13301,0,1,0.042178495931957355
13302,0,1,0.034740871666139345
13303,1,0,0.06412408525688065
13304,0,0,0.0646196130439532
13305,0,1,0.07216126862366977
13306,0,1,0.03361268908821366
13307,0,1,0.06783986734414009
13308,0,1,0.07526564663476577
13309,0,1,0.02822928894438228
13310,0,0,0.08791038021468703
13311,0,1,0.05061252900098458
13312,0,0,0.030608469814592764
13313,0,0,0.055084723563990426
13314,0,1,0.04486845034307903
13315,0,1,0.09842677787175255
13316,0,0,0.0844049369540494
13317,0,0,0.06437086791396139
13318,0,0,0.02296823560719058
13319,0,0,0.08302687719942367
13320,0,0,0.039406693496008026
13321,0,0,0.04838053176422369
13322,0,0,0.03303660048292898
13323,0,0,0.020881893738268674
13324,0,1,0.07766167845776671
13325,0,1,0.054333247007751335
13326,0,0,0.04490633933866245
13327,0,1,0.0752635907041816
13328,1,0,0.0004161731354980422
13329,0,1,0.08038175543697652
13330,0,1,0.04709304676567752
13331,0,1,0.09154503464524787
13332,0,1,0.04672942381141651
13333,1,1,0.08754043493186622
13334,1,1,0.05213267406957267
13335,0,0,0.04315614296358497
13336,0,0,0.06071399140278742
13337,0,1,0.040140161187083655
13338,0,1,0.0691356410012742
13339,0,1,0.08256633961299095
13340,0,1,0.0629202114286173
13341,0,1,0.04220761571866523
13342,0,1,0.04079007334546454
13343,1,1,0.10477867979676253
13344,0,1,0.042118144456264675
13345,0,1,0.03667202412153253
13346,0,0,0.07945765416847603
13347,0,1,0.09219805873787626
13348,0,1,0.05291120091535125
13349,0,1,0.08244306587084974
13350,0,1,0.03643238608538061
13351,0,1,0.059894296590857085
13352,0,1,0.0908776572706536
13353,0,0,0.04672942381141651
13354,0,1,0.030730188534934
13355,0,1,0.08469658292821049
13356,0,1,0.08821015420981455
13357,0,1,0.04375622869725657
13358,0,0,0.08428990856872215
13359,1,0,0.04930621782768109
13360,0,1,0.0315558663662026
13361,0,1,0.060713659086375535
13362,0,0,0.03843689766875093
13363,0,1,0.04876230517349728
13364,0,0,0.06358216790121923
13365,1,0,0.06592884062536793
13366,0,0,0.03536731794313072
13367,1,1,0.047805051330676224
13368,0,1,0.10011288429917518
13369,0,1,0.08546394383081299
13370,0,1,0.04525751216669789
13371,0,0,0.0382837534884248
13372,0,0,0.03913574914871189
13373,0,0,0.013514997220714559
13374,0,1,0.05512604263176363
13375,0,1,0.059676529628516925
13376,0,0,0.07610863106619013
13377,0,1,0.08213025717051851
13378,0,1,0.0924940308999213
13379,0,0,0.03669168641412872
13380,0,1,0.038596037180869625
13381,1,0,0.039786482524882386
13382,0,1,0.0824054442371574
13383,0,1,0.060472433961311654
13384,0,1,0.06773840127246508
13385,0,0,0.039530835734399604
13386,0,1,0.04421589258518667
13387,0,1,0.08546937193371323
13388,0,0,0.09042873540327463
13389,1,1,0.10743330357227521
13390,0,0,0.09881910687966212
13391,0,1,0.03953788195534299
13392,0,1,0.07233745817081014
13393,0,1,0.08961704536215423
13394,0,1,0.048225830223491646
13395,0,1,0.08631720560392409
13396,0,1,0.04002018177900691
13397,0,1,0.04806627143095277
13398,0,1,0.08304701943119353
13399,0,0,0.045916834843863955
13400,0,1,0.046476451647515474
13401,0,1,0.042838295301668494
13402,0,1,0.0447794530634907
13403,0,1,0.04309345140561034
13404,0,1,0.09103760951278811
13405,0,0,0.06350638031791304
13406,0,0,0.046875886918343435
13407,0,1,0.04320513186296208
13408,1,0,0.04726456522482219
13409,0,1,0.03604821009102492
13410,0,1,0.07629507828316895
13411,0,0,0.07769279758822277
13412,0,1,0.034871812101797496
13413,0,0,0.08141988080966998
13414,0,0,0.07351684978895037
13415,0,0,0.060965976865273816
13416,0,1,0.1037927853862343
13417,1,1,0.06311024609621758
13418,0,1,0.04695115703971883
13419,0,0,0.021979520686844205
13420,1,0,0.0382744836151359
13421,0,1,0.04096456909354445
13422,0,1,0.05729743661759404
13423,1,1,0.05610430217536806
13424,0,0,0.045238330528030626
13425,0,1,0.0728442543879483
13426,0,1,0.08119822211463804
13427,0,0,0.07348535483162486
13428,0,1,0.05331892850704808
13429,0,1,0.04431972520043068
13430,0,1,0.09258022272396532
13431,0,1,0.04320471661888052
13432,0,0,0.041587059147235005
13433,0,1,0.06479530742987555
13434,0,0,0.03983839384026059
13435,1,1,0.046893011768060364
13436,1,0,0.05800641786543595
13437,0,1,0.06018016940160585
13438,0,1,0.08433957838914796
13439,1,1,0.04549291142698342
13440,0,1,0.08653088705005733
13441,1,1,0.04672942381141651
13442,0,1,0.06531352605619171
13443,0,0,0.051379538932072075
13444,0,0,0.06388745817538591
13445,0,0,0.04404534586810415
13446,0,1,0.10424616067129905
13447,0,0,0.03358442734743729
13448,0,1,0.06635963622729821
13449,0,1,0.09769102027787846
13450,0,1,0.04300053891756467
13451,0,1,0.04800659474247626
13452,0,1,0.050131995484431924
13453,0,1,0.09587358907806667
13454,0,1,0.09764269756147054
13455,0,1,0.0844842377026715
13456,0,0,0.056484062570739
13457,0,1,0.03818184521248478
13458,0,1,0.07184841096044721
13459,0,1,0.039611954694612636
13460,0,1,0.04665170001094264
13461,0,0,0.04000028052606119
13462,0,1,0.09986862399759971
13463,0,0,0.028135604464065173
13464,0,1,0.06305350778417547
13465,0,0,0.08174287523711525
13466,0,1,0.08212567061047835
13467,0,1,0.12107524030536293
13468,0,1,0.05928994548693571
13469,1,1,0.10537761956163756
13470,0,1,0.05328787430804968
13471,0,0,0.05727680280871249
13472,0,1,0.056902389357008414
13473,0,1,0.0594993198949397
13474,1,1,0.08154497201020242
13475,0,1,0.08433785586329054
13476,0,1,0.08127186438399094
13477,0,1,0.0111600621891855
13478,0,1,0.053030063273472414
13479,0,1,0.048748512935740236
13480,0,1,0.042900140864297845
13481,0,0,0.05644218048323647
13482,0,1,0.08523460398522509
13483,0,0,0.05803767960006821
13484,0,1,0.039493682747736555
13485,0,0,0.03758352251242711
13486,0,0,0.027352390495386382
13487,0,1,0.07998980381978905
13488,0,1,0.04148930460118233
13489,0,0,0.05467797633982331
13490,1,0,0.0712709029245982
13491,1,1,0.08001961248395938
13492,0,0,0.03749865963500637
13493,0,1,0.07237751558119077
13494,0,0,0.08080931579852504
13495,0,0,0.06207809683513539
13496,0,0,0.04269826254544514
13497,0,1,0.08385219041988382
13498,0,1,0.07822246148627654
13499,0,1,0.08256184945760318
13500,0,0,0.08407236401687145
13501,0,1,0.024582550180365863
13502,0,1,0.045959322183739465
13503,1,0,0.07119820309369872
13504,1,1,0.10867698926616585
13505,0,1,0.035988770126341295
13506,0,1,0.05204911054748094
13507,0,1,0.09110045984142778
13508,0,1,0.0418206364252169
13509,0,1,0.09532324560311933
13510,1,0,0.04102236416177937
13511,0,0,0.02014972446209183
13512,0,0,0.048273950388419
13513,0,1,0.0400233532850036
13514,0,1,0.0856430371672105
13515,0,0,0.04922764285682511
13516,0,1,0.03746430460735581
13517,0,1,0.037287745772881215
13518,0,0,0.04839609844803458
13519,0,1,0.0927807886243592
13520,0,1,0.045007447743641946
13521,1,1,0.029092796955935453
13522,0,1,0.04659940119489209
13523,1,0,0.08976465193201158
13524,0,1,0.03926318931482025
13525,0,1,0.0983161653011379
13526,0,1,0.02650489802568424
13527,0,0,0.05547334602447973
13528,0,1,0.03990439372435366
13529,0,1,0.04892248953587569
13530,0,1,0.0524833883874414
13531,0,1,0.037203249098105164
13532,0,0,0.033093572074970094
13533,0,1,0.03238720487239193
13534,1,1,0.06490124439921025
13535,0,1,0.04870390430215052
13536,0,1,0.055162550779584506
13537,0,0,0.05871933244595061
13538,1,0,0.09322858832359301
13539,0,1,0.11855206394676507
13540,0,1,0.04607216152874054
13541,0,1,0.08703687245357888
13542,0,1,0.07567202775818521
13543,0,1,0.044370185730532995
13544,0,1,0.08106140469786483
13545,0,0,0.0884675762535253
13546,0,1,0.09699296105230124
13547,0,1,0.09896333351287323
13548,1,1,0.06347004004539746
13549,0,1,0.04576854248914584
13550,1,1,0.068290994345116
13551,0,0,0.04419788391489918
13552,0,0,0.1069078086366303
13553,0,0,0.06569711142219267
13554,0,1,0.046141493724351584
13555,0,0,0.05911021267660477
13556,0,1,0.04844443369920061
13557,0,1,0.0484945149280228
13558,0,1,0.08247081469164011
13559,0,1,0.05779660385692292
13560,0,1,0.08800742357069322
13561,0,0,0.05121513252879552
13562,0,1,0.020905381673517666
13563,0,1,0.04451176076335779
13564,0,1,0.03309174214160587
13565,1,1,0.07830670553718405
13566,0,1,0.037845492340841766
13567,1,0,0.07690747550091875
13568,0,1,0.05442406962422036
13569,0,1,0.04865806570625689
13570,0,0,0.07773591389096773
13571,0,1,0.03834885814883259
13572,0,1,0.10699734697482469
13573,0,0,0.08349563076053644
13574,0,1,0.04079083384792894
13575,0,1,0.04424413967957188
13576,0,0,0.03936241072028642
13577,0,1,0.0629202114286173
13578,0,1,0.08928261744460758
13579,0,1,0.038853938084157616
13580,0,1,0.021990999414515013
13581,0,0,0.04805443866488539
13582,0,1,0.05090767654001638
13583,0,1,0.04948898846182055
13584,0,0,0.03449207945980723
13585,0,1,-0.011160641736126097
13586,0,0,0.04647426848931126
13587,1,1,0.08985822432107979
13588,0,0,0.0810200364521479
13589,0,1,0.0329178285783102
13590,0,0,0.050633553387258994
13591,0,0,0.05300556703207143
13592,1,1,0.06183169894477117
13593,1,0,0.03416556871622756
13594,0,0,0.06946676568475371
13595,0,1,0.04427346842792444
13596,0,1,0.07410432089358658
13597,0,0,0.1129780769427714
13598,0,1,0.04891227851631212
13599,0,0,0.03933992771846766
13600,0,1,0.04249154795136781
13601,1,0,0.0358269527011207
13602,0,1,0.08001285711461659
13603,1,1,0.04544472541671313
13604,0,1,0.08355905827705976
13605,0,1,0.09456855814528753
13606,0,1,0.0897842919773867
13607,0,0,0.10414833950028854
13608,0,0,0.08284511548774813
13609,0,0,0.06665507924174442
13610,0,1,0.07992639712676877
13611,0,1,0.04443457541945756
13612,0,1,0.08146270539172706
13613,0,1,0.05905260618661526
13614,0,1,0.07315458048022142
13615,0,1,0.09017990972359494
13616,0,1,0.08400198409618397
13617,0,0,0.06079351597376406
13618,0,1,0.054950938685414966
13619,0,0,0.07316142959580976
13620,0,1,0.03487534363282618
13621,0,1,0.05498528549534185
13622,0,1,0.047109950235567716
13623,0,1,0.03890827722340742
13624,0,0,0.051385910261106116
13625,0,1,0.08443503657298636
13626,1,1,0.05578135408280813
13627,0,1,0.08760940332222601
13628,0,1,0.03602109048454325
13629,0,1,0.0683309361601327
13630,0,0,0.07883714054659362
13631,0,1,0.07497316616026727
13632,1,0,0.025262214375113088
13633,1,1,0.041937779058088584
13634,1,0,0.028536069729320886
13635,0,1,0.049084938395445754
13636,1,1,0.06082269877922838
13637,0,1,0.0035832242735421337
13638,0,1,0.058470394685449144
13639,0,1,0.08670998216837686
13640,0,1,0.07545215634197211
13641,0,1,0.07563183701600146
13642,0,1,0.05353882776686368
13643,0,1,0.059602004549803904
13644,0,1,0.04484402615018352
13645,0,1,0.07577528850988567
13646,0,0,0.09484288394669793
13647,0,1,0.04087560217578151
13648,0,0,0.048970703196526424
13649,0,0,0.05797948818148228
13650,0,1,0.05313152837136981
13651,0,1,0.0783390900111206
13652,0,1,0.08132141972491543
13653,0,0,0.09259548478173507
13654,0,1,0.09451263537953052
13655,0,1,0.08378373938225013
13656,0,0,0.08327507018125574
13657,0,1,0.036543525074003366
13658,0,1,-0.009016638111739608
13659,0,1,0.08279878016071184
13660,0,1,0.05685724354775187
13661,0,1,0.05181666356028065
13662,1,1,0.09912344941877384
13663,1,0,0.04659940119489209
13664,0,1,0.08353857650741348
13665,0,1,0.06926433503259248
13666,1,0,0.08220139770252716
13667,0,1,0.023481446104659146
13668,1,1,0.04405601253945847
13669,0,1,0.0620218273627407
13670,0,1,0.04595376529639735
13671,0,0,0.05048594343155821
13672,0,1,0.0529172323740075
13673,0,1,0.08012344760291415
13674,0,0,0.07655079026971287
13675,0,1,0.03941233178503685
13676,0,1,0.04096403424491546
13677,0,1,0.041958858913503046
13678,0,1,0.024155096069945804
13679,0,1,0.03249246869855953
13680,0,1,0.048762371012491826
13681,0,1,0.08082898702231205
13682,0,1,0.0893887080177931
13683,0,1,0.0573929952582634
13684,0,1,0.08352717035264996
13685,0,1,0.08029347890143398
13686,0,1,0.055269927254715856
13687,1,1,0.07357828868396268
13688,0,1,0.08110544954971219
13689,0,0,0.042447999731179756
13690,0,1,0.07540238212138894
13691,0,1,0.03197386114116642
13692,0,1,0.04032919997153499
13693,0,1,0.041001417454475095
13694,1,0,0.08791654733264599
13695,0,1,0.08620614826060843
13696,0,1,0.08108459356510578
13697,0,0,0.07501975262689696
13698,0,1,0.04941107371021436
13699,0,1,0.060219020153725454
13700,0,1,0.08330607176936458
13701,0,1,0.04906810813019146
13702,0,0,0.08369162312754982
13703,0,1,0.04698346314464351
13704,0,0,0.046146802615753005
13705,0,1,0.03806125201337626
13706,0,0,0.08680393115865365
13707,0,1,0.04572568104833447
13708,0,0,0.08089504334592162
13709,0,0,0.0435093679636043
13710,0,1,0.07596945737581282
13711,1,1,0.021280572858819992
13712,0,1,0.04234812218892681
13713,0,1,0.039735914118672
13714,0,1,0.06552661657787259
13715,0,1,0.030608469814592764
13716,0,1,0.07248389416856935
13717,1,1,0.08767862792383942
13718,0,0,0.04907283746109545
13719,0,1,0.03699104912089754
13720,0,1,0.07945903693932119
13721,0,1,0.004806007488548711
13722,0,0,0.018228600991320877
13723,0,1,0.03885503869025931
13724,0,1,0.04709001085563669
13725,0,1,0.05203663800857392
13726,0,1,0.04332903590714672
13727,0,1,0.045701127631195416
13728,0,0,0.08665727388943441
13729,0,1,0.057676607739947275
13730,0,1,0.04419460665957363
13731,0,0,0.04930466549943609
13732,0,1,0.09236097409885827
13733,0,0,0.0935351243648952
13734,0,1,0.03713573942886822
13735,0,1,0.08012344760291415
13736,0,0,0.06416670975189968
13737,0,1,-0.013087306508338675
13738,0,1,0.04781114507787895
13739,1,1,0.0858421712043466
13740,0,1,0.04806459253886525
13741,0,1,0.0382744836151359
13742,1,1,0.08833611321367216
13743,0,0,0.08349535362147475
13744,0,1,0.08595123375207199
13745,1,1,0.09799905964733024
13746,1,0,0.10846412101598185
13747,0,0,0.0758077412333703
13748,0,1,0.040173553615209946
13749,0,1,0.0848634780602537
13750,0,1,0.04907283746109545
13751,1,0,0.08123237284416493
13752,0,1,0.07867914292347254
13753,0,0,0.0679404598218558
13754,1,1,0.037610744889020414
13755,0,0,0.0816725209915931
13756,0,0,0.07406863154037138
13757,0,1,0.04485701309881682
13758,0,1,0.0820786609826942
13759,1,1,0.040889925745274384
13760,0,0,0.04677657394918168
13761,0,1,0.08236487400783098
13762,1,1,0.054361231643843225
13763,0,1,0.04101619629247991
13764,0,1,0.04930466549943609
13765,0,0,0.0829043662889499
13766,0,0,0.04454304898640141
13767,0,0,0.03906511021900921
13768,1,1,0.02617336327482768
13769,0,0,0.03963820224565294
13770,0,1,0.07479804596740539
13771,1,1,0.046617983466223874
13772,0,0,0.078693141729579
13773,1,0,0.07140116175979266
13774,1,1,0.07099221426532523
13775,0,1,0.03298950763845848
13776,0,1,0.04778038468771114
13777,0,1,0.07360411495165872
13778,0,1,0.043156147717832154
13779,0,1,0.07535114401927782
13780,0,0,0.08400198409618397
13781,0,1,0.04291948152547489
13782,0,0,0.047478462987240413
13783,0,0,0.03852116318454299
13784,0,1,0.06840891669035572
13785,1,1,0.08585564866112932
13786,0,0,0.0601996357683717
13787,1,1,0.08995577538604069
13788,0,1,0.06648644062671186
13789,0,0,0.0779400647274898
13790,0,1,0.07432171562414977
13791,0,0,0.06624787886163161
13792,0,0,0.06787184552543445
13793,0,0,0.04617780447414503
13794,0,0,0.04714863314123415
13795,1,1,0.03132417617181234
13796,1,1,0.07461328142127999
13797,0,0,0.0372549956129583
13798,0,1,0.08159042945914827
13799,0,1,0.07476703875242904
13800,1,1,0.04896865354275259
13801,0,1,0.07817720301272368
13802,0,1,0.057263575630132776
13803,1,1,0.038869577521535026
13804,0,0,0.06153761075000047
13805,1,1,0.09072317622271689
13806,0,1,0.046650607505754706
13807,1,1,0.03240915162133167
13808,0,1,0.05904684020521252
13809,0,1,0.04701978913983716
13810,0,1,0.0775482285246385
13811,0,0,0.08242421810493827
13812,0,0,0.05486281589729857
13813,1,1,0.012414194375187836
13814,1,1,0.08113027507730358
13815,0,1,0.019032291385854393
13816,0,1,0.07881134210630086
13817,0,1,0.0706644353394294
13818,0,1,0.05786152926116981
13819,0,1,0.049835307859445455
13820,0,1,0.027238925917980397
13821,1,0,0.05096246674588039
13822,0,1,0.05005949461630817
13823,0,1,0.05130621479693072
13824,0,0,0.04362910877509609
13825,0,1,0.04893901699619874
13826,0,0,0.07320335960381286
13827,0,0,0.04319911765081995
13828,0,0,0.08988195165977372
13829,0,1,0.0699089625470524
13830,0,0,0.07671038228806193
13831,0,1,0.08146012493871461
13832,0,0,0.07070914414523917
13833,0,0,0.0399047941035462
13834,0,1,0.03109110357095251
13835,0,1,0.042844382029401364
13836,0,0,0.056138435034550294
13837,0,1,0.06785729133251645
13838,0,0,0.04303744716714025
13839,0,1,0.09014141861304639
13840,0,0,0.07259634306433828
13841,1,1,0.047158407388952536
13842,0,0,0.06292797695985802
13843,0,1,0.08012344760291415
13844,0,0,0.056594200942671785
13845,1,1,0.046642880204991924
13846,1,1,0.03831677466371021
13847,0,1,0.036543525074003366
13848,0,1,0.04856006596204998
13849,1,0,-0.009125644009169714
13850,0,0,0.07612926379983939
13851,0,1,0.058636141475183146
13852,0,1,0.08304980105905413
13853,0,1,0.06437248136901258
13854,0,1,0.06382761997480611
13855,0,1,0.04207922115673246
13856,1,0,0.05258857707512316
13857,0,1,0.056290034002530215
13858,0,1,0.06681403040516348
13859,0,1,0.0782453295788768
13860,0,0,0.08809671054597101
13861,0,0,0.024328765735415637
13862,0,1,0.04209347393398068
13863,0,1,0.07803415003563313
13864,0,0,0.011953650618857887
13865,0,1,0.07357920642297686
13866,0,0,0.08416763095417248
13867,1,1,0.0710908898753125
13868,0,1,0.08798952842866065
13869,0,0,0.10151730943271331
13870,0,1,0.07210623970025255
13871,1,0,0.03981513898130281
13872,0,1,0.0745090068613878
13873,1,1,0.0691731041555686
13874,0,0,0.04279902021806574
13875,0,0,0.07089352808417747
13876,1,1,0.03859959105920937
13877,0,0,0.049254940162917274
13878,0,0,0.04455517242063277
13879,0,1,0.008868339051569897
13880,0,1,0.03870826235126585
13881,0,1,0.05150847111236064
13882,0,0,0.021887396456055065
13883,0,1,0.07639753401216869
13884,0,1,0.07337991207904149
13885,0,1,0.07429514402778269
13886,1,1,0.031917665319958495
13887,0,1,0.07337991207904149
13888,0,1,0.08036434197077924
13889,0,1,0.07556305569329702
13890,0,0,0.04702965213870075
13891,0,0,0.042447999731179756
13892,0,1,0.05659155405108977
13893,0,1,0.030731614021779024
13894,0,0,0.08347070485977989
13895,0,1,0.03484433311634924
13896,0,1,0.034152091840413984
13897,0,0,0.04812651008451624
13898,0,1,0.07895515849036794
13899,0,1,0.0807830666837719
13900,1,1,0.056012012661860344
13901,0,1,0.016837201419815994
13902,0,1,0.07946256138807907
13903,0,1,0.08608013142192836
13904,0,1,0.0759197742752786
13905,0,0,0.052814727844753356
13906,0,1,0.0702422685143477
13907,1,0,0.08951546466245353
13908,0,1,0.08959012821063232
13909,0,1,0.07833890431065016
13910,0,0,0.0758077412333703
13911,0,1,0.05558045607057666
13912,0,1,0.04850215066660685
13913,1,1,0.0689794899571336
13914,1,1,0.08123538424289584
13915,1,1,0.07972614832293283
13916,0,1,0.08044893263106985
13917,0,0,0.08238960917228703
13918,1,1,0.0970828449838145
13919,0,1,0.038920916811884705
13920,0,1,0.050652199706791384
13921,1,1,0.03805554881483081
13922,0,0,0.08288276255367898
13923,0,0,0.07477161927472842
13924,1,1,0.03820629302545255
13925,0,0,0.08063683001282684
13926,0,1,0.03655979038635277
13927,1,0,0.08585060777252053
13928,0,0,0.06289177260680556
13929,1,1,0.0689794899571336
13930,0,0,0.04142177806015474
13931,0,0,0.08225771394696345
13932,0,0,0.08058707568903528
13933,0,1,0.06545973177348405
13934,1,0,0.030052432765295064
13935,1,1,0.07042761599577273
13936,0,1,0.027893273026624685
13937,0,0,0.09064116177176192
13938,0,1,0.036601918914039605
13939,1,1,0.05080494374240736
13940,0,1,0.040743519451280436
13941,0,0,0.0529971467279704
13942,0,0,0.03456622987632309
13943,0,1,0.10032581823512046
13944,0,0,0.0803093652389177
13945,0,1,0.0762964617520944
13946,0,1,0.08434426423361133
13947,0,0,0.041958858913503046
13948,0,1,0.04841495529926522
13949,0,0,0.08573778398141566
13950,0,0,0.00538351199386994
13951,0,1,0.08141463270678431
13952,0,0,0.038838224955961356
13953,0,0,0.041001834371453036
13954,0,1,0.03324964289609206
13955,1,0,0.07980781346460367
13956,0,1,0.09282302106863147
13957,0,0,0.03480533610169015
13958,0,0,0.04239788530537299
13959,0,1,0.033825243164399686
13960,0,1,0.08638717110590408
13961,0,1,0.09213222240525056
13962,0,1,0.040425525555248455
13963,0,1,0.045818791224429105
13964,0,0,0.06956143847710769
13965,1,1,0.08200337015496488
13966,1,0,0.08339783225276699
13967,0,1,0.03128833313738273
13968,0,1,0.09759035224926538
13969,0,1,0.04136234192811097
13970,0,0,0.08166005450588117
13971,0,1,0.08608013142192836
13972,0,1,0.07337991207904149
13973,0,1,0.07833094188393416
13974,0,1,0.07896526702343055
13975,0,1,0.044284088215133875
13976,0,1,0.09115457223883625
13977,0,1,0.08144504629324409
13978,0,0,0.046209427216099073
13979,1,1,0.0734844251675531
13980,0,1,0.09062663961632872
13981,0,0,0.04674800159449971
13982,0,1,0.037647350471533086
13983,1,1,0.05471261093537642
13984,0,1,0.048748512935740236
13985,0,1,0.04537269520239273
13986,0,0,0.07796660029780414
13987,0,0,0.061051021559911364
13988,0,0,0.06896608303834903
13989,0,0,0.03599053180425192
13990,1,1,0.07594888253993023
13991,0,1,0.08376671234695107
13992,0,1,0.08409089103917933
13993,0,0,0.04304695506262986
13994,0,1,0.07012896625638013
13995,0,1,0.07576431543200764
13996,0,0,0.03713214067712392
13997,0,1,0.03974234855570129
13998,1,1,0.039711234505055766
13999,1,1,0.09677054491278952
14000,0,1,0.07264461209805817
14001,0,1,0.07599588121580901
14002,0,0,0.04214453765484366
14003,1,0,0.0518734838748975
14004,0,1,0.07768882891638212
14005,0,1,0.04047752526953958
14006,0,1,0.09348980926261621
14007,0,1,0.0378657363305527
14008,0,0,0.10403858671470179
14009,0,0,0.04699284640226977
14010,0,0,0.020881893738268674
14011,0,1,0.024405974855094797
14012,0,1,0.047807922489794465
14013,0,1,0.042742433427487944
14014,0,1,0.04981948797909843
14015,0,0,0.08612596740425191
14016,0,0,0.05091659929500919
14017,0,1,0.0713792982178574
14018,0,1,0.09743854894066971
14019,0,1,0.07433541240508501
14020,0,1,0.07591277077123285
14021,0,1,0.04528677488550862
14022,0,0,0.07206303919074812
14023,0,0,0.06751710964527827
14024,0,0,0.027379278228668744
14025,0,1,0.0469349578166449
14026,0,1,0.07400478441010079
14027,0,1,0.0847372305683503
14028,0,1,0.0524833883874414
14029,0,0,0.09413619467882182
14030,0,1,0.08404584361890267
14031,0,1,0.04724449310912292
14032,1,1,0.0009210734815313197
14033,1,0,0.02865513017224108
14034,0,1,0.06589818543409191
14035,0,0,0.04624742744520556
14036,0,1,0.04368746165928578
14037,0,1,0.0995417897724804
14038,0,1,0.05505763735318019
14039,0,0,0.05238207043066217
14040,0,0,0.07060442148879165
14041,0,1,0.05729743661759404
14042,0,1,0.10163496543275613
14043,0,1,0.08299724401369682
14044,0,1,0.03501741459600984
14045,0,1,0.07632141369502124
14046,0,0,0.04159144692942908
14047,0,1,0.0662831036531563
14048,0,1,0.043891629651483556
14049,0,1,0.08238771079035402
14050,0,1,0.03726610780257874
14051,0,1,0.04765264066781155
14052,1,0,0.09005138901742188
14053,0,1,0.07289298581130743
14054,0,0,0.02748744469281792
14055,0,1,0.07647781417373047
14056,0,1,0.053726124322164406
14057,0,1,0.04106191069762122
14058,0,0,0.06932762139163873
14059,0,1,0.048972902903766644
14060,0,0,0.04851602479004748
14061,0,1,0.06651170266354638
14062,0,0,0.04220388059444937
14063,0,1,0.07075345518834401
14064,0,1,0.07832223291595089
14065,0,1,0.06899094853709535
14066,0,0,0.07998045845257946
14067,0,0,0.035022041950610545
14068,0,0,0.05287694048287833
14069,0,1,0.09027351318618113
14070,0,0,0.07882216258256788
14071,0,1,0.08253290510216207
14072,0,1,0.045885101592532944
14073,0,1,0.029462775297434112
14074,0,1,0.03132417617181234
14075,1,1,0.07438511805178327
14076,1,1,0.03711567789472591
14077,0,1,0.09221769472723446
14078,0,0,0.07132964265250796
14079,0,1,0.045679557333963006
14080,0,1,0.07125242535013107
14081,0,0,0.08566854946599982
14082,1,0,0.08213453114575796
14083,0,0,0.07024658809080964
14084,0,0,0.08391690678666587
14085,0,0,0.08545861058178611
14086,0,0,0.04529281995096153
14087,0,0,0.08117162179884682
14088,0,0,0.10236935361202593
14089,0,0,0.0894626355431175
14090,0,1,0.08852272753213364
14091,0,1,0.08654782019259473
14092,0,1,0.08332355934954298
14093,0,1,0.04684434659094495
14094,0,0,0.05238431687457559
14095,1,0,0.07979573822352273
14096,0,1,0.008505158956812286
14097,0,1,0.09163176411987958
14098,0,1,0.08378808292879286
14099,0,0,0.04702965213870075
14100,0,1,0.0491818650074114
14101,1,1,0.06005817475473868
14102,0,1,-0.0006623691458329008
14103,0,1,0.09362980699674661
14104,0,0,0.03711567789472591
14105,0,0,0.07516247123749153
14106,0,1,0.05079418213288199
14107,0,1,0.08286114721074664
14108,0,1,0.08068770517926288
14109,0,1,0.04630274803672297
14110,0,1,0.08639973347272592
14111,0,1,0.07803500851319305
14112,1,0,0.05009095869808962
14113,0,1,0.07207754963283175
14114,0,1,0.04805443866488539
14115,0,1,0.045600631444574886
14116,0,1,0.043836862902593074
14117,0,1,0.08264674888635383
14118,0,1,0.04701631177820635
14119,0,0,0.04231351048824765
14120,0,0,0.03657036999082966
14121,0,1,0.04471427274683315
14122,0,1,0.04698452792029224
14123,0,1,0.043029694521113764
14124,0,1,0.06444306530091495
14125,0,1,0.059431198417957576
14126,0,1,0.07867631519550128
14127,0,0,0.031007014671568512
14128,0,1,0.04189431015739034
14129,1,1,0.00743878310451461
14130,1,1,0.04509248216925114
14131,0,1,0.07467488482973786
14132,0,1,0.05817007880585359
14133,0,1,0.04702988792941939
14134,0,0,0.07982256158067098
14135,0,1,0.026660254502615305
14136,0,1,0.07229885125397069
14137,0,1,0.08909390510742804
14138,0,0,0.04930466549943609
14139,0,1,0.04359754775591032
14140,0,0,0.029363736420482994
14141,0,1,0.07222328665573673
14142,0,0,0.059835525067866456
14143,1,1,0.05376485319297472
14144,0,0,0.06742800873324513
14145,0,1,0.04512297185082416
14146,0,0,0.054672085698408576
14147,0,0,0.077151781321097
14148,0,1,0.06799581329294133
14149,0,0,0.04483054557054758
14150,0,0,0.045600631444574886
14151,1,0,0.04054006058077511
14152,0,1,0.045959876163725266
14153,0,1,0.05939708851189207
14154,0,1,0.02243725807054004
14155,0,1,0.04701189559718758
14156,0,0,0.047334899656618835
14157,0,1,0.07655922193775425
14158,1,0,0.03607729266318682
14159,0,1,0.018118655723805943
14160,0,1,0.03848153440733777
14161,0,0,0.047234642594174515
14162,0,1,0.057462514837012715
14163,1,0,0.08387888952242886
14164,0,0,0.0804685045931097
14165,0,0,0.04153869707516073
14166,0,1,0.08536630657827408
14167,0,0,0.04004097176216771
14168,0,1,0.0786178217793012
14169,0,0,0.03622383689357232
14170,0,0,0.05018226739912015
14171,0,1,0.042004956112547356
14172,0,1,0.0434036842689485
14173,0,1,0.04805443866488539
14174,0,1,0.05887293002421207
14175,0,0,0.04216868562434665
14176,0,1,0.08202768903437573
14177,0,1,0.07352982833232773
14178,0,1,0.04359754775591032
14179,0,0,0.042674718458379834
14180,0,1,0.030228954268681135
14181,0,1,0.03659743671396832
14182,0,1,0.03755590659286839
14183,0,0,0.09157397851655659
14184,1,0,0.07010519109171756
14185,0,1,0.03957393150179329
14186,0,0,0.02607018033587181
14187,0,1,0.0662890912568354
14188,0,1,0.08132057106954448
14189,0,0,0.06314206898731589
14190,0,1,0.04609042381276393
14191,0,1,0.09361111317603305
14192,0,0,0.09046944219608197
14193,0,1,0.04230936378128078
14194,0,0,0.07782779577894977
14195,1,1,0.10877396156380892
14196,1,1,0.04003100266175281
14197,0,0,0.045930773457578115
14198,0,1,0.038880307341115444
14199,0,0,0.09368410392929516
14200,1,1,0.048283302858658804
14201,1,1,0.07398698502155444
14202,0,1,0.07863311125436379
14203,0,0,0.08189474366244132
14204,0,1,0.05812762843564909
14205,0,1,0.09211602825383479
14206,0,1,0.07546850300153192
14207,0,1,0.08481099056600434
14208,0,1,0.05016292559700515
14209,0,1,0.024733787410822675
14210,0,0,0.08623444463182417
14211,0,1,0.08222916683664314
14212,1,0,0.0935144302021884
14213,0,0,0.08690749679541314
14214,1,1,0.06780003466912438
14215,0,1,0.06674516141782288
14216,0,1,0.03821087728562173
14217,0,0,0.07812480717522965
14218,1,1,0.05558045607057666
14219,0,0,0.04759159739729674
14220,0,1,0.07606520527613578
14221,0,1,0.08335266598196674
14222,0,1,0.08893974432780187
14223,0,0,0.01975166701935127
14224,0,0,0.02296596494661369
14225,0,1,0.0866243743078221
14226,0,0,0.05115316521493739
14227,0,0,0.06238303178039577
14228,0,1,0.08175095737555022
14229,0,1,0.06433860483924145
14230,0,1,0.08107843061935262
14231,0,0,0.07531567141062455
14232,1,1,0.04040696666027697
14233,1,1,0.05116918501680966
14234,0,0,0.04637093185948498
14235,0,0,0.09765585349399097
14236,0,0,0.04827885191878096
14237,0,1,0.08334945698194199
14238,0,1,0.08021687544828304
14239,0,0,0.04990030268801673
14240,0,0,0.08262321498486057
14241,1,1,0.03132417617181234
14242,0,1,0.08029545404412969
14243,0,1,0.05472466612388202
14244,0,1,0.03451591895415059
14245,0,1,0.04295933786915774
14246,0,0,0.03607902653045289
14247,0,1,0.03492721562626376
14248,0,1,0.059297987708480715
14249,0,0,0.0968062069006227
14250,1,1,0.07418865484251312
14251,0,1,0.08856863148092807
14252,0,1,0.05255266829940407
14253,1,1,0.02912153038503803
14254,0,1,0.08384715516871531
14255,1,1,0.079854818180238
14256,0,0,0.04258446619798736
14257,1,1,0.04810026292352812
14258,0,1,0.0228393126993662
14259,0,1,0.0908773150606371
14260,0,1,0.04351294200031372
14261,0,1,0.04210385782847932
14262,1,1,0.056073300942956754
14263,0,0,0.04489282402149135
14264,1,1,0.023481446104659146
14265,0,1,0.029638926224397174
14266,0,1,0.04946299679295449
14267,0,1,0.03908541382602248
14268,0,0,0.025080896022143105
14269,0,0,0.043676806659123206
14270,1,1,0.019414520488754985
14271,0,1,0.08211058286893252
14272,1,1,0.07059410536448389
14273,0,1,0.048455430681997244
14274,0,0,0.02410942197451237
14275,0,1,0.08369570481276434
14276,0,1,0.0313286975238967
14277,0,1,0.041517230327178786
14278,0,0,0.017484680778474003
14279,0,1,0.0618050833039899
14280,0,1,0.07687584670061592
14281,0,1,0.07313875571213749
14282,0,1,0.043892666035142726
14283,0,0,0.07205001442821239
14284,0,1,0.05719773196556768
14285,0,0,0.060472433961311654
14286,0,1,0.08347871075290403
14287,0,1,0.024405974855094797
14288,0,1,0.04092451531445064
14289,0,1,0.07661714498347008
14290,0,1,0.04265510102052307
14291,0,1,0.08668272905475419
14292,0,0,0.08863535614163745
14293,0,0,0.06413146875161296
14294,0,0,0.04906810813019146
14295,1,1,0.043766995050472816
14296,0,1,0.06868504291523315
14297,0,1,0.08497451119203817
14298,0,1,0.08734953154772361
14299,0,0,0.0823990078746594
14300,0,1,0.03931787933640378
14301,0,0,0.0767652761596094
14302,0,0,0.035418626411137674
14303,0,1,0.11176751196438243
14304,0,1,0.05410917323596223
14305,0,1,0.08602140318237761
14306,0,1,0.07386624793894406
14307,1,1,0.0061332074473545335
14308,0,0,0.05729743661759404
14309,1,1,0.054454812657987184
14310,0,0,0.052748668111400276
14311,0,0,0.07621890044769349
14312,0,1,0.07689796826577285
14313,1,0,0.08036434197077924
14314,0,1,0.08951458486717034
14315,0,1,0.08048794434353036
14316,0,0,0.04805443866488539
14317,0,1,0.038586204814498905
14318,0,0,0.07970289861965486
14319,0,1,0.07401569851858475
14320,0,0,0.03960361265085234
14321,0,1,0.0665485900892866
14322,0,0,0.053104762978957123
14323,0,1,0.07137058762172872
14324,0,0,0.09404057501422361
14325,0,1,0.07644156012605301
14326,0,1,0.0854311102043577
14327,0,1,0.04557393148227702
14328,0,1,0.034106376515062785
14329,0,0,0.08492750222384889
14330,0,1,0.039299707754133786
14331,0,1,0.09935388738758609
14332,1,1,0.02214242929737807
14333,0,1,0.07113965871320994
14334,0,1,0.07352262297022111
14335,0,1,0.04483054557054758
14336,0,1,0.06239211053585201
14337,0,1,0.08541448086136406
14338,0,1,0.04931747987968613
14339,0,0,0.08370365804864716
14340,0,1,0.07596945737581282
14341,0,1,0.07138576182648942
14342,1,1,0.04417995191027069
14343,1,1,0.0839440461730145
14344,0,1,0.040078944748981465
14345,0,0,0.04288876735662093
14346,1,1,0.07545155395465211
14347,1,1,0.06469312066028554
14348,0,1,0.08553762691585642
14349,0,1,0.04384811023479049
14350,0,1,0.0599754142406078
14351,0,1,0.08279741944755006
14352,0,0,0.08021729527842478
14353,0,0,0.05797948818148228
14354,0,0,0.05232468940907629
14355,0,0,0.05909176039983492
14356,0,1,0.0801203132356987
14357,1,1,0.048845968992777364
14358,0,0,0.07765146500980322
14359,0,1,0.048791373653337196
14360,0,0,0.04147531482876438
14361,0,1,0.07495605053353863
14362,1,0,0.05150929424981823
14363,0,0,0.05784509947012255
14364,0,1,0.04114614040465833
14365,0,1,0.05384717844992465
14366,1,1,0.09064436895763998
14367,1,1,0.028596289332825747
14368,0,0,0.05920864511750775
14369,0,1,0.046435187369459174
14370,0,0,0.03835915823847053
14371,0,0,0.03416721386764077
14372,0,0,0.09882061470878092
14373,0,0,0.04622914934310432
14374,0,1,0.08068770517926288
14375,0,1,0.08266818899969358
14376,0,1,0.04884190080633505
14377,0,1,0.08442314303888757
14378,0,0,0.03467955825734314
14379,0,0,0.01179212963115067
14380,0,0,0.04105090153670064
14381,0,0,0.03590511869394577
14382,0,1,0.04419460665957363
14383,0,0,0.042423936375454885
14384,0,1,0.043049690381580706
14385,0,1,0.031817280812616894
14386,0,0,0.08177559585835187
14387,0,0,0.05063151079054949
14388,1,0,0.04146352286844214
14389,0,1,0.04762640543454143
14390,0,1,0.08307298840826938
14391,0,0,0.03750381218977353
14392,0,1,0.08630193804713732
14393,0,0,0.10444840497385666
14394,0,1,0.08339788064014883
14395,0,1,0.0826080050671579
14396,0,1,0.04136128897499043
14397,0,0,0.04700095825227314
14398,1,1,0.07805275815525774
14399,1,0,0.048092808747572525
14400,0,1,0.04410695987297253
14401,0,1,0.0465991689484466
14402,0,1,0.05225949701459348
14403,0,1,0.060007882402778566
14404,0,1,0.07689796826577285
14405,0,1,0.04032919997153499
14406,0,1,0.044356289385000344
14407,0,0,0.08361040997893622
14408,1,1,0.060665675860757544
14409,1,1,0.06543843152215872
14410,1,1,0.09157087535314715
14411,0,0,0.038180305806693224
14412,0,0,0.047470824010602236
14413,1,1,0.046137481089648075
14414,0,1,0.08068770517926288
14415,0,1,0.04254995488010561
14416,0,1,0.043741323971134505
14417,0,1,0.06271468506906867
14418,0,0,0.04000028052606119
14419,0,1,0.10088751690810287
14420,0,1,0.040689669497074005
14421,0,1,0.07464303896738123
14422,0,1,0.05014541671656886
14423,0,1,0.04343205517009363
14424,0,0,0.0339362846846412
14425,1,1,0.0528911196659059
14426,0,1,0.03997287839713706
14427,0,1,0.09965351984127291
14428,0,1,0.05118585083183566
14429,0,0,0.04860452656662564
14430,0,1,0.042477243940771264
14431,0,1,0.08795232784376644
14432,0,1,0.05675310604194519
14433,0,1,0.07989305375235732
14434,0,1,0.03815999415791891
14435,1,1,0.08160918814022888
14436,0,0,0.06664782321622688
14437,1,1,0.072205533017485
14438,0,0,0.04783012540310371
14439,0,0,0.07446855319997772
14440,0,1,0.07961279079707671
14441,0,0,0.048514772257874206
14442,0,0,0.08335266598196674
14443,0,1,0.0383846628144768
14444,1,1,0.01587008832357336
14445,0,1,0.05298779860642791
14446,0,1,0.04064588953089025
14447,0,1,0.08085820393202275
14448,0,0,0.04630380773860026
14449,0,1,0.06889202369317442
14450,0,0,0.027970008516110142
14451,0,1,0.04585523613672637
14452,0,0,0.020168281323716314
14453,0,1,0.04046204301429037
14454,0,1,0.0444174074359478
14455,0,1,0.09026931194608596
14456,0,1,0.045032594760435224
14457,0,1,0.0779465370505047
14458,0,0,0.09813376462239104
14459,0,1,0.04410005717260039
14460,0,1,0.08979445598976751
14461,0,0,0.08173435489044036
14462,0,1,0.037775907047389354
14463,0,1,0.04537269520239273
14464,0,0,0.09199168715225965
14465,0,1,0.06987095917420248
14466,0,1,0.024925096222524302
14467,0,1,0.045512915021461
14468,1,1,0.019937991088281135
14469,0,0,0.05729743661759404
14470,0,0,0.0393267970869485
14471,0,1,0.044012222649266186
14472,0,1,0.048873839639102384
14473,0,1,0.08072921736700495
14474,0,1,0.04214024776776633
14475,0,0,0.04228230139530205
14476,0,1,0.07056021881532289
14477,0,0,0.04681350363060743
14478,1,1,0.048996411475137065
14479,0,1,0.042357773944028655
14480,0,1,0.07269345863850332
14481,0,0,0.0721070477527125
14482,1,1,0.09065289645672339
14483,0,1,0.07951952314255946
14484,0,1,0.04388888571604983
14485,0,0,0.0415017867364834
14486,0,1,0.06605776986153396
14487,1,0,0.029074093606897403
14488,0,1,0.058123065839167876
14489,0,1,0.07277732166400011
14490,0,1,0.03839597797062273
14491,0,1,0.0460918462328855
14492,1,1,0.0906321773818268
14493,0,0,0.026660254502615305
14494,1,1,0.03702385152754591
14495,0,1,0.06172651544652977
14496,0,0,0.04106799306514824
14497,0,1,0.04506260123492836
14498,0,1,0.045781108115662585
14499,0,1,0.08944323944972335
14500,0,0,0.056153400172057416
14501,0,1,0.045083218612734684
14502,0,0,0.0800869438265947
14503,1,1,0.0811235972112983
14504,0,0,0.0400787476824955
14505,0,1,0.042447999731179756
14506,1,1,0.05145835244227391
14507,0,0,0.06760459898290112
14508,0,1,0.03132417617181234
14509,0,1,0.08033970767293112
14510,0,1,0.044376712248227035
14511,0,1,0.039539203396256384
14512,0,1,0.07975440143644003
14513,0,1,0.08199868942717278
14514,0,1,0.043733015827620965
14515,0,0,0.09892103133094829
14516,0,1,0.0382744836151359
14517,0,0,0.08105315977042671
14518,0,1,0.08085760967578956
14519,0,1,0.050920690818085514
14520,1,1,0.07273903530580683
14521,0,1,0.04987456106240558
14522,0,1,0.048260531993918984
14523,0,0,0.09557899960865612
14524,0,1,0.06705096519375377
14525,0,0,0.047560965081018355
14526,1,1,0.07949326541373702
14527,0,1,0.034787284212639734
14528,0,1,0.08127864895030097
14529,0,1,0.07252631316179341
14530,0,1,0.04575820109394122
14531,0,0,0.09718329098535555
14532,0,1,0.05043608026695521
14533,1,1,0.04696930467971214
14534,0,1,0.03636819580707008
14535,0,0,0.0454644423262333
14536,0,0,0.0789864454111334
14537,1,1,0.05009807391052076
14538,0,1,0.04025859183184405
14539,0,1,0.04083724462589084
14540,0,0,0.06049085805728981
14541,0,1,0.06296073425015987
14542,0,0,0.044831640202384115
14543,0,0,0.08377177212389066
14544,0,0,0.08170193244327956
14545,1,0,0.03264806662188714
14546,0,1,0.03920530225691504
14547,0,0,0.04112130885195624
14548,0,1,0.09384825844369835
14549,1,1,0.08419966090080819
14550,0,1,0.030262609456536645
14551,1,1,0.06991760956195828
14552,0,0,0.06309360094248812
14553,0,0,0.044502482147077846
14554,0,1,0.08494632246565616
14555,1,0,0.08640807686093366
14556,0,1,0.0618187522301627
14557,0,1,0.09362889577915645
14558,0,0,0.05321062433983008
14559,0,1,0.06956246348394639
14560,0,0,0.08964640309332012
14561,0,1,0.05937711075028661
14562,0,1,0.06278551482970701
14563,0,1,0.0563021500937826
14564,0,1,0.04275944519357036
14565,1,1,0.080016812381681
14566,0,1,0.04456095989046251
14567,0,1,0.029065080430844378
14568,0,1,0.04965311250978455
14569,0,1,0.032954679529459956
14570,0,1,0.025180729507528827
14571,0,0,0.09066949722484562
14572,0,1,0.09667517870459216
14573,0,1,0.06218136139111976
14574,0,0,0.09450806138219797
14575,0,1,0.03203502674939928
14576,0,1,0.08380789838434467
14577,0,1,0.06444306530091495
14578,0,0,0.024853753034785372
14579,0,1,0.05675358743366275
14580,1,1,0.09273832143339633
14581,0,0,0.047788607072618866
14582,0,1,0.08945175031892842
14583,0,0,0.038008147711996086
14584,0,1,0.04595708690168055
14585,0,1,0.04874631281239364
14586,1,1,0.04185872128900831
14587,0,1,0.03707964541901412
14588,0,1,0.01888352864057795
14589,1,0,0.04650982573285376
14590,0,1,0.06899725941877247
14591,0,1,0.00773548249679816
14592,0,1,0.052657237099783406
14593,1,0,0.08697744613521494
14594,0,1,0.04220388059444937
14595,0,0,0.07581892303680378
14596,0,0,0.0655522433380384
14597,0,1,0.04424985284538606
14598,0,1,0.04245033161291982
14599,0,1,0.1246482334585457
14600,0,1,0.06510357283895322
14601,0,0,0.08399504533441748
14602,0,1,0.10029596251100249
14603,0,0,0.039921917902430805
14604,0,1,0.0556739291075784
14605,0,0,0.10807077727573922
14606,0,1,0.03354348304335546
14607,0,1,0.03813489347154292
14608,0,1,0.06790865302770585
14609,0,1,0.08421719790195463
14610,1,1,0.07927358412972416
14611,0,0,0.043963212301942355
14612,0,1,0.041494596791372185
14613,0,0,0.060451777606477436
14614,0,0,0.04559138587095754
14615,0,1,0.0620218273627407
14616,0,0,0.033760461610426826
14617,0,1,0.045971141569469506
14618,0,1,0.07600872059512946
14619,0,1,0.04912448269266904
14620,0,0,0.028302030093837086
14621,0,0,0.04591470312660329
14622,0,1,0.09238425033198963
14623,0,0,0.07736062863196783
14624,0,1,0.07760600609254165
14625,0,1,0.07213095155047516
14626,0,1,0.04812651008451624
14627,0,0,0.10378329022598448
14628,0,0,0.07260628974915459
14629,0,1,0.08536672397046939
14630,0,1,0.09437288478929941
14631,0,1,0.04534626791529872
14632,0,1,0.05401106516366157
14633,0,1,0.04536801533723203
14634,0,1,0.024179553395808767
14635,0,1,0.05710645049864346
14636,0,1,0.06289103586264505
14637,0,1,0.05270116167402081
14638,0,0,0.053616129172388755
14639,0,1,0.0374988738612925
14640,1,1,0.08955932163756729
14641,0,1,0.06446000884016238
14642,0,1,0.09265457091759455
14643,0,0,0.08275104930522871
14644,0,1,0.04076458064531637
14645,0,1,0.09182454647490593
14646,0,1,0.08292559714522907
14647,0,1,0.06974373587262128
14648,1,0,0.077401344553138
14649,0,1,0.04724278145373608
14650,0,1,0.03561514920887837
14651,0,0,0.10639120254371523
14652,1,1,0.034873590705617366
14653,0,1,0.0423457758986162
14654,0,1,0.07407306277743866
14655,0,1,0.04280814851485204
14656,0,0,0.0925899560894429
14657,0,0,0.06472182331443566
14658,0,1,0.09311598528873331
14659,0,1,0.0434461811957771
14660,1,1,0.03467955825734314
14661,0,1,0.05728879644616314
14662,0,1,0.02946994269039275
14663,0,1,0.07145747932872006
14664,0,1,0.03758352251242711
14665,0,1,0.077075750694955
14666,0,1,0.04371600213409786
14667,0,1,0.04133891224587855
14668,0,0,0.018339612662848843
14669,0,1,0.08156589697142747
14670,0,0,0.08575429120514586
14671,0,1,0.077462075632716
14672,0,1,0.04524939540291252
14673,0,1,0.04701942249844958
14674,0,1,0.08367466673236752
14675,1,1,0.0334006017694318
14676,1,1,0.07009835970735996
14677,1,1,0.04421589258518667
14678,0,0,0.07804904956741548
14679,0,1,0.0788154480315263
14680,0,0,0.03168237326957027
14681,1,1,0.07468946410829717
14682,0,0,0.06927113769856844
14683,0,0,0.04745734106293308
14684,1,1,0.07545121816150956
14685,0,0,0.040333472666288686
14686,0,0,0.07552265874921862
14687,0,1,0.08060490031999608
14688,0,1,0.08499990814152938
14689,0,1,0.04474870788900193
14690,0,0,0.09055972635126744
14691,0,1,0.055155701286234676
14692,0,0,0.0811235972112983
14693,0,1,0.031220183668425796
14694,0,1,0.0438295501743493
14695,0,1,0.05983018756568477
14696,0,0,0.04276550705285594
14697,0,0,0.09551955385890454
14698,0,1,0.06309360094248812
14699,0,1,0.04025917449127626
14700,1,1,0.03736376620663609
14701,0,0,0.04611441276485346
14702,0,1,0.030392885336329188
14703,0,0,0.08314928935043428
14704,0,1,0.04381749352354429
14705,0,1,0.046104239406573454
14706,0,1,0.04067343825154419
14707,0,0,0.039827213441763015
14708,0,0,0.05115646633917417
14709,0,1,0.07147633134970531
14710,1,1,0.07089224562532048
14711,0,1,0.04881363369528907
14712,0,1,0.041113258821882645
14713,0,1,0.09906055265850425
14714,0,1,0.07536485372263942
14715,0,0,0.05879572087316622
14716,0,0,0.04642321459513029
14717,0,1,0.07277743142452363
14718,0,0,0.0820350772874801
14719,0,1,0.08206258368358263
14720,1,1,0.07337991207904149
14721,0,0,0.07433555875499115
14722,0,1,0.08425974021154856
14723,0,1,0.01370827632896959
14724,0,1,0.05055724885104745
14725,0,0,0.06530037519065028
14726,0,1,0.047298781253497416
14727,0,1,0.03846050568192743
14728,0,0,0.04289209309368624
14729,0,1,0.06057461764530708
14730,0,0,0.038677442260565464
14731,0,1,0.08253538420174128
14732,0,1,0.04642179255623992
14733,0,1,0.0476344734528652
14734,0,1,0.039197242546150646
14735,0,1,0.06953770735750706
14736,0,0,0.03868840623681233
14737,0,1,0.045739636353729005
14738,0,1,0.08179980822308985
14739,0,0,0.07410432089358658
14740,1,1,0.03011196188832692
14741,1,1,0.08521339762864485
14742,0,1,0.04952176717403917
14743,0,0,0.08348816742255541
14744,0,1,0.046602159315527816
14745,0,1,0.04769668897049796
14746,0,1,0.0845527966998446
14747,0,1,0.04738563625808738
14748,0,1,0.0877921844182078
14749,0,0,0.040381214354110205
14750,0,1,0.04171689882747413
14751,0,0,0.05072291573671343
14752,0,1,0.054242387880006036
14753,0,1,0.050249577544888444
14754,0,1,0.07379507820204373
14755,0,0,0.029165348218773375
14756,0,0,0.05019884173071556
14757,0,0,0.0705319425348753
14758,0,0,0.08530447290672692
14759,1,1,0.025269087509260355
14760,0,1,0.040599017072253246
14761,0,1,0.0758077412333703
14762,0,1,0.0436350701093603
14763,0,1,0.07047677611157788
14764,0,1,0.08056067390621087
14765,0,0,0.030608469814592764
14766,0,1,0.08770094865506922
14767,0,1,0.06610520421933162
14768,0,1,0.08414050538213722
14769,0,1,0.03901798280320695
14770,1,1,0.06043564656147968
14771,0,1,0.032698892024391794
14772,1,1,0.0720509186026988
14773,0,0,0.044141648519695965
14774,0,0,0.03642256090014293
14775,0,1,0.04077005136537213
14776,0,1,0.04066799209820911
14777,0,1,0.06670156559122543
14778,0,0,0.08475376566260659
14779,0,1,0.028239797737978748
14780,1,1,0.04181765832934451
14781,0,1,0.08566854946599982
14782,0,1,0.0368283015134286
14783,0,0,0.07009835970735996
14784,0,0,0.05114766218940007
14785,0,1,0.08823970760393159
14786,0,1,0.09301838018428124
14787,0,0,0.04491478260447246
14788,0,0,0.08993057785727646
14789,0,1,0.0804648249198965
14790,0,0,0.05937088624220527
14791,0,0,0.041300156153104804
14792,0,1,0.08819571122235553
14793,0,0,0.08012282627261749
14794,1,1,0.09257597813564616
14795,0,0,0.08483248062673071
14796,0,1,0.08594103601998403
14797,0,1,0.038516258120612545
14798,0,0,0.04571813588168984
14799,0,0,0.10325710803582941
14800,0,1,0.03713864003064228
14801,0,1,0.05250412797677816
14802,1,1,0.09618047984167202
14803,0,0,0.08923189922534572
14804,0,1,0.045510868964126164
14805,0,0,0.015137985046493899
14806,0,1,0.042523921120994165
14807,1,1,0.03453152924946003
14808,1,1,0.04930466549943609
14809,0,0,0.0326872593398275
14810,0,1,0.04584859888480758
14811,0,1,0.04350139072477705
14812,0,1,0.0738083877293667
14813,0,1,0.04935332993592918
14814,0,1,0.08370741885593741
14815,0,1,0.030551905764079536
14816,0,1,0.0781080072777293
14817,0,1,0.05584879381289383
14818,0,1,0.03896765321004614
14819,0,1,0.04417744760155805
14820,0,0,0.03982259065228417
14821,0,1,0.01458957027823795
14822,0,1,0.053657077845698405
14823,0,1,0.08207885426808008
14824,0,0,0.08872586350365506
14825,0,1,0.08736016529411735
14826,0,1,0.04657619431483888
14827,0,1,0.06910316158430424
14828,0,1,0.08966789730914695
14829,1,1,0.06736844525778582
14830,0,1,0.046222155182293896
14831,0,1,0.08102654901647095
14832,0,1,0.07596945737581282
14833,1,1,0.03758352251242711
14834,0,1,0.07602812176384345
14835,0,0,0.07139076564915033
14836,1,1,0.09201433367529936
14837,0,1,0.04856220807638101
14838,0,1,0.03132516763820054
14839,0,1,0.04762887764461762
14840,1,1,0.04218464782100485
14841,0,1,0.05160809280240506
14842,0,1,0.10265100221749213
14843,0,0,0.10819654592106609
14844,0,1,0.07400478441010079
14845,0,0,0.09910525389804051
14846,0,1,0.04289334797553725
14847,0,1,0.033165682031812124
14848,0,1,0.04519531401568414
14849,1,1,0.05659155405108977
14850,0,1,0.040047147471417806
14851,0,0,0.0457404682022626
14852,0,1,0.023473568451127004
14853,0,1,0.05581499032866499
14854,0,0,0.01994723725433377
14855,0,1,0.03820629302545255
14856,0,1,0.09153629300279051
14857,0,0,0.03422864633117024
14858,0,0,0.05072291573671343
14859,0,0,0.042192364903168314
14860,1,1,0.024712085138760057
14861,1,1,0.016223075093563605
14862,0,0,0.08060690022037105
14863,0,1,0.07242715266330783
14864,1,0,0.10238019844938617
14865,0,0,0.08515880121335856
14866,0,0,0.029941516237742383
14867,0,0,0.07491821271079377
14868,0,1,0.0618050833039899
14869,1,1,0.07917227281774218
14870,0,1,0.05838388321035018
14871,0,0,0.08326404693547884
14872,0,0,0.08771118101902994
14873,0,1,0.0795289001121904
14874,1,0,0.035506545854807794
14875,0,1,0.053928281915193686
14876,0,1,0.03777070904819019
14877,0,1,0.0326720141566722
14878,0,1,0.09664173268239099
14879,0,0,0.06351580454680036
14880,0,0,0.08835494094510768
14881,1,1,0.09097202918491534
14882,0,0,0.03942274382595838
14883,0,1,0.0823572177953208
14884,0,0,0.04875150393885005
14885,0,0,0.05166294775367482
14886,0,0,0.08463091555250396
14887,0,1,0.07374079409079365
14888,0,0,0.03976412039963233
14889,0,1,0.06501414622277563
14890,1,1,0.042899532635956736
14891,0,0,0.04421055838857017
14892,0,0,0.06385906642646715
14893,0,1,0.04300178350215618
14894,0,0,0.03500395517179239
14895,1,1,0.041146872572253045
14896,0,1,0.03832412817628811
14897,0,0,0.0328292951992802
14898,0,1,0.03431812513855308
14899,1,1,0.09491530910841478
14900,0,1,0.03958038191299618
14901,0,1,0.08343596598964646
14902,0,1,0.042447999731179756
14903,0,0,0.04421323013477579
14904,0,0,0.037433969522310984
14905,0,1,0.05557668094413973
14906,0,0,0.029930847281223485
14907,0,0,0.04639589936972253
14908,0,1,0.053720991075210306
14909,0,1,0.05945089700122877
14910,0,1,0.07593376903633015
14911,0,1,0.08699443694311926
14912,1,1,0.08104604693461609
14913,0,1,0.04234031736829538
14914,0,1,0.09302890482748113
14915,0,1,0.042181508011946825
14916,0,0,0.08356378325372082
14917,0,1,0.0731264501029183
14918,0,0,0.0712026394161971
14919,1,0,0.08624756505396088
14920,0,0,0.08380735691858676
14921,0,0,0.04366227767392675
14922,0,1,0.08205475151647791
14923,0,0,0.029135720501538558
14924,1,1,0.0775784596731292
14925,0,1,0.08458257332778499
14926,0,1,0.04510373275869537
14927,0,0,0.07644550143006074
14928,0,0,0.08339971333069954
14929,0,0,0.051441626962132954
14930,0,1,0.04054006058077511
14931,0,0,0.037417518498398486
14932,1,1,0.07692409013976681
14933,0,1,0.10926782298469472
14934,0,1,0.03190221068042746
14935,0,1,0.07341521971566008
14936,0,1,0.07673001186818498
14937,1,1,0.07870536435754699
14938,0,1,0.05815946231830147
14939,0,1,0.041233423053131255
14940,0,1,0.07965278188952787
14941,0,1,0.03496287868808666
14942,0,0,0.053734912756634806
14943,0,0,0.08419339352721758
14944,0,1,0.02188072300313723
14945,0,1,0.03671618734761533
14946,0,1,0.016411169936324157
14947,0,1,0.0265871594671958
14948,0,0,0.04650982573285376
14949,0,1,0.0758820195443737
14950,0,1,0.06981920352815885
14951,0,0,0.041451012908717236
14952,0,0,0.08249016870032003
14953,0,1,0.044425078016592054
14954,0,1,0.04659940119489209
14955,1,1,0.08118660569502395
14956,0,0,0.04917809094184962
14957,0,1,0.03711923847853978
14958,1,0,0.07293242834742605
14959,0,0,0.043163621122365325
14960,0,0,0.045579596492709124
14961,1,1,0.08993972468651013
14962,0,1,0.09982271540663783
14963,0,1,0.0757891548425194
14964,1,0,0.020881893738268674
14965,0,1,0.050740909854185265
14966,0,0,0.09000429953772063
14967,0,0,0.06844318265182771
14968,0,0,0.04536081899253669
14969,1,1,0.07130539489906972
14970,0,0,0.09426341457337187
14971,0,1,0.09956769876602917
14972,1,1,0.021646837242294777
14973,0,1,0.06147431095112402
14974,1,1,0.07821340324587589
14975,0,1,0.0794621791219596
14976,0,1,0.07979238124903414
14977,0,1,-0.004236532059403358
14978,0,1,0.03963820224565294
14979,0,1,0.037369887188597434
14980,0,1,0.04689688375672806
14981,0,0,0.07507376491934041
14982,0,0,0.048748512935740236
14983,0,1,0.08043028758785184
14984,0,1,0.1071341303969077
14985,0,1,0.07879540487755245
14986,1,1,0.07721020731186955
14987,1,1,0.024394051166487987
14988,0,0,0.06711396988887508
14989,0,1,0.0626803565573976
14990,0,0,0.058076586090446664
14991,0,1,0.07828665010204956
14992,0,0,0.041221504694102545
14993,0,1,0.036366514583249174
14994,0,1,0.07757115420337371
14995,0,0,0.08764069580209816
14996,0,0,0.09020046716088916
14997,0,0,0.10194552643074994
14998,0,1,0.04067683075464951
14999,0,1,0.09527674726625739
15000,0,1,0.0801900950316888
15001,0,0,0.04581113745832026
15002,1,1,0.0874653422520697
15003,0,1,0.07428211124159054
15004,1,1,0.07968695455068009
15005,0,1,0.04248228694083496
15006,0,1,0.08642464626104696
15007,0,1,0.04377065017141238
15008,0,0,0.040870543595606545
15009,0,0,0.04419460665957363
15010,0,1,0.07634932620087342
15011,0,0,0.03596466024330313
15012,0,0,0.06252201479565772
15013,0,1,0.08232199267989132
15014,1,1,0.023074327326450424
15015,0,1,0.037728141076662274
15016,0,1,0.071564405285643
15017,0,1,0.040017561858836495
15018,1,1,0.035751439864851714
15019,0,0,0.05478776798796538
15020,0,1,0.09946191380223782
15021,0,0,0.07762393353331147
15022,0,1,0.07815970426643856
15023,0,0,0.034931965132157856
15024,0,0,0.0498808457472658
15025,0,1,0.07269718576592836
15026,0,1,0.04640676835476757
15027,0,1,0.0385578212237363
15028,0,1,0.09956659974717205
15029,0,1,0.039909423131344074
15030,0,1,0.02804998792651873
15031,1,1,0.06530015267672175
15032,0,0,0.08046637275340988
15033,0,1,0.037542830064046295
15034,0,1,0.0803099081726743
15035,1,1,0.023155993583169734
15036,1,1,0.05836308923953011
15037,0,0,0.08147464473290816
15038,1,1,0.0698001772552857
15039,0,1,0.07344467558949631
15040,0,1,0.044689369554785426
15041,0,1,0.03781922197904791
15042,0,1,0.027511117938298534
15043,0,1,0.07750099727234436
15044,0,0,0.04502188283717902
15045,0,1,0.07069509186837335
15046,0,0,0.040296520717209905
15047,0,1,0.04402297847154794
15048,0,1,0.04135769108170466
15049,0,1,0.07850527109774366
15050,0,1,0.07823331791000697
15051,0,1,0.038273959040362654
15052,0,0,0.08134296201812048
15053,0,1,0.06863935446052978
15054,0,1,0.09430236814121794
15055,0,1,0.0810680104869744
15056,0,0,0.05255984811044474
15057,0,0,0.08549391391563257
15058,0,1,0.08089504334592162
15059,1,0,0.0512802064878945
15060,1,1,0.08453156549469348
15061,0,1,0.08462011548310694
15062,0,0,0.07854282973517056
15063,0,1,0.02975866644233665
15064,0,1,0.04418892028403036
15065,0,0,0.053925004744355604
15066,0,1,0.04849654650954362
15067,0,1,0.0823393381503161
15068,1,1,0.02759993653792295
15069,1,1,0.044237220103330754
15070,0,0,0.07794867330952013
15071,0,0,0.08128008523408653
15072,0,0,0.07362207127938492
15073,0,0,0.0510711581972815
15074,0,0,0.08056309099747815
15075,0,1,0.09159200962260224
15076,0,1,0.08260686246891089
15077,0,0,0.04524159807262002
15078,0,1,0.04077324687493733
15079,0,1,0.07768882891638212
15080,0,0,0.07875537088968032
15081,0,1,0.07614596005935026
15082,0,0,0.0570261287163214
15083,0,0,0.07515971903717594
15084,0,1,0.10418285039352906
15085,0,1,0.04767416740230983
15086,0,0,0.041416289431647005
15087,0,1,0.04615506560221199
15088,0,1,0.06379917135805105
15089,0,0,0.05534319481383032
15090,0,1,0.044215378276064574
15091,0,1,0.051697097498586905
15092,0,1,0.035906193697399245
15093,1,0,0.012816855387031728
15094,0,1,0.046310125295255036
15095,0,1,0.053657077845698405
15096,0,0,0.08104537218327462
15097,0,1,0.051861050661207095
15098,0,1,0.0893987021164465
15099,0,1,0.04632091551307362
15100,0,1,0.04338428685121655
15101,0,0,0.08447170603339016
15102,0,1,0.08442224524083686
15103,0,0,0.09104322512377826
15104,0,1,0.08491314492839334
15105,0,1,0.06389448962157872
15106,0,1,0.03428534716291037
15107,0,0,0.023356137668100498
15108,1,1,0.08496064588534685
15109,0,0,0.07561991165761885
15110,0,1,0.09694139362410752
15111,0,0,0.09824990469443526
15112,0,1,0.042192364903168314
15113,1,1,0.09145658173038707
15114,1,1,0.037998454942495964
15115,0,1,0.00662754848001156
15116,0,1,0.08371574671870007
15117,0,1,0.07129269032889277
15118,0,1,0.037844153200053104
15119,0,1,0.04477869248306429
15120,0,1,0.043192509495973974
15121,0,1,0.03425661103287004
15122,0,1,0.078693141729579
15123,1,1,0.05440944853098533
15124,0,1,0.005821001210603531
15125,1,0,0.015177212450515083
15126,0,1,0.04287950349866093
15127,1,1,0.0586307443412055
15128,0,1,0.048748512935740236
15129,0,1,0.06402067121777708
15130,0,0,0.05331712576845579
15131,0,1,0.08344991072449773
15132,1,1,0.07604957995792509
15133,1,1,0.0490254820327279
15134,0,0,0.06618613453632644
15135,0,1,0.038707054471530014
15136,1,1,0.058225618165180876
15137,0,0,0.03800194129927544
15138,0,1,0.04872359721138784
15139,1,1,0.039207941702543915
15140,0,1,0.0848556065805503
15141,0,1,0.04649677651977118
15142,0,0,0.08488369102090637
15143,1,1,0.07472246507463408
15144,0,0,0.04687081897679262
15145,0,0,0.07677440561884276
15146,0,1,0.08065566473125811
15147,0,1,0.054943154642541014
15148,0,0,0.060472433961311654
15149,1,1,0.058076586090446664
15150,0,0,0.07422169481056476
15151,0,0,0.04279902021806574
15152,0,1,0.027646349967978264
15153,0,0,0.024000938418078023
15154,1,1,0.09512906043029637
15155,0,1,0.06609675004005962
15156,1,1,0.06644032753588551
15157,0,1,0.05827838773090881
15158,0,1,0.0072725798106889235
15159,0,0,0.07968162434126055
15160,0,1,0.058349078939775464
15161,0,0,0.04504197159560665
15162,0,1,0.05202063103373929
15163,0,1,0.06459572476907244
15164,0,0,0.09674840294503159
15165,0,1,0.05173600200333652
15166,1,1,0.07675398006810111
15167,0,1,0.08321173598587292
15168,0,1,0.054614035658236255
15169,0,1,0.02937979981847022
15170,0,1,0.028513827664284907
15171,0,1,0.07582999298706727
15172,0,1,0.08132141972491543
15173,1,0,0.1087335944252664
15174,1,1,0.04943650300242089
15175,0,0,0.1096862352890445
15176,0,1,0.04279324985452977
15177,1,0,0.03109881436737296
15178,0,1,0.08025884474378901
15179,0,0,0.08233388340548872
15180,0,0,0.03839075518084222
15181,0,1,0.03324964289609206
15182,0,1,0.07401569851858475
15183,0,1,0.08560175464565672
15184,0,1,0.0847877858882394
15185,1,1,0.09149917972400247
15186,0,0,0.08192514614230721
15187,0,1,0.07060561630280857
15188,0,0,0.04437627964528314
15189,0,1,0.060306336860289494
15190,0,1,0.082887660361044
15191,0,0,0.08392356638575194
15192,0,1,0.046887944607272886
15193,0,1,0.04245033161291982
15194,0,0,0.0953304572608829
15195,0,1,0.04404534586810415
15196,0,1,0.04965311250978455
15197,0,1,0.06426857100865631
15198,0,0,0.044094961699588923
15199,1,1,0.031794435271144485
15200,0,1,0.0706755282697427
15201,0,0,0.03838546372647347
15202,0,1,0.041270030359740084
15203,0,1,0.0836689761869792
15204,0,0,0.07214037651768702
15205,1,1,0.025756877380152345
15206,0,1,0.054523304996035624
15207,0,0,0.04008816058497157
15208,0,0,0.07557078930059402
15209,1,0,0.053141617814151484
15210,0,1,0.0844917050914403
15211,0,1,0.039507197660156174
15212,0,1,0.07177935544588865
15213,0,1,0.045600631444574886
15214,0,1,0.042895917567637804
15215,0,0,0.09603938212445275
15216,1,1,0.08140017360914492
15217,1,1,0.08938962555147464
15218,0,1,0.0913539739645205
15219,0,1,0.07429796682273579
15220,0,1,0.038604239208528644
15221,0,1,0.08347577998896716
15222,0,0,0.07299155755166374
15223,0,0,0.06791364682662918
15224,0,0,0.08867663931599704
15225,0,1,0.04558951787906402
15226,0,1,0.04283940557902418
15227,0,0,0.09591977512116515
15228,0,1,0.08248547712041365
15229,0,1,0.07501882714368693
15230,0,0,0.06494196424686077
15231,0,1,0.03832365916005973
15232,0,0,0.04143371841104841
15233,0,1,0.041083617261476225
15234,0,0,0.04904123319536577
15235,0,0,0.08022378243797697
15236,0,1,0.0435093679636043
15237,1,1,0.08321402036674852
15238,0,1,0.0547710118535915
15239,0,1,0.032858844237415266
15240,0,0,0.04217848598329833
15241,0,0,0.022633532468097045
15242,1,0,0.019495481095780906
15243,1,1,0.07817332040578173
15244,0,1,0.0371387072188997
15245,0,1,0.016223075093563605
15246,0,0,0.05577288405671077
15247,1,1,0.03559221710348563
15248,0,1,0.10073795461478763
15249,0,1,0.04386886179060702
15250,0,1,0.07858421499420863
15251,1,1,0.08127859660271684
15252,1,0,0.05977975435793913
15253,0,0,0.044487295694836275
15254,0,1,0.04717548942429382
15255,0,0,0.04694068653552697
15256,0,1,0.09627113596787405
15257,1,1,0.09716762993972115
15258,0,1,0.08372109665054495
15259,1,1,0.09699447279464762
15260,0,1,0.07838745688229143
15261,1,1,0.08612279164688921
15262,0,1,0.06738418784495187
15263,0,0,0.033828377007255904
15264,0,0,0.08819521932848412
15265,0,0,0.05978926959360121
15266,0,0,0.047039309350638825
15267,0,0,0.04643014134020065
15268,0,1,0.07811640165557239
15269,0,1,0.0767061674031411
15270,0,1,0.08724137246233561
15271,1,1,0.05528604064189582
15272,0,0,0.028239797737978748
15273,0,1,0.048082644937345514
15274,1,0,0.023534038371195748
15275,1,1,0.09296168342732784
15276,1,1,0.09942440709434475
15277,1,1,0.051811481285299874
15278,1,1,0.07221526808045706
15279,0,1,0.08142273076717316
15280,0,1,0.04687081897679262
15281,0,1,0.0823190606448003
15282,0,1,0.1082401176516307
15283,0,1,0.054070968052137056
15284,0,0,0.04239279073102903
15285,0,1,0.047875051296512025
15286,0,1,0.03456846415436648
15287,1,0,0.07564806046239061
15288,0,0,0.0472054649512488
15289,0,0,0.03291976071928154
15290,0,1,0.030212636044790565
15291,1,1,0.016353965078655303
15292,1,1,0.06535066137880835
15293,0,1,0.05915806233179016
15294,0,1,0.07596945737581282
15295,0,0,0.0361981748928708
15296,1,1,0.04000028052606119
15297,0,0,0.03726370734345702
15298,1,1,0.07230327939877373
15299,0,1,0.03590511869394577
15300,0,1,0.08459199216191605
15301,0,1,0.03897460290076612
15302,0,0,0.05079736007887101
15303,0,0,0.08376671234695107
15304,0,1,0.08251607222403363
15305,0,1,0.09368691378867533
15306,0,0,0.038586204814498905
15307,0,0,0.0803376130975344
15308,1,1,0.09981459406494833
15309,0,1,0.048762371012491826
15310,0,1,0.05397820199847331
15311,0,0,0.03638329129896409
15312,0,0,0.07277499052971888
15313,0,1,0.031126963849781267
15314,0,1,0.06759111087369826
15315,0,1,0.07535673383189896
15316,0,1,0.09439063835404522
15317,0,1,0.06080325907634022
15318,0,1,0.033436135682494775
15319,1,1,0.060306336860289494
15320,0,0,0.06784698358716912
15321,0,0,0.02922686080379175
15322,1,1,0.0462924788507965
15323,0,0,0.04044739907139619
15324,0,1,0.08146012493871461
15325,1,1,0.006551756330437423
15326,0,1,0.08690443003658256
15327,1,1,0.006183730791589003
15328,0,1,0.08823714385124208
15329,0,0,0.04806075838864107
15330,0,0,0.09701158032434137
15331,0,1,0.05144548096695377
15332,0,1,0.0835289341986645
15333,0,0,0.06591216760920593
15334,0,0,0.08694159378509264
15335,0,1,0.07329185611138396
15336,1,1,0.0832033247390283
15337,0,0,0.04705509495210925
15338,0,1,0.038030710629163175
15339,1,1,0.08583429399315674
15340,0,1,0.040304182977723806
15341,0,0,0.0893354090078606
15342,1,1,0.05735129293044014
15343,0,1,0.06623645029790465
15344,0,1,0.04851817278410522
15345,0,1,0.045883127611032956
15346,0,1,0.07380082807441783
15347,0,1,0.043672979919796545
15348,0,1,0.07768882891638212
15349,0,1,0.06740538488512665
15350,0,1,0.07223364639739102
15351,0,1,0.042201985399604125
15352,0,1,-0.006719440014391556
15353,0,0,0.043810422965713344
15354,0,0,0.08528339285257139
15355,0,0,0.04176855365880338
15356,0,0,0.06357530714350823
15357,0,1,0.03467955825734314
15358,0,1,0.04279902021806574
15359,1,1,0.04992223212226649
15360,0,0,0.03588780177728833
15361,0,0,0.03713033915184357
15362,0,1,0.0778651495649105
15363,0,0,0.07278326891838326
15364,0,1,0.08599158918008434
15365,0,1,0.004638955504696733
15366,0,1,0.04095968471459105
15367,1,1,0.08980268357312647
15368,1,1,0.03654030072239097
15369,1,0,0.0637926698238017
15370,0,1,0.0697805627100245
15371,0,0,0.04751483595555225
15372,0,1,0.0695648186360997
15373,0,1,0.061807076917996265
15374,0,1,0.060844048075977805
15375,0,1,0.04187465006225678
15376,0,1,0.08285513815897415
15377,1,1,0.06926433503259248
15378,0,1,0.03514034849716302
15379,0,1,0.05827838773090881
15380,0,1,0.0448190444682636
15381,0,0,0.0792629882499786
15382,0,0,0.0389173470381082
15383,0,0,0.07441899277610511
15384,0,1,0.07732506714501398
15385,0,1,0.05257507230114003
15386,0,1,0.04133276182657408
15387,0,0,0.06863376979692579
15388,0,1,0.04553285619214222
15389,0,1,0.03752103105732768
15390,0,1,0.0829467675907357
15391,0,1,0.04904466234719084
15392,0,0,0.08635509437017669
15393,0,0,0.0732456451059934
15394,0,1,0.04740050283492412
15395,0,1,0.08144504629324409
15396,0,1,0.05340942385898755
15397,0,1,0.07828665010204956
15398,1,1,0.055994435128004685
15399,0,1,0.08400693441113306
15400,0,0,0.03448141474134524
15401,0,1,0.049200407216345346
15402,0,1,0.03554261296653584
15403,1,1,0.013106688735227759
15404,0,0,0.08105882697959699
15405,0,1,0.0625594129132284
15406,1,1,0.05697543521313078
15407,0,1,0.08809366396763836
15408,0,1,0.01590117722060111
15409,0,1,0.03590511869394577
15410,0,1,0.0786178217793012
15411,0,1,0.06118045991243814
15412,0,0,0.03604821009102492
15413,0,1,0.08050557166035213
15414,1,1,0.09824990469443526
15415,0,1,0.044086757990544304
15416,0,1,0.08220501321810847
15417,0,1,0.07521366031809082
15418,0,0,0.09226082821555132
15419,0,1,0.048706310007692766
15420,0,0,0.039783024542312403
15421,0,0,0.02650489802568424
15422,0,1,0.08259708899210523
15423,0,1,0.039074166552887105
15424,0,0,0.04532156189759219
15425,1,1,0.0751856092650067
15426,0,1,0.0463770688461868
15427,0,1,0.041440404732167535
15428,0,0,0.07303674543382507
15429,0,1,0.07665540454557415
15430,0,1,0.046030155655466344
15431,0,1,0.08486837537858173
15432,0,0,0.04752934434245892
15433,0,1,0.04218908640435525
15434,0,1,0.023583093128463895
15435,0,1,0.04305283672964516
15436,0,1,0.08541164323445123
15437,0,1,0.042073150797224054
15438,0,0,0.0396509645261583
15439,0,1,0.03821087728562173
15440,0,1,0.06916720577333473
15441,0,1,0.08885077771013969
15442,0,0,0.07865902374594833
15443,0,1,0.06122881425854016
15444,0,1,0.08094075520037097
15445,0,1,0.06336858903715893
15446,0,0,0.07211885865812083
15447,0,1,0.04669963899008151
15448,0,0,0.041376400829186394
15449,0,1,0.08376741055293052
15450,0,1,0.05008705555384849
15451,0,0,0.09238102018217767
15452,0,1,0.04750637391496525
15453,1,1,0.07591791574769749
15454,1,1,0.08288307633244937
15455,0,0,0.045895987525371135
15456,0,1,0.0814403613015896
15457,0,1,0.03410437468728317
15458,0,1,0.0688763871956877
15459,0,0,0.07946256138807907
15460,0,1,0.04753201984673547
15461,0,0,0.09096110261737206
15462,1,1,0.05099233896992532
15463,0,1,0.03963820224565294
15464,0,1,0.07631473081268897
15465,1,1,0.04164017552450306
15466,0,1,0.03471336494100431
15467,0,1,0.03739544960167899
15468,0,0,0.044824866652666516
15469,0,1,0.057309029779551
15470,0,0,0.08972510729632549
15471,1,1,0.02895124415623441
15472,0,1,0.03975117664734282
15473,1,1,0.08245063531009394
15474,0,1,0.03820629302545255
15475,0,1,0.06492870002437412
15476,0,1,0.04675517124064757
15477,1,0,0.038880969737197554
15478,0,1,0.06898203733629461
15479,0,0,0.04916628520309993
15480,0,1,0.0852944058217941
15481,0,1,0.07655079026971287
15482,0,0,0.08152008813284564
15483,0,1,0.06002797418966785
15484,0,1,0.031938835899839854
15485,0,1,0.08421137826387096
15486,0,0,0.04923766967724579
15487,0,0,0.08388504070164826
15488,0,1,0.05101199701314732
15489,0,1,0.05229547917141984
15490,0,1,0.02923333510891639
15491,1,0,0.022927135198094774
15492,0,1,0.03889965332835767
15493,0,0,0.005699958617225947
15494,0,1,0.047634225562309895
15495,0,1,0.0623271292073345
15496,0,1,0.04783175105606524
15497,0,1,0.04028120418652153
15498,0,1,0.08049764579637227
15499,0,1,0.04640936281614878
15500,0,1,0.042312993696631655
15501,1,1,0.07888242211286788
15502,0,1,0.029475755740616855
15503,0,1,0.056649427135866764
15504,0,0,0.09722933295186674
15505,0,0,0.08147050110469281
15506,1,1,0.031301355177077814
15507,0,1,0.0762983222063522
15508,0,1,0.09081676445674663
15509,1,1,0.07093843275734396
15510,0,1,0.0431285353677832
15511,0,0,0.045247851452576635
15512,1,1,0.05118111567844536
15513,0,0,0.03747692383793911
15514,0,1,0.04604219930437018
15515,1,1,0.09021839892564981
15516,0,1,0.09792326182046057
15517,0,1,0.03869730267060628
15518,1,0,0.08146012493871461
15519,0,0,0.09678257402284726
15520,0,0,0.08135246381017784
15521,0,1,0.04313080291181484
15522,0,1,0.06766773865578887
15523,0,1,0.08522820583712726
15524,1,1,0.07224013959088295
15525,1,1,0.037264953594927396
15526,1,1,0.06501043501086129
15527,0,0,0.08381950884400251
15528,0,1,0.07421269502057443
15529,0,1,0.08389342271150123
15530,0,0,0.08026818839752867
15531,0,1,0.040166422808077695
15532,0,1,0.08085149777450681
15533,0,0,0.06948250153391433
15534,0,0,0.0467918587202331
15535,0,1,0.044526183811409444
15536,0,0,0.07831099962396953
15537,0,1,0.0819792302430731
15538,0,1,0.05558045607057666
15539,0,0,0.036781497095705606
15540,0,1,0.06436874105870131
15541,0,1,0.03969853785130096
15542,0,0,0.0625692378240108
15543,1,1,0.08478015166417757
15544,0,1,0.061088463156821385
15545,0,1,0.04083411718020188
15546,0,1,0.058123203891007884
15547,0,1,0.07694669713479808
15548,0,1,0.0826882021001643
15549,1,1,0.058751843190697525
15550,0,1,0.04673068844328972
15551,0,0,0.06286152609953213
15552,0,1,0.051794594843288355
15553,0,1,0.03517319045608653
15554,0,1,0.08541740207475579
15555,1,1,0.032849864485133815
15556,0,0,0.09539258245351373
15557,0,1,0.07256812992235895
15558,0,0,0.08861002527141686
15559,0,1,0.05573948706217886
15560,0,1,0.03359707550657166
15561,1,1,0.07302564410510606
15562,1,1,0.11056548784100495
15563,0,0,0.043630107392680084
15564,0,0,0.03507599145416926
15565,0,1,0.08329439775224366
15566,0,1,0.08190354040195119
15567,0,1,0.0707621669766085
15568,0,1,0.042060762691281256
15569,0,1,0.04220388059444937
15570,0,1,0.0739856047924211
15571,0,0,0.04275045756271869
15572,0,1,0.06561110412053585
15573,0,1,0.08339788064014883
15574,0,1,0.04697375214651632
15575,0,1,0.07832223291595089
15576,0,0,0.08474636715181705
15577,0,1,0.04289081073694371
15578,0,0,0.04094377093829551
15579,0,1,0.061638855564130235
15580,0,0,0.09694893496822893
15581,0,1,0.08164339299539221
15582,0,1,0.07923487638317989
15583,0,0,0.07077905249527387
15584,1,1,0.014412096582869922
15585,0,0,0.04888985718693137
15586,1,1,0.082627379339552
15587,0,1,0.07515621673561303
15588,0,1,0.03501100456370922
15589,1,1,0.07480256696189441
15590,1,1,0.07600626219352025
15591,0,0,0.09145658173038707
15592,0,1,0.04634908295463834
15593,0,1,0.03247071278928962
15594,0,1,0.039923593086673724
15595,0,1,0.07556787971232828
15596,0,0,0.04139226372961101
15597,0,1,0.08780424015064442
15598,0,1,0.03336914820785616
15599,0,1,0.0615748749766342
15600,0,1,0.10477653257486381
15601,0,0,0.041960215105554616
15602,0,1,0.07577969256807617
15603,0,0,0.056557435509240465
15604,0,0,0.0685029755323534
15605,0,0,0.05192714857942152
15606,0,0,0.09992779742036881
15607,1,1,0.05041326191521237
15608,0,1,0.04447704817203675
15609,0,1,0.05091491207042036
15610,0,1,0.053845795627021326
15611,0,0,0.03657036999082966
15612,0,1,0.040389149491993945
15613,0,1,0.088473083675243
15614,0,1,0.056314175514468295
15615,0,1,0.047665337931985824
15616,0,1,0.08307116257024733
15617,1,1,0.0374654527042966
15618,0,1,0.091723942013122
15619,0,1,0.04290994723478465
15620,1,1,0.1044072651471154
15621,1,1,0.08666885774482305
15622,0,1,0.0734799976097562
15623,0,1,0.05488818607539929
15624,0,0,0.04252869414008513
15625,0,0,0.08327754918180347
15626,0,1,0.07763558764641518
15627,0,1,0.04386550812718418
15628,0,1,0.0684839610621332
15629,0,1,0.07591277077123285
15630,0,1,0.03283809744084798
15631,1,1,0.08473414001275448
15632,0,1,0.04066799209820911
15633,0,1,0.07460147759313643
15634,1,1,0.045549137146563744
15635,0,1,0.04219211845795037
15636,1,0,0.08411208716388557
15637,1,0,0.10135666714368358
15638,0,1,0.06761781286824899
15639,0,0,0.04295933786915774
15640,0,1,0.0877592466529446
15641,1,1,0.03954605979719052
15642,0,1,0.08004623391318556
15643,1,1,0.08124094915519399
15644,1,1,0.054437671408575215
15645,0,0,0.05596433090007559
15646,0,1,0.12489068783385689
15647,1,1,0.06696971719237517
15648,0,1,0.0807830666837719
15649,1,0,0.04124654915999131
15650,0,0,0.07505404529260319
15651,0,1,0.08512609991521412
15652,0,1,0.039489189840703355
15653,0,0,0.039499984642459476
15654,1,1,0.08097211344747728
15655,0,1,0.0534271939096866
15656,0,1,0.04289333416867677
15657,0,1,0.07795459171735732
15658,0,0,-0.0040122105526716415
15659,0,0,0.048679354041500526
15660,0,0,0.038330242441025335
15661,0,1,0.07749079982416572
15662,1,1,0.08360757108685227
15663,0,1,0.08964997519124475
15664,0,1,0.039752119692929855
15665,0,0,0.030274987564799325
15666,1,1,0.08687508125766108
15667,0,0,0.014177729970787315
15668,0,1,0.07410432089358658
15669,1,1,0.0651477345516281
15670,1,1,0.07328154273747413
15671,0,1,0.08759946462424414
15672,0,0,0.051680189262834436
15673,0,1,0.09422833678966903
15674,0,1,0.06236576009897045
15675,0,0,0.0747764743574052
15676,1,1,0.07496095419130933
15677,0,0,0.0834847521182428
15678,0,0,0.08236257695760474
15679,0,1,0.048080887532304925
15680,0,0,0.017511492543666685
15681,0,0,0.021979520686844205
15682,0,0,0.08656894366077894
15683,0,0,0.0366608435052178
15684,0,1,0.05796873901330514
15685,0,1,0.042099483386365905
15686,0,1,0.08031949681563245
15687,0,1,0.0349986715410211
15688,0,1,0.06587112978644524
15689,0,1,0.07410432089358658
15690,0,1,0.07913703756401999
15691,0,0,0.0505290463115458
15692,0,0,0.0614304759836026
15693,0,1,0.039878523011912345
15694,0,0,0.057457737784734154
15695,0,1,0.048349054876617344
15696,0,0,0.06514081174946355
15697,0,1,0.029092796955935453
15698,0,1,0.04842256323642562
15699,0,1,0.047094396224117444
15700,0,0,0.0620218273627407
15701,0,1,0.04469201696191224
15702,0,1,0.013594738179036286
15703,0,0,0.08222841720404304
15704,0,0,0.04701663715507215
15705,0,1,0.0848785849974663
15706,1,1,0.0373081060848696
15707,0,1,0.06444626099448801
15708,0,0,0.07042425993070969
15709,0,1,0.060970086545702816
15710,0,1,0.07311947445007155
15711,0,1,0.09681791599374637
15712,0,1,0.07119101025011845
15713,0,1,0.047082030267298056
15714,0,0,0.05945089700122877
15715,0,1,0.04176423233599627
15716,0,1,0.04081819783395241
15717,0,1,0.045730493927561566
15718,0,1,0.048029908333883244
15719,0,0,0.045821227782052554
15720,0,1,0.0863244103546929
15721,0,1,0.06849926896666152
15722,1,1,0.0395997602021794
15723,0,1,0.05048594343155821
15724,0,1,0.07677440561884276
15725,0,1,0.011546895088534221
15726,0,0,0.06939918532486411
15727,0,1,0.06259876375423146
15728,0,1,0.03184437367568921
15729,0,1,0.04493746126847394
15730,0,0,0.07768882891638212
15731,0,1,0.11281920994497421
15732,1,0,0.09558213602668958
15733,0,0,0.08798683708343812
15734,0,0,0.08265072209767618
15735,0,0,0.04401632948892423
15736,0,1,0.022485629312779865
15737,1,0,0.043592582493176976
15738,0,1,0.09523466087427315
15739,0,0,0.055809582180844516
15740,0,0,0.0807798634900862
15741,0,0,0.08036434197077924
15742,1,1,0.05592380272659299
15743,0,1,0.03594109375735976
15744,0,1,0.0346643554880211
15745,0,1,0.07727386024962833
15746,1,1,0.055955431758900304
15747,0,1,0.056290034002530215
15748,0,1,0.037556488458686144
15749,0,0,0.03782552131947357
15750,0,1,0.02723544809983687
15751,0,1,0.06403309593749006
15752,0,0,0.08501776877871647
15753,0,1,0.05038320974808294
15754,0,1,0.043355959742841954
15755,1,0,0.05013245414754426
15756,0,1,0.06809408264195657
15757,0,0,0.05275403879122241
15758,0,0,0.0450439008244824
15759,0,1,0.03656932995633001
15760,1,1,0.04025917449127626
15761,0,0,0.08141475283193383
15762,0,1,0.04705301793121762
15763,0,1,0.08620181067468105
15764,0,1,0.07655337445425343
15765,0,1,0.043550099571745396
15766,0,0,0.053120202541098505
15767,0,0,0.04352483335626263
15768,0,0,0.09332865611734964
15769,0,1,0.0373091220389545
15770,0,1,0.07799989168857044
15771,0,0,0.04077572268610737
15772,0,1,0.07354114795723998
15773,0,0,0.03532611120702669
15774,0,0,0.08045190267493092
15775,0,0,0.05065203356496329
15776,0,0,0.0389170049808739
15777,0,1,0.07571812751952732
15778,0,1,0.07701064203960042
15779,0,1,0.09110514023774749
15780,0,0,0.013846310848491975
15781,0,1,0.07408868345233183
15782,0,0,0.07890472959350339
15783,0,1,0.017721535451874725
15784,0,0,0.05938216008119038
15785,0,0,0.027667494786051836
15786,0,1,0.07865268831459173
15787,0,1,0.036977368421421714
15788,0,1,0.04698862964935583
15789,0,0,0.07894000112428082
15790,0,1,0.039993851255627454
15791,0,0,0.05954403306905411
15792,0,1,0.040820575973534994
15793,0,0,0.03187170213381823
15794,0,0,0.07489127534609002
15795,0,1,0.06146842262599667
15796,0,1,0.033464394246650694
15797,0,1,0.04589646838612833
15798,0,1,0.07013815253019677
15799,0,1,0.040389149491993945
15800,0,1,0.032058141077529946
15801,0,1,0.07616334679151641
15802,0,1,0.07922012601895967
15803,1,1,0.04321796736981237
15804,0,0,0.04659940119489209
15805,0,0,0.04532578379839229
15806,0,1,0.06773736054709108
15807,0,1,0.04815841287146156
15808,0,1,0.0425912437344719
15809,0,1,0.10137262800540658
15810,0,1,0.03758352251242711
15811,0,0,0.0802115188199419
15812,0,0,0.07970289861965486
15813,1,0,0.057943808992344956
15814,0,1,0.039140410614871876
15815,0,0,0.04701323913864385
15816,0,1,0.03467955825734314
15817,0,0,0.048339938617124274
15818,0,0,0.04321452312474356
15819,1,1,0.036629694199837824
15820,0,1,0.04622914934310432
15821,0,1,0.041436809224568036
15822,0,0,0.0653034236609826
15823,0,0,0.04909844274861026
15824,0,1,0.03731695966199873
15825,0,1,0.07423132115686057
15826,0,0,0.07715235663981415
15827,0,1,0.03693341489676409
15828,0,0,0.0825076030352915
15829,0,1,0.09596571180484209
15830,0,0,0.05018226739912015
15831,0,0,0.041517076713017444
15832,0,1,0.04307277364214418
15833,0,0,0.07927202941548725
15834,0,1,0.03225484922557284
15835,0,1,0.07467488482973786
15836,0,1,0.004988851197344897
15837,0,0,0.08830221526915294
15838,1,0,0.0373081060848696
15839,0,1,0.09151588497556559
15840,0,1,0.02229129867399554
15841,0,0,0.05440120907131178
15842,0,0,0.038010253897886565
15843,0,1,0.0569318505587436
15844,0,1,0.05558045607057666
15845,0,1,0.07712252349483636
15846,0,1,0.009033373185711346
15847,0,0,0.02650489802568424
15848,0,0,0.047945629991042786
15849,0,1,0.08387252098522381
15850,0,0,0.03980556785569814
15851,0,1,0.08246810139220144
15852,0,1,0.07258500636712054
15853,1,1,0.03994029922503518
15854,0,1,0.07990986375357897
15855,0,1,0.03821418129881175
15856,0,1,0.07401569851858475
15857,1,1,0.0955814907025736
15858,0,1,0.07385509427455648
15859,0,1,0.08555800831553503
15860,0,1,0.05301536642182874
15861,0,1,0.07063670427181679
15862,0,1,0.05402036799215909
15863,0,0,0.037953855874987105
15864,0,1,0.048339472716570006
15865,0,1,0.026888128170935086
15866,0,0,0.016091092125386862
15867,0,1,0.09003234837483753
15868,1,1,0.04656882701378198
15869,0,0,0.041522916906360285
15870,0,0,0.09003234837483753
15871,0,1,0.08106987868612929
15872,0,1,0.0701494126370986
15873,0,0,0.030284149225040045
15874,0,1,0.05473548544956479
15875,0,0,0.010696336080420827
15876,0,1,0.06011048998252387
15877,0,1,0.043643740942438634
15878,0,1,0.042192364903168314
15879,0,1,0.061233705567334054
15880,0,1,0.08472204860925933
15881,0,1,0.02053593336367316
15882,0,0,0.08121127648850282
15883,0,0,0.046412553537262174
15884,1,1,0.02650489802568424
15885,0,1,0.034604061727946736
15886,1,1,0.08579360877057166
15887,0,0,0.045366714251499865
15888,1,1,0.09204779066627779
15889,0,0,0.0474078224775255
15890,0,1,0.04221745760310845
15891,0,0,0.045895987525371135
15892,0,0,0.032104935448276334
15893,0,0,0.06264362626708557
15894,0,1,0.04930466549943609
15895,0,0,0.06697843236522702
15896,0,1,0.08210790777843963
15897,0,1,0.035551792109307485
15898,0,0,0.023920722050683744
15899,0,1,0.05839309796545794
15900,0,1,0.003927520857414751
15901,0,0,0.016778940381499744
15902,0,1,0.03820629302545255
15903,1,1,0.07521405946666443
15904,0,1,0.08763873996687493
15905,0,0,0.06701473449780368
15906,0,1,0.04691089971955708
15907,0,0,0.1178770634314708
15908,0,1,0.047165524296861695
15909,0,0,0.0698047445177631
15910,0,1,0.06442508929716517
15911,0,0,0.08196588135143486
15912,0,0,0.03846050568192743
15913,0,1,0.0664527653332532
15914,0,0,0.08399513749912539
15915,0,1,0.04663547690514622
15916,0,0,0.04662669223512833
15917,0,0,0.04201008022214602
15918,0,1,0.06884465882708624
15919,0,0,0.08682976407269986
15920,0,1,0.046222155182293896
15921,0,1,0.034113053417656955
15922,0,1,0.030551905764079536
15923,0,0,0.04592256271292393
15924,0,0,0.03821087728562173
15925,0,1,0.05690126898335934
15926,0,0,0.07465381878208174
15927,0,1,0.08897114336770681
15928,0,0,0.05766357270074797
15929,0,1,0.054672085698408576
15930,0,0,0.04896865354275259
15931,0,1,0.042870799557906014
15932,0,1,0.04525026016051549
15933,0,0,0.07974426530071281
15934,0,1,0.0353775169088065
15935,0,1,0.08250018681582458
15936,0,1,0.04368955646002559
15937,0,0,0.07677440561884276
15938,0,0,0.04381320191158629
15939,0,1,0.04131070165787468
15940,0,1,0.07337991207904149
15941,0,1,0.05082539888764489
15942,0,1,0.058166086470467546
15943,0,1,0.06178236769120979
15944,0,1,0.08152008813284564
15945,0,1,0.02757072407958431
15946,0,1,0.050401720192718
15947,0,0,0.0373091220389545
15948,0,1,0.07682105626652559
15949,1,0,0.0893887080177931
15950,1,1,0.03339704855291997
15951,0,1,0.02650489802568424
15952,0,1,0.04269128766795736
15953,0,0,0.03564527207704429
15954,1,1,0.08107843061935262
15955,0,0,0.023872818693834404
15956,0,1,0.04966571700807609
15957,1,1,0.05003592193936893
15958,0,1,0.02427379148243964
15959,1,1,0.08693523606735776
15960,0,1,0.08278481207109772
15961,0,1,0.10050872811951055
15962,0,1,0.033777373060084076
15963,1,1,0.04365702174614065
15964,0,1,0.08108059443861348
15965,0,1,0.024064728086179554
15966,1,1,0.0800201543718436
15967,0,1,0.04675755674508479
15968,0,0,0.0826770275445156
15969,0,0,0.0382744836151359
15970,1,1,0.05187129932156524
15971,0,1,0.043417210320526554
15972,0,0,-0.0057943978555821465
15973,0,1,0.04655202949291293
15974,0,0,0.11140905096791164
15975,0,0,0.03729144514268566
15976,0,1,0.06900441784352584
15977,1,0,0.06098324899325234
15978,0,1,0.08483683253862945
15979,0,0,0.042744567350744715
15980,0,1,0.08749289265546117
15981,1,1,0.08302968505793933
15982,0,1,0.07281170364479286
15983,0,1,0.0709324695115666
15984,0,1,0.04593084665434438
15985,0,0,0.03881569991372395
15986,1,1,0.08554159444717424
15987,0,1,0.016517852546271104
15988,1,1,0.04990030268801673
15989,0,1,0.05235549190244612
15990,0,0,0.09562108736708055
15991,0,0,0.08365294469146597
15992,0,1,0.04465046547299941
15993,0,1,0.08227575447541392
15994,0,1,0.05708356903013374
15995,0,1,0.05272857726211729
15996,0,1,0.03998461988485172
15997,1,1,0.09782437351204969
15998,0,0,0.04008296129379749
15999,0,1,0.07149456879747489
