index,tau_hat_r
0,0.03583539281950525
1,0.03885917662550476
2,0.03998398262813621
3,0.03832377314397065
4,0.03049335519670742
5,0.06715095380431464
6,0.1198876272145279
7,0.03473679726303013
8,0.07231578159022338
9,0.08056895190355963
10,0.02846863962771278
11,0.03943052940797702
12,0.038563590047254515
13,0.08790382340384338
14,0.08241535113836401
15,0.0384888957149436
16,0.03895424448988287
17,0.08979900739196987
18,0.06482505979211513
19,0.07430104623132881
20,0.0659844074927552
21,0.03406064015454453
22,0.09032352973709944
23,0.01585999806338845
24,0.030785431226562028
25,0.04775383661070951
26,0.07991980843426254
27,0.04261649323771706
28,0.06151598080754584
29,0.037112320508882087
30,0.07656873671168796
31,0.036588369097908476
32,0.06974433374764423
33,0.025539289583182592
34,0.04519048617271318
35,0.04798600695004753
36,0.03919536410116946
37,0.09171905729695347
38,0.07761897835288588
39,0.037588014400178074
40,0.06248197078466526
41,0.07517497725681518
42,0.03739389981346027
43,0.04754896970070362
44,0.037614121895937686
45,0.06225863745813443
46,0.040962341684707894
47,0.03222564713186321
48,0.07235315593779644
49,0.04338423498427574
50,0.09063095826372498
51,0.060057511802333895
52,0.06879720862570272
53,0.09151846060561114
54,0.06713754322678465
55,0.07899894195593496
56,0.11522279683807335
57,0.04386170073212212
58,0.0735268839053064
59,0.02751844823278912
60,0.034289472467853056
61,0.05342163452957507
62,0.07771969524071738
63,0.07541039656252474
64,0.035344008642581574
65,0.04143843520694529
66,0.04962973202395035
67,0.0818463489989542
68,0.07672593811745193
69,0.07272277230626321
70,0.07638311318781815
71,0.038124570901717156
72,0.04444987364088655
73,0.05807252637675789
74,0.08149416812681641
75,0.07281639964917956
76,0.033529322215736526
77,0.09877299103741226
78,0.0415257796639247
79,0.028167961264680394
80,0.0746329097050208
81,0.050379145683642365
82,0.0331450029685241
83,0.08217404493011321
84,0.03562477634501342
85,0.0669599847492688
86,0.1435646260853369
87,0.08543294779389356
88,0.08232996474787195
89,0.0686708683831111
90,0.05103819469395783
91,0.06449556586447888
92,0.03714437456802583
93,0.0511574223390701
94,0.08491168649381946
95,0.0792810440885483
96,0.07719310455551665
97,0.06965111676696134
98,0.09135587432968358
99,0.07399908105286471
100,0.07952743374377817
101,0.02086914592749265
102,0.042480357417410575
103,0.19069088046897473
104,0.21539673847900384
105,0.0856867661550503
106,0.03002450850669101
107,0.0340643796855094
108,0.037907618160758126
109,0.04940386484062243
110,0.04174482610968551
111,0.06106382672960665
112,0.07301284239222099
113,0.03995682739722109
114,0.04276054479961852
115,-0.09739209907508714
116,0.07677854863572535
117,0.08367185747307984
118,0.0464568462171412
119,0.07703541515591392
120,0.02050645146950558
121,0.08090784275153455
122,0.032646980972946354
123,0.04051096469631899
124,0.06636329859989473
125,0.04923195557416626
126,0.08674170840463435
127,0.08654643914570384
128,0.09350622472679411
129,0.04575572660320185
130,0.08495686033633881
131,0.08613286022758711
132,0.08016772002933535
133,0.05078092467461961
134,0.03250999263638439
135,0.03239595615942461
136,0.04154037042942716
137,0.07435134646766786
138,0.03866016574337935
139,0.07481102821272846
140,0.07246793547362407
141,0.2661716212392864
142,0.07631539328608368
143,0.06947508321499227
144,0.09177547005035733
145,0.08475681063888704
146,0.058092519248221175
147,0.031937087676509844
148,0.12696671377434895
149,0.06765516140436283
150,0.09039210649208922
151,0.028139719602545576
152,0.05782355680093633
153,0.06525954698362367
154,0.013875334993202664
155,0.043442472409963455
156,0.042414864499513906
157,0.1319070530280288
158,0.05758407692387319
159,0.026734921811907845
160,0.02100099171426018
161,0.07255578224025486
162,0.08226110062122576
163,0.04154308427987405
164,0.04828328312289178
165,0.04854770569646409
166,0.041077422529511465
167,0.07809040812422517
168,0.03907202782105656
169,0.08883003200546716
170,-0.030805249016855746
171,0.03384702521810265
172,0.020604098978464117
173,0.06781703440034634
174,0.04186882512364565
175,0.058978405201017624
176,0.0770275000596059
177,0.058470736658518756
178,0.06198841901340766
179,0.039090698662632546
180,0.07463835262145627
181,0.0211178229961661
182,0.04302275375971035
183,0.04029242331824557
184,0.07333676736864951
185,0.03485310558064898
186,0.04344243869554867
187,0.05778308060083881
188,0.09481131503434731
189,0.055746988225826806
190,0.06517837254569168
191,0.0404102309155779
192,0.08334672036219447
193,0.017937614341046598
194,0.04144765263145695
195,0.07555760790545589
196,0.08189243257215999
197,0.0887882170511483
198,0.10589453410421326
199,0.034742990140004294
200,0.07457525184609895
201,0.019340741386510575
202,0.04660894209692841
203,0.07705099493207695
204,0.04328106036208837
205,0.05318569515522443
206,0.04932905183593148
207,0.09194599407452911
208,0.06470916390637389
209,0.09322056249714022
210,0.012170825362551603
211,-0.10237569658317612
212,0.06249694055713907
213,0.06739570450894605
214,0.0915975331839159
215,0.03964152377036264
216,0.04262108349175093
217,0.06244738355147964
218,0.0361493565079824
219,0.06898555633315634
220,0.04133244683276475
221,0.06993180933745091
222,0.037674838184300403
223,0.07077840163318991
224,0.029699909896792973
225,0.06770045037128693
226,0.033123133866631224
227,0.04078601578416469
228,0.046590676917960566
229,0.06865485923490855
230,0.09723486837203552
231,0.041774870718470566
232,0.09156462817625641
233,0.09243347758130994
234,0.05367434053547049
235,0.03556600202487584
236,0.028345040883916692
237,0.04768323991247385
238,0.02813460402439947
239,0.07155287026706864
240,0.035519559552604656
241,0.03774357986850234
242,0.040938609873340866
243,0.06934808225462596
244,0.039742652024576476
245,0.04736521789632014
246,0.04413661419821474
247,0.04883444345587575
248,0.0535202586068331
249,0.04068053166456633
250,0.05887185672615782
251,0.0412484275667814
252,0.08473480276744028
253,0.03581570896005246
254,0.04166460659957127
255,0.07427962187134397
256,0.05896751724284017
257,0.02978245816671108
258,0.0755910673857672
259,0.03434750132333718
260,0.030577325636660824
261,0.06332809553615507
262,0.0830026354226237
263,0.09125170063134053
264,0.08683595514721883
265,0.043725857642741
266,0.07035047440734486
267,0.04551530129039187
268,0.042343201100442186
269,0.021566729958978337
270,0.03563990550243529
271,0.07475771357047535
272,0.07304293511755168
273,-0.01043865576715844
274,0.04361882445600499
275,0.05664702564057328
276,0.0760571573798934
277,0.09207613882065885
278,0.07155287026706864
279,0.04122540549709803
280,0.08460166573642507
281,0.08371377931258987
282,0.03856191197047234
283,0.06380790042694624
284,0.02418919706532891
285,0.06255287938855139
286,0.10895670254851396
287,0.034896012394290715
288,0.07866504558417468
289,0.0748296485052237
290,0.15535604883746568
291,0.08169288357742766
292,0.075018494237421
293,0.040736433271598586
294,0.05970769235928399
295,0.04100088109663196
296,0.048551655467708496
297,0.04215161714713358
298,0.04408162555366897
299,0.05517950090659676
300,0.08222154923730125
301,0.0829199601617105
302,0.034934472536680784
303,0.04852343289008658
304,0.033881798535320425
305,0.04956649374709953
306,0.0441677718376774
307,0.07221607764883195
308,0.0746211286790199
309,0.07772516740413259
310,0.20709375173923517
311,0.043284370334053565
312,-0.06795449886221676
313,0.038502869470384414
314,0.08473855274766855
315,0.047136028198592424
316,0.018079556842977792
317,0.07979491574068635
318,0.043739998460972734
319,0.10198124651837068
320,0.03754377923429509
321,0.047280183013444485
322,0.042813075354556654
323,0.0639047678033334
324,0.08539140782859315
325,0.07091950001606279
326,0.07530433670280004
327,0.0395561240940122
328,0.07383843098211827
329,0.0469570892880792
330,0.08461268539376754
331,0.03896837403220115
332,0.07235315593779644
333,0.08199453585938145
334,0.04222712652804853
335,0.07175276201299848
336,0.07604096400098526
337,0.03712626880634433
338,0.056974764331818625
339,0.06479665233423709
340,0.02573872082908597
341,0.07006703179739601
342,0.08172476180596068
343,0.037349611950560746
344,0.03622498842173138
345,0.03868134549776446
346,0.04009342903370769
347,0.08058202752390611
348,0.06318196567081318
349,0.07218016554934159
350,0.10871414094589218
351,0.09022100061458245
352,0.049265563177353124
353,0.034138074223276124
354,0.03578299788370048
355,0.0750262375093404
356,0.07293461545198135
357,0.030864694615417517
358,0.036097164008695455
359,0.0417440325002929
360,0.08680060223692465
361,0.07353676764035776
362,0.041272568316577204
363,0.03518354115929057
364,0.07952743374377817
365,0.07619133011832348
366,0.10479896648099452
367,0.09371645193501717
368,0.06638450779697572
369,0.045371046984184454
370,0.03600132465547022
371,0.053388545904926775
372,0.08122711061756467
373,0.038350785798290585
374,0.08095084578916202
375,0.07969643115883426
376,0.04222749240571044
377,0.04588300206694991
378,0.03925480625980508
379,0.17041665920935006
380,0.03470010693293051
381,0.08056378194742747
382,0.046258001741096864
383,0.06993180933745091
384,0.0255401051039341
385,0.05595407661347486
386,0.05287221865044053
387,0.0972045977715929
388,0.06443113699331514
389,0.08504867354895679
390,0.0392024260100767
391,0.04942764718242846
392,0.04235077922800495
393,0.07932740475612335
394,0.06748862024415633
395,0.07470219524053615
396,0.04100088109663196
397,0.07884701315433877
398,0.030089275717831133
399,0.0828538952439828
400,0.04438991012520408
401,0.046435073005504944
402,0.04099697619568152
403,0.04009760130253035
404,0.145615249416733
405,-0.07473345644421112
406,0.08568476213114332
407,0.026913335309971843
408,0.06789570411094506
409,0.03060433807685876
410,0.08235517379786648
411,0.1260827862659747
412,0.08075611259225818
413,0.03153664351846066
414,0.04945606376947527
415,0.067637907778864
416,0.0443159563010035
417,0.03729546916446259
418,0.029631142632025993
419,0.036778450614168345
420,0.08228554960686797
421,0.07807989006134758
422,0.04571932828219638
423,0.07462944762784841
424,0.076729724173438
425,0.10598625732806331
426,0.03659283232483174
427,0.016520470671875575
428,0.027258912265048237
429,0.044063771227735055
430,0.07556516683771862
431,0.06021622744634815
432,0.045371046984184454
433,0.07710710101734561
434,0.045196556994275404
435,0.05941099820444139
436,0.09259542418200528
437,0.037804645373044406
438,0.07475771357047535
439,0.08233200427876053
440,0.040384357909014054
441,0.06675117192744227
442,0.08454930399177772
443,0.07775019585569615
444,0.039243712301083006
445,0.09581131610011434
446,0.07334477606876381
447,0.027346525733572123
448,0.10711074662379653
449,0.05684171063602474
450,0.07561931133889108
451,0.07899894195593496
452,0.06234102848675775
453,0.0858100020439133
454,0.039372064944858655
455,0.09128049624166922
456,0.04547534090666286
457,0.06216713511228405
458,0.07924989504577847
459,0.06380152204992989
460,0.03112687784371271
461,0.0705848364638188
462,0.05972901334391842
463,0.1035437842078132
464,0.06749405780030024
465,0.03949130379131649
466,0.04904596149301582
467,0.08818641049301737
468,0.09013543319030326
469,0.04092457500529578
470,0.04564643421801983
471,0.07513974572682919
472,0.04567196006749343
473,0.061418537902759834
474,0.04275363915537264
475,0.07617312647856105
476,0.0822849432957614
477,0.06947508321499227
478,0.08685153885892684
479,0.061272988792199466
480,0.06214700520659152
481,0.04083819304210578
482,0.0815483506331708
483,0.026081454827868108
484,0.0835075168622888
485,0.06066864545251865
486,0.16071442762827734
487,0.053503486651449
488,0.04354657169099089
489,0.07547100021835736
490,0.0718943453933951
491,0.06093119742286327
492,0.04915617616571603
493,0.07139689862805655
494,0.05234732630251731
495,0.059708313275497374
496,0.09309262151480382
497,0.04362976528369777
498,0.10865916705266349
499,0.09723904075777128
500,0.09020314141187072
501,0.04198524935902657
502,0.07584156026705126
503,0.04066345749952397
504,0.02422417207753256
505,0.07175276201299848
506,0.09230216617489688
507,0.04117557752644782
508,0.08879795333894011
509,0.08823404259203635
510,0.060293425903413536
511,0.08846768689676691
512,0.0739031253630168
513,0.060280436938942195
514,0.06699424644980237
515,0.08359849834251913
516,0.010028628330578602
517,0.03929274958483861
518,0.04883007095118302
519,0.07232658806725127
520,0.0760488182433962
521,0.05252905812422152
522,0.07124427923805941
523,0.08312844941154723
524,0.06405804345393021
525,0.052742283029948676
526,0.07748390882257686
527,0.040055740241373414
528,0.14679158467779418
529,0.07598607200949618
530,0.06686054029928168
531,0.08910408395388714
532,0.08486813007041485
533,0.08939078768820805
534,0.03270752832449632
535,0.03440563759617287
536,0.06267920783150385
537,0.06621694577760832
538,0.04844589757919682
539,0.09402649802646602
540,0.0796898213522574
541,0.09585363800867633
542,0.0782342156333486
543,0.03717384998060365
544,0.08219057019261992
545,0.07138743764316577
546,0.040727879461891714
547,0.04526324701556758
548,0.07747451350626876
549,0.07715016822927517
550,0.07385849323434886
551,0.05021570121840493
552,0.07374101482287461
553,0.041854298875510274
554,0.03940400445463674
555,0.031473854641847036
556,0.10436861556454223
557,0.03620019296378086
558,0.12119818817555679
559,-0.06479292578964246
560,0.09510688165974995
561,0.04400017317374387
562,0.02925718181558829
563,0.03363722374084846
564,-0.0019372941557631229
565,-0.03800171676841598
566,0.07388091882265341
567,0.029595825923232635
568,0.08062742246367142
569,0.07759649426753838
570,0.06724487117923988
571,0.03662558332803076
572,0.05761585472693954
573,0.07884701315433877
574,0.21111027900883048
575,0.09348741222044568
576,0.08834015634072986
577,0.026081454827868108
578,0.07095410840649094
579,0.03793244719368499
580,0.06868780552969421
581,0.042763474393149974
582,0.03880042452550437
583,0.05291990150923086
584,0.09106077223065895
585,0.035793468632447055
586,0.09017457539861815
587,0.038559657145655374
588,0.07178480284357548
589,0.08092940198713873
590,0.04581459948810191
591,0.13033848953105343
592,0.04023436175038828
593,0.09682538038681283
594,0.06682952622769744
595,0.04509959328216672
596,0.035344008642581574
597,0.07681535374980668
598,0.0723560358828484
599,0.06076607946469194
600,0.05251501885954021
601,0.020875968785964184
602,0.07678950327364839
603,0.05569175492927024
604,0.03757112129215154
605,0.06022085196140163
606,0.038139841639306525
607,0.04963084432061974
608,0.08213404555323008
609,0.09250847375267854
610,0.05516297359955086
611,0.08847397901647178
612,0.03474137519882215
613,0.046010196850192926
614,0.0384515638672207
615,0.04214895411738598
616,0.052368569254716425
617,0.0841535467210954
618,0.05644990338147954
619,0.04786119880311368
620,-0.07014226308141444
621,0.08177593486823674
622,0.07680396113043106
623,0.03692371199438804
624,0.03250999263638439
625,0.091651459654005
626,0.053908851778485374
627,0.03859082053217378
628,0.035344008642581574
629,0.04343198203094685
630,0.04284934543369526
631,0.10001717402060789
632,0.07885401439067535
633,0.08222154923730125
634,0.08317203683177395
635,0.09168899015126643
636,0.06448790460151656
637,0.09163900356132272
638,0.1187831980414456
639,0.06500917613275348
640,0.06590188677045294
641,0.03239595615942461
642,0.07147229567236059
643,-0.02249244563137307
644,0.07680038226830353
645,0.0854711553679773
646,0.09464469509651717
647,0.07137010496241004
648,0.018623065265550975
649,0.09696954106898721
650,0.06416091441617505
651,0.04818216857540505
652,0.08599923543614808
653,0.03757112129215154
654,0.039068411135367576
655,0.04100088109663196
656,0.05920864168693632
657,0.0442700698728767
658,0.07944964945092861
659,0.03067147023898891
660,0.05714893554261111
661,0.03265786313898538
662,0.024420040322497446
663,0.09566436850361333
664,0.06756109545159653
665,0.06662942953338855
666,0.07709381862726254
667,0.07972340001235556
668,0.10117497362735366
669,0.019162034907359134
670,0.07347327858634055
671,0.043782963768796944
672,0.04643264648394196
673,0.07105037243399366
674,0.078107369142576
675,0.0742234561923443
676,0.02946566951894939
677,0.03880543535278405
678,0.1050725123773386
679,0.059934856438465224
680,0.09962809375724514
681,0.03593399906379557
682,0.060880744738297306
683,0.07783259676717205
684,0.06466337186114496
685,0.06302441521211098
686,0.0828759198797873
687,0.06079024858548166
688,0.09259607702907482
689,0.08333340310721411
690,0.07489990367401385
691,0.08661273968924485
692,0.07143971122737212
693,0.034938568602485745
694,0.04648089238164457
695,0.04133655122877409
696,0.08514995488547326
697,0.08736717905363177
698,0.03265786313898538
699,0.05383332384896261
700,0.055462854736458435
701,0.042351269251541604
702,0.07075730774792248
703,0.0934006273751185
704,0.07952972990885387
705,0.07598607200949618
706,0.04051096469631899
707,0.08170073987935378
708,0.06598367305834227
709,0.0410703250218213
710,0.038074695218917674
711,0.0701368569387719
712,0.045292705857212213
713,0.0788508529583594
714,0.08259848460299482
715,0.061477647190905566
716,0.07720924777898638
717,0.08103103931313548
718,0.0393926825461835
719,0.11161725382719427
720,0.02622868590236698
721,0.03457744031021203
722,0.07959083179203878
723,0.04855710569266731
724,0.0415257796639247
725,0.07825654136923185
726,0.06128365282366887
727,0.06549813312020246
728,0.0584631883801383
729,0.07193122796281937
730,0.06696335984799816
731,0.06682867441672836
732,0.024756027658406964
733,0.03748042641949895
734,0.03955260649617718
735,0.04983256124097535
736,0.03157369914386217
737,0.03954489491530583
738,0.07892854801262446
739,0.0529274095076348
740,0.07172027057302074
741,0.06940004975445892
742,0.043795842117854186
743,0.059133240006959624
744,0.0771201599132092
745,0.07504236725017975
746,0.07918786498391853
747,0.07492543125539465
748,0.0378315496241084
749,0.2447019976938859
750,0.04226272581594022
751,0.0427478663219764
752,0.07591740792460677
753,0.06010558331181747
754,0.0823930152553761
755,0.014775340237331574
756,0.035867753856363864
757,0.06558074499524519
758,0.0819968143778199
759,0.084126046288344
760,0.08241506047353886
761,0.07851712309955325
762,0.032057937409737405
763,0.06866763278194363
764,0.058460370852326145
765,0.05804663142996074
766,0.03731225312141253
767,0.10277514252791647
768,0.07448038488926483
769,0.03305501239243555
770,0.058330501663781995
771,0.13509434551292748
772,0.04092457500529578
773,0.07968823989910397
774,0.07141376166156368
775,0.03563500570821477
776,0.03626253421010921
777,0.05825120048657993
778,0.04410088439233444
779,0.078182903123184
780,0.060029838803633065
781,0.07034621783619048
782,0.028416903712690945
783,0.07550726999841219
784,0.034498925298479845
785,0.046889267594068904
786,0.0976088072457313
787,0.06233013824908407
788,0.06160127766994697
789,0.08161263743508021
790,0.039134806561190096
791,0.06191903504817112
792,0.08942677047957369
793,0.06449437520553059
794,0.08440242420473736
795,0.07179660168472383
796,0.02622868590236698
797,0.08353590641284005
798,0.0723560358828484
799,0.049265563177353124
800,0.08191419374258828
801,0.08986687058291101
802,0.04103212553541224
803,0.02622868590236698
804,0.07887147149910541
805,0.078182903123184
806,0.07824708016503504
807,0.09156462817625641
808,0.034525318244115526
809,0.07963754056690013
810,0.0181272045736501
811,0.037698307375559896
812,0.08585944630633387
813,0.0808326454065439
814,0.04996361848908814
815,0.07622959258889044
816,0.07138743764316577
817,0.16435019453412145
818,0.07542614793758469
819,0.0476316168941855
820,0.06103632807839114
821,0.0903347201688262
822,0.06882400888967978
823,0.026842646521685283
824,0.040938609873340866
825,0.0816406635204228
826,0.07378798948195003
827,0.07067580538063281
828,0.08383650179474492
829,0.07771251666295559
830,0.10556088091856926
831,0.10655973715030179
832,0.051022588935342394
833,0.04448182132516112
834,0.09056486680435555
835,0.04571823954096084
836,0.028633654523251062
837,0.0641649537650535
838,0.03503142080852626
839,0.04017550702852276
840,0.07137010496241004
841,0.07559333488636366
842,0.07680407620833568
843,0.03882696569284941
844,0.07438181350372025
845,0.04609134607624618
846,0.062034318571942616
847,0.02960341989890851
848,0.07235315593779644
849,0.04426188422192384
850,0.07399890936466792
851,0.07329767980470578
852,0.04230896955695753
853,-0.06736094447708578
854,0.0214674137505706
855,0.06799296395878805
856,0.06553437817453597
857,0.06229466356027869
858,0.019347077463389376
859,0.03085883599652312
860,0.08307244324564916
861,0.09520721831198971
862,0.0331450029685241
863,0.009564342347723074
864,0.042072374007993775
865,0.03994756896080302
866,0.04402784304812448
867,0.08219057019261992
868,0.08132952105972761
869,0.040985394926414856
870,0.03757112129215154
871,0.04340245108281801
872,0.06180639280531393
873,0.08269504872938739
874,-0.08678732853938227
875,0.05773679182396947
876,0.038893993759401245
877,0.09436668732555897
878,0.06405804345393021
879,0.0752001142580383
880,0.03713001288504046
881,0.07137010496241004
882,0.07884701315433877
883,0.09765856357690217
884,0.029377049403903826
885,0.22388296980834774
886,0.06488633447867914
887,0.04450521384804067
888,0.030314528623455836
889,0.08821965046022619
890,0.07828478492809013
891,0.037637152663939286
892,0.06760828605927305
893,-0.012934553700716526
894,0.06385940115288394
895,0.12845454965359004
896,0.06759472681778826
897,0.034249721851256035
898,0.07538478438724104
899,0.04298551710735428
900,0.07065604683036728
901,0.07826591696964987
902,0.08073028804212956
903,0.08114834922842695
904,0.03951560019236629
905,0.0718093996632197
906,0.04426607925935661
907,0.028392500393268842
908,0.09924823923147166
909,0.08077167398270038
910,0.029905754487020264
911,0.057737210616542925
912,0.06221811238016556
913,0.09003543528681428
914,0.043441888916057235
915,0.04194370986263995
916,0.07570357703799814
917,0.07198181525316781
918,0.03890185194025393
919,0.08241535113836401
920,0.05662448149127185
921,0.03060433807685876
922,0.1917854192065837
923,0.07388005459136396
924,0.037847630321094144
925,0.10401163012735495
926,0.08592134554592341
927,0.04579702143079265
928,0.04430431392243105
929,0.03993174901069127
930,0.04413333103217601
931,0.04321790843983386
932,0.05487385849589188
933,0.05121513974102968
934,0.07764774175667781
935,0.06444597203078714
936,0.07655537202036393
937,0.03518354115929057
938,0.07701391250256269
939,0.03865582898999253
940,0.10188291774580877
941,0.035243060460448714
942,0.030481484865242124
943,0.08090784275153455
944,0.15293001161087832
945,0.039182741310645336
946,0.030543758076567125
947,0.051875033291016656
948,0.09277906870737099
949,0.04662738512228918
950,0.02736628491276071
951,0.05039221027220675
952,0.08720830078837569
953,0.08070374128652985
954,0.04232137972662794
955,0.07508075537693054
956,0.062148618997189084
957,0.06021988179735192
958,0.04044530427462207
959,0.07823161396704176
960,0.06558137764432982
961,0.0395123758974096
962,0.05887076951105207
963,0.06774725980252025
964,0.04747640298634312
965,0.0790418754387191
966,0.07965412785402474
967,0.02231841632772329
968,0.05245650434303852
969,0.04397506220754784
970,0.04572677930071971
971,0.03060433807685876
972,0.0644179200354833
973,0.04234619852321167
974,0.04688299554030719
975,0.19110881541504143
976,0.07300068757667856
977,0.045603573891411
978,0.06867654456862209
979,0.04604761716168836
980,0.07981573292027072
981,0.03572028571105915
982,0.049265563177353124
983,0.06441296008327671
984,0.044127071337954675
985,0.07724315152771784
986,0.06039515641518158
987,0.034431107506626896
988,0.07059460403490327
989,0.22388296980834774
990,0.09209079097004097
991,0.03398261222827607
992,0.036432101834918115
993,0.045025284630720606
994,0.03437645830407335
995,0.05559942000014686
996,0.07300068757667856
997,0.04354018123183565
998,0.02903549944439781
999,0.07962310987455719
1000,0.06516928660579047
1001,0.07800452755553945
1002,0.06333593968745688
1003,0.08045502480619744
1004,0.09186969909707962
1005,0.09843679324725205
1006,0.08186365629236793
1007,0.08120466250302404
1008,0.06217386716522426
1009,0.045813438077265366
1010,0.04476859242427108
1011,0.07833362773723848
1012,0.08141501104541934
1013,0.10965276993535962
1014,0.03562477634501342
1015,0.05048994626853015
1016,0.09532900251055203
1017,0.06980286239998502
1018,0.07430104623132881
1019,0.06453607120067398
1020,0.13212238731438583
1021,0.08976515456187548
1022,0.050331985254292944
1023,0.0848100683529964
1024,0.09064376136535669
1025,0.04598736281544321
1026,0.0316018438989146
1027,0.07325784833288268
1028,0.06836710032286022
1029,0.033529322215736526
1030,0.07148280445308973
1031,0.12574201377753286
1032,0.07870416058392225
1033,0.042529900289850354
1034,0.036605247862667334
1035,0.07899894195593496
1036,0.06403664671880675
1037,0.04009760130253035
1038,0.08846768689676691
1039,0.07709381862726254
1040,0.0882899814567451
1041,0.061477647190905566
1042,0.06665082603117431
1043,0.0745158587211151
1044,0.10668868740428455
1045,0.11615719695969952
1046,0.10509527327689001
1047,0.04278479915985321
1048,0.03472308591984323
1049,0.03734371333854256
1050,0.04060446404926798
1051,0.07231911494103131
1052,0.05161642103721304
1053,0.07615925146549989
1054,0.074831258932948
1055,0.07278146001608274
1056,0.0736406978315804
1057,0.08300491902547474
1058,0.04766076116208982
1059,0.03959778054943599
1060,0.02000809397326247
1061,0.029514847045140208
1062,0.07139689862805655
1063,0.04027729971174392
1064,0.04858420975242295
1065,0.04224936734694357
1066,0.03183804174477762
1067,0.0488148248973376
1068,0.03714437456802583
1069,0.028300704146873534
1070,0.06904513605953397
1071,0.0708567577206637
1072,0.08426787552295002
1073,0.03834114593347213
1074,0.0424019531763435
1075,0.07365701711471159
1076,0.0436592855082706
1077,0.039173463756192836
1078,0.06583213450421434
1079,0.18719068194706068
1080,0.04785372339387352
1081,0.0707562857541088
1082,0.06672703111737231
1083,0.07665269358460343
1084,0.034187194095731656
1085,0.07723757899121363
1086,0.0753701339755207
1087,0.04019070239112429
1088,0.03999812129269649
1089,0.07057821185305033
1090,0.03109833357181329
1091,0.05720500888170798
1092,-0.060486819826580315
1093,0.10379788007455532
1094,0.05895190848411613
1095,0.06636328941887967
1096,0.06748526868820305
1097,0.051550076497262794
1098,0.06381371617126001
1099,0.057351445196881325
1100,0.05405672080786699
1101,0.0453266617431361
1102,0.07114923348265965
1103,0.08810226543772398
1104,0.03688012201241573
1105,-0.01445253909483359
1106,0.070699286934151
1107,0.0253029958882968
1108,0.04558733159955628
1109,0.07598607200949618
1110,0.08949780052727059
1111,0.08062728800909037
1112,0.2110823840723713
1113,0.092112771629029
1114,0.04416542442924173
1115,0.03085883599652312
1116,0.050170389091168846
1117,0.07967266147428885
1118,0.08104408783589516
1119,0.08998053652037274
1120,0.04718332489034747
1121,0.03041336860540607
1122,0.06205215618368535
1123,0.050989832093757056
1124,0.034923405009190396
1125,0.0259492580965092
1126,0.03725544363420801
1127,0.045404381911156345
1128,0.08719800695527782
1129,0.0667931582726004
1130,0.06898119066318899
1131,0.04068561991082202
1132,0.05834079338483395
1133,0.09705848286885216
1134,0.016013828981829986
1135,0.09454100241167772
1136,0.04705137041222002
1137,0.03518354115929057
1138,0.06793446853387737
1139,0.04206824287642443
1140,0.020674304136394473
1141,0.08638654273861167
1142,0.06591685721917093
1143,0.00726647597731836
1144,0.007177596695473904
1145,0.08770447453417979
1146,0.054817535720593884
1147,0.10189869356673585
1148,0.09866051482010767
1149,0.06774725980252025
1150,0.09690368573732648
1151,0.08119975935623938
1152,0.02923839105169594
1153,0.07481102821272846
1154,0.035344008642581574
1155,0.08241573245720794
1156,0.06293372137874334
1157,0.08790649010426335
1158,0.08793151597043225
1159,0.03587264505318222
1160,0.03796153611914011
1161,0.0677024999663489
1162,0.05552229850269987
1163,0.06232269697898635
1164,0.07143971122737212
1165,0.07531184162666615
1166,0.048368481510004606
1167,0.0984516611575572
1168,0.09403084209486356
1169,0.0690213984089317
1170,0.1187831980414456
1171,0.07926681862827381
1172,0.039212394410818675
1173,0.04017823022608208
1174,0.014683600915248984
1175,0.04650825595123856
1176,0.08042655625083699
1177,0.09631552304775468
1178,0.0718943453933951
1179,0.01363362555212908
1180,0.08520627703961846
1181,0.020638668401542336
1182,0.03890523460301445
1183,0.16795264898246626
1184,0.06986030598668623
1185,0.03869563134080492
1186,0.11307985990457778
1187,0.03771235836646391
1188,0.04736302057250153
1189,0.07065604683036728
1190,0.04398177402628501
1191,0.04477555240657855
1192,0.09347215788041704
1193,0.044650612011509515
1194,0.03432916922651001
1195,0.042343201100442186
1196,0.06718973312714929
1197,0.09351329427231411
1198,0.07940982250962023
1199,0.07820997504899772
1200,0.0914605794824389
1201,0.03614214864422595
1202,0.10263714775752017
1203,0.07491194631287958
1204,0.0857468049907729
1205,0.039090698662632546
1206,0.01964515057665238
1207,0.07508208344000761
1208,0.03736584685434559
1209,0.09782787633140874
1210,0.23479279877217793
1211,0.046637971812022026
1212,0.08096975522433296
1213,0.04146761160459636
1214,0.03106189238602717
1215,0.06435463543852352
1216,0.03273911630332891
1217,0.04599929290528066
1218,0.0750262375093404
1219,0.07623791476216477
1220,0.01968097099282813
1221,0.02159650528861989
1222,0.0703026305587823
1223,0.03202154963349009
1224,0.04016726472538358
1225,0.06379179794775786
1226,0.02000654906558831
1227,0.09355691103546285
1228,0.04935968710996128
1229,0.08483564348226925
1230,0.0401147096354704
1231,0.03517083752905889
1232,0.03863652698492486
1233,0.04733448852641933
1234,0.059434509319445376
1235,0.04702588388309684
1236,0.06428944355882509
1237,0.037588014400178074
1238,0.06979438907068343
1239,0.10189687804690763
1240,0.07592706306603629
1241,0.042430832499378915
1242,0.008504026606314684
1243,0.07256919811901973
1244,0.03860772203116632
1245,-0.019907120408733756
1246,0.08102731154508361
1247,0.025812722958362642
1248,0.05688147256851403
1249,0.06954689480920499
1250,0.0750217149087985
1251,0.07944066891307482
1252,0.07143971122737212
1253,0.06236867979199953
1254,0.05031444896799231
1255,0.0653426386752448
1256,0.029927802864219456
1257,0.06391667218902732
1258,0.04552409100296615
1259,0.07932191455503243
1260,0.07842968197942887
1261,0.07333697026012859
1262,0.07232658806725127
1263,0.07800500780567336
1264,0.07923452085404349
1265,0.07380780990717624
1266,0.07859988708455598
1267,0.03868134549776446
1268,0.07333676736864951
1269,0.054693354951256754
1270,0.03247358277654319
1271,0.04057883546542901
1272,0.08293031572166028
1273,0.04873691832100192
1274,0.045471908871095625
1275,0.08135285146299662
1276,0.030508831503614692
1277,0.03437645830407335
1278,0.034243518115440956
1279,0.05635606085547469
1280,0.02936695308857349
1281,0.06671882724705964
1282,0.07771665034638486
1283,0.03358802081878867
1284,0.032446963516301094
1285,0.07148280445308973
1286,0.04401567602655741
1287,0.02989982755618997
1288,0.07512135439213244
1289,0.055632483064431366
1290,0.05870147612583923
1291,0.048865413698449094
1292,0.07107435697551495
1293,0.09036336449616
1294,0.09124929624395149
1295,0.04163135149110974
1296,0.07232658806725127
1297,0.041357061209133156
1298,0.04569896827223933
1299,0.10320887894849999
1300,0.028416903712690945
1301,0.08498760829992819
1302,0.08712332277226371
1303,0.16495781078163266
1304,0.038384686346575554
1305,0.04660894209692841
1306,0.08578991614068465
1307,0.055728320680349955
1308,0.0791361998754641
1309,0.0827301130559626
1310,0.07175276201299848
1311,0.07435781756965762
1312,0.04068141360119672
1313,0.030853201433930152
1314,0.07558733531347644
1315,0.04496395672736685
1316,0.04238722989113913
1317,0.09491082944965516
1318,0.09740745876560508
1319,0.029260112966480598
1320,0.04222070377122318
1321,0.04891970545214095
1322,0.07744502695728586
1323,0.03144502947750438
1324,0.07858919382885615
1325,0.04411312987353935
1326,0.049571741967083305
1327,0.06324800612592157
1328,0.033529016233376036
1329,0.08093765784655009
1330,0.07040838830282328
1331,0.03714437456802583
1332,0.06507393779941296
1333,0.034903406157237866
1334,0.05225720879832428
1335,0.11063167805797297
1336,0.05528811056453538
1337,0.07201298563571562
1338,0.04266603687588361
1339,0.07638468058514976
1340,0.04312323734671239
1341,0.04022058761161363
1342,0.0690213984089317
1343,0.0915302765254356
1344,0.12461156400942323
1345,0.08286713894616246
1346,0.09171171509865944
1347,0.07198181525316781
1348,0.1070021670813701
1349,0.09901431116688447
1350,0.03614214864422595
1351,0.08510768193196419
1352,0.049112186804647455
1353,0.03855605306731904
1354,0.04826010920160649
1355,0.12606312566261874
1356,0.030550585126796558
1357,0.05441624157492944
1358,0.07481102821272846
1359,0.029677540014042086
1360,0.09175429613241207
1361,0.023808230185135507
1362,0.09135850840409826
1363,0.021566729958978337
1364,0.10501601394883103
1365,0.04632260190040875
1366,0.04235077922800495
1367,0.08286412639867231
1368,0.09596202969306206
1369,0.05079884918709502
1370,0.06376609544145465
1371,0.03842491923311685
1372,0.08903954316673462
1373,0.05102323202435473
1374,0.07776715042233624
1375,0.0328551263197421
1376,0.08966663259635518
1377,0.035252719364893804
1378,0.06590764195460351
1379,0.03357561887137936
1380,0.16302616151586044
1381,0.04145651782730948
1382,0.04405563758505695
1383,0.02629703553392071
1384,0.08774561566977626
1385,0.0783247292869358
1386,0.08148922687531016
1387,0.07941924810524124
1388,0.09272456231684757
1389,0.04009760130253035
1390,0.08533165184336253
1391,0.09162530465623497
1392,0.04393577551881407
1393,0.10040903198352721
1394,0.07941304941631963
1395,0.04334699311510553
1396,0.06414962956029788
1397,0.07729524579518783
1398,0.09417141956499943
1399,0.028416903712690945
1400,0.08101964985749706
1401,0.09267277562737011
1402,0.06413451943429567
1403,0.04399140940201853
1404,0.08970565611858823
1405,0.04352186418134209
1406,0.07665269358460343
1407,0.060407423287091984
1408,0.03625901762433144
1409,0.0484476298550089
1410,0.08186759109325704
1411,0.03834253933651202
1412,0.06710655599041539
1413,0.0643997014203224
1414,0.07759084546853845
1415,0.03474137519882215
1416,0.09174727035122661
1417,0.09312597635683811
1418,0.08205483795274107
1419,0.030426431604263268
1420,0.04824031396360728
1421,0.044750207281120016
1422,0.0647581385733374
1423,0.04129212235603408
1424,0.04227812797845299
1425,0.059053917258672886
1426,0.0751929888095246
1427,0.07102775325440963
1428,0.08596253032250269
1429,0.09677805503333536
1430,0.08966892501699988
1431,0.1028395727089178
1432,0.035081316993560326
1433,0.06094205087788827
1434,0.037986780587157466
1435,0.05108101249988059
1436,0.044371927812499525
1437,0.05437342057469968
1438,0.06558927061376205
1439,0.04748390982277201
1440,0.04496108155973641
1441,0.03741633807804007
1442,0.039562432845780565
1443,0.03980817615922573
1444,0.05283523917575874
1445,0.0352435124907282
1446,0.05048923951234308
1447,0.09778021586585718
1448,-0.0013971931671232648
1449,0.1036749771298833
1450,0.07026228926557843
1451,0.027051701550151085
1452,0.06798887773331319
1453,0.06811541868750981
1454,0.06889326355763573
1455,0.032646980972946354
1456,0.13031577994015348
1457,0.04272276128444153
1458,0.0719337381723384
1459,0.07720238427310785
1460,0.07972340001235556
1461,0.05695593308817891
1462,0.04733448852641933
1463,0.02622868590236698
1464,0.07751030836623235
1465,0.045371046984184454
1466,0.061604117097980554
1467,0.0770275000596059
1468,0.10207984466448064
1469,0.04625537781946981
1470,0.08884246824534425
1471,0.0375185510897009
1472,0.0830641360896883
1473,0.05190183694890019
1474,0.07927801689422638
1475,0.05994686222722739
1476,0.07688754675298658
1477,0.12225990713256354
1478,0.08914986657990404
1479,0.047307029451786164
1480,0.03179912994441483
1481,0.05425503194220574
1482,0.07076179711903598
1483,0.0687849826630393
1484,0.03437645830407335
1485,0.0547903708804072
1486,0.05256664833936795
1487,0.06335754451131703
1488,0.05333869770527891
1489,0.07842399477649267
1490,0.09228290814230189
1491,0.0303161232199244
1492,0.08825426549882719
1493,0.07224872550749813
1494,0.0784962523973966
1495,0.07635887666565874
1496,0.04360275246380909
1497,0.07856171607179743
1498,0.05735769887064036
1499,0.1864041100986023
1500,0.09503100051953846
1501,0.06279663173603797
1502,0.055558454240172604
1503,0.07329453817973994
1504,0.04746074189071701
1505,0.07290255081659025
1506,0.07297156576327732
1507,0.03112687784371271
1508,0.055632483064431366
1509,0.044577924145308125
1510,0.03137639396007555
1511,0.0847540335211569
1512,0.0964489073987547
1513,0.0038343948131073897
1514,0.015744042337008202
1515,0.07620831487930473
1516,0.07072712847584345
1517,0.07633744354381138
1518,0.06387002288158386
1519,0.0811167321203845
1520,0.03406575927646725
1521,0.07389125619418006
1522,0.02643158584333897
1523,0.05882605724307503
1524,0.10711402092817593
1525,0.08269405906962246
1526,0.07530433670280004
1527,0.03473854960215747
1528,0.1135767841460512
1529,0.06799296395878805
1530,0.015827345618010843
1531,0.05439816857351459
1532,0.06748526868820305
1533,0.0691694083095671
1534,0.09322328750755551
1535,0.08974175315323402
1536,0.03982122191291256
1537,0.05841539569429965
1538,0.047835154898315364
1539,0.0453012482377585
1540,0.07399908105286471
1541,0.04460467432479934
1542,0.04101822357205612
1543,0.07419081027752884
1544,0.07918051859338987
1545,0.040588865935812055
1546,0.1098001621965495
1547,0.05296473745890973
1548,0.08025621711272012
1549,0.04051096469631899
1550,0.1014106115681685
1551,0.15030958730830307
1552,0.03265786313898538
1553,0.0859042260574867
1554,0.029397445302045352
1555,0.07094092259986116
1556,0.04103947123378365
1557,0.046076106097458054
1558,0.06008590606714069
1559,0.0835918490742879
1560,0.056190083299614065
1561,0.07539783454256041
1562,0.06244738355147964
1563,0.08053746972064728
1564,0.08081493771193209
1565,0.0686708683831111
1566,0.08888319783434534
1567,0.04307937740262653
1568,0.08174999129569505
1569,0.08229798094749094
1570,0.045292705857212213
1571,0.0834959700149007
1572,0.07422282366480401
1573,0.03039768660888456
1574,0.08873402762578893
1575,0.08264965633355154
1576,0.035344008642581574
1577,0.07659005823894588
1578,0.07275159633892829
1579,0.09547564347392724
1580,0.04051096469631899
1581,0.04907695076684893
1582,0.05431787937327367
1583,0.08216832062448409
1584,0.032961068315491976
1585,0.031577127218519574
1586,0.0744826145132327
1587,0.09823499262881798
1588,0.04070229655520841
1589,0.08124629479365647
1590,0.05392463597709145
1591,0.06555058444908515
1592,0.04283682447707338
1593,0.07020476769191393
1594,0.053112986829654325
1595,0.060566214071062115
1596,0.06875187143504129
1597,0.08173794500472811
1598,0.007434730863310823
1599,0.030355008258222297
1600,0.06070820673401033
1601,0.031860217650610076
1602,0.029606034677440808
1603,0.041648204025208795
1604,0.03386716688693339
1605,0.03745535136069699
1606,0.037214345253109855
1607,0.03912659122505391
1608,0.07873860637881538
1609,0.043502588330038776
1610,0.038262859188034175
1611,0.07736822366548644
1612,0.04191661532746843
1613,0.04723156438019994
1614,0.03883038181451551
1615,0.08198643878757085
1616,0.02844897509191986
1617,0.03220128017688053
1618,0.049974388142242504
1619,0.09369203032662701
1620,0.04156787364453053
1621,0.06872540526961808
1622,0.05603892782782513
1623,0.06515023095403107
1624,0.0930472319860272
1625,0.08883003200546716
1626,0.045516412853938135
1627,0.07239742281766215
1628,0.03474137519882215
1629,0.09428945370429652
1630,0.06755127693383854
1631,0.0764361107529049
1632,0.04057062055611871
1633,0.0848100683529964
1634,0.04101387592811965
1635,0.026428078932555416
1636,0.05392463597709145
1637,0.08008710413321218
1638,0.07763930478252311
1639,0.08267889256576125
1640,0.03294047953377199
1641,0.030453095704405988
1642,0.08533165184336253
1643,0.06326842776791539
1644,0.08221688692378608
1645,0.08318036103777635
1646,0.04176273923937744
1647,0.039171094549457955
1648,0.044779109181938004
1649,0.0364291066638848
1650,0.0497220519148746
1651,0.07109554860861025
1652,0.04080830084988851
1653,0.023008047547271735
1654,0.0420422850667027
1655,0.05835317916273405
1656,0.046334018193067955
1657,-0.05277568324409167
1658,0.07277931069845243
1659,0.09270029451251448
1660,0.09256779689328082
1661,0.04930209996707104
1662,0.07026228926557843
1663,0.08937067478170929
1664,0.10300662714119266
1665,0.07435569886149139
1666,0.04055691146257783
1667,0.04071804003450396
1668,0.06878471675101064
1669,0.07189068878344164
1670,0.09034591745433973
1671,0.044127071337954675
1672,0.04442229806478486
1673,0.10449019061616673
1674,0.1282287862700011
1675,0.03757112129215154
1676,0.09339952215788154
1677,0.057263459327684785
1678,0.031990844036164645
1679,0.10248350009130354
1680,0.08974175315323402
1681,0.044927581132987324
1682,0.041783438355210784
1683,0.04601909287695708
1684,0.041344185925238607
1685,0.06944463898984057
1686,0.07305637800430975
1687,0.09052032116740989
1688,0.04427196773998182
1689,0.06343218473662458
1690,0.04858229415483375
1691,0.0723560358828484
1692,0.07245554160574
1693,0.03526113654836833
1694,0.06602462140940807
1695,0.07749825165604873
1696,0.04143843520694529
1697,0.08575673201845037
1698,0.03914612483603095
1699,0.04464933592429815
1700,0.06343106614786244
1701,0.08088472930177676
1702,0.08947897423643841
1703,0.03800337273348075
1704,0.09387198106481075
1705,0.07295277029033921
1706,0.10654425616863232
1707,0.07598530981594265
1708,0.03959863687666235
1709,0.04331201032871794
1710,0.033522177589353545
1711,0.10435985903360777
1712,0.04070456691950147
1713,0.08138502218223
1714,0.09322328750755551
1715,0.04601606731308634
1716,0.031261375866359825
1717,0.037636641475687904
1718,0.03935780732555133
1719,0.06444669531788767
1720,0.0633909570269224
1721,0.04589480092466281
1722,0.04103811815461783
1723,0.060677667673143976
1724,0.03250999263638439
1725,0.08134737324917181
1726,0.0857772401738657
1727,-0.10224017604050091
1728,0.06680733108339053
1729,0.11494890834008364
1730,0.0408921306772403
1731,0.0668068041888536
1732,0.060828078853565344
1733,0.03658914285930047
1734,0.03019618380250438
1735,0.10007453911246865
1736,0.02528229772187399
1737,0.07950258933271061
1738,0.07868772738418268
1739,0.0779814400263694
1740,0.043119584513577
1741,0.08309598949692547
1742,0.0586672867950818
1743,0.07946432656611059
1744,0.09111514084719391
1745,0.03877685835438494
1746,0.035339152506263495
1747,0.11465024928489496
1748,0.026532919095803673
1749,0.03367711707892002
1750,0.05419599798605911
1751,0.0718943453933951
1752,0.08525279912086559
1753,0.044347940466831
1754,0.07143971122737212
1755,0.14749649039641455
1756,0.047387008599168896
1757,0.04568771162864395
1758,0.03755368616101583
1759,0.06790680055004042
1760,0.04323047708660779
1761,0.0764969049525666
1762,0.03615164952028534
1763,0.030401584159460624
1764,0.04520058362202445
1765,0.08624327908094415
1766,0.074375588438924
1767,0.042449016264942845
1768,0.03969840801480522
1769,0.04521627432705357
1770,0.07606399014375399
1771,0.03757863132355449
1772,0.09152768626090711
1773,0.03687321849052633
1774,0.18420682713772973
1775,0.03980315330144342
1776,0.026379790544380274
1777,0.08351881588256543
1778,0.04229042361299123
1779,0.03011935416607903
1780,0.08128848141539549
1781,0.17006643778304745
1782,0.07606655796549115
1783,0.07059634809257649
1784,0.04507388970989346
1785,0.061254625113165144
1786,0.04907306842398114
1787,0.04664577999787703
1788,0.04518249048597662
1789,0.08564268941357843
1790,0.04305787806952287
1791,0.08895955266895778
1792,0.07264230445632709
1793,0.0756302624978375
1794,0.06509279561041746
1795,0.07857982056611393
1796,0.03798724304184704
1797,0.11091726141353707
1798,0.04236416578371959
1799,0.09734279848189199
1800,-0.027471489862150276
1801,0.07530433670280004
1802,0.04143843520694529
1803,0.03708126858107907
1804,0.07798181480665156
1805,0.08541069075778868
1806,0.05492987346511305
1807,0.047775887450597014
1808,-0.011597502250549676
1809,0.0900882579975216
1810,0.057925780866303435
1811,0.0591256784323278
1812,0.04430321037097199
1813,0.0658511003154482
1814,0.0255401051039341
1815,0.08066157633306055
1816,0.04361644945388948
1817,0.08686333273871334
1818,0.04871036878752461
1819,0.041588867428083924
1820,0.02724819428850889
1821,0.03448882644200279
1822,0.07668395366820717
1823,0.0984516611575572
1824,0.0269058322361899
1825,0.06267436103484161
1826,0.030590788178252608
1827,0.21297957627033934
1828,0.07558733531347644
1829,0.07836419293737604
1830,0.08087423332103988
1831,0.0718943453933951
1832,0.045468417584781366
1833,0.08174935693319543
1834,0.03292997453053493
1835,0.046728716609526044
1836,0.06333593968745688
1837,0.05730462449178342
1838,0.050571428609244136
1839,0.08192482207503471
1840,0.0850346521948837
1841,0.028167961264680394
1842,0.05093040358628781
1843,0.041661204490209984
1844,0.1475133284330744
1845,0.07867983067016256
1846,0.04180251069610137
1847,0.04517851170821862
1848,0.03641791118322464
1849,0.07475058812196166
1850,0.027490938326298578
1851,0.2397383516675574
1852,0.04292335650537686
1853,0.12456563065018847
1854,0.03995589342891346
1855,0.03312988082296703
1856,0.03610287426084647
1857,0.04578901531397997
1858,0.035332886260687986
1859,0.04806361873622289
1860,0.08317389781493482
1861,0.06791037895988392
1862,0.08172428198223308
1863,0.08937067478170929
1864,0.03543059183016108
1865,0.07851462314237319
1866,0.03674398093249586
1867,0.056352104324229345
1868,0.06201343657212629
1869,0.035323825880022024
1870,0.041093280313258075
1871,0.037881949107026955
1872,0.0534711354470968
1873,0.07665269358460343
1874,0.09399735760384127
1875,0.0850770017738546
1876,0.04462597523379633
1877,0.03972400856431713
1878,0.05302422447997596
1879,0.06527022591921346
1880,0.04118203443758369
1881,0.03921742469742318
1882,0.1089411004054839
1883,0.045179796829316166
1884,0.04498568403839597
1885,0.04612661400515556
1886,0.07084369143984563
1887,0.08169012930851884
1888,0.04527453841365323
1889,0.06359550739647334
1890,0.06823601756083775
1891,0.0710973078257296
1892,0.03731225312141253
1893,0.03757112129215154
1894,0.0714197183787523
1895,0.043872194106820625
1896,0.041340962421382056
1897,0.041839946531668275
1898,0.03823487208031878
1899,0.10048969434722917
1900,0.04214895411738598
1901,0.0439886494111691
1902,0.1492745380991334
1903,0.04015887845045464
1904,0.06216861698003814
1905,0.03607155607763543
1906,0.09599819896866059
1907,0.07438181350372025
1908,0.08785358802112991
1909,-0.07080984392679823
1910,0.03000435568100992
1911,0.02655678334685839
1912,0.08483923115527515
1913,0.07138743764316577
1914,0.06444174300507749
1915,0.06464496537851662
1916,0.041325857470907924
1917,0.0718943453933951
1918,0.13184206730745424
1919,0.0544514340965755
1920,0.042474670484499155
1921,0.0836361691673817
1922,0.09543043020638496
1923,0.04477555240657855
1924,0.08054352128578751
1925,0.10500544671062484
1926,0.07497265753788891
1927,0.03443527421789762
1928,0.03556608259430011
1929,0.023845670802755573
1930,0.04050511114839444
1931,0.06657285752377963
1932,0.06828611039675907
1933,0.09466410487686341
1934,0.08672071791489648
1935,0.023716690869366654
1936,0.04160825107003025
1937,-0.0033860345009304998
1938,0.08751005004265318
1939,0.03056765038758259
1940,0.07927839337846496
1941,0.04255887486001783
1942,0.1057149093681204
1943,0.08106856029245003
1944,0.02896773497493973
1945,0.07864566634718777
1946,0.09817396667637819
1947,0.09084991401777298
1948,0.05090717951410593
1949,0.0291355721037894
1950,0.09151445133975086
1951,0.07771251666295559
1952,0.07304293511755168
1953,0.06554815514160989
1954,0.0719337381723384
1955,0.0865945935390053
1956,0.06603767968950787
1957,0.03028518956684697
1958,0.032898754192198704
1959,0.037964763097949654
1960,0.04145651782730948
1961,0.07526518128302762
1962,0.06532435221050314
1963,0.03565628147701103
1964,0.07361698273451556
1965,0.05452442058039874
1966,0.035105821634735086
1967,0.08493525581189314
1968,0.09750024351986628
1969,0.06069834566656002
1970,0.07865249601227677
1971,0.07874969331727462
1972,0.04168941918791726
1973,0.06238026518534574
1974,0.051185072034128275
1975,0.09318251768812315
1976,0.06273386892918557
1977,0.0468274474511135
1978,0.060380342924287594
1979,-0.0749872090831931
1980,0.06901452370444022
1981,0.0806044568740466
1982,0.04112657367101196
1983,0.11384901134300275
1984,0.04515617284381606
1985,-0.10748072353264164
1986,0.09240802422553168
1987,0.05448844878564344
1988,0.10908651491433982
1989,0.11441819669410998
1990,0.07207156907499551
1991,0.06231164551438919
1992,0.030940850472418728
1993,0.040786244405697995
1994,0.07752658286827599
1995,0.03875294976470147
1996,0.005396663697480153
1997,0.041272568316577204
1998,0.059641765062828415
1999,0.018923539165628125
2000,0.0751945131092876
2001,0.031577127218519574
2002,0.08121517824616008
2003,0.05463648543971379
2004,0.020318018574138036
2005,0.06683157326737993
2006,0.04353370656767349
2007,0.07527683659938772
2008,0.06318429149851082
2009,0.07882221533007551
2010,0.11192852057859758
2011,0.03830613739672081
2012,0.07118285997433933
2013,0.09014147107452247
2014,0.07453564769781976
2015,0.06397630236807615
2016,0.03802910024412164
2017,0.04028657910713372
2018,0.009986449906809355
2019,0.06695704862751564
2020,0.06381858281882939
2021,0.08324775006215203
2022,0.07726906358860605
2023,-0.0677551091372355
2024,0.04091544452389026
2025,0.07944964945092861
2026,0.06463304680628375
2027,0.038112136592564606
2028,0.044265341973190625
2029,0.09646065439492751
2030,0.04129618649248527
2031,0.05149519995104467
2032,0.11893092813862742
2033,0.043782963768796944
2034,0.10142107504721176
2035,0.07191960018723927
2036,0.04338237294755027
2037,0.09297530848528948
2038,0.07971750822946537
2039,0.09031336578265423
2040,-0.0789044725183875
2041,0.06627886237088595
2042,0.021566729958978337
2043,0.04567811067437895
2044,0.03721939664813222
2045,0.040018927064020195
2046,0.06692738712542538
2047,0.04979157397035047
2048,0.08176692673921276
2049,0.08835180714593154
2050,0.06951855042098672
2051,0.04785669763868082
2052,0.10063263267315081
2053,0.05474829420694807
2054,0.023818748017381645
2055,0.08042655625083699
2056,0.058875087971403145
2057,0.07946997292255421
2058,0.09319422180371963
2059,0.03882428253294579
2060,0.06024893576049394
2061,0.03075616301487415
2062,0.08783063108367743
2063,0.043766861369851674
2064,0.0592980928225103
2065,0.04983256124097535
2066,0.04089729504461233
2067,0.10382275608438356
2068,0.060049180762024444
2069,0.06076607946469194
2070,0.07728382607273197
2071,0.0734923064546292
2072,0.06451669208274145
2073,0.043217203423478345
2074,0.01447094084021042
2075,0.14033201975845674
2076,0.038862343897882574
2077,0.09173120892547747
2078,0.05964049744242232
2079,0.06556522384882436
2080,0.05656071932690136
2081,0.0624533911383525
2082,0.1469264395781273
2083,0.0651228571099836
2084,0.07805790402308398
2085,0.0675851915221578
2086,0.05760668676897482
2087,0.08640403989073682
2088,0.013890075968723761
2089,0.08038522341603896
2090,0.062007834437113385
2091,0.07257140088226813
2092,0.07416411088010659
2093,0.07551942112623898
2094,0.10163371195664596
2095,0.0754891721554318
2096,0.05036252353621655
2097,0.01340206596724946
2098,0.1150636716490788
2099,0.07576872504126961
2100,0.032595692579466616
2101,0.0316018438989146
2102,0.05457664206895998
2103,0.0419437453709199
2104,0.06472650318449433
2105,0.03718881182687451
2106,0.028118947843562222
2107,0.03402724514508026
2108,0.08966800128664001
2109,0.06277119055487865
2110,0.09163747900381082
2111,0.09622784885559406
2112,0.033735796147895625
2113,0.03415784084987449
2114,0.06316530608234705
2115,0.034155197679863296
2116,0.053964996673860254
2117,0.035400769742947945
2118,0.056691584904156433
2119,0.0313920302398324
2120,0.03897581116706739
2121,0.11065635783707643
2122,0.016861244685109692
2123,0.06308212052098318
2124,0.00969251320116448
2125,0.04138140499411333
2126,0.1288977997740356
2127,0.09067544937019603
2128,0.08729972322140059
2129,0.07517224867705309
2130,0.06135694111205958
2131,0.14828505945899859
2132,0.058998132331709134
2133,0.08608053305910104
2134,0.0613820843420694
2135,0.06954393600990336
2136,0.06314749679708295
2137,0.0361141604416443
2138,0.07748900371873615
2139,0.0664937525130708
2140,0.07143971122737212
2141,0.09410926341299666
2142,0.06576375620025711
2143,0.04745644651696078
2144,0.026376960837018078
2145,0.07952743374377817
2146,0.0830680540425563
2147,0.07705334970811303
2148,0.04603605223794518
2149,0.05049622179275835
2150,0.06515405555542267
2151,0.03223671186065036
2152,0.07552767780047902
2153,0.0744913385240254
2154,0.03400268897798052
2155,0.03284217982859509
2156,0.037019981658999196
2157,0.053635623608679836
2158,0.0788785969476191
2159,0.05235742897256313
2160,0.03734371333854256
2161,0.07232658806725127
2162,0.07278146001608274
2163,-0.0008831303138651048
2164,0.0408272589308627
2165,0.04142480051446609
2166,0.03694669627049988
2167,0.07630556655828963
2168,-0.0032199615352474192
2169,0.09922367684637523
2170,0.06066344322181164
2171,0.0640464254878241
2172,0.021266198859938756
2173,0.0808625128791747
2174,0.06799975821052141
2175,0.06064076609404633
2176,0.019728553397756764
2177,0.07175276201299848
2178,0.07734143743956687
2179,0.05119303205559606
2180,0.05047327159788197
2181,0.07264230445632709
2182,0.07498558319963966
2183,0.06636329859989473
2184,0.040018927064020195
2185,0.05687017115461172
2186,0.10504888430017005
2187,0.04280345904099897
2188,0.08476423597233085
2189,0.04438991012520408
2190,0.040748639404399524
2191,0.07377445746582571
2192,0.04532712654983083
2193,0.07396846275221901
2194,0.07334276301920424
2195,0.0760368221071283
2196,0.029991439360292263
2197,0.03060433807685876
2198,0.09895442784338675
2199,0.02791502754105487
2200,0.099457512502978
2201,0.06627238556750582
2202,-0.012615491170363568
2203,0.031162052346090607
2204,0.10431134794686431
2205,0.08439232267263934
2206,0.06497807073200866
2207,0.060693455904311265
2208,-0.08987954215436444
2209,0.046485100080659654
2210,0.03698611868709053
2211,0.0875148367112827
2212,0.04388072050464851
2213,0.04040234615703565
2214,0.0755910673857672
2215,0.03037736436988198
2216,0.11401192729204426
2217,0.033212506659467886
2218,0.06774725980252025
2219,0.03655374041712855
2220,0.03799801108462366
2221,0.026653524851752094
2222,0.04853797371645462
2223,0.04399613013637319
2224,0.026842893689311954
2225,0.12192947238303402
2226,0.0485959797664582
2227,0.13141253770622702
2228,0.0744913385240254
2229,0.050518026988098326
2230,0.03739667877208555
2231,0.03695678151409679
2232,0.08495323222435232
2233,0.09518303785783033
2234,0.0928504638549735
2235,0.06954393600990336
2236,0.031920042890377524
2237,0.06828378198310527
2238,0.03458599377481973
2239,0.04473127780272575
2240,0.0456109166373093
2241,0.07278146001608274
2242,0.039982113381479924
2243,0.07390094717105752
2244,0.038268331516842224
2245,0.012826953205355202
2246,0.06392349854451215
2247,0.039139025562721835
2248,0.04146782369863459
2249,0.03474137519882215
2250,0.03967692224837907
2251,0.08145726658254832
2252,0.0791649991583746
2253,0.08196705314000853
2254,0.061636429494748686
2255,0.035424448406430456
2256,0.08510215882514183
2257,0.13419309190455023
2258,0.0361156909308665
2259,0.09546561333614643
2260,0.07198181525316781
2261,0.08302718953485173
2262,0.06370284561933852
2263,0.07521969203649975
2264,0.03628112436557324
2265,0.0375681657425824
2266,0.05255282593302102
2267,0.0840292300389333
2268,0.035722002883018925
2269,0.04205519511897637
2270,0.06488076068409553
2271,0.08608645636448706
2272,0.058824037810924254
2273,0.04646729220363665
2274,0.03883072121246472
2275,0.042234781667178
2276,0.02422417207753256
2277,0.043488896603833746
2278,0.07702035207069813
2279,0.027580033095212935
2280,0.0795117789532847
2281,0.12178293180164293
2282,0.08260255755253505
2283,0.0967229469724394
2284,0.08917514275431375
2285,0.058669517113729974
2286,0.06919309970609402
2287,0.032314679455255235
2288,0.08096975522433296
2289,0.07934834492089218
2290,0.056148210307238725
2291,0.08952181857016991
2292,0.08592134554592341
2293,0.0718943453933951
2294,0.05024152011662187
2295,0.0962474138638823
2296,0.05888754070867284
2297,0.05822692721007156
2298,0.05965277181814681
2299,0.0844859616911884
2300,0.086612360379524
2301,0.08849338242684496
2302,0.0795979597656005
2303,0.07680143347510568
2304,0.04811494618228336
2305,0.07517834105145242
2306,0.0821323974058164
2307,0.04100088109663196
2308,0.0846222728962641
2309,0.07031230341597174
2310,0.06696168652348147
2311,0.08258843086481865
2312,0.07477359324488718
2313,0.0784764307824532
2314,0.0819188250518674
2315,0.046976563003008974
2316,0.04158908537748955
2317,0.07108494927529065
2318,-0.0260846451602839
2319,0.048115470224667584
2320,0.0395025850040267
2321,0.09088009842576397
2322,0.0683848771096777
2323,0.07143971122737212
2324,0.04060446404926798
2325,0.06882539320055163
2326,0.04456213936625378
2327,0.04074988465706927
2328,0.2107677579984972
2329,0.04083819304210578
2330,0.0987096931300132
2331,0.04165542252755011
2332,0.018473614264418556
2333,0.06654125880070473
2334,0.05049603854327458
2335,0.02933356088758654
2336,0.029462320500952262
2337,0.02339539930379459
2338,0.02637828936023247
2339,0.0651904078332442
2340,0.05951868703393268
2341,0.038041713598201084
2342,0.06604956211095862
2343,0.07527683659938772
2344,0.08219057019261992
2345,0.06575451463016624
2346,0.07388701708520855
2347,0.0957238685020822
2348,0.060880744738297306
2349,0.08040243611378443
2350,0.07470219524053615
2351,0.08027849097689303
2352,0.04712198094109084
2353,0.058074788326240225
2354,0.021935497055797937
2355,0.08954691666812478
2356,0.059984833825483405
2357,0.07859988708455598
2358,0.1041305536952653
2359,0.03425456835831481
2360,0.04929160996519049
2361,0.03949130379131649
2362,0.040608024234186996
2363,0.04484903682355596
2364,0.041241689963849595
2365,0.04983256124097535
2366,0.0338930968965212
2367,0.0654145603979982
2368,0.0764376411158159
2369,0.056929400001224095
2370,0.06216861698003814
2371,0.08096743728596778
2372,0.08427834677924134
2373,0.06618597149443037
2374,0.026074688477025387
2375,0.01533990594416008
2376,0.07987235242065456
2377,0.07475584877909552
2378,0.1334535279828576
2379,0.07259801507290221
2380,0.09365328893548452
2381,0.043490321327986005
2382,0.03982081583992689
2383,0.05166702003610444
2384,0.08615864986594376
2385,0.019463779711381527
2386,0.07792563773965497
2387,0.06387325288844341
2388,0.061477647190905566
2389,0.04012377218890822
2390,0.03670431565416752
2391,0.06009662167891573
2392,0.032346128399456574
2393,0.08429516143162605
2394,0.04595479144334742
2395,0.041892877569161824
2396,0.012763673369748856
2397,0.0843762002794703
2398,0.08149404251128288
2399,0.07972340001235556
2400,0.06796732197299807
2401,0.08236778866141321
2402,0.0844859616911884
2403,0.012869538195289887
2404,0.03189078384008673
2405,0.04612906245278702
2406,0.08970893508003476
2407,0.08503358006240963
2408,0.07509126845285297
2409,0.039226429626256394
2410,0.06713399047676633
2411,0.03445770971277149
2412,0.03806110735315194
2413,0.053002011414730446
2414,0.07023349628203737
2415,0.03967863012072945
2416,0.07501533282573769
2417,0.09202833386767292
2418,0.04181995678908232
2419,0.03696586947560798
2420,0.09361164021773677
2421,0.059161108429831286
2422,0.1043839342478595
2423,0.08137068390430327
2424,0.0425279166938961
2425,0.06542501880913981
2426,0.0825963677165087
2427,0.037120612636000645
2428,0.07687954687805389
2429,0.0707562857541088
2430,0.10045316198404457
2431,0.08232646747160043
2432,0.09866920041803791
2433,0.06620482104327101
2434,0.040590204062224376
2435,0.0388132371874623
2436,0.11107892219752286
2437,0.046743578336518564
2438,0.07598607200949618
2439,0.03414922117423969
2440,0.07520508471538369
2441,0.12198946497630281
2442,0.0892673469700445
2443,0.06246987380920389
2444,0.07118285997433933
2445,0.03866800865569519
2446,0.054888755663259
2447,0.0709569599840849
2448,0.05978748771662795
2449,0.08039285003108555
2450,0.09473590994975233
2451,0.06876898219590895
2452,0.06248557714324566
2453,0.07223704149815739
2454,0.07140042323052734
2455,0.0483183520171423
2456,0.030232535743921738
2457,0.06267158774756931
2458,0.06162361500837722
2459,0.03851138781784064
2460,0.03395543135367649
2461,0.07387194207255483
2462,0.052977986887036393
2463,0.07559442804585105
2464,0.052375955152521934
2465,0.04100088109663196
2466,0.08517663226442526
2467,0.07756978015267363
2468,0.03985542709802223
2469,0.03921528692058008
2470,0.04143713815199099
2471,0.04713557002291943
2472,0.07873425011580752
2473,0.02669880731390393
2474,0.019720465120128455
2475,0.06160666836421288
2476,0.07923452085404349
2477,0.022067408586260967
2478,0.03361893596143077
2479,0.07214766275618997
2480,0.04019566628844525
2481,0.05337004714192197
2482,0.03265100465678527
2483,0.033614658763178665
2484,0.04229779613405041
2485,0.031955351897795616
2486,0.07862353235318341
2487,0.07140813640546811
2488,0.10167660172090777
2489,0.08661003639947207
2490,0.06031059767849663
2491,-0.09696690623853471
2492,0.04222749240571044
2493,0.07712180651867044
2494,0.03875294976470147
2495,0.03757112129215154
2496,0.0547903708804072
2497,0.10105934370152989
2498,0.06529458306445388
2499,0.09887390346473313
2500,0.0316018438989146
2501,0.09041950134106315
2502,0.07326112556783607
2503,0.11175862279783307
2504,0.04899520714961734
2505,0.0497401589147952
2506,0.0788436554972915
2507,0.07624279545814351
2508,0.03613293944466903
2509,0.0792730067991266
2510,0.0762027293332405
2511,0.08313414310164079
2512,0.04099540230989949
2513,0.06572906585510946
2514,0.04419203162836838
2515,0.08042655625083699
2516,0.07981730824692602
2517,0.04180230376248483
2518,0.029745393516983545
2519,0.048051656781878525
2520,0.10803106768647103
2521,0.037779219024361904
2522,0.11842118487019278
2523,0.060880744738297306
2524,0.06879720862570272
2525,0.06149438938370186
2526,0.03459279612073872
2527,0.036530736089684955
2528,0.015540860898437021
2529,0.04902000845076022
2530,0.04291666395202792
2531,0.023141292735079973
2532,0.02600698047980981
2533,0.036866997831831096
2534,0.05676748628352809
2535,0.08893148671125849
2536,0.03949130379131649
2537,0.05648665339362836
2538,0.07504411578123085
2539,0.04091807921388295
2540,0.09209192638822049
2541,0.12261027867051193
2542,0.0568808461703766
2543,0.04575597490157656
2544,0.10053436528746244
2545,0.030940540191167775
2546,0.09364460747810409
2547,0.08284599647582605
2548,0.04875299209225726
2549,0.03501237847624672
2550,0.07680941729335286
2551,0.07566391811258648
2552,0.09958870115620468
2553,-0.001265524244583976
2554,0.039536182690930316
2555,0.0754891721554318
2556,0.0491728965884168
2557,0.06853028124191397
2558,0.04011786629300147
2559,0.051076190839748785
2560,0.09896826417158133
2561,0.0926389802064243
2562,0.008349287213514212
2563,0.06164243521771413
2564,0.07300068757667856
2565,0.034776704349075795
2566,0.01946337128719473
2567,0.07748390882257686
2568,0.030066909428851218
2569,0.03153664351846066
2570,0.031466208586409035
2571,0.0381104223582996
2572,0.062346291312901855
2573,0.08457290349191947
2574,0.07924606802571775
2575,0.03281892361991026
2576,0.03518354115929057
2577,0.06769242626748923
2578,0.04585253785175161
2579,0.09661897889819912
2580,0.031937087676509844
2581,0.05691965153371232
2582,0.09105789285420286
2583,0.044128523462928684
2584,0.062230164586819896
2585,0.08155253158101368
2586,0.05499792907530168
2587,0.07009013548761484
2588,0.08549579814607461
2589,0.04462597523379633
2590,0.12606312566261874
2591,0.0903142437710463
2592,0.04167167903901653
2593,0.100256510395376
2594,0.03731225312141253
2595,0.11214424025332548
2596,0.06671882724705964
2597,0.0427100689301308
2598,0.04292661961966729
2599,0.06947565899171361
2600,0.06748526868820305
2601,0.03558690733945219
2602,0.059133240006959624
2603,0.059826588114880085
2604,0.09475882835040128
2605,0.07758670926690289
2606,0.030122267857057166
2607,0.048368481510004606
2608,0.0922822955750779
2609,0.05380634393940276
2610,0.07137010496241004
2611,0.03716576988821795
2612,0.044117248767527456
2613,0.0690848992351877
2614,0.08092002625109627
2615,0.07777058789384678
2616,0.09419636171110449
2617,0.06858010056919457
2618,0.07031230341597174
2619,0.04861628232777164
2620,0.059511352165118436
2621,0.07811075822021159
2622,0.0017218115995859483
2623,0.0811197119446278
2624,0.03613310290122462
2625,0.06413818669418343
2626,0.09073796994044754
2627,0.09759981494454871
2628,0.04274124312003285
2629,0.030088408664693
2630,0.035344008642581574
2631,0.04378251817317208
2632,0.0603176581271257
2633,0.06980286239998502
2634,0.060880744738297306
2635,0.07698819198752042
2636,0.07809755955293995
2637,0.06600484591349837
2638,0.10855933639714867
2639,0.017829135579696925
2640,0.03433961420684965
2641,0.04136822367652401
2642,0.034602670906799464
2643,0.07776715042233624
2644,0.07459345866286672
2645,0.05371199714622404
2646,0.053528651808917374
2647,0.0719337381723384
2648,0.08308112791412867
2649,0.029105776241570135
2650,0.08014551003700365
2651,0.0690491084583057
2652,0.04218264744289211
2653,0.0690213984089317
2654,0.08949665388463851
2655,0.05021570121840493
2656,0.07994002311333066
2657,0.07215159902394547
2658,0.02100099171426018
2659,0.07399908105286471
2660,0.03898141867115044
2661,0.033689758118588056
2662,0.07851738723852435
2663,0.02132153973910695
2664,0.008446375915474256
2665,0.016715693701259537
2666,0.07651455632905534
2667,0.08382827305587594
2668,0.06149571145994421
2669,0.03593268127042307
2670,0.0718943453933951
2671,0.03159258328304769
2672,0.040299697363871234
2673,0.02100191003837422
2674,0.0435266768830169
2675,0.07529810096173517
2676,0.028995209558025606
2677,0.0898402883864958
2678,0.04721560907374812
2679,0.045354898937419265
2680,0.07357237851245065
2681,0.024337156252721686
2682,0.03239595615942461
2683,0.047036970376700085
2684,0.07343278761688053
2685,0.02643158584333897
2686,0.08077486101903611
2687,0.03554798363299735
2688,0.06169546150322131
2689,0.03235259265440702
2690,0.08115284551078261
2691,0.04143843520694529
2692,0.13535543577859
2693,0.04095959094294857
2694,0.02480846074532545
2695,0.10509527327689001
2696,0.05666360379267201
2697,0.07003509012785389
2698,0.0647315367096586
2699,0.03055649601917655
2700,0.027355520471409836
2701,0.08829170202583202
2702,0.0646264041852011
2703,0.0350192761291175
2704,0.03392926058243872
2705,0.03731225312141253
2706,0.06380270443334503
2707,0.06753547958451432
2708,0.04191661532746843
2709,0.07459345866286672
2710,0.028567566973460787
2711,0.03523140860079067
2712,0.03901403339439806
2713,0.07645932974853119
2714,0.03938746098527174
2715,0.039434835133576374
2716,0.04507669650473055
2717,0.04551618295908822
2718,0.07435134646766786
2719,0.03997892206924394
2720,0.0926833494901922
2721,0.03376354157242274
2722,0.04081087640640442
2723,0.08310192670080584
2724,0.0591238921491223
2725,0.051701556418657486
2726,0.036701266280661365
2727,0.07911206399203176
2728,0.0456769566331634
2729,0.036620032725447595
2730,0.15976631663461038
2731,0.07433606650419464
2732,0.04097416587404614
2733,0.07223704149815739
2734,0.08243487684307288
2735,0.07744920348108635
2736,0.07310958421117734
2737,0.06719053098017408
2738,0.06557870308893389
2739,0.024253754489797753
2740,0.08056156022060554
2741,0.036557641999241546
2742,0.028903197004053274
2743,0.11721183165579106
2744,0.08454910290657691
2745,0.07556516683771862
2746,0.0744394088150585
2747,0.0364291066638848
2748,0.08278251103112869
2749,0.03614214864422595
2750,0.05185602058321836
2751,0.0585244331473213
2752,0.04844589757919682
2753,0.040055740241373414
2754,0.08234448439423953
2755,0.09348741222044568
2756,0.03178300575468977
2757,0.06405804345393021
2758,0.06726590728468175
2759,0.042135954822888726
2760,0.03085987424176068
2761,0.05440402107389861
2762,0.06049913387397729
2763,0.03162843199538247
2764,0.04541297154566917
2765,0.054817535720593884
2766,0.08526999132096615
2767,0.04790764808188669
2768,0.02925718181558829
2769,0.06574841713602025
2770,0.06428379395780824
2771,0.06398131840089762
2772,0.07800927815592654
2773,0.042541912781367104
2774,0.0732354091301803
2775,0.04694316516432508
2776,0.046485800132535726
2777,0.0754795403031814
2778,0.03792303670491877
2779,0.04457503442591876
2780,0.07789187604800507
2781,0.07057821185305033
2782,0.04224790056337833
2783,0.04998697591743737
2784,0.0661648224658312
2785,0.04100088109663196
2786,0.08453962741987263
2787,0.08003548225473517
2788,0.03680731105117276
2789,0.09563233339341246
2790,0.07390094717105752
2791,0.0799834228484585
2792,0.04213616076898968
2793,0.03816598754877204
2794,0.04022058761161363
2795,0.07495900172960186
2796,0.07645998987715155
2797,0.0768545504740187
2798,0.02812336501561259
2799,0.07377185579951888
2800,0.029642871300311582
2801,0.0955259245559453
2802,0.01204849668216551
2803,0.05565046326938638
2804,0.03505570816236759
2805,0.06484029882720463
2806,0.08420390362327781
2807,0.07300068757667856
2808,0.02695841932993389
2809,0.09568179536912254
2810,0.03788083644650543
2811,0.08859944779619351
2812,0.04755741396708025
2813,0.06901452370444022
2814,0.05634323383717023
2815,0.029825961542647182
2816,0.09386015828304936
2817,0.04177183629493119
2818,0.07328502383293625
2819,0.09365328893548452
2820,0.06649970071392461
2821,0.05827007825056404
2822,0.06954393600990336
2823,0.05465333617689652
2824,0.04647931837748965
2825,0.0733322803481963
2826,0.04896330842098097
2827,0.031227728906532855
2828,0.03688012201241573
2829,0.07377445746582571
2830,0.03908173234214822
2831,0.10386851131370076
2832,0.04602602009663495
2833,0.043528907072140834
2834,0.026780778130405195
2835,0.06866834932183635
2836,0.05138760905808587
2837,0.04222678860158025
2838,0.05265498664797932
2839,0.03319777885841199
2840,0.06918888856426969
2841,0.06993180933745091
2842,0.03474137519882215
2843,0.056803151386446135
2844,0.03307396323817669
2845,0.03905026927405259
2846,0.07342113294087792
2847,0.08121076440572438
2848,0.07869819912641246
2849,0.03259455011112615
2850,0.06473478005206396
2851,0.03634092720930538
2852,0.07232658806725127
2853,0.11029094315303413
2854,0.036820183064476736
2855,0.03774357986850234
2856,0.08113955620199267
2857,0.0690213984089317
2858,0.042066662133351286
2859,0.06538375350357123
2860,0.13428211965477488
2861,0.041228055815068866
2862,0.06397728637015421
2863,0.0316018438989146
2864,0.03404132950223224
2865,0.08150989622255438
2866,0.07652651564659335
2867,0.0703026305587823
2868,0.06329311507963002
2869,0.08900609991521147
2870,0.09658855776592544
2871,0.03919536410116946
2872,0.08014442601510648
2873,0.07145202949178577
2874,0.03806588363411535
2875,0.08705159916164247
2876,0.02622868590236698
2877,0.05087104560230471
2878,0.039537125328023136
2879,0.06862457321912661
2880,0.04340461629221498
2881,0.07970550114096352
2882,0.05375089953599181
2883,0.082366402223476
2884,0.036387764155080125
2885,0.026030770388701555
2886,0.06638539563746378
2887,0.04429531067237107
2888,0.07793191630462373
2889,0.03765443951402034
2890,0.041214909532073137
2891,0.06898849815617353
2892,0.11208339864997083
2893,0.08041942726043555
2894,0.08199392413779276
2895,0.03731041965321178
2896,0.054817535720593884
2897,0.043795842117854186
2898,0.07128696784713873
2899,0.08838458010877064
2900,0.06470473795817748
2901,0.02635741467155135
2902,0.06946944813433126
2903,0.07862582363045574
2904,0.08568860037421151
2905,0.08492932477458755
2906,0.06774725980252025
2907,0.0297794523058484
2908,0.03124988034040815
2909,0.040528143093825936
2910,0.07977371804105232
2911,0.038123059047769484
2912,0.08774552563889036
2913,0.06307610211682267
2914,0.08685001888124218
2915,0.03396728360343772
2916,0.026913335309971843
2917,0.04842600105174161
2918,0.07752797934692567
2919,0.08205841434662582
2920,0.045402925474534464
2921,0.031577127218519574
2922,0.07280732718706098
2923,0.040153129987345465
2924,0.016967093623289877
2925,0.038152508545022036
2926,0.06991082959966936
2927,0.12633242700542888
2928,0.09151445133975086
2929,0.0799834228484585
2930,0.07824375974745411
2931,0.0777278047461148
2932,0.07043670762264999
2933,0.0696695226615269
2934,0.04141952759342657
2935,0.06770242545899503
2936,0.0897330029014472
2937,0.041245026408105095
2938,0.06516514519844761
2939,0.03150231713897936
2940,0.03118437309155481
2941,0.07873823270245307
2942,0.07539937974934931
2943,0.08322775696066652
2944,0.038097029052886436
2945,0.07555870894229681
2946,0.054693354951256754
2947,0.034329101084938626
2948,0.061254625113165144
2949,0.03578201904005707
2950,0.05887322433672144
2951,0.0407797207139351
2952,0.08814658562453179
2953,0.07427962187134397
2954,0.08325842450217269
2955,0.09138287578148745
2956,0.04314438591418613
2957,0.03754734071244962
2958,0.03976371851962737
2959,0.0484476298550089
2960,0.11028665142563474
2961,0.03714437456802583
2962,0.06960291595953723
2963,0.10065690213208063
2964,0.04849737726459916
2965,0.056418660098167754
2966,0.09496935094660469
2967,0.06387080364293124
2968,0.07613816842502047
2969,0.0861669551180238
2970,0.011250130077108905
2971,0.03546123933363142
2972,0.09169234954061607
2973,0.07137010496241004
2974,0.08349500994974185
2975,0.05925412579361693
2976,0.07711915450162077
2977,0.09199861383111477
2978,0.07806580584329585
2979,0.04774070299661827
2980,0.04119524572824548
2981,0.04715902307838678
2982,0.04254855836092525
2983,0.03219307818017756
2984,0.0837909732509787
2985,0.07052192499272908
2986,0.08096743728596778
2987,0.06468281459410663
2988,0.038607857201556725
2989,0.034934472536680784
2990,0.06325493749599921
2991,0.07743781156528193
2992,0.07971793796047774
2993,0.04086760020149252
2994,0.061477647190905566
2995,0.07184207077238576
2996,0.0660793488582809
2997,0.07057821185305033
2998,0.07740897402804929
2999,0.04342476975838297
3000,0.03967692224837907
3001,0.04085922022311292
3002,0.094150290743486
3003,0.03188401924581274
3004,0.034684638579841894
3005,0.03518354115929057
3006,0.04144795727552689
3007,0.08196705314000853
3008,0.06016753286373909
3009,0.03265786313898538
3010,0.07370390042186613
3011,0.0875083322036179
3012,0.07902351057001694
3013,0.05858129938259826
3014,0.04206385398999246
3015,0.06893837045076069
3016,0.04494077161576124
3017,0.0690213984089317
3018,0.0853583424315698
3019,0.04049046085422512
3020,0.09426681879134569
3021,0.20266504414614578
3022,0.036478312718612294
3023,0.0418563224180099
3024,0.06926059839123082
3025,0.07745474239940839
3026,0.029498165025614573
3027,0.09957116290648499
3028,0.076886404580394
3029,0.0426734797779397
3030,0.039568822281230376
3031,0.08073539129255343
3032,0.0861987665591007
3033,0.08352538673421928
3034,0.08337825335093911
3035,0.06333169589066281
3036,0.056452942418920744
3037,0.034258625391434774
3038,0.06383652434015055
3039,0.05745171437641809
3040,0.06604538263420649
3041,0.010417963068009286
3042,0.058843080119626655
3043,0.055632483064431366
3044,0.05301817441858986
3045,0.10105849236050231
3046,0.05938662614430279
3047,0.07255578224025486
3048,0.08180383445482942
3049,0.061477647190905566
3050,0.0545183690089883
3051,0.058288436958448736
3052,0.08198597594635113
3053,0.07712814899364448
3054,0.07680143347510568
3055,0.03849337373060904
3056,0.06269073432987643
3057,0.05709954167135999
3058,0.04217095476652995
3059,0.029065370746303262
3060,0.09833398680088833
3061,0.04137688890021606
3062,0.07101733173114791
3063,0.028093038906534685
3064,0.04226653768134212
3065,0.04853778960841239
3066,0.049367023181136
3067,0.025157894309695325
3068,0.06457120275780592
3069,0.03573350345350895
3070,0.07924606802571775
3071,0.025812722958362642
3072,0.08037449246638252
3073,0.04565015704111929
3074,0.0859234047740131
3075,0.03060512934052911
3076,0.052556109632443476
3077,0.09112983072199415
3078,0.06983686722253178
3079,0.030310479386517084
3080,0.08996479623747668
3081,0.02358938756071906
3082,0.13227379055142857
3083,0.03442842922835745
3084,0.02925718181558829
3085,0.08299373280244511
3086,0.05345901848909076
3087,0.053825055785714955
3088,0.05924275528521204
3089,0.0526769764041746
3090,0.07970032924070275
3091,0.026131323391229873
3092,0.07545597827749369
3093,0.045930749087461774
3094,0.01690577824965896
3095,0.08028065798732004
3096,0.0428326258855693
3097,0.08798359220308033
3098,0.030923437031134475
3099,0.0843762002794703
3100,0.01757711714161892
3101,0.10980842133241892
3102,0.04747640298634312
3103,0.09406742063966461
3104,0.04939945655107037
3105,0.05776295497570962
3106,0.1394219328676337
3107,0.03267743904618673
3108,0.03431759523897735
3109,0.034495899579586424
3110,0.0848429635219651
3111,0.08262936855261355
3112,0.04197976746272278
3113,0.03154194233641032
3114,0.03729546916446259
3115,0.03657629317137732
3116,0.051875033291016656
3117,0.04627609261379981
3118,0.060880744738297306
3119,0.0417773713043193
3120,0.036851117394032705
3121,0.07851738723852435
3122,0.03543945469558173
3123,0.06598785970801992
3124,0.10370413858161831
3125,0.07422428222157229
3126,0.03958539278079933
3127,0.07995654400717965
3128,0.05158654853159294
3129,0.03912659122505391
3130,0.07734046161343698
3131,0.039537147952341256
3132,0.05039221027220675
3133,0.06641014556722712
3134,0.030960966814617543
3135,0.03622706481024692
3136,0.08760130388115972
3137,0.002051611259639057
3138,0.06467054672436288
3139,0.04896752217392399
3140,0.07834067691056831
3141,0.03592162617502756
3142,0.0489098656132947
3143,0.07258239902544938
3144,0.037923207013319866
3145,0.03937773296610103
3146,0.03778321232847098
3147,0.0545183690089883
3148,0.10231296622230598
3149,0.04138306429443431
3150,0.07753368597511573
3151,0.07191374098244234
3152,0.0384515638672207
3153,0.05225568842590873
3154,0.08330797871058922
3155,0.09106077223065895
3156,0.018464006258164536
3157,0.03646380237038857
3158,0.07335175539158785
3159,0.08403185812433416
3160,0.08468340352443433
3161,0.03617651103767297
3162,0.08988866834633502
3163,0.08754848194530776
3164,0.0415257796639247
3165,0.08148836085514842
3166,0.02871750223413053
3167,0.0719614585805086
3168,0.028181254278046197
3169,0.06612796474959245
3170,0.08456456761682858
3171,0.09645018447241327
3172,0.07610288529567742
3173,0.06333052039905077
3174,0.06823996470237867
3175,0.04630128785266232
3176,0.04273187420548645
3177,0.0921161478435018
3178,0.09863960747308027
3179,0.07435628787013401
3180,0.1289490228081628
3181,0.0781422438989531
3182,0.054068320697930085
3183,0.05582646430473301
3184,0.08684154621914661
3185,0.08570568960737965
3186,0.06655446980284335
3187,0.08278717441344048
3188,0.05875821522031081
3189,0.08074313191937618
3190,0.0716754631351064
3191,0.03263533667036569
3192,0.07913350703892352
3193,0.06893837045076069
3194,0.0730536676133707
3195,0.07853206050717844
3196,0.03925480625980508
3197,0.0646264041852011
3198,0.05895226079317707
3199,0.07561715697468481
3200,0.06420855951913622
3201,0.09255661259175486
3202,0.03984670230281577
3203,0.07465932030020414
3204,0.04581333640636456
3205,0.032177383821376304
3206,0.0782343176051675
3207,0.06720286964329626
3208,0.08117370289567905
3209,0.02049552724497169
3210,0.028118947843562222
3211,0.07861823979813676
3212,0.08252693962400866
3213,0.03137639396007555
3214,0.04531149747022382
3215,0.05482974660892669
3216,0.03754377923429509
3217,0.09360286694781506
3218,0.09145030527160694
3219,0.04547445381189503
3220,0.04772352293547286
3221,0.0718943453933951
3222,0.07704386948356326
3223,0.04366580457557693
3224,0.06020570225576053
3225,0.15266304857855156
3226,0.08491505853550058
3227,0.04266603687588361
3228,0.03524009855089057
3229,0.13188154729905605
3230,0.03384702521810265
3231,0.05533070942934403
3232,0.041932437531307425
3233,0.04620516766518659
3234,0.08311004597282867
3235,0.03518354115929057
3236,0.08769469048178113
3237,0.0777345681455646
3238,0.04054328721132227
3239,0.04376647254496115
3240,0.04902000845076022
3241,0.08036147074057429
3242,0.034288096811865176
3243,0.06364402374962898
3244,0.06553952555639855
3245,0.0688329760375681
3246,0.051974695534968245
3247,0.058212146092781455
3248,0.03193110943171859
3249,0.05418022606374977
3250,0.07101770144657676
3251,0.08194791439549698
3252,0.03522156115973572
3253,0.06814630394266324
3254,0.03358658695974641
3255,0.08241412785734074
3256,0.07239549043704432
3257,0.03250999263638439
3258,0.06675714164808624
3259,0.08850579305391547
3260,0.030940540191167775
3261,0.050806442960340516
3262,0.18092725823649897
3263,0.07678228929960212
3264,0.03818401186283215
3265,0.04279257350549023
3266,0.0773472222178252
3267,0.10111372155562397
3268,0.049665861442163915
3269,0.06308579626213007
3270,0.038356848670064635
3271,0.0634036702181818
3272,0.07749825165604873
3273,0.03037736436988198
3274,0.03937824144608071
3275,0.0792730067991266
3276,0.048887649498887596
3277,0.06679096193250132
3278,0.004302171541934219
3279,0.0769464389958428
3280,0.06514223867783157
3281,0.07499190946151557
3282,0.03437645830407335
3283,0.06199104804411771
3284,0.04227812797845299
3285,0.07506013343067525
3286,0.038216853401230454
3287,0.07035047440734486
3288,0.038545736826308574
3289,0.04581770180857834
3290,0.041539133255950184
3291,0.04248201909340969
3292,0.04181899085464305
3293,0.07667438675053172
3294,0.03492097685109723
3295,0.05460000986386898
3296,0.08511479801616748
3297,0.03474137519882215
3298,0.0442545131574475
3299,0.03925385266933521
3300,0.08999867248169155
3301,0.07598607200949618
3302,0.07771185055217818
3303,0.06477832777682166
3304,0.013834123716899452
3305,0.03371403650296177
3306,0.05250862151921771
3307,0.06786784398271188
3308,0.026734921811907845
3309,0.06969071522638147
3310,0.028397966306801102
3311,0.08839438860445395
3312,0.039855695519210796
3313,0.09316588422448616
3314,0.018473614264418556
3315,0.06892601273526897
3316,0.07730523216173565
3317,0.04568655239579594
3318,0.040044001754260136
3319,0.10303822080290909
3320,0.07704386948356326
3321,0.07724540112778494
3322,0.04740157470378022
3323,0.0775422927706025
3324,0.027235987734993826
3325,0.03131808026442862
3326,0.06826201809817506
3327,0.033335773864037466
3328,0.0953814327315956
3329,0.08098663977619287
3330,0.06773043579087482
3331,0.03984461586376545
3332,0.07659005823894588
3333,0.04592188222826823
3334,0.04223709025244927
3335,0.09118644012884176
3336,0.07771969524071738
3337,0.06884884935439704
3338,0.06884331306103313
3339,0.0677024999663489
3340,0.04907306842398114
3341,0.04371109701173397
3342,0.09075496569853117
3343,0.04083647002542007
3344,0.09279708355374945
3345,0.03144598830745268
3346,0.07734462055151832
3347,0.07179660168472383
3348,0.03949130379131649
3349,0.08323244185545853
3350,0.08596333692587549
3351,0.07148280445308973
3352,0.06623787119879396
3353,0.08900401918372071
3354,0.04143843520694529
3355,0.08004593807216548
3356,0.08374285203761202
3357,0.06155992741114241
3358,0.05298443918397889
3359,0.06805668222508231
3360,0.09369446691488652
3361,0.07659005823894588
3362,0.009355222595716514
3363,0.05908607419581807
3364,0.09250847375267854
3365,-0.09098430113698244
3366,0.039788907003444514
3367,0.0893268282803878
3368,0.07868605037822896
3369,0.07752658286827599
3370,0.059799927660007815
3371,0.04072098883791135
3372,0.08226807574906246
3373,0.08506167467575025
3374,0.04328262664143157
3375,0.056098539850517846
3376,-0.024558309682052824
3377,0.11159987772468254
3378,0.039637302123059534
3379,0.03179912994441483
3380,0.04748390982277201
3381,0.07611651013356487
3382,0.04907306842398114
3383,0.033614658763178665
3384,0.039190790377894885
3385,0.08071681094980962
3386,0.04521214963564648
3387,0.02690188326531884
3388,0.05060928114195112
3389,0.028167961264680394
3390,0.031577127218519574
3391,0.029163321158982857
3392,0.03574082071390537
3393,0.0396676663218577
3394,0.11056118073921219
3395,0.021566729958978337
3396,0.04179054118698646
3397,0.04765778664239196
3398,0.04118203443758369
3399,0.05954537573924511
3400,0.03678878347053595
3401,0.055600021701322486
3402,0.08182332745375413
3403,0.10283138614300116
3404,0.07092164267926043
3405,0.039985945813295724
3406,0.019422221517151225
3407,0.05345901848909076
3408,0.03949819805378199
3409,0.045094238535596985
3410,0.07509866405150789
3411,0.0628912507168284
3412,0.0647744514465589
3413,0.059925191096141334
3414,0.0384804412416457
3415,0.04186882512364565
3416,0.07277931069845243
3417,0.03759314771251561
3418,0.08011971031205244
3419,0.07439043264243689
3420,0.04206581884280513
3421,0.07066916304792603
3422,0.08054803905134272
3423,0.0705276946969601
3424,0.036519023829581616
3425,0.03868574238907168
3426,0.0391205704246476
3427,0.022722350888511367
3428,0.03795999074130971
3429,0.0853943698770963
3430,0.07517834105145242
3431,0.04375635067937567
3432,0.04699126630233063
3433,0.22067401623980903
3434,0.07839321743395695
3435,0.09219730599945394
3436,0.06675117192744227
3437,0.07607998222504801
3438,0.08556417816764052
3439,0.03914612483603095
3440,0.02800471977462515
3441,0.04167167903901653
3442,0.06507393779941296
3443,0.035278907270136925
3444,0.02622868590236698
3445,0.06555834940553788
3446,0.03455384509849512
3447,0.0389940603200056
3448,0.06332965797307642
3449,0.054172311610300235
3450,0.07665269358460343
3451,0.08225325174677295
3452,0.06689503874628938
3453,0.0703026305587823
3454,0.0723560358828484
3455,0.0333050753079225
3456,0.07896685049207026
3457,0.029801717903170318
3458,0.03960658319834914
3459,0.076886404580394
3460,0.046667141842304964
3461,0.032646980972946354
3462,-0.0028265412164179176
3463,0.035583190441745904
3464,-0.0648430690449445
3465,0.07143971122737212
3466,0.07777471990779258
3467,0.01933906414676571
3468,0.0826184028357429
3469,0.07558733531347644
3470,0.08083704894505668
3471,0.1025404634226148
3472,0.04770968089448283
3473,-0.084044826441766
3474,0.06249072218956212
3475,0.08424837504707568
3476,0.09861551462051919
3477,0.04069485875232462
3478,0.0486110421648025
3479,0.0343996675074622
3480,0.07242149822831977
3481,0.039806730269780405
3482,0.09038365179063651
3483,0.039028752760407875
3484,0.05476567172838859
3485,0.03560194090015869
3486,0.05617954661697332
3487,0.08805644003089629
3488,0.07319859098733243
3489,0.03734371333854256
3490,0.03346866882160351
3491,0.07264230445632709
3492,0.0943807993243839
3493,0.08003452702397856
3494,0.04495254492156319
3495,0.037307491248887104
3496,0.06748526868820305
3497,0.006648714815819205
3498,0.08304970858369856
3499,0.0255401051039341
3500,0.058460370852326145
3501,0.06299265187590457
3502,0.04051096469631899
3503,0.07859988708455598
3504,0.043145020784352776
3505,0.04962717674408177
3506,0.06147786013005177
3507,0.08248050192482762
3508,0.07209139217544203
3509,0.06867981867742244
3510,0.08244664800972581
3511,0.07924989504577847
3512,0.03539063017065882
3513,0.0412297238317504
3514,0.05745209660963787
3515,0.028830272528999456
3516,0.0981524176169606
3517,0.08986779587559512
3518,0.21817980364438705
3519,0.06779557646806288
3520,0.060552590664859955
3521,0.07398875029757229
3522,0.039568347585807684
3523,0.08201515629144414
3524,0.059788242907688145
3525,0.0877551904079745
3526,0.025794644261604452
3527,0.04271196891013806
3528,0.04901271557103633
3529,0.014892809605841231
3530,0.05822742966771652
3531,0.07105532931467176
3532,0.03714437456802583
3533,0.0344154003321696
3534,0.0457144534798248
3535,0.08131351007477411
3536,0.04070229655520841
3537,0.07408828584445107
3538,0.029798774022911777
3539,0.0759988269349087
3540,0.06901452370444022
3541,0.05931385360657095
3542,0.07561715697468481
3543,0.04328106036208837
3544,0.04240657104743719
3545,0.04578109125464294
3546,0.06423134135545601
3547,0.0744913385240254
3548,0.03925240483908825
3549,0.03739667877208555
3550,0.044384197391759604
3551,0.07678775660249249
3552,0.07072928514684626
3553,0.09341443976520852
3554,0.08134757739084568
3555,0.04754860365345568
3556,0.03358658695974641
3557,0.07938684090355387
3558,0.018564908547003326
3559,0.054874458852478096
3560,0.026748844361596052
3561,0.03203949721970524
3562,0.0742025971822062
3563,0.06566486456124339
3564,0.08798645823861395
3565,0.0478729297423012
3566,0.037588014400178074
3567,0.15472302411230449
3568,0.038241406114457685
3569,0.04266951584271769
3570,0.07855297192287819
3571,0.03801761059020323
3572,0.06469536877047437
3573,0.17163758540072188
3574,0.031261375866359825
3575,0.03813215248259956
3576,0.05280211282399518
3577,0.004660188324637092
3578,0.03619441255826184
3579,0.04676189152554626
3580,0.06763289852800339
3581,0.07938029572203435
3582,0.08433398807379194
3583,0.07315778306486222
3584,0.034249721851256035
3585,0.02778815295102214
3586,0.07190213665062176
3587,0.07365298316732227
3588,0.22625117390901608
3589,0.04318814884258568
3590,0.06451720145834429
3591,0.07435134646766786
3592,0.11200171924519559
3593,0.047739658660558446
3594,0.11707940898683661
3595,0.08223593813550956
3596,0.03282030478363765
3597,0.2406571248713459
3598,0.02643158584333897
3599,0.07973905524481241
3600,0.041574571776941543
3601,0.09651855895837862
3602,0.07786987501588818
3603,0.0352435124907282
3604,0.11567019139435052
3605,0.02925718181558829
3606,0.06358833183445335
3607,0.06703288701666256
3608,0.07740388844510364
3609,0.06696312265410204
3610,0.07666435794510933
3611,0.022277494171462006
3612,0.0316018438989146
3613,0.07086963186265742
3614,0.08343530245209115
3615,0.04100088109663196
3616,0.003833210905964523
3617,0.03491407166934586
3618,0.05493761485995306
3619,0.043906036935639825
3620,0.08067705070242423
3621,0.06396387854755735
3622,0.041196237297287865
3623,0.09987187097647672
3624,0.03019705613653134
3625,0.041484042321697154
3626,0.04533548359826616
3627,0.07833452841431059
3628,0.08478454455968937
3629,0.0778744306788781
3630,0.11882116133624221
3631,0.06297843042766235
3632,0.015620932345397347
3633,0.07601337531284434
3634,0.0688491570731936
3635,0.03328100975360655
3636,0.04392454642483521
3637,0.07593706203531951
3638,0.04423892527888051
3639,0.03976917905199932
3640,0.04368883579296023
3641,0.0719337381723384
3642,0.04063686384027345
3643,0.037060983395856235
3644,0.0769544153392622
3645,0.0683752459762533
3646,0.04386659218043986
3647,0.06981557444707999
3648,0.029568110916440907
3649,0.06663716691435409
3650,0.044989811158789604
3651,0.03907202782105656
3652,0.08267605659378968
3653,0.07934834492089218
3654,0.04594022795651651
3655,0.04700902866189108
3656,0.06476266507617395
3657,0.04273086540028105
3658,0.08291049450192131
3659,0.040938609873340866
3660,0.08557785223431363
3661,0.06764722578355016
3662,0.06136177573154117
3663,0.026643933112753954
3664,0.07113189586739749
3665,0.03068093912830381
3666,0.048537917547698387
3667,0.07996729031315761
3668,0.06882042468608779
3669,0.06530966587030373
3670,0.06003227450274353
3671,0.029273830989048323
3672,0.04165542252755011
3673,0.07020953160806435
3674,0.04140195632459077
3675,-0.06876788719854492
3676,0.16774201847995696
3677,0.04141952759342657
3678,0.07962697824774904
3679,0.05611088783059825
3680,0.041995503453895425
3681,0.04162187679423823
3682,0.031261375866359825
3683,0.07659005823894588
3684,0.0719337381723384
3685,0.06699605121030765
3686,0.06502708497395833
3687,0.07744391165612328
3688,0.06335673723198078
3689,0.06486299939473246
3690,0.08416215726923924
3691,0.03597576791545156
3692,0.036780057479712115
3693,0.07664503095601373
3694,0.06507393779941296
3695,0.08790570089086382
3696,0.0602536461325999
3697,0.07293923810450155
3698,0.02667871919020381
3699,0.08835571095703657
3700,0.07697936287952808
3701,0.07300068757667856
3702,0.05828220523843999
3703,0.08539140782859315
3704,0.06469755715611525
3705,0.07035833405860789
3706,0.05823391065397732
3707,0.03481403639775792
3708,0.04156011755963949
3709,0.06146592378078458
3710,0.03982465776384307
3711,0.07073835653884984
3712,0.08105036148867654
3713,0.03697178345122287
3714,0.026306758456037818
3715,0.029697142438145144
3716,0.07750240390343224
3717,0.08320319701112004
3718,0.02925509443164924
3719,0.036683027301163275
3720,0.08371162079718256
3721,0.06757549144861244
3722,0.058460370852326145
3723,0.07873425011580752
3724,-0.0009884270868499056
3725,0.04133028392881911
3726,0.2108516329886335
3727,0.04188072147633159
3728,0.0374993809155992
3729,0.04396821716875032
3730,0.08090784275153455
3731,0.0395505639099198
3732,0.07022855403096746
3733,0.029091851506782215
3734,0.022190428496120615
3735,0.20374464127213734
3736,0.03153684757128343
3737,0.040628601301385785
3738,0.07871288855169428
3739,0.09479042489588328
3740,0.09933863833276572
3741,0.043834647603190974
3742,0.07790999633038755
3743,0.046554731765923875
3744,0.03614214864422595
3745,0.07707109086890519
3746,0.034602670906799464
3747,0.06948045541341565
3748,0.03521744473569348
3749,0.07256919811901973
3750,0.06968671575135942
3751,0.027970557091695606
3752,0.030577325636660824
3753,0.0382015228776002
3754,0.06689333755669542
3755,0.08512934512053703
3756,0.13673773866539668
3757,0.032646980972946354
3758,0.04661735261621909
3759,0.07623671803740413
3760,0.081522463028124
3761,0.032704446053380694
3762,0.03696586947560798
3763,0.039019877260323944
3764,0.048929634151722044
3765,0.04510681787283079
3766,0.04267551271899733
3767,0.033335773864037466
3768,0.04723335226602967
3769,0.04714331559260011
3770,0.03523719763822017
3771,0.046805134024625376
3772,0.08196705314000853
3773,-0.1123440085709563
3774,0.07842968197942887
3775,0.06769775545230697
3776,0.041730737350847764
3777,0.04973744557442994
3778,0.029358895377811233
3779,0.05959363790935948
3780,0.028863325970807333
3781,0.05991823347383864
3782,0.08167804926294618
3783,0.0514341644943678
3784,0.025270798827294896
3785,0.05180019043044089
3786,0.051655166830703994
3787,0.07333294908505843
3788,0.04215188930584217
3789,0.07418141452465941
3790,0.0675310784832044
3791,0.03924189065985732
3792,0.061152529455826776
3793,0.038051691207202115
3794,0.08013748960298246
3795,0.035576445063603065
3796,0.032646980972946354
3797,0.06969071522638147
3798,0.043334382787021924
3799,0.06748526868820305
3800,0.07386547181160318
3801,0.0672690419293633
3802,0.06530468637131018
3803,0.04098963200155782
3804,0.07996729031315761
3805,0.06896563217294656
3806,0.03221213583218636
3807,0.05229807193917639
3808,0.08347844547381637
3809,0.03501004776356896
3810,0.07743776221640072
3811,0.03863436209682518
3812,0.030739584337197822
3813,0.04397487483319577
3814,0.0867110265234406
3815,0.07242320879187543
3816,0.03847601209425779
3817,0.05364133716911981
3818,0.0419514941092173
3819,0.0396676663218577
3820,0.024420040322497446
3821,0.04140232135418843
3822,0.07996033082672198
3823,0.03702481348131923
3824,0.029236572401922283
3825,0.03903231275137188
3826,0.08176162178518119
3827,0.10639766487387392
3828,0.09614742854052931
3829,0.04747176417727623
3830,0.07035559631530773
3831,0.07026228926557843
3832,0.06342448254228607
3833,0.08433525560620543
3834,0.05971144406508848
3835,0.05337296918282744
3836,0.04202827727531016
3837,0.03284871699148173
3838,0.07892376557520088
3839,0.07979839471554705
3840,0.03429750373875434
3841,0.03949130379131649
3842,0.025210986218196757
3843,0.06450508630347501
3844,0.13426157623336374
3845,0.03948209132098061
3846,0.03888431293091778
3847,0.08341371735944379
3848,0.14327142071682594
3849,0.044526950076339195
3850,0.046370275387903635
3851,0.02936695308857349
3852,0.07470219524053615
3853,0.08517887971668717
3854,0.06444669531788767
3855,0.045292705857212213
3856,0.08225657534447046
3857,0.04487493745760923
3858,0.08372959569748188
3859,0.08416215726923924
3860,0.03836554228548982
3861,0.051503871691146313
3862,0.03603569361070373
3863,0.06606589594434002
3864,0.08395628151280436
3865,0.04741337691448763
3866,0.11619713824662303
3867,0.07026228926557843
3868,0.11380390107324379
3869,0.07357237851245065
3870,0.06805668222508231
3871,0.0771627376076626
3872,0.09447832854441153
3873,0.0630447264084412
3874,0.07615270493829633
3875,0.14033201975845674
3876,0.06352188585102278
3877,0.0665388143451269
3878,0.087024029523951
3879,0.11449224041418761
3880,0.07491040789071882
3881,0.10844192998512886
3882,0.07310639184717248
3883,0.06439138541004823
3884,0.04409263697493941
3885,0.054020214961040314
3886,0.07025629043912787
3887,0.04498470853165063
3888,0.0698162721370243
3889,0.08024129707876215
3890,0.08953348292757553
3891,0.04626492787388685
3892,0.06993180933745091
3893,0.0788059825085824
3894,0.0419296615430317
3895,0.09242954761339747
3896,0.027142374230036074
3897,0.09578013589026727
3898,0.04222749240571044
3899,0.0754891721554318
3900,0.03030058625598578
3901,0.07546929153696587
3902,0.06458883672741669
3903,0.037636641475687904
3904,0.04495138489442227
3905,0.03396922506626189
3906,0.07478752015374332
3907,0.08423492767124975
3908,0.05737957475127067
3909,0.12705571457250614
3910,0.06464040854576285
3911,0.06247841757678413
3912,0.06192794528342662
3913,0.04430997856262349
3914,0.04051096469631899
3915,0.07765763605617254
3916,0.06427411003168042
3917,0.06986182470956087
3918,0.08196705314000853
3919,0.08262346162058282
3920,0.03818005983262304
3921,0.04473113948211279
3922,0.016114562663285672
3923,0.045292705857212213
3924,0.030738611174095824
3925,0.03263714972195599
3926,0.09978014245616772
3927,0.03015125969597383
3928,0.0825638611348311
3929,0.04901644725786625
3930,0.03562477634501342
3931,0.06803497239946657
3932,0.07744920348108635
3933,0.10692420135612302
3934,0.07143971122737212
3935,0.03762718868456189
3936,0.09265277799381297
3937,0.040551004215650756
3938,0.05741909336969413
3939,0.04358821412221921
3940,0.05046177912078634
3941,0.0422264110604521
3942,0.04786674190503165
3943,0.06173152192316039
3944,0.043763968317744296
3945,0.0404444874087142
3946,0.07179660168472383
3947,0.0876782069421937
3948,0.04521214963564648
3949,0.08546610473905376
3950,0.04881619227033209
3951,0.04138140499411333
3952,0.0568270600358309
3953,0.0396868352754857
3954,0.04169208796262118
3955,0.03068093912830381
3956,0.036037053713892236
3957,0.041931626495728035
3958,0.04284741649217116
3959,0.07976395073906083
3960,0.09476687234973526
3961,0.042119638110965946
3962,0.19140073631606072
3963,0.06672645502927675
3964,0.0688510015713786
3965,0.0376701955167118
3966,0.11241179031977042
3967,0.07825765146357468
3968,0.0750262375093404
3969,0.05844125551424914
3970,0.07527387901772403
3971,0.07244555638374515
3972,0.07947316639484142
3973,0.10082238152287225
3974,0.04034757340243022
3975,0.06631406411096413
3976,0.05999685042311644
3977,0.08986659256190781
3978,0.06898849815617353
3979,0.028135975544684607
3980,0.0820351657449989
3981,0.07417980062492024
3982,0.09021759507760548
3983,0.043463749511066165
3984,0.06369276443223988
3985,0.04335684607770113
3986,0.03696586947560798
3987,0.046343937505446534
3988,0.23959179435724112
3989,0.06573696467625849
3990,0.12405848862809968
3991,0.1294981806873354
3992,0.08139718237630479
3993,0.0415007315440506
3994,0.04644712089579905
3995,0.05403582502845766
3996,0.07703729918698068
3997,0.10039981018936206
3998,0.040941160279698456
3999,0.041148053227989534
4000,0.04642659604177969
4001,0.031937087676509844
4002,0.07316911196032688
4003,0.03518354115929057
4004,0.04046740893292537
4005,0.09145030527160694
4006,0.03729546916446259
4007,0.061477647190905566
4008,0.06874775406473153
4009,0.13153993950504037
4010,0.047549969083449016
4011,0.04575746981971573
4012,-0.057510946649072706
4013,0.03603814993670631
4014,0.06879720862570272
4015,0.07966989435571278
4016,0.0774982017724432
4017,0.08164248423230949
4018,0.06644277323748134
4019,0.0393926825461835
4020,0.1126987630063583
4021,0.06921487187039774
4022,0.01855271018115061
4023,0.040920405331270754
4024,0.0393926825461835
4025,0.0893032858696151
4026,0.029049560964685476
4027,-0.0379721640400146
4028,0.05046352010748038
4029,0.08436132102263035
4030,0.06879773250206851
4031,0.05873782180499336
4032,0.05982266031698713
4033,-0.007701041074869441
4034,0.02959305023121786
4035,0.02369713504498543
4036,0.07465554600547318
4037,0.0990967678938084
4038,0.02890639060128805
4039,0.03925480625980508
4040,0.09094234661391738
4041,0.04438526643571725
4042,0.04141835765763928
4043,0.07343546739662082
4044,0.027026270933647272
4045,0.03714437456802583
4046,0.06044720440524673
4047,0.08142296598760486
4048,0.031562055011183726
4049,0.058856755967830854
4050,0.07656031376967265
4051,0.04828691375979346
4052,0.08472557239649842
4053,0.1079241871564976
4054,0.07194480434813104
4055,0.03734371333854256
4056,0.07122458852042468
4057,0.08999418926672689
4058,0.027965094030842436
4059,0.0748926617829028
4060,0.07423729641997098
4061,0.051773527452400186
4062,0.09355238964167949
4063,0.05790691456813778
4064,0.04713142116956897
4065,0.062028288514028106
4066,0.10281274285438677
4067,0.10759306995498434
4068,0.055826545687341966
4069,0.04045350953817113
4070,0.04557504130568992
4071,0.03653378503114865
4072,0.0448292269607132
4073,0.06861990280048622
4074,0.07789178789548885
4075,0.046364954636118796
4076,0.06329880330539212
4077,0.06040510130057397
4078,0.09189099156038374
4079,0.04376409822164299
4080,-0.08780765792989234
4081,0.07118119132547437
4082,0.07652312024815963
4083,0.11367540670827633
4084,0.05172510650071525
4085,0.03799801108462366
4086,0.06377474648143248
4087,0.07488191600350479
4088,0.045639761367714075
4089,0.08408938716400055
4090,0.012869538195289887
4091,0.050587666749176495
4092,0.07148280445308973
4093,0.0374993809155992
4094,0.07184466109580993
4095,0.0380236720421365
4096,0.06610306479648118
4097,0.04379370416120277
4098,0.06628368566899723
4099,0.05974190719695112
4100,0.09427722798663637
4101,0.05096734428012023
4102,0.09749846608516372
4103,0.06739570450894605
4104,0.05153348759424901
4105,0.04434863656586721
4106,0.0939443689631818
4107,0.0702098984157833
4108,0.03254332280976928
4109,0.10702169499708145
4110,0.038749657946566145
4111,0.07406085967658123
4112,0.018037289139014652
4113,0.10240826352567284
4114,0.08169012930851884
4115,0.07758251612294942
4116,0.0360819786029496
4117,0.048852775464465654
4118,0.08183560858362621
4119,0.0828699817979266
4120,0.036794120203751716
4121,0.0830615007699242
4122,0.035737604433268205
4123,0.04284201051291516
4124,0.03822411331910936
4125,0.07491142782271501
4126,0.062895186410719
4127,0.03027111640589884
4128,0.07161226817355695
4129,0.0822411700089085
4130,0.07874116709668826
4131,0.05946619999289677
4132,0.06744312605598457
4133,0.08172476180596068
4134,0.08046906573557662
4135,0.03562477634501342
4136,0.03128335574237655
4137,0.04227144411332691
4138,0.04878344627960842
4139,0.09893510300099743
4140,0.099457512502978
4141,0.028416903712690945
4142,0.06811684302487717
4143,0.07996554475727109
4144,0.0781900285716977
4145,-0.05509138501154627
4146,0.06436504604027665
4147,0.038003931286314435
4148,0.11045048658770415
4149,0.05046177912078634
4150,0.08923151350196581
4151,0.08840083812731091
4152,0.04240182556514969
4153,0.05506227742588534
4154,0.08973575304884378
4155,0.045292705857212213
4156,0.07562182552368282
4157,0.09117874518727395
4158,0.047596370144434436
4159,0.04331620280411995
4160,0.039562432845780565
4161,0.08283341512002883
4162,0.04353601946263657
4163,0.03734274300830463
4164,0.07831088320749363
4165,0.08138064213767512
4166,0.0466440301861264
4167,0.08117135062449046
4168,0.0415257796639247
4169,0.08422808484434828
4170,0.07731868982152705
4171,0.04246147040447792
4172,0.040681392988093014
4173,0.08034531809066253
4174,0.04194599440018438
4175,0.04100088109663196
4176,0.02956521597991635
4177,0.03458490183243721
4178,0.04409026932892585
4179,0.043139258807283684
4180,0.03871855752699601
4181,0.0489076818488354
4182,0.04466680173040133
4183,0.04662282503039575
4184,0.20512344418689338
4185,0.07278309573057931
4186,0.08977264038617823
4187,0.05487385849589188
4188,0.03315971254529011
4189,0.0900251894092236
4190,0.040892526662839365
4191,0.03187299861994733
4192,0.0788009074063623
4193,0.09784252131582166
4194,0.059594936550565365
4195,0.06958710715272606
4196,0.03862554103634511
4197,-0.011868179035119332
4198,0.021690841208309483
4199,0.0880346496280421
4200,0.07277914426966682
4201,0.08515913957540677
4202,0.030470807394194853
4203,0.01783561114048816
4204,0.03908688673589932
4205,0.025119276014647994
4206,0.04504772350344219
4207,0.045179796829316166
4208,0.0724861316469218
4209,0.022143654306604855
4210,0.06187943863301651
4211,0.035929279585149486
4212,0.038024713530058867
4213,0.032216014996874875
4214,-0.009135705468795297
4215,0.029815270253875013
4216,0.027792115870086724
4217,0.03376743725629619
4218,0.026135694097019747
4219,0.07406011831107323
4220,0.042210201339153805
4221,0.04888501304858802
4222,0.10472790977474576
4223,0.06166620421099169
4224,0.08160428830224661
4225,0.07187225877364117
4226,0.011351465344693844
4227,0.03353264871915972
4228,0.053847215462563554
4229,0.04151052241791616
4230,0.09908196330795911
4231,0.04759477501752376
4232,0.09318251768812315
4233,0.09908196330795911
4234,0.07965328556487376
4235,0.03883648821533583
4236,0.04352318016705751
4237,0.06637825332178995
4238,0.11897579128627543
4239,0.07771251805624205
4240,0.0652401739688434
4241,0.08423702145889417
4242,0.0716754631351064
4243,0.08282613336431713
4244,0.0788326656265666
4245,0.06399158685193519
4246,0.07619133011832348
4247,0.09365328893548452
4248,0.042463848344570405
4249,0.07983995330399442
4250,0.07864060998858025
4251,0.06183006869835253
4252,0.04279319838824268
4253,0.07705432878518807
4254,0.044871719142127474
4255,0.03637446908402032
4256,0.016132866503911093
4257,0.04528506370595495
4258,0.05431787937327367
4259,0.03343598679005814
4260,0.06048525470226096
4261,0.013890075968723761
4262,0.039738859914771586
4263,0.07564088702838612
4264,0.08506402854174558
4265,0.043525337906890386
4266,0.04409026932892585
4267,0.053733111204100126
4268,0.03180313412777318
4269,0.03947562868170152
4270,0.04533444014407529
4271,0.04907306842398114
4272,0.04715902307838678
4273,0.05913885843311834
4274,0.07075730774792248
4275,0.035740755055828646
4276,0.006648714815819205
4277,0.04535057978065021
4278,0.05738146864621216
4279,0.07729672922402504
4280,0.0644742566737138
4281,0.09521002834043496
4282,0.0484476298550089
4283,0.043795842117854186
4284,0.04494583591541045
4285,0.05028446500111362
4286,0.06510883999865963
4287,0.03843831385678343
4288,0.04074044054083123
4289,0.045719363699124924
4290,0.05454200117915388
4291,0.05378454762720998
4292,0.0933111271342542
4293,0.07065083384106051
4294,0.02622868590236698
4295,0.0796625740741947
4296,0.11107892219752286
4297,0.07559294800836856
4298,0.0255401051039341
4299,0.02827672398010107
4300,0.04255854489299458
4301,0.08983323889810173
4302,0.04914798472740485
4303,0.0867421357078118
4304,0.033769205103418035
4305,0.03714437456802583
4306,0.061254625113165144
4307,0.053784336274353375
4308,0.09406156268386376
4309,0.11199217627542236
4310,0.06630827940423774
4311,0.0779474198905853
4312,0.04381988354490727
4313,0.0482709828499265
4314,0.054322286977984045
4315,0.09198513035614686
4316,0.08901301056038831
4317,0.03515352792413303
4318,0.08928531049834518
4319,0.06336574784131864
4320,0.06389733345332295
4321,0.03968029576248131
4322,0.06655160665420774
4323,0.08656301992403265
4324,0.08743666389206212
4325,0.082634610239739
4326,0.046079107459943404
4327,0.059788242907688145
4328,0.040874006326523
4329,0.08138064213767512
4330,0.03998413292297185
4331,0.09302958951666244
4332,0.03826102087800718
4333,0.07689846564514878
4334,0.08253183988766684
4335,0.06772072488537231
4336,0.05890660714075105
4337,0.0433137008315436
4338,0.050186816481450985
4339,0.08009071489072321
4340,0.07716848248956083
4341,0.08384478395368042
4342,0.06427476116558715
4343,0.049711213886544446
4344,0.07267227379310319
4345,0.05484803482250936
4346,0.036729655441497505
4347,0.07212381826103485
4348,0.014720338948802304
4349,0.047968999205211554
4350,0.021566729958978337
4351,0.03766107714165642
4352,0.07472166829765738
4353,-0.0008429927800030217
4354,0.039704358277935475
4355,0.13467164837800039
4356,0.04500962214338723
4357,0.07590804066172155
4358,0.036908254333360986
4359,0.07537305318428783
4360,0.07031230341597174
4361,0.04213113164173823
4362,0.08916884933711632
4363,0.04656847348437228
4364,0.0648283848767323
4365,0.04870109896952708
4366,0.06985103441726176
4367,0.044693480365774786
4368,0.07435418903620881
4369,0.0897253204386551
4370,0.06361268302890355
4371,0.10606722284700863
4372,0.07026228926557843
4373,0.07786987501588818
4374,0.05301817441858986
4375,0.04100088109663196
4376,0.03555930275389914
4377,0.03384702521810265
4378,0.02087002982216688
4379,0.025270798827294896
4380,0.04069594021077201
4381,0.04198691491884451
4382,0.07828478492809013
4383,0.061184914873971596
4384,0.03282961826784997
4385,0.020590992378013807
4386,0.04273409156437995
4387,0.03543983176538218
4388,0.02868138032333399
4389,0.13125349325479813
4390,0.07509161108112689
4391,0.08331628514433652
4392,0.041513294980139136
4393,0.026081454827868108
4394,0.04671783187938819
4395,0.13960309487320322
4396,0.03855903189736838
4397,0.030177965046665537
4398,0.014658054449830425
4399,0.09343726639464502
4400,0.06124663935453655
4401,0.013762668128727116
4402,0.06764722578355016
4403,0.03265786313898538
4404,0.026913335309971843
4405,0.04111193841855276
4406,0.064367617579467
4407,0.04688299554030719
4408,0.0563262426673026
4409,0.030845721098370978
4410,0.04268730805468883
4411,0.04397487483319577
4412,0.055632483064431366
4413,0.08940044352976831
4414,0.01621132093512069
4415,0.04128236621538426
4416,0.04222597545954259
4417,0.07112834312236214
4418,0.04967349520455043
4419,0.09672357353072684
4420,0.043568681427389004
4421,0.09621609618991886
4422,0.0957918297370048
4423,0.06460202463974016
4424,0.08522818798900757
4425,0.10625497484650599
4426,0.14235044609704944
4427,0.055051963093588396
4428,0.03730334404669753
4429,0.08814498575902753
4430,0.07530433670280004
4431,0.03929274958483861
4432,0.035038407202626416
4433,0.07759389032299593
4434,0.047893566587107125
4435,0.08307978321512965
4436,0.11234688746368077
4437,0.03449277245990654
4438,0.01780910989698591
4439,0.05267005965254936
4440,0.07815942254534104
4441,0.06994590714653319
4442,0.08272027075301239
4443,0.09253683023450293
4444,0.02637422364479034
4445,0.021566729958978337
4446,0.07741381982974471
4447,0.07514027157462949
4448,0.07875727166472464
4449,0.05048596412747739
4450,0.07673390522852289
4451,0.021566729958978337
4452,0.07743634127439974
4453,0.08085088458495551
4454,0.04337841575748135
4455,0.08162227529274946
4456,0.062130844492042765
4457,0.08083359344848537
4458,0.03919274455113046
4459,0.04898124905188668
4460,0.06385290608732551
4461,0.03925385266933521
4462,0.04720831421091147
4463,0.08382357290072882
4464,0.0585488170419056
4465,0.05159342000355495
4466,0.08014136279330326
4467,0.03874221055105605
4468,0.07991571426340904
4469,0.0896977317826543
4470,0.03868747913574948
4471,0.0352435124907282
4472,-0.004438624844018297
4473,0.08784869274736748
4474,0.03757112129215154
4475,0.06460279985503355
4476,0.027455151564265
4477,0.039099935162108745
4478,0.029377049403903826
4479,0.04665195845348363
4480,0.0856197351416628
4481,0.031607832765607295
4482,0.08487763315509059
4483,0.03864824386311503
4484,0.030577325636660824
4485,0.060331331309413205
4486,0.06812526439259903
4487,0.045292705857212213
4488,0.0579547877145376
4489,0.08096123104561377
4490,0.02925718181558829
4491,0.059030370839523075
4492,0.0699984436846899
4493,0.10347689760174314
4494,0.08508475661056479
4495,0.03783984013891308
4496,0.1273055909739593
4497,0.04212167799207998
4498,0.06176693630213122
4499,0.06525947223605352
4500,0.07825877824076677
4501,0.04100088109663196
4502,0.07546217410036245
4503,0.028167961264680394
4504,0.05214646387623114
4505,0.044556692579785284
4506,0.09469464051255626
4507,0.02201423540515566
4508,0.13405361613444566
4509,0.057452881324651914
4510,0.040711469204369986
4511,0.07615270493829633
4512,0.07677037020230831
4513,0.04077083319514914
4514,0.10528789034699038
4515,0.04649872976011829
4516,0.04143843520694529
4517,0.039090698662632546
4518,0.03919195058802926
4519,0.07140053789551443
4520,0.07003401409243955
4521,0.08230407786630702
4522,0.03358658695974641
4523,0.08474304404671967
4524,0.034788393859378514
4525,0.0804312445611663
4526,0.06764722578355016
4527,0.04526340552853175
4528,0.07878546871995587
4529,0.08005656450467855
4530,0.03831120034153644
4531,0.048348074891139924
4532,0.06473441653663574
4533,0.10528789034699038
4534,0.0814357579288983
4535,0.03477729620398249
4536,0.0818198125115524
4537,0.08793682455994155
4538,0.0388132371874623
4539,0.08218031636067678
4540,0.04896283503648431
4541,0.042040411409576366
4542,0.04000395371386665
4543,0.03518354115929057
4544,0.06405804345393021
4545,0.09232326512934134
4546,0.0445898838608346
4547,0.03444376021894891
4548,0.04113876859231679
4549,0.07771251805624205
4550,0.03501237847624672
4551,0.037052471671288036
4552,0.0812057406319087
4553,0.157058109117782
4554,0.07145717706257107
4555,0.08557618609185086
4556,0.03864152810057527
4557,0.08191897008515514
4558,0.039990867810724334
4559,0.03393638546601446
4560,0.0393926825461835
4561,0.10252523593396606
4562,0.07406085967658123
4563,0.034393580034863605
4564,0.07113189586739749
4565,0.07530433670280004
4566,0.0846222728962641
4567,0.08297760711069904
4568,0.061898151568081594
4569,0.04222749240571044
4570,0.032359740357868955
4571,0.06453467784071666
4572,0.06342340622153277
4573,0.1105138932592291
4574,0.04482410557238778
4575,0.045094238535596985
4576,0.04266603687588361
4577,0.08968728417430949
4578,0.06947508321499227
4579,0.046828823628298405
4580,0.07278146001608274
4581,0.026816168204267642
4582,0.04519773162612707
4583,0.03595021065839179
4584,0.03873187195018999
4585,0.03695917100497841
4586,0.04684578648270953
4587,0.11824434033096638
4588,0.015945611364017787
4589,0.04428412247629558
4590,0.10702685447370225
4591,0.09392362604769876
4592,0.07998320810651334
4593,0.03614214864422595
4594,0.09069137317798359
4595,0.08142111893587012
4596,0.06422810401974548
4597,0.040918433086613935
4598,0.059110511692354456
4599,0.04149709700009399
4600,0.038438405785938816
4601,0.05272027469721732
4602,0.1047845679139213
4603,0.03949836681532007
4604,0.06281834781624956
4605,0.10748043302165654
4606,0.0481334404027245
4607,0.07698086952021245
4608,0.06896362290210868
4609,0.02904903287643642
4610,0.03271767592422742
4611,0.07870993807887258
4612,0.044577924145308125
4613,0.08208240937807292
4614,0.052735546828904516
4615,0.043092070755139274
4616,0.07911206399203176
4617,0.03349825464077817
4618,0.0646264041852011
4619,0.06728111239273772
4620,0.03696586947560798
4621,0.03677477249979428
4622,0.0757165509347209
4623,0.04587119762388245
4624,0.01817646158956
4625,0.04552409100296615
4626,0.04148222480439671
4627,0.08540357467358542
4628,0.08562472740708137
4629,0.07800913330602985
4630,0.07224733405756106
4631,0.08786636437036673
4632,0.08606178111813251
4633,0.06610248244174913
4634,0.0882473551166042
4635,0.029984044872853083
4636,0.08474002729946627
4637,0.03437645830407335
4638,0.09845318779634228
4639,0.06573887333798752
4640,0.14048553636665007
4641,0.09232326512934134
4642,0.03501237847624672
4643,0.06310886267996478
4644,0.0784764307824532
4645,0.07657861944225781
4646,0.03997520249627621
4647,0.04137873621092664
4648,0.08634386753565952
4649,0.10369690362647312
4650,0.03827113155569722
4651,0.06018902311849596
4652,0.08121396836293313
4653,0.04009760130253035
4654,0.04325690280063027
4655,0.026816168204267642
4656,0.07516255003701099
4657,0.03858781875091221
4658,0.03876783149257289
4659,0.1059638215027855
4660,0.07054533205643297
4661,0.08790681998482555
4662,0.08925913557531491
4663,0.07137010496241004
4664,0.05563965055301349
4665,0.01444482547602231
4666,0.06318679357419241
4667,0.038253808731807885
4668,0.08564144020698619
4669,0.07712814899364448
4670,0.07143971122737212
4671,0.08174390275384034
4672,0.07749825165604873
4673,0.03281892361991026
4674,0.0822849432957614
4675,0.07979491574068635
4676,0.07588009045935226
4677,0.04513554879395082
4678,0.04124846161800697
4679,0.037779878416150166
4680,0.04268524744501876
4681,0.04055675390052849
4682,0.0703026305587823
4683,0.08145599177966023
4684,0.03828867376247754
4685,0.05039725905929467
4686,0.0786672099633135
4687,0.05798960019315068
4688,0.06550826957862264
4689,0.038873545291482445
4690,0.10016274260187075
4691,0.03918585453107457
4692,0.07751920200062827
4693,0.1381088230745516
4694,0.10039981018936206
4695,0.06902946624402277
4696,0.07722521020449315
4697,0.03910799282641511
4698,0.03433494584994652
4699,0.04310409992334096
4700,0.07679884059630619
4701,0.0720003639163363
4702,0.0435815069127185
4703,0.0719337381723384
4704,0.05820339929122359
4705,0.04122670449403598
4706,0.027968833709994038
4707,0.05652958424629302
4708,0.08053018797487764
4709,0.04084080096967737
4710,0.0791716406102987
4711,0.040759077508055234
4712,0.06695704862751564
4713,0.05528360904058273
4714,0.09192979838740457
4715,0.0400246889582593
4716,0.07913005770804699
4717,0.02617364248422566
4718,0.09034589519829643
4719,0.027566467010420412
4720,0.04355770178252112
4721,0.08566022469225887
4722,0.037673865476456916
4723,0.04362276438592103
4724,0.06502996549864971
4725,0.07599682738555813
4726,0.08393355100491476
4727,0.0675623550633009
4728,0.09852918721668927
4729,0.07899477769118371
4730,0.039785353274153334
4731,0.04460721955984547
4732,0.019797993646683654
4733,0.08053474615383377
4734,0.0390549457390792
4735,0.09697893819710693
4736,0.05889165652241145
4737,0.03545286180488379
4738,0.03282030478363765
4739,0.07928648070199562
4740,0.03824734563714301
4741,0.028119810615427964
4742,0.027659562839413007
4743,0.07555870894229681
4744,0.06888050157024306
4745,0.07139689862805655
4746,0.10887851314643968
4747,0.09476876788062062
4748,0.02739701057024012
4749,0.0493418790606633
4750,0.1069924007177308
4751,0.09138338751939576
4752,0.07711036078583444
4753,0.07020476769191393
4754,0.03403733015863093
4755,0.039341831183917125
4756,0.007035642303354
4757,0.061143143125686666
4758,0.08250557751146687
4759,0.03859471381432814
4760,0.051320631971158284
4761,0.09877367200167926
4762,0.07981389237272575
4763,0.060316497065610354
4764,0.10229633366049465
4765,0.05790907505662195
4766,0.10386198384549494
4767,0.03095219325253671
4768,0.06567720186681779
4769,0.06888002556363401
4770,0.07751833200187848
4771,0.07607998222504801
4772,0.043145020784352776
4773,0.01538242910177426
4774,0.042468711204848075
4775,0.07451789705276508
4776,0.044140503984389096
4777,0.03888805779386957
4778,0.0586081629986952
4779,0.0884628865189684
4780,0.07237884766670827
4781,0.08614689207982669
4782,0.10669879480713229
4783,0.07185895831230393
4784,0.060175679011242815
4785,0.04539393776964348
4786,0.07791900375461322
4787,0.042053262949199505
4788,0.08145599177966023
4789,0.03354634013033607
4790,0.07711036078583444
4791,0.08730089331340406
4792,0.038287104496610526
4793,0.0831657077746138
4794,0.035814680131079496
4795,0.04474737993658142
4796,0.09416354356316223
4797,0.039203037720260056
4798,0.084936793632485
4799,0.02973340968659171
4800,0.04144541592519617
4801,0.07981329665272698
4802,0.03602345287921569
4803,0.06977741727810308
4804,0.09349429782090406
4805,0.06411712682879368
4806,0.08703367576751952
4807,0.04295974838667778
4808,0.044127071337954675
4809,0.07397314392702503
4810,0.003888471270155049
4811,0.07797284907295474
4812,0.08291803945859677
4813,0.05300394903367298
4814,-0.006086058375540687
4815,0.09698073093375119
4816,0.08684426308748618
4817,0.030166149014878744
4818,0.0831290643599417
4819,0.09485106170970724
4820,0.10048969434722917
4821,0.026532919095803673
4822,0.07152012121867148
4823,0.14207257889217956
4824,0.03884305858147702
4825,0.05733603337306446
4826,0.06945852875842702
4827,0.028236658286001273
4828,0.04199477481186484
4829,0.05944869258879101
4830,0.04565009321296169
4831,0.043413067205280355
4832,0.030795899607381334
4833,0.034431107506626896
4834,0.0618977365762069
4835,0.03602373821982232
4836,0.07475808941165384
4837,0.0872669713218947
4838,0.04688299554030719
4839,0.08967771843388447
4840,0.03873814684807683
4841,0.027379008924243355
4842,0.06379165915021416
4843,0.043786137797593695
4844,-0.03388062955669852
4845,0.07500248890008575
4846,0.0316018438989146
4847,0.049291738877505306
4848,0.07833568340254743
4849,0.03085883599652312
4850,0.05341222436042456
4851,0.07470219524053615
4852,0.061673623416038305
4853,0.05805828137391167
4854,0.028714989628339214
4855,0.0663780484315094
4856,0.04475514154777553
4857,0.05039725905929467
4858,0.12292669932249708
4859,0.0646264041852011
4860,0.05934826026225167
4861,0.03244520889012506
4862,0.04206759982952642
4863,0.08618671883775461
4864,0.06136482486804327
4865,0.07650852999878648
4866,0.058366194508511125
4867,0.1165732123673361
4868,0.041009727254678996
4869,0.08843459833663748
4870,0.03682765595771107
4871,0.04486433459541127
4872,0.11503113475831384
4873,0.10409017731281094
4874,0.07253986626513244
4875,0.053229946595158395
4876,0.03239595615942461
4877,0.09047917261845041
4878,0.09960926151439915
4879,0.04300545106002091
4880,0.09594006553440979
4881,0.07103650191177789
4882,0.15150759422887164
4883,0.035147982279228336
4884,0.06804110555319218
4885,0.07140042323052734
4886,0.06654403799751046
4887,0.02921724949352665
4888,0.08054086974975634
4889,0.03392672825557821
4890,0.0528971752758394
4891,0.08754857936440062
4892,0.03039768660888456
4893,0.0922254954582728
4894,0.044384197391759604
4895,0.0351982639844884
4896,0.108347110998487
4897,0.07549528162738767
4898,0.045371046984184454
4899,0.07428748028703165
4900,0.0750262375093404
4901,0.045594696986730784
4902,0.0460696730846752
4903,0.08532763349982658
4904,0.0415257796639247
4905,0.07923452085404349
4906,0.034525318244115526
4907,0.0620091844186033
4908,0.06783627449493548
4909,0.03935282349202626
4910,0.035101027842526764
4911,0.03906448951968981
4912,0.04783013463205823
4913,0.09460987879576827
4914,0.022065182978832407
4915,0.04301964300719389
4916,0.045567065962777244
4917,0.06356746363886452
4918,0.04257137164756803
4919,0.07408722173455116
4920,0.10174869414192783
4921,0.04308321727629539
4922,0.0728628132061422
4923,0.08120709054729179
4924,0.02989982755618997
4925,0.07289589750676057
4926,0.0820656639270784
4927,0.0659987654255365
4928,0.08924122782567011
4929,-0.006514787048975188
4930,0.03353792649143546
4931,0.07893802938969295
4932,0.08519467762225996
4933,0.03185433159126465
4934,0.08308047683569826
4935,0.04039661624220067
4936,0.12123290355431976
4937,0.02643158584333897
4938,0.043540052812065806
4939,0.042184107771412155
4940,0.07908040328720918
4941,0.07580837948981894
4942,0.0809152253802916
4943,0.078182903123184
4944,0.02925718181558829
4945,0.05810555346833377
4946,0.04800960574008826
4947,0.11118715883272107
4948,0.07763930478252311
4949,0.05431746621135519
4950,0.12427099308298578
4951,0.03382346258736516
4952,0.03905627423451241
4953,0.07705099493207695
4954,0.06464256927421624
4955,0.023946110815912008
4956,-0.04881229603972063
4957,0.0790006140862516
4958,0.06072213401980311
4959,0.0582469556718184
4960,0.08288591917296012
4961,0.07244555638374515
4962,0.08587825690597754
4963,0.03721635816747982
4964,0.04746640101403062
4965,0.04179066578306189
4966,0.06147521227941072
4967,0.03736462699611091
4968,0.07559833606251087
4969,0.05345901848909076
4970,0.0798365392410751
4971,0.06400709887521487
4972,0.04769548482994634
4973,0.08634640587449016
4974,0.06371339835878034
4975,0.0701853327717635
4976,0.03454542761677514
4977,0.022672587859553256
4978,0.04557555028336466
4979,0.03174651752904067
4980,0.06650870170757138
4981,0.0400753840937374
4982,0.08562472740708137
4983,0.07083143588776712
4984,0.06244867633358774
4985,0.06035997411608249
4986,0.06821485127363129
4987,0.06710655599041539
4988,0.041771246691884346
4989,0.08385228697315192
4990,0.04224316835788012
4991,0.025440379853065055
4992,0.09014864262737818
4993,0.0404691702807746
4994,0.04887260892270892
4995,0.07804354211456266
4996,0.08854850028990917
4997,0.030089275717831133
4998,0.044166576284731765
4999,0.033471045958764614
5000,0.09065874187546033
5001,0.04520119094750745
5002,0.08005411509680214
5003,0.06872638577667253
5004,0.07572798835031905
5005,0.04125136627168281
5006,0.03765443951402034
5007,0.028416903712690945
5008,0.07408828584445107
5009,0.08359539525583994
5010,0.07851738723852435
5011,0.03567195780339947
5012,0.040666733248474925
5013,0.06179451330494623
5014,0.1326663732382339
5015,0.04688388588324452
5016,0.09416336430677644
5017,0.0368779450007876
5018,0.041822205224788356
5019,0.07526518128302762
5020,0.04148319224698237
5021,0.07797708766623172
5022,0.06971758430955258
5023,0.04850486177762013
5024,0.03773385065581037
5025,0.0776622748229332
5026,0.04183494260341353
5027,0.03104650136849936
5028,0.052915658952012244
5029,0.09073291759219637
5030,0.0679239015422547
5031,0.0719337381723384
5032,0.10035706638399595
5033,0.07998320810651334
5034,0.07820697820447092
5035,0.07391099615899505
5036,0.07148280445308973
5037,0.11146308578882688
5038,0.0856405000114575
5039,0.011923947153680036
5040,0.07821276160831776
5041,0.037910550067062634
5042,0.012430607348248026
5043,0.0635821390644849
5044,0.06552663325765697
5045,0.04348853056773311
5046,0.08122082233638088
5047,0.08316164257732668
5048,0.06805668222508231
5049,0.03788124278511453
5050,0.10251646522470517
5051,0.037486386945051166
5052,0.04157784396498102
5053,0.08080294066272277
5054,0.06353040961902841
5055,0.04585638379318555
5056,0.058242294098387964
5057,0.03738791070106607
5058,0.060367493334214484
5059,0.04663283612451464
5060,0.038203045457783164
5061,0.07680143347510568
5062,0.07559944723600384
5063,0.04894949358860224
5064,0.04692269372211828
5065,0.026338666372455088
5066,0.06529146600512949
5067,0.03714437456802583
5068,0.0670325087060093
5069,0.04279498564487048
5070,0.08527359200948682
5071,0.027258912265048237
5072,0.043010148765491134
5073,0.03405242655862421
5074,0.06372837070603932
5075,0.036248960646963396
5076,0.03098317326783318
5077,0.07481122627857166
5078,0.1680827425461368
5079,0.07785407671653888
5080,0.07559294800836856
5081,0.0670982403295127
5082,0.1252428483394381
5083,0.050186816481450985
5084,0.08027937853752644
5085,0.039090698662632546
5086,0.0920038724623527
5087,0.036884376486829934
5088,0.07420051072409006
5089,0.03941779552468307
5090,0.07844139976723728
5091,0.07664942635549474
5092,0.04273550380321084
5093,0.04245644969884101
5094,0.0962750856097166
5095,0.06993180933745091
5096,0.03436670381387397
5097,0.08255400690391781
5098,0.07987961949005154
5099,0.04059837075171889
5100,0.08441572970829533
5101,0.03766259035175457
5102,0.07637287735677693
5103,0.03175480694213843
5104,0.08011018069024863
5105,0.07571875168730274
5106,0.08362387372675563
5107,0.061477647190905566
5108,0.05172641596787262
5109,0.04502937489392024
5110,0.03595209849469613
5111,0.08460145851422109
5112,0.076886404580394
5113,0.0795840851863982
5114,0.06930507970332118
5115,0.03431916358522129
5116,0.04234247172400707
5117,0.02874997565762047
5118,0.021199361191599677
5119,0.07028959791571478
5120,0.07562182552368282
5121,0.06444669531788767
5122,0.04236870975245306
5123,0.04089362665428952
5124,0.04405836156003675
5125,0.020604098978464117
5126,0.0783247292869358
5127,0.04051096469631899
5128,0.06981557444707999
5129,0.08503876532253955
5130,0.04940573741623759
5131,0.020325801377716387
5132,0.06779339947066525
5133,0.06531961828465628
5134,0.04105806917490309
5135,0.11895387816267494
5136,0.04444250144957932
5137,0.08354262383271437
5138,0.046471874562391415
5139,0.041423691672458365
5140,0.043222881376088755
5141,0.011724834452237192
5142,0.05511973433589937
5143,0.02764318990931999
5144,0.03991585016750442
5145,-0.0032246248526236034
5146,0.03438533739532085
5147,0.08953491839614838
5148,0.08529028657282592
5149,0.04310409992334096
5150,0.07459345866286672
5151,0.0919381403188418
5152,0.07958202098489565
5153,0.07882071362339142
5154,0.045094238535596985
5155,0.1069515436955767
5156,0.04347558277524939
5157,0.0454269847092627
5158,0.034443062583662615
5159,0.06706266826217525
5160,0.026532919095803673
5161,0.04114377254092358
5162,0.04442041234240038
5163,0.03821961195279099
5164,0.08559004198795585
5165,0.08557156484971856
5166,0.06654875223171879
5167,0.043795842117854186
5168,0.06766245080345404
5169,0.04941044557779408
5170,0.0931246196196319
5171,0.0415257796639247
5172,0.07548904300534588
5173,0.06965790588505906
5174,0.15272465698361384
5175,0.02832065106111283
5176,0.026734921811907845
5177,0.08072691494738503
5178,0.07537579952201788
5179,0.10812024782937409
5180,-0.003896294903326543
5181,0.09971060479448647
5182,0.05450267385132619
5183,0.05692436416436173
5184,0.03215360852302339
5185,0.034143728233653
5186,0.06802133042012853
5187,0.06673612984809817
5188,0.06333593968745688
5189,0.05094174446335903
5190,0.051333910588801476
5191,0.022320397578526587
5192,0.046228276832296106
5193,0.04347558277524939
5194,0.047035363120801074
5195,0.08363141888606394
5196,0.05587877473488771
5197,0.04253389186915257
5198,0.06301639928478588
5199,0.08236064394799357
5200,0.08517663226442526
5201,0.02554365530518078
5202,0.03897987836183694
5203,0.0394421197072481
5204,0.056748241972492224
5205,0.04469267720125322
5206,0.08487763315509059
5207,0.0432113732734394
5208,0.04235354548082498
5209,0.08067406844103608
5210,0.08435940630021203
5211,0.07767765783195249
5212,0.07678259406049351
5213,0.04472806250397895
5214,0.09034769388634162
5215,0.08076230729644213
5216,0.06920314207209141
5217,0.07992446630108295
5218,0.029976510441809247
5219,0.05268519228476304
5220,0.10010363504194494
5221,0.11786378052929075
5222,0.0795402377112784
5223,0.06722402403087376
5224,0.049188492384162154
5225,0.04907652116361019
5226,0.03801678212444792
5227,0.052276631585575696
5228,0.05082803560635612
5229,0.0836026060082224
5230,0.08513763330054919
5231,0.05291990150923086
5232,0.0653989903089368
5233,0.09101769091647079
5234,0.03852707586230671
5235,0.0652125630168458
5236,0.11093288833518278
5237,0.10313336901135757
5238,0.03259918573115628
5239,0.04710486608887112
5240,0.0576230928930183
5241,0.05023854799474583
5242,0.07409808497182582
5243,0.082450804953012
5244,0.07859988708455598
5245,0.10295854105896723
5246,0.07413723049316641
5247,0.0789602974850911
5248,0.08042655625083699
5249,0.1168397825224341
5250,0.07373596024050315
5251,0.03258742748921413
5252,0.047136028198592424
5253,0.044861189176975264
5254,0.07844056718059284
5255,0.03231317941965108
5256,0.06879720862570272
5257,0.04405229871972982
5258,0.04143843520694529
5259,0.061815637525138224
5260,0.07264230445632709
5261,0.08600630640439072
5262,0.07771829490912652
5263,0.10056084082848553
5264,0.06859273164730138
5265,0.06294803753430683
5266,0.04836740928920241
5267,0.06885526412831672
5268,0.06716975233334206
5269,0.1014211399546808
5270,0.07391121277717377
5271,0.04055675390052849
5272,0.05039725905929467
5273,0.11025656591151947
5274,0.045010797851042984
5275,0.03640719843202645
5276,0.03579709274512293
5277,0.06550469404215616
5278,0.07785010682658915
5279,0.0422068181865972
5280,0.019422221517151225
5281,0.042405733478186554
5282,0.08383650179474492
5283,0.04903170254127871
5284,0.03483031371860371
5285,0.04871034001487531
5286,0.04302974388158673
5287,0.0678628791523057
5288,0.07923452085404349
5289,0.0967977365346875
5290,0.03932380880891167
5291,0.0382015228776002
5292,0.03766643112728024
5293,0.04019144547999984
5294,0.038217046210543254
5295,0.03963176789946351
5296,0.06358351501769047
5297,0.12689568851256505
5298,0.08672584225699627
5299,-0.08011129917636424
5300,0.05857562751722286
5301,0.07733612333549073
5302,0.06906307208081905
5303,0.0366512755384651
5304,0.03666879494519208
5305,0.028416903712690945
5306,0.01226881544618515
5307,0.04051096469631899
5308,0.07763053556388544
5309,0.07678293829162146
5310,0.016551298833483746
5311,0.07993340391285692
5312,0.016758005862867097
5313,0.0719698110031922
5314,0.07590479178545512
5315,0.06193277039547291
5316,0.07379081307572405
5317,-0.09298311833591227
5318,0.061234732779459435
5319,0.07712180651867044
5320,0.05245340999851411
5321,0.06314749679708295
5322,0.03882861794445105
5323,0.10505313062678884
5324,0.09321145851708264
5325,0.09081081480517068
5326,0.09205301063323225
5327,0.06518270441252229
5328,0.0875004224136709
5329,0.060693455904311265
5330,0.0602385335876241
5331,0.02165824344335334
5332,0.04967349520455043
5333,0.08251376383972232
5334,0.08404844482523076
5335,0.06656694496777023
5336,0.12074787349134639
5337,0.08751857577451712
5338,0.07318459477718024
5339,0.051625892836914676
5340,0.04009760130253035
5341,0.06978153481714357
5342,0.06601994811986932
5343,-0.007879732002132548
5344,0.07923452085404349
5345,0.034153372582939476
5346,0.0415257796639247
5347,0.0986170286093077
5348,0.06645143562199744
5349,0.06388228078545267
5350,0.037113688391109914
5351,0.03386282369945319
5352,0.042686394131745624
5353,0.05145318045500015
5354,0.04358857244003124
5355,0.1025404634226148
5356,0.04910490045029991
5357,0.022375688253252507
5358,0.04547575892075047
5359,0.06894991199117291
5360,0.03573405039726649
5361,0.07366367424376037
5362,0.07390094717105752
5363,0.016178275018926516
5364,0.04689908687816387
5365,0.07887757573224899
5366,0.04224790056337833
5367,0.08140172241457246
5368,0.12700993856642595
5369,0.039971916211837454
5370,0.08427367052802741
5371,0.07300068757667856
5372,0.07591740792460677
5373,0.08337254101291178
5374,0.049311388570957994
5375,0.07296013937228606
5376,0.03990210590567143
5377,0.03912659122505391
5378,0.07399908105286471
5379,0.07741676158480916
5380,0.0407935445426612
5381,0.041969428613943836
5382,0.0818463489989542
5383,0.19002373027884825
5384,0.10231296622230598
5385,0.09252476214416719
5386,0.09162149549528437
5387,0.06288487173335672
5388,0.06622139004960902
5389,0.1430036222771154
5390,0.07305637800430975
5391,0.023938805454873938
5392,0.0875704949809977
5393,0.09075345609223757
5394,-0.017686396249510877
5395,0.07267732095769086
5396,0.047835154898315364
5397,0.060012467305575204
5398,0.07420298305226891
5399,0.08878735147005541
5400,0.0840949150168055
5401,0.07779930773781375
5402,0.030067016822530043
5403,0.11016443285140053
5404,0.09570647553702852
5405,0.06501005249197639
5406,0.041013511210841284
5407,0.05895190848411613
5408,0.06194585012131601
5409,0.0273228562144087
5410,0.0991532558722561
5411,0.03585767165756904
5412,0.06759472681778826
5413,0.05285704323042437
5414,0.08379223297200676
5415,0.07336369203867744
5416,0.03662969369665528
5417,0.051931549173350196
5418,0.05897131812838584
5419,0.039736754738643514
5420,0.08661085537838752
5421,0.0646264041852011
5422,0.03712594689053684
5423,0.03938444437899127
5424,0.08053749339821765
5425,0.09073964225470067
5426,0.0716719385326356
5427,0.03498558031876966
5428,0.11950482164024107
5429,0.08226452453471823
5430,0.03951113270503198
5431,0.07065604683036728
5432,0.07924015574535515
5433,0.06326903282744065
5434,0.08245386093369618
5435,0.03959463084723911
5436,0.10914709917046465
5437,0.06602104558211076
5438,0.11107892219752286
5439,0.04409026932892585
5440,0.07784254186201835
5441,0.08326468580317478
5442,0.08037801266365652
5443,0.07256919811901973
5444,0.07408828584445107
5445,0.050187366456183574
5446,0.1421841640549043
5447,0.08381149138825156
5448,0.07857049501898937
5449,0.04360128453142039
5450,0.06960880977528976
5451,0.07343546739662082
5452,0.061876993050350285
5453,0.013832867040853276
5454,0.03696983736127967
5455,0.08823567151788475
5456,0.07777471990779258
5457,0.08580738367093824
5458,0.041792711117230874
5459,0.038379802111256106
5460,0.18880875632499744
5461,0.03802454131019037
5462,0.03911138935418613
5463,0.08079113080941804
5464,0.04031487400093304
5465,0.04438354000141391
5466,0.040491633154878
5467,0.0227037076812756
5468,0.07305637800430975
5469,0.07782892123482008
5470,0.034594418594862494
5471,0.03118584619195752
5472,0.037588014400178074
5473,0.05554526697566493
5474,0.07321168618734132
5475,0.0346561777032601
5476,-0.0379721640400146
5477,0.07116651495827382
5478,0.0250027300580192
5479,0.03208201139259588
5480,0.06774725980252025
5481,0.0371060923571874
5482,0.034402833308737855
5483,0.04232447789260051
5484,0.011899309644438891
5485,0.046959784594196655
5486,0.08352826566528078
5487,0.060886136004951005
5488,0.09461527116940102
5489,0.07829401168273571
5490,0.13384236682004577
5491,0.0718943453933951
5492,0.08770390448582475
5493,0.032345813672452726
5494,0.045684725704721395
5495,0.06666423471278607
5496,0.06713433859760037
5497,0.06827570983130904
5498,0.08260995126396961
5499,0.04474620796043918
5500,0.07849754833711756
5501,0.03714437456802583
5502,0.04224663683650152
5503,0.04163587732509545
5504,0.044220737732147686
5505,0.08755437829241595
5506,0.026913335309971843
5507,0.08773752414318915
5508,0.017646381407969966
5509,0.07968316945643687
5510,0.04126299464421101
5511,0.09142441148345767
5512,0.03919536410116946
5513,0.07717993223966318
5514,0.04253469685609537
5515,0.07408828584445107
5516,0.0750262375093404
5517,0.06279086874939574
5518,0.06304284108351603
5519,0.075291112828925
5520,0.08782607984939425
5521,0.07549160998564865
5522,0.08900061763119864
5523,0.08986208975096364
5524,0.08378929269867498
5525,0.04498568403839597
5526,0.04672628712430278
5527,0.04311915965219281
5528,0.03975010556691951
5529,0.07596630586754234
5530,0.03874990343473492
5531,0.0662049329334814
5532,0.0372176892012995
5533,0.04166611468357298
5534,0.09100556993368608
5535,-0.05999413383533865
5536,0.06631177048694353
5537,0.04181387380490575
5538,0.0707562857541088
5539,0.0874009633483092
5540,0.11560433291585288
5541,0.04247177665384441
5542,0.07875897984211767
5543,0.06995926434897856
5544,0.06572838443510991
5545,0.04176901505620816
5546,0.0441677718376774
5547,0.07859988708455598
5548,0.07492902625469236
5549,0.025261053414564125
5550,0.03614214864422595
5551,0.07550541033202403
5552,0.07793414396743331
5553,0.0771623006076989
5554,0.023019027039387775
5555,0.04253170461594495
5556,0.08241419837886318
5557,0.02827672398010107
5558,0.08371377931258987
5559,0.04681352997189344
5560,0.0783247292869358
5561,0.06463993180608003
5562,0.09798301487693063
5563,0.06858458855320108
5564,0.07852061784410411
5565,0.07337224029748156
5566,0.04410057422047078
5567,0.040651850259342856
5568,0.04451155365325615
5569,0.02369293657776755
5570,0.07344668024720896
5571,0.04062270867632181
5572,0.18758612516977077
5573,0.03358545545168989
5574,0.0778516699963113
5575,0.03459816360348097
5576,0.08297760711069904
5577,0.039084084982779606
5578,0.03888002613461002
5579,0.12509521677960359
5580,0.07985167922214352
5581,0.1013951911545043
5582,0.09005705711651395
5583,0.034684264600392256
5584,0.04461215245028847
5585,0.0718943453933951
5586,0.04984552206343163
5587,0.02811791143291242
5588,0.04083819304210578
5589,0.05745209660963787
5590,0.07138743764316577
5591,0.061082565826315764
5592,0.033429283626595516
5593,0.03492153848898589
5594,0.08400111221468741
5595,0.05023753609444042
5596,0.03458264486683439
5597,0.1476224901065024
5598,0.10563576051110828
5599,0.058400733053481126
5600,0.09519748532856971
5601,0.08153912945499382
5602,0.10095944175910868
5603,0.045938705365085035
5604,0.031142279902051522
5605,0.052781271147608805
5606,0.0787822267796958
5607,0.0846141733773385
5608,0.0828484519249602
5609,0.09599396604674007
5610,0.08278717441344048
5611,0.09240802422553168
5612,0.08184518992783993
5613,0.07761623259047389
5614,0.07077182121425825
5615,0.04482076733974539
5616,0.06738066897583893
5617,0.10067026701247984
5618,0.02959554466094847
5619,0.07615270493829633
5620,0.07752659406136206
5621,0.06256725965437535
5622,0.034706475240436026
5623,0.029472615443615093
5624,0.03930416668498648
5625,0.06085830941922957
5626,0.07665269358460343
5627,0.0738681814321912
5628,0.06805668222508231
5629,0.07724540112778494
5630,0.04204808470096452
5631,0.03518354115929057
5632,0.10572584870850169
5633,0.036963687357861985
5634,0.07970032924070275
5635,0.02135235334430934
5636,0.0750262375093404
5637,0.24253104965521838
5638,0.057737210616542925
5639,0.06904858151992084
5640,0.08356664558513369
5641,0.04084554308138657
5642,0.0610817036979527
5643,0.06965225930635754
5644,0.08533540153890909
5645,0.04885564994735968
5646,0.07843201380411166
5647,0.0716962863899974
5648,0.07256919811901973
5649,0.03558850930334918
5650,0.07429482886785006
5651,0.05181959672232384
5652,0.10275145229474449
5653,0.08259302037142939
5654,0.05588832439489719
5655,0.07179660168472383
5656,0.08940868876234427
5657,0.06534510916936946
5658,0.07427962187134397
5659,0.07702885312575634
5660,0.03818987158375365
5661,0.11484254630849725
5662,0.0419437453709199
5663,0.07773580670271124
5664,0.07598607200949618
5665,0.03696586947560798
5666,0.046628697584544125
5667,0.05229899117458617
5668,0.07865249601227677
5669,0.06607849998300387
5670,0.03776536085076943
5671,0.044295142163442804
5672,0.04155410956756663
5673,0.07090068689627045
5674,0.03358658695974641
5675,0.029839767094507433
5676,0.033961665062707376
5677,0.03991127255450544
5678,0.02536496677654811
5679,0.09867310607126428
5680,0.06756324147080943
5681,0.07998383682427675
5682,0.09140637173153793
5683,0.0415257796639247
5684,0.03437645830407335
5685,0.08362249189032843
5686,0.07849784040125211
5687,0.054487667663112326
5688,0.041822205224788356
5689,0.12476734403621503
5690,0.09281283713201333
5691,0.03961112613833972
5692,0.09072321016322718
5693,0.08241535113836401
5694,0.03755368342810756
5695,0.047113356259668525
5696,0.0379803678622773
5697,0.03458709704785671
5698,0.04162187679423823
5699,0.084968828983832
5700,0.02756789132299026
5701,0.06365653329792673
5702,0.10082380353280762
5703,0.06774725980252025
5704,0.08955451572361245
5705,0.030444680265014977
5706,0.06079024858548166
5707,0.0880351193874152
5708,0.022767907520344445
5709,0.05647723137658073
5710,0.01929603972571199
5711,0.07728561065318564
5712,0.06737141984347055
5713,0.05226407232217973
5714,0.08016475556127872
5715,0.018648880352894227
5716,0.0809434347448266
5717,0.06630027364638418
5718,0.09261603034333295
5719,0.08347844547381637
5720,0.1302518677144831
5721,0.038041713598201084
5722,0.04725703093206162
5723,0.0400753840937374
5724,0.140048754289452
5725,0.09051320508320661
5726,0.07688197447782824
5727,0.12263762635255449
5728,0.03613507299782261
5729,0.04117450196790994
5730,0.08181264096159388
5731,0.039857733288747574
5732,0.08096743728596778
5733,0.03274441813453252
5734,0.08425321016495571
5735,0.07556516683771862
5736,0.07277931069845243
5737,0.0698300562412438
5738,0.0776723289971584
5739,0.05605682885334068
5740,0.04815925649697356
5741,0.020981932231084698
5742,0.028315611299212087
5743,0.07130916864727425
5744,0.040565128885287176
5745,0.06283425852441683
5746,0.040034975152193474
5747,0.03969840801480522
5748,0.14587604219678948
5749,0.06966291849596107
5750,0.03764704135642516
5751,0.03372424215807337
5752,0.07139689862805655
5753,0.08477549301531986
5754,0.037795981785223566
5755,0.07527683659938772
5756,0.08530378664871531
5757,0.046485100080659654
5758,0.09443027984610657
5759,0.08102956868752073
5760,0.026532919095803673
5761,0.057800519187655296
5762,0.07108772743672338
5763,0.06529768548959454
5764,0.07884701315433877
5765,0.03929274958483861
5766,0.10343083943292919
5767,0.044475065744262764
5768,0.08154890075463493
5769,0.04212678145126394
5770,0.08682181776810857
5771,0.04176015153489144
5772,0.03209463499966748
5773,0.058460370852326145
5774,0.031161428649964417
5775,0.03869849649822327
5776,0.0705178244538014
5777,0.1528679859982974
5778,0.07929732494982926
5779,0.05392463597709145
5780,0.031889136217009666
5781,0.039967240860574925
5782,0.068248566210809
5783,0.04288414901750487
5784,0.09877367200167926
5785,0.09354819198209155
5786,0.06973581976093139
5787,0.07996554475727109
5788,0.12226957146610147
5789,0.013711340585656701
5790,0.0568590366003852
5791,-0.07355219032094089
5792,0.0720618129404278
5793,0.07788957495946353
5794,0.03796134642603973
5795,0.06675117192744227
5796,0.10073456363053365
5797,0.038577276075192575
5798,0.08335820988315394
5799,0.07763930478252311
5800,0.03731225312141253
5801,0.09555227945465955
5802,0.04093426588791676
5803,0.06269001208861569
5804,0.08103936027318764
5805,0.08009620033326229
5806,0.0818809231047271
5807,0.08537637482487885
5808,0.10479773856142359
5809,0.06848334622403131
5810,0.030441581878544895
5811,0.03027111640589884
5812,0.0745158587211151
5813,0.07551223167980681
5814,0.08178487112107939
5815,0.06758414774927163
5816,0.07984392635142866
5817,0.034233144264575265
5818,0.05755549987366931
5819,0.03990396777827951
5820,0.04253469685609537
5821,0.0415257796639247
5822,0.04191267883457232
5823,0.06547617017447081
5824,0.0872451239596179
5825,0.06979438907068343
5826,0.027659436243116006
5827,0.06795420867322173
5828,0.07623407881117221
5829,0.06281572427389255
5830,0.05349057256432501
5831,0.038402130151929885
5832,0.09261534160598149
5833,0.07349411493534676
5834,0.026913335309971843
5835,0.09429161594885971
5836,0.06639708987304817
5837,0.04725229370936264
5838,0.049152827784016334
5839,0.0347585425642348
5840,0.02832065106111283
5841,0.08966663259635518
5842,0.044290491909563336
5843,0.024987865584483293
5844,0.03653378503114865
5845,0.03590375945595266
5846,0.05745209660963787
5847,0.03570034374460532
5848,0.003928444117278342
5849,0.06739570450894605
5850,0.0279585517837028
5851,0.04042956667661495
5852,0.034258625391434774
5853,0.049574837368004214
5854,0.09507544624170469
5855,0.12668781600603107
5856,0.031472277933605686
5857,0.034258625391434774
5858,0.03771717423667398
5859,0.03844977534291927
5860,0.04231097591504051
5861,0.02827672398010107
5862,0.043725296481275315
5863,0.040194316597387175
5864,0.0612288440091481
5865,0.12637588879991668
5866,0.04226745500391954
5867,0.06705948951303037
5868,0.12842930718743137
5869,0.07730523216173565
5870,0.06778623114960179
5871,0.11107973376228862
5872,0.13536007379271317
5873,0.03424415696046883
5874,0.07525504822965971
5875,0.047497422275959746
5876,0.07518214976293543
5877,0.07688754675298658
5878,0.03106189238602717
5879,0.0813617124510226
5880,0.06512733888263933
5881,0.03518924979535066
5882,0.0360231484093612
5883,0.018623065265550975
5884,0.054426556799955866
5885,0.06602529304381245
5886,0.08466726706945275
5887,0.06240760020794637
5888,0.07851738723852435
5889,0.07171044747727268
5890,0.042570715471066195
5891,0.09168899015126643
5892,0.02857467907840527
5893,0.03503692939619757
5894,0.08209160069500947
5895,0.07360802553496171
5896,0.027258912265048237
5897,0.026913335309971843
5898,0.05157419451673639
5899,0.06491420746784654
5900,0.04454821832435825
5901,0.05480478526223231
5902,0.07148195499097536
5903,0.04039661624220067
5904,0.0807235401789633
5905,0.06499400449048572
5906,0.031561158675191325
5907,0.08329566631807062
5908,0.10297675291469326
5909,0.06669662940095364
5910,0.06062652393807776
5911,0.03826777612957755
5912,0.06954393600990336
5913,0.05159342000355495
5914,0.025270798827294896
5915,0.07523017928571382
5916,0.0644476133177505
5917,0.07659005823894588
5918,0.07783345878545628
5919,0.05796361001944073
5920,0.08257331867879296
5921,0.06487833991196205
5922,0.0419437453709199
5923,0.12498843193478759
5924,0.09080921952757044
5925,0.09659309236182363
5926,0.04168521942067266
5927,0.038862828852601235
5928,0.033689758118588056
5929,0.04622638617769122
5930,0.04252724679184374
5931,0.06333593968745688
5932,0.042904443508253724
5933,0.07137010496241004
5934,0.0673626605913999
5935,0.03875477134952625
5936,0.10226220908740297
5937,0.07873357050172966
5938,0.16607100880826445
5939,0.08819228858825104
5940,0.029863892303863385
5941,0.08142111893587012
5942,0.07258710262723043
5943,0.04983256124097535
5944,0.07306716910359205
5945,0.059133240006959624
5946,0.040829744895246725
5947,0.053532995430867286
5948,0.0416495942144218
5949,0.08423458713591868
5950,0.07512886255379128
5951,0.09998805018757735
5952,0.08745625579160818
5953,0.041184120144151334
5954,0.06867654456862209
5955,0.030501693743519392
5956,0.1151716167348491
5957,0.08510771529444795
5958,0.08026951910733508
5959,0.03927243702795372
5960,0.14037297938528762
5961,0.04988315043858886
5962,0.077637492086116
5963,0.03765443951402034
5964,0.04266603687588361
5965,0.07671792894410678
5966,0.06024893576049394
5967,0.01603200286748039
5968,0.03134972714592693
5969,0.06329311507963002
5970,0.026081454827868108
5971,0.042137877448128934
5972,0.2003572050512255
5973,0.06774725980252025
5974,0.0882899814567451
5975,0.06527149917393632
5976,0.0734923064546292
5977,0.04566163988311972
5978,0.03885745768548658
5979,0.07880653131682783
5980,0.04579800632599265
5981,0.07750244861578089
5982,0.06841291690911536
5983,0.07486012343073582
5984,0.05431787937327367
5985,0.03239595615942461
5986,0.031489632077815084
5987,0.03726218458076227
5988,0.043300192863216264
5989,0.07526518128302762
5990,0.08385481683160086
5991,0.05863452836699537
5992,0.030577325636660824
5993,0.08568460314874793
5994,0.07784500942612793
5995,0.03372141476610392
5996,0.08143508798786686
5997,0.04520058362202445
5998,0.039451324475947784
5999,0.040986386829375644
6000,0.0830026354226237
6001,0.07497017477667672
6002,0.1001014112983078
6003,0.02832065106111283
6004,0.03652142947738636
6005,0.08407706393396834
6006,0.008665401228071239
6007,0.06828944700332408
6008,0.03250999263638439
6009,0.08279751000328975
6010,0.10578175596282473
6011,0.03037736436988198
6012,0.09463136633926653
6013,0.07936461595618094
6014,0.04492657544125876
6015,0.03757112129215154
6016,0.09052263677362542
6017,0.04013294188648761
6018,0.04404918197396499
6019,0.012815352063215633
6020,0.05345901848909076
6021,-0.0621448274366604
6022,0.08900401918372071
6023,0.07924606802571775
6024,0.04068053166456633
6025,0.0610876165871257
6026,0.043716682985385405
6027,0.072235760429222
6028,0.02622868590236698
6029,0.07229048081802394
6030,0.06591593568936152
6031,0.04062822181668073
6032,0.03153664351846066
6033,0.09805837348565573
6034,0.055134536856986716
6035,0.04142466743737525
6036,0.06359595697325761
6037,0.09447933897984828
6038,0.036410816363540495
6039,0.09021759507760548
6040,0.08999867248169155
6041,0.03260443630214541
6042,0.042066662133351286
6043,0.08297760711069904
6044,0.05906860113015466
6045,0.04109411971020835
6046,0.036053967633882245
6047,0.08237060121322322
6048,0.04781921897204935
6049,0.005808983730734965
6050,0.04512875803888384
6051,0.07201209872498177
6052,0.08099134299849531
6053,0.07974413203490567
6054,0.08267041480022326
6055,0.07092164267926043
6056,0.07909044801926568
6057,0.06901452370444022
6058,0.03370846994285346
6059,0.05431787937327367
6060,0.0739299285330751
6061,0.06308799041670608
6062,0.0897750213466511
6063,0.1273749289423435
6064,0.06266171745944595
6065,0.16507007153076
6066,0.11229614208389589
6067,0.08360115977975763
6068,0.04031609540520224
6069,0.06467776669478269
6070,0.04460898169376736
6071,0.08684426308748618
6072,0.06174602680908094
6073,0.062162170021027426
6074,0.07870010252745477
6075,0.02351447996472499
6076,0.07065604683036728
6077,0.08651939607098746
6078,0.06706166591779862
6079,0.07067981225731901
6080,0.028943700384784953
6081,0.07588312906893374
6082,0.042047847749339146
6083,0.03578201904005707
6084,0.03957121747799949
6085,0.08507777756042965
6086,0.04028797909638479
6087,0.06879368402323194
6088,0.09484854648093796
6089,0.03260733540643765
6090,0.04318591069552901
6091,0.04248460765098297
6092,0.08612728704809572
6093,0.051635398531241
6094,0.06550826957862264
6095,0.0790691016528945
6096,0.03299172429197319
6097,0.041207033961266654
6098,0.04702588388309684
6099,0.07514734174905077
6100,0.07391279878110216
6101,0.06049217431364618
6102,0.03545413845928673
6103,0.09261182397304447
6104,0.07659005823894588
6105,0.039212394410818675
6106,0.025372624826902158
6107,0.04283089047042141
6108,0.0771201599132092
6109,0.06947399632367081
6110,0.037336349810267636
6111,0.05706720667110307
6112,0.10472720632606572
6113,0.06838793108753337
6114,0.06655094313315604
6115,0.061477647190905566
6116,0.09240802422553168
6117,0.07156935029071441
6118,0.061704714668328615
6119,0.04023078787482671
6120,0.08308967682578246
6121,0.08847721105609577
6122,0.07979285789999328
6123,0.07494302041238217
6124,0.04231118209692629
6125,0.07615270493829633
6126,0.0292420484550636
6127,0.04283143179478897
6128,0.06784785261085907
6129,0.07143971122737212
6130,0.0426900334900368
6131,0.10332760221532558
6132,0.08257332292217459
6133,0.07776330698168377
6134,0.043348899527785374
6135,0.07942446884619496
6136,0.04341766937120521
6137,0.04978417143368308
6138,0.08966337759260312
6139,0.04621371455667853
6140,0.03485302249168309
6141,0.12605818958382872
6142,0.08571458837892006
6143,0.06343218736841964
6144,0.08056733990222348
6145,0.09962809375724514
6146,0.03218091683040183
6147,0.09496735990537346
6148,0.07582494678894167
6149,0.03028963284360248
6150,0.035370961351443735
6151,0.08652106164724506
6152,0.04545102226657896
6153,0.07123594751462912
6154,0.07595157458133169
6155,0.08770875082045611
6156,0.05359645134904997
6157,0.03179912994441483
6158,0.026988582272478925
6159,0.06748526868820305
6160,0.09486020175696915
6161,0.07926354226623272
6162,0.03994756896080302
6163,0.08352826566528078
6164,0.03731433974288006
6165,0.08795994826721883
6166,0.08644127689011048
6167,0.05995635701200748
6168,0.02827672398010107
6169,0.08726092845602128
6170,-0.09113543340480787
6171,-0.02195027629753329
6172,0.06882854041314833
6173,0.05205980271372825
6174,0.024340478275364494
6175,0.06457027113222996
6176,0.03912659122505391
6177,0.04051096469631899
6178,0.03758697801246559
6179,0.06438462146120029
6180,0.07475856312957133
6181,0.059133240006959624
6182,0.03060433807685876
6183,0.019422221517151225
6184,0.0326689319921412
6185,0.07999064111564208
6186,0.03951762044859907
6187,0.0591197847993338
6188,0.08056157242948588
6189,0.03511500834842955
6190,0.07565646362854134
6191,0.09072190670922403
6192,0.04246820888848349
6193,0.08850926924426865
6194,0.043348398432852896
6195,0.007277764257839496
6196,0.016121198748276187
6197,0.04268978358515832
6198,0.03540775833459931
6199,0.04571932828219638
6200,0.030772966020138078
6201,0.04296196241518011
6202,0.09414447957526294
6203,0.03876783149257289
6204,0.02072546713365291
6205,0.01117471568959337
6206,0.03545103153249327
6207,0.036915149353301334
6208,0.03614214864422595
6209,0.0895290194132378
6210,0.08795725398431378
6211,0.02832065106111283
6212,0.017723193019915887
6213,-0.11620532234974731
6214,0.06674487417794885
6215,0.029384029135548908
6216,0.04337020289645922
6217,0.07550726999841219
6218,0.048298433763354576
6219,0.06283276636373054
6220,0.07459345866286672
6221,0.038808418361400664
6222,0.0712260977463688
6223,0.018064888708322204
6224,0.09097058322180172
6225,0.024265757269804813
6226,0.07876533752939086
6227,0.07615925146549989
6228,0.018275883217477334
6229,0.04648098676818008
6230,0.04188042015147733
6231,0.04779056351368004
6232,0.0316018438989146
6233,0.13581356689188068
6234,0.049291828422067675
6235,0.08821077673065097
6236,0.0995685230699175
6237,0.06171464699548251
6238,0.05234310484280406
6239,0.03355923979218469
6240,0.011374597953119353
6241,0.08696950373806228
6242,0.03153664351846066
6243,0.07990754667495395
6244,-0.12254704183981452
6245,0.047990740916149105
6246,0.06596535433801023
6247,0.03384702521810265
6248,0.08338238917610813
6249,0.11976381320730783
6250,0.05298443918397889
6251,0.04316573197119346
6252,0.12391084413151793
6253,0.04667549293304669
6254,0.030508831503614692
6255,0.036557641999241546
6256,0.23300135867152438
6257,0.03384702521810265
6258,0.032621160286242616
6259,0.07290665682382985
6260,0.07530433670280004
6261,0.06975456473055933
6262,0.0784801512605408
6263,0.05748547373251477
6264,0.09359937987502093
6265,0.06354723243768558
6266,0.04226999636528457
6267,0.07159214207208288
6268,0.042871737552307713
6269,0.08964063343437546
6270,0.036317902770585817
6271,0.040770788593689114
6272,0.04009760130253035
6273,0.04563261041577071
6274,0.04943207889533517
6275,0.08246477733595206
6276,0.0033579880245632227
6277,0.05556523385796195
6278,0.05622975888825339
6279,0.038995349255228844
6280,0.03526212969535817
6281,0.0750262375093404
6282,0.08579954435267986
6283,0.04103811815461783
6284,0.09741633040860327
6285,0.09669017555136397
6286,0.10579378839357544
6287,0.06333593968745688
6288,0.07293063774717326
6289,0.05245357593798818
6290,0.10556558441488327
6291,0.03555930275389914
6292,0.03562477634501342
6293,0.0299477202313358
6294,0.06901452370444022
6295,0.0266683829347517
6296,0.06297642680365133
6297,0.020198781357626996
6298,0.03474137519882215
6299,0.04105651516507801
6300,0.06772790394751907
6301,0.03686739772429685
6302,0.04433440883430773
6303,0.050241335983029385
6304,0.04062270867632181
6305,0.046578604410898575
6306,0.06291188221499339
6307,0.043801760261298776
6308,0.06029604581246071
6309,0.06893837045076069
6310,0.09461285820528112
6311,0.07148280445308973
6312,0.03391681069571178
6313,0.05264906757555863
6314,0.0699286328015552
6315,0.09133432358766007
6316,0.04045114991744251
6317,0.04328106036208837
6318,0.09369296919494274
6319,-0.04378246062173135
6320,0.0590825632174355
6321,0.06551706365659356
6322,0.08238652050536138
6323,0.06901452370444022
6324,0.03318745380966437
6325,0.11492122269738997
6326,0.04117557752644782
6327,0.08793151597043225
6328,0.03482598078424359
6329,0.03179912994441483
6330,0.035344008642581574
6331,0.06398732348869796
6332,0.062320026740551523
6333,0.01349183992743813
6334,0.027291775507885637
6335,0.09384453414753904
6336,0.0708898086622696
6337,0.07614331403494595
6338,0.06647699960711385
6339,0.06805236378452938
6340,0.1023267533449936
6341,0.034464641232692605
6342,0.07816122551079721
6343,0.028860175200190574
6344,0.04037812613427273
6345,0.036405149547169405
6346,0.05811087832574786
6347,0.062034744910324215
6348,0.09037230584569567
6349,0.07475372372778581
6350,0.043228614675029184
6351,0.06830369152318429
6352,0.083079006004481
6353,0.022882505438163964
6354,0.03233381463760984
6355,0.030678415746686442
6356,0.08293746996244131
6357,0.03714437456802583
6358,0.06741411528838656
6359,0.09384453414753904
6360,0.038322608494652764
6361,0.09748943760397781
6362,0.05895226079317707
6363,0.06843559855522059
6364,0.06593479158989977
6365,0.11455466209806218
6366,0.027648941550044402
6367,0.0756231370493238
6368,0.07842761937857226
6369,0.039976148413882924
6370,0.05884548644407256
6371,0.03978652662664314
6372,0.04444250144957932
6373,0.03395798139572076
6374,0.06361545755791596
6375,0.03788947236953095
6376,0.07640134018088446
6377,0.07764514009037093
6378,0.06346802252249971
6379,0.04684387637039488
6380,0.07275159633892829
6381,0.047035263407070184
6382,0.08169121368119572
6383,0.07229481053467195
6384,0.04222102190116646
6385,0.09481037860274182
6386,0.044172043867348486
6387,0.07591740792460677
6388,0.07501452227721032
6389,0.06144839354242586
6390,0.028167961264680394
6391,0.018564908547003326
6392,0.04001863911180515
6393,0.10962282012595055
6394,0.04562138497645733
6395,0.03890523460301445
6396,0.0552775574924311
6397,-0.02020942428418369
6398,0.03101822205403654
6399,0.0822411700089085
6400,0.03522588971865233
6401,0.047775887450597014
6402,0.0897817427755426
6403,0.031860217650610076
6404,0.07411961334688154
6405,0.028416903712690945
6406,0.09773681702800228
6407,0.02643158584333897
6408,0.03925354500441924
6409,0.025270798827294896
6410,0.033689758118588056
6411,0.0279251425940598
6412,0.03620340388427212
6413,0.07979491574068635
6414,0.04695501977375631
6415,0.05220020840548009
6416,0.1003076776091043
6417,0.08418286753822299
6418,0.034525318244115526
6419,0.06192287264345648
6420,0.039610303752517895
6421,0.09811223447950594
6422,0.08476880220738725
6423,0.03688012201241573
6424,0.05129301828673168
6425,0.0475497773482615
6426,0.04070148170906406
6427,0.07435628787013401
6428,0.0373438363681424
6429,0.05494396610186405
6430,0.0316018438989146
6431,0.05819584794820879
6432,0.049571741967083305
6433,0.03285810046546204
6434,0.02812336501561259
6435,0.03859049193760391
6436,0.07984455247343766
6437,0.013384314251815044
6438,0.07523622123890712
6439,0.07495821658662755
6440,0.07856428587989189
6441,0.04870250242995003
6442,0.10409430760510449
6443,0.10956366112435695
6444,0.08163818399903597
6445,0.07714171702135254
6446,0.0395218410498543
6447,0.09301396054851242
6448,0.07538062140604668
6449,0.0879535137261708
6450,0.04074898938653347
6451,0.05149519995104467
6452,0.06747343530085667
6453,0.04239553291123266
6454,0.1352200918877905
6455,0.07040108318623957
6456,0.08126633577624308
6457,0.05270932808341542
6458,0.06951855042098672
6459,0.09729549409439425
6460,0.039691946680315615
6461,0.03749756600941662
6462,0.045321257778093385
6463,0.04811786036398165
6464,0.031577127218519574
6465,0.04100088109663196
6466,0.032854582012858125
6467,0.044983451312947544
6468,0.049558468830390015
6469,0.07065604683036728
6470,0.03462093402746573
6471,0.05436989117703361
6472,0.06799371490820856
6473,0.07313837041196365
6474,0.03326244947438787
6475,0.007049089920130663
6476,0.05127592247511419
6477,0.07875943818234836
6478,0.049384000823725974
6479,0.0802179296218078
6480,0.045292705857212213
6481,0.029891698297364017
6482,0.04230880573093357
6483,0.03965633386358331
6484,0.04332063089267531
6485,0.06578575380063426
6486,0.08569915947408305
6487,0.08376550039054868
6488,0.0261109599088423
6489,0.07333294908505843
6490,0.03561556202174779
6491,0.09554632248655612
6492,0.07390094717105752
6493,0.07113189586739749
6494,0.08935610198404943
6495,0.045155020954330743
6496,0.058350066966825764
6497,0.04907306842398114
6498,0.07490387179414996
6499,0.06681153119882573
6500,0.02866095388031999
6501,0.09496303621503964
6502,0.03652905972461407
6503,0.0787480453902138
6504,0.07787870979401727
6505,0.060049550534259526
6506,0.028501990660488266
6507,-0.12899628340233885
6508,0.07944754073029316
6509,0.06747343530085667
6510,0.0719337381723384
6511,0.07185647815981747
6512,0.022418013635158572
6513,0.03821621634615961
6514,0.07065604683036728
6515,0.07708333247214515
6516,0.059231992877615026
6517,0.0493905724084431
6518,0.03179912994441483
6519,0.055830507489775236
6520,0.06023177634052884
6521,0.03912659122505391
6522,0.032646980972946354
6523,0.040609058318721865
6524,0.04680751248590836
6525,0.08180383445482942
6526,0.026081454827868108
6527,0.0297794523058484
6528,0.08330619196783516
6529,0.043361751910866476
6530,0.0660169213358255
6531,0.05520493885237829
6532,0.04552108656438315
6533,0.04452147050372513
6534,0.0847714401371113
6535,0.06838596438892368
6536,0.08056838241458882
6537,0.0407797207139351
6538,0.06545514376621647
6539,0.04384837835287701
6540,0.07973227054960595
6541,0.04283332503248734
6542,0.09380044090441964
6543,0.07326553288473332
6544,0.030637031984038488
6545,0.08465423082624285
6546,0.041602778571392954
6547,0.06566242587906446
6548,0.10209197567272552
6549,0.07947188777682156
6550,0.06593946306833914
6551,0.03348408974179449
6552,0.03711824824040091
6553,0.05064302426906855
6554,0.037284930986719346
6555,0.07498710739250325
6556,0.09875962689034326
6557,0.0750262375093404
6558,0.07416639734101917
6559,0.045292705857212213
6560,0.08706299503309496
6561,0.08525081304144154
6562,0.035831129137945776
6563,0.02832065106111283
6564,0.07908758070839905
6565,0.07175276201299848
6566,0.07659005823894588
6567,0.07921163366897042
6568,0.054111905355775286
6569,0.03916757802363364
6570,0.03153664351846066
6571,-0.05557341255967141
6572,0.0544514340965755
6573,0.019367502191807936
6574,0.04262765138334685
6575,0.04907306842398114
6576,0.08219057019261992
6577,0.01758940844911006
6578,-0.0368194621224908
6579,0.03382950294518594
6580,0.0773061561856898
6581,0.13815394117379654
6582,0.07590492790756798
6583,0.05352698321350506
6584,0.069959137231634
6585,0.058861871708407
6586,0.10658967604185761
6587,0.04083819304210578
6588,0.05149519995104467
6589,0.060403294504662225
6590,0.015728593716515516
6591,0.09442593652123656
6592,0.05773676658445948
6593,0.10584318457459227
6594,0.024837775360051495
6595,0.02760041113632872
6596,0.03598121307066552
6597,0.075102766407539
6598,0.044604031016492476
6599,0.08196189395007634
6600,0.02492935261382858
6601,0.05500153184934817
6602,0.1006230922703579
6603,0.06846052662914041
6604,0.07235315593779644
6605,0.04384148490091665
6606,0.056235467816539576
6607,0.07333676736864951
6608,0.0561925985685463
6609,0.04526340552853175
6610,0.02437689035952688
6611,0.06381081573419851
6612,0.02520954779313072
6613,0.031142279902051522
6614,0.0441837023774171
6615,0.08256276897517663
6616,0.11101780286339619
6617,0.0923905830336733
6618,0.06372486094900447
6619,0.07761806661031492
6620,0.043334382787021924
6621,0.09791402465199474
6622,0.06923681843036224
6623,0.028834922033355134
6624,0.03548960247944327
6625,0.10973451542236003
6626,0.0721620661649883
6627,0.056058553664114
6628,0.06904614767147345
6629,0.03880659269444857
6630,0.09880991435013257
6631,0.03565451125902561
6632,0.05887703068892794
6633,0.0420021796228963
6634,0.07357237851245065
6635,0.07721256400536307
6636,0.06508778228201527
6637,0.14671522411856058
6638,0.03119608144756836
6639,0.020351071521914125
6640,0.06158763094492399
6641,0.03940830035584983
6642,0.05366674881747636
6643,0.08106892436229053
6644,0.06862457321912661
6645,0.07554521801091198
6646,0.049087416853828454
6647,0.031900656922717804
6648,0.0626151675649682
6649,0.07945931711730854
6650,0.12606312566261874
6651,0.04320059846583898
6652,0.0465068394177587
6653,0.0754891721554318
6654,0.04300691860871244
6655,0.04530100210840815
6656,0.08988254008008406
6657,0.08437612698551482
6658,0.05822692721007156
6659,0.06595025606340615
6660,0.05742797412233732
6661,0.07864566634718777
6662,0.034491930284166264
6663,0.0579333658460835
6664,0.037447582228705395
6665,0.06507393779941296
6666,0.0750262375093404
6667,0.07138743764316577
6668,0.03522783107539342
6669,0.04376961890986433
6670,0.04259481637928633
6671,0.08761467831953439
6672,0.07612192802346736
6673,0.07184770945197883
6674,0.07802121297433272
6675,0.06423300368020027
6676,0.07822436769953658
6677,0.05312003318204174
6678,0.07820997504899772
6679,0.11179416635209474
6680,0.06879720862570272
6681,0.031075543164766014
6682,0.029026122137980673
6683,0.04418912407563784
6684,0.0884380660955318
6685,0.050760981729757945
6686,0.03522182099079512
6687,0.02842879210381896
6688,0.08919016430268771
6689,0.05085638849670892
6690,0.053042558006645396
6691,0.0410008160108923
6692,0.04338237294755027
6693,0.08566223535186186
6694,0.028546392025941284
6695,0.08658988236877908
6696,0.07230281728410232
6697,0.041822205224788356
6698,0.06451583483392805
6699,0.03670261939020445
6700,0.0649076750787613
6701,0.045726350452133115
6702,0.05416623489760676
6703,0.0837693211493078
6704,0.03604250313557563
6705,0.03688012201241573
6706,0.034822570684826186
6707,0.07450062218773114
6708,0.05119438075333223
6709,0.08961846345007209
6710,0.06172525325320662
6711,0.06150978585894796
6712,0.11047584814858419
6713,0.0816923452700174
6714,0.09065874187546033
6715,0.021566729958978337
6716,0.0957520260485523
6717,0.0038966632260967783
6718,0.08190425281114674
6719,0.027258912265048237
6720,0.044265341973190625
6721,0.06441415867901747
6722,0.0761762609894197
6723,0.07711490132669463
6724,0.07893514984386342
6725,0.047652399912193194
6726,0.06829317001673774
6727,0.07299284143731026
6728,0.03794887468011978
6729,0.046914049663617494
6730,0.09612243791496373
6731,0.045656404602386645
6732,0.05393280621994825
6733,0.09384483362685808
6734,0.019641654923944457
6735,0.07496948375591687
6736,0.04399788921120924
6737,0.06889718040675184
6738,0.09673107148553678
6739,0.028152148049537428
6740,0.031773024767615114
6741,0.03403148591143979
6742,0.08135456522089227
6743,0.09280764265397146
6744,0.08447485407141679
6745,0.08622243790342451
6746,0.07734462055151832
6747,0.2125511979076777
6748,0.09185051054332222
6749,0.03310438478390668
6750,0.07544813809931512
6751,0.07893794063840635
6752,0.044972479439841485
6753,0.05244329704033495
6754,0.09643441319120372
6755,0.09296705797918371
6756,0.08549355608784817
6757,0.03895424448988287
6758,0.09022033879817462
6759,0.06476934375639161
6760,0.018805799897277552
6761,0.0718943453933951
6762,0.09962809375724514
6763,0.08662602687092257
6764,0.026804948935496727
6765,0.09076150554476456
6766,0.000509526489284257
6767,0.06333593968745688
6768,0.07859171610054105
6769,0.08705938013869952
6770,0.08202542142897334
6771,0.04800185005507247
6772,0.03509438568144686
6773,0.05220764495522678
6774,0.07924606802571775
6775,0.07960508434339637
6776,0.030506092919282524
6777,0.03765443951402034
6778,0.07607558953418675
6779,0.0976481499218115
6780,0.03200859550135229
6781,-0.003279562894982304
6782,0.10161004695336262
6783,0.03721750490326881
6784,0.07148280445308973
6785,0.07023081357255262
6786,0.10188017951963305
6787,0.09851291284361874
6788,0.07255216794819264
6789,0.044021595754946644
6790,0.18218627409126462
6791,0.0819188250518674
6792,0.04419527889999623
6793,0.08987538756337649
6794,0.0690213984089317
6795,0.04276397970407908
6796,0.05870505566187112
6797,0.0423265375203377
6798,-0.05847503173609101
6799,0.07305637800430975
6800,0.07689173461684151
6801,0.08928564235330086
6802,0.07599682738555813
6803,0.11570191718262705
6804,0.033333778672365866
6805,0.032936854613060756
6806,0.03178742803603248
6807,0.06719282459628032
6808,0.0414621922235733
6809,0.06425733205973269
6810,0.07464560901157949
6811,0.04310379658158721
6812,0.07057821185305033
6813,0.08385792942609802
6814,0.040593446079212135
6815,0.04015810113073317
6816,0.13014660115239163
6817,0.07526817586232806
6818,0.10889075466001634
6819,0.07176046712191568
6820,0.03861053312708355
6821,0.04547534090666286
6822,0.059788242907688145
6823,0.09532039932051321
6824,0.06148619575473273
6825,0.08692621433625318
6826,0.09177793342599946
6827,0.06904181046622465
6828,0.08073079915035225
6829,0.07989317223332577
6830,0.06385675318444488
6831,-0.03165996041140431
6832,0.08252431111497299
6833,0.02984277478469358
6834,0.04137873621092664
6835,0.08942832068001051
6836,0.06397728637015421
6837,0.05281803956846756
6838,0.12703771877879416
6839,0.0386311515906491
6840,0.08113248202688839
6841,0.05993498633083802
6842,0.07951959428885376
6843,0.07667355618109671
6844,0.07788980563279277
6845,0.043010148765491134
6846,0.08859126821080932
6847,0.040468728616025816
6848,0.072960045010871
6849,0.07126630371703786
6850,0.06739570450894605
6851,0.047308252378404934
6852,0.0475689701329432
6853,0.07865249601227677
6854,0.040690839656284686
6855,0.0779814400263694
6856,0.059228478454216506
6857,0.0316018438989146
6858,0.08278717441344048
6859,0.09716440332854404
6860,0.07139689862805655
6861,0.058856755967830854
6862,0.037717398584396364
6863,0.06932376090454019
6864,0.037183110036188245
6865,0.038842629480521224
6866,0.06636329859989473
6867,0.0707055230076896
6868,0.03601912476276926
6869,0.03179912994441483
6870,0.042085025773803374
6871,0.06063492837672212
6872,0.0746462611910835
6873,0.08012057635729825
6874,0.04446277471434708
6875,0.07648701819084085
6876,0.04842271985156305
6877,0.03898264927173386
6878,0.07771251805624205
6879,0.016954866558997493
6880,0.08403414881267439
6881,0.08172476180596068
6882,0.04227909277942346
6883,0.037613869956079855
6884,0.03562477634501342
6885,0.05952149883702166
6886,0.06811037096366823
6887,0.03820514198554685
6888,0.06597604514858858
6889,0.04361882445600499
6890,0.041981860995846006
6891,0.035645706628973456
6892,0.08642722956473063
6893,0.07949351200981007
6894,0.07870993807887258
6895,0.06682179570222237
6896,0.0756058585428041
6897,0.03265786313898538
6898,0.07264295737297516
6899,0.05443236947502036
6900,0.09124713239432937
6901,0.09208277302447516
6902,0.10798002519910092
6903,0.06469891681711065
6904,0.03801689390896275
6905,0.0331450029685241
6906,0.07809040812422517
6907,0.08172293306013359
6908,0.09522849626833646
6909,0.07112716096375639
6910,0.04119999746467018
6911,0.08755678513674463
6912,0.06720105247669603
6913,0.04069695817642246
6914,0.09357235823941347
6915,0.0906253658006037
6916,0.07852574913467801
6917,0.08685001888124218
6918,0.04739556537785327
6919,0.06954393600990336
6920,0.007441692647354503
6921,0.08558097110761599
6922,0.058806396673298976
6923,0.0415257796639247
6924,0.13671930157696605
6925,0.06336103235653334
6926,0.07113189586739749
6927,0.08022293115664349
6928,0.07518036209659763
6929,0.0773529025717676
6930,0.03752945978097369
6931,0.04257219689605124
6932,0.018230241886339225
6933,0.08154465437811559
6934,0.04968417043183826
6935,0.10618184687716332
6936,0.060929199323641374
6937,0.08408074345894591
6938,0.036874529456199324
6939,0.044693480365774786
6940,0.03904350996618004
6941,0.07852061784410411
6942,0.07293923810450155
6943,0.03879458497448091
6944,0.08703736103892191
6945,0.04048999986190841
6946,0.07390094717105752
6947,0.0328814712473607
6948,0.08033520158681749
6949,0.05891303050196016
6950,0.03660627124023829
6951,0.0820351657449989
6952,0.03994638482316988
6953,0.06932436943472613
6954,0.07525742154112226
6955,0.04002255122941874
6956,0.031607832765607295
6957,0.07831359356981121
6958,0.09757207994202174
6959,0.03601457459106474
6960,0.03250999263638439
6961,0.06858384147101874
6962,0.03748170354805581
6963,0.07886230878888671
6964,0.12241846495623918
6965,0.07852061784410411
6966,0.04728516241846289
6967,0.07470219524053615
6968,0.08899055533552287
6969,0.09369169905087835
6970,0.07820697820447092
6971,0.047172324848643914
6972,0.08291672392127256
6973,0.08824277186662348
6974,0.05476655176218864
6975,0.08967263522518891
6976,0.009427039620442808
6977,0.032232268923098585
6978,0.08180383445482942
6979,0.07137010496241004
6980,0.0797745677285227
6981,0.04281519727661445
6982,0.08508881139531142
6983,0.021783511590381822
6984,0.09210401703388067
6985,0.08819871206187667
6986,0.03827113155569722
6987,0.033608096747832064
6988,0.09078490937702118
6989,0.03829961858801212
6990,0.0375044068623389
6991,0.08161805734679063
6992,0.0503094817479174
6993,0.04026445931477401
6994,0.07935030523305815
6995,0.049102704283107305
6996,0.06902467713405057
6997,0.03723767071018414
6998,0.07493481287599017
6999,0.08325354466928772
7000,0.0024605007062227686
7001,0.029175655649228895
7002,0.0401102147132478
7003,0.07409372277803639
7004,0.06212499619623989
7005,0.06550826957862264
7006,0.08147560190924198
7007,0.05405919304058883
7008,0.03734371333854256
7009,0.08116204517600897
7010,0.06916056340922216
7011,0.0573791048818063
7012,0.08096949610500664
7013,0.052294759845591496
7014,0.03620019296378086
7015,0.05541661398918188
7016,0.10534824752304392
7017,0.08252742187381822
7018,0.03188080350349486
7019,0.07477249564560881
7020,0.06143070612344949
7021,0.06770972045101321
7022,0.07972286281052704
7023,0.03868134549776446
7024,0.081996706881366
7025,0.07745474239940839
7026,0.0751929888095246
7027,0.03843831385678343
7028,0.04207558381676843
7029,0.08196083700322176
7030,0.07091713586836279
7031,0.04232614600552603
7032,0.06251186072395022
7033,0.04294504486704481
7034,0.07777471990779258
7035,0.04454325356216993
7036,0.030681026023621206
7037,0.03239595615942461
7038,0.056826127582631995
7039,0.044603793339457604
7040,0.07275137065054074
7041,0.08299648397095412
7042,0.047862766068284886
7043,0.0401040318038181
7044,0.03757112129215154
7045,0.038219533554442985
7046,0.03642760585244118
7047,0.04129163103166409
7048,0.07761623259047389
7049,0.07420390769498315
7050,0.06542118429729851
7051,0.10236937706275183
7052,0.05760668676897482
7053,0.07675136410166128
7054,0.07087358991972847
7055,0.08868868676042137
7056,0.0415257796639247
7057,0.05325650130650672
7058,0.030940850472418728
7059,-0.021749406709782468
7060,0.04957140707434094
7061,0.04640198470323034
7062,0.039577926165848994
7063,0.051397431752164116
7064,0.07184639792633783
7065,0.05185865811143971
7066,0.033845356305665444
7067,0.02267208023037773
7068,0.040018927064020195
7069,0.031937087676509844
7070,0.0984418918622647
7071,0.06748526868820305
7072,0.06402205704143517
7073,0.15251047612164817
7074,0.03742283183823481
7075,0.0663511639264092
7076,0.0877081026643923
7077,0.04898346645137569
7078,0.038148561149773295
7079,0.04261477662689714
7080,0.08583687719539253
7081,0.038378165844343545
7082,0.05709954167135999
7083,0.03939954443509657
7084,0.06413597185732309
7085,0.03265786313898538
7086,0.07948450510261935
7087,0.05862074268865736
7088,0.08653040665018757
7089,0.08244749989909557
7090,0.06805668222508231
7091,0.08628437376186766
7092,0.039090698662632546
7093,0.06480885134214825
7094,0.07277931069845243
7095,0.06646107459510246
7096,0.027994008131224588
7097,0.03821222892306963
7098,0.11639684033380006
7099,0.06574237149907888
7100,0.03843643461558753
7101,0.0737250993319589
7102,0.08517663226442526
7103,0.03448591479701138
7104,0.07710360211072287
7105,0.05121513974102968
7106,0.09007045993276307
7107,0.081239759676206
7108,0.032182811296131174
7109,0.06621393913111719
7110,0.05699153042530208
7111,0.04028600384936031
7112,0.07269530439995903
7113,0.07937344966978227
7114,0.027282019491788184
7115,0.08123449218671044
7116,0.04009760130253035
7117,0.07634965266904653
7118,0.05938913519887689
7119,0.07275555823996022
7120,0.031948129192745575
7121,0.06340989193258642
7122,0.11392824338628003
7123,0.07899894195593496
7124,0.04045114991744251
7125,0.10242212385483493
7126,0.09257354204483763
7127,0.050218155274812604
7128,0.08833751204070786
7129,0.1294748185362805
7130,0.03760221251893361
7131,0.04268524744501876
7132,0.0414727591036873
7133,0.034791400056682985
7134,0.06164243521771413
7135,0.029372073098038007
7136,0.06890161942078554
7137,0.07126964804728259
7138,0.08050784522044671
7139,-0.08911783003669717
7140,0.06516366653798066
7141,0.07148280445308973
7142,0.09245813086329982
7143,0.059129602741287084
7144,0.06318417793844147
7145,0.0351127176879507
7146,0.06335507071135972
7147,0.021435633577169964
7148,0.07678054585011003
7149,0.045533622785243644
7150,0.04464983903455769
7151,0.04275090493407037
7152,0.08129258561159791
7153,0.03152524198014659
7154,0.06641014556722712
7155,0.03398705233906595
7156,0.045308224298849106
7157,0.06468927426213728
7158,0.041877300822350694
7159,0.06879535460886595
7160,0.07815535018609346
7161,0.040385452426646234
7162,0.04263244369028899
7163,0.06702942248870125
7164,0.04219049688211406
7165,0.0343880331381765
7166,0.05520234941575028
7167,0.052584433643524095
7168,0.043907273292256056
7169,0.10342357718189871
7170,0.026067250062750933
7171,0.0808625128791747
7172,0.05164041413243001
7173,0.07822082428391312
7174,0.07927115318725891
7175,0.08870207837512549
7176,0.04357143372491605
7177,0.06807326359375321
7178,0.0437274205863676
7179,0.052598400347064395
7180,0.19774998905839752
7181,0.040502015981717696
7182,0.017880998637017777
7183,0.051635398531241
7184,0.0647909956524131
7185,0.06600484591349837
7186,0.09601882540602222
7187,0.07305637800430975
7188,0.09305131174173914
7189,0.04143482607882671
7190,0.08428786367698148
7191,0.029416996716587436
7192,0.0783247292869358
7193,0.06528663454923282
7194,0.08308694084762587
7195,0.04651682280537602
7196,0.07686722374676623
7197,0.04449232028240717
7198,0.06233189921824003
7199,0.042000747562025716
7200,0.035755398368048946
7201,-0.014698809133068112
7202,0.0813617124510226
7203,0.07431899068025624
7204,0.03442388839020201
7205,0.07788728412783219
7206,0.0793589468437093
7207,0.02950113320485508
7208,0.04087301473006752
7209,0.05953705119269577
7210,0.04823463620345578
7211,0.06329344265890083
7212,0.04694484460559607
7213,0.05985034180789467
7214,-0.00718747726721729
7215,0.034258625391434774
7216,0.0633647437689988
7217,0.03626870771686136
7218,0.07490727748980444
7219,0.08549548608874953
7220,0.05808233356760286
7221,0.06498619107613571
7222,0.0852940773186192
7223,0.0718943453933951
7224,0.09942854671835859
7225,0.07815603688251344
7226,0.04668314656090619
7227,0.05516389474849287
7228,0.03494959870044642
7229,0.04063946566784373
7230,0.06877528460364467
7231,0.08957202135534008
7232,0.09081267229062132
7233,0.20393413316818443
7234,0.06433750039159308
7235,0.06282057993418275
7236,0.048194826808601376
7237,0.05666413691259966
7238,0.06427759631632841
7239,0.043125956172036045
7240,0.04421024098479749
7241,-0.05398780588328945
7242,0.0216848301316913
7243,0.08533417149319858
7244,0.032646980972946354
7245,0.08899023871665548
7246,0.07419852488968703
7247,0.006644546419574116
7248,0.11389381529530258
7249,0.12950723123998273
7250,0.06450856058052891
7251,0.09186332394564736
7252,0.06713110257075004
7253,0.05936073563967376
7254,0.04030600067920769
7255,0.056176840450309455
7256,0.0928053238070417
7257,0.06719077862295779
7258,0.06892465206600915
7259,0.0716754631351064
7260,0.0649076750787613
7261,0.05797817467282921
7262,0.07159089533917543
7263,0.07137010496241004
7264,0.07877778467771218
7265,0.06512106901335635
7266,0.02959305023121786
7267,0.07425311591255979
7268,0.0924504819367893
7269,0.04066153791552399
7270,0.03843023584430592
7271,0.03854849598771269
7272,0.02951378034901915
7273,0.0531884342665075
7274,0.06847236060905659
7275,0.05288183782994537
7276,0.03474137519882215
7277,0.04180368148476977
7278,0.05204784672853189
7279,0.07532829786441363
7280,0.09370663573004943
7281,0.0896714873181475
7282,0.0352435124907282
7283,0.06255698030467478
7284,0.04186882512364565
7285,0.061413240335268654
7286,0.030694769501751956
7287,0.028930985454928507
7288,0.0746329097050208
7289,0.03806367102890449
7290,0.06322658189852148
7291,0.0415257796639247
7292,0.0814798313001355
7293,0.021601603893649197
7294,0.07796406004270799
7295,0.037636819780707244
7296,0.04061592123094083
7297,0.033689758118588056
7298,0.05223072494011555
7299,0.03085883599652312
7300,0.09520083193260963
7301,0.0744913385240254
7302,0.06293875815192716
7303,0.07422797118863103
7304,0.06711608021850815
7305,0.06957390694516864
7306,0.10178103500854598
7307,0.040210892508320904
7308,0.07113119591062309
7309,0.04302294256996464
7310,0.04051096469631899
7311,0.033035406355275854
7312,0.06898055847632283
7313,0.08351881588256543
7314,0.07664984134940452
7315,0.06945470281977953
7316,0.08457290349191947
7317,0.031118199933115976
7318,0.06427759631632841
7319,0.08124954223572065
7320,0.09297936819889585
7321,0.0906683106507536
7322,0.08762784343871889
7323,0.03101822205403654
7324,0.08385184981654918
7325,0.02632179676402085
7326,0.06748526868820305
7327,0.08483923115527515
7328,0.04340245108281801
7329,0.07615270493829633
7330,0.04561318847315753
7331,0.07530433670280004
7332,0.03696419275232233
7333,0.038981241845008945
7334,0.07559294800836856
7335,0.07828478492809013
7336,0.049916463171106734
7337,0.037670419479351167
7338,0.03898141867115044
7339,0.03707244263061464
7340,0.07901505623073972
7341,0.08603499376415685
7342,0.07950400654901296
7343,0.03880543535278405
7344,0.07743217019208831
7345,0.06815660752721697
7346,0.10567304004231447
7347,0.07741676158480916
7348,0.0013728485055314258
7349,0.07825557475010513
7350,0.0638279408831112
7351,0.07763930478252311
7352,0.0811261730658131
7353,0.08577657175610877
7354,0.03449416378578982
7355,0.020512308784711438
7356,0.07750454760711768
7357,0.037398545800500456
7358,0.0891719133522126
7359,0.0446992587200699
7360,0.09738631903648837
7361,0.06432887287078419
7362,0.038533308372452266
7363,0.030424405419174412
7364,0.0859109499362849
7365,0.07876995388900082
7366,0.0362492391390494
7367,0.05179888985221116
7368,0.07659005823894588
7369,0.11004728633904078
7370,0.04343321709817613
7371,0.048058980018656126
7372,0.03287241251043915
7373,0.1296509814754848
7374,0.08184867194131176
7375,0.06567172595065869
7376,0.0415007315440506
7377,0.08309592018896246
7378,0.1049213221243364
7379,0.0774403400317412
7380,0.030824336409591056
7381,0.039638073310569094
7382,0.04255399356944664
7383,0.06341155331915131
7384,0.06427759631632841
7385,0.05473667149012368
7386,0.03893495798902755
7387,0.0771778244669494
7388,0.03218679201060681
7389,0.035117939038244915
7390,0.08248911554853205
7391,0.05542975894642424
7392,0.07665269358460343
7393,0.02925718181558829
7394,0.04656847348437228
7395,0.016935374470368025
7396,0.08186973861652282
7397,0.06397163111932586
7398,0.04327493190476908
7399,0.07764648814115656
7400,0.08901134109474569
7401,0.040387120170538644
7402,0.08398557851264529
7403,0.10067285593431377
7404,0.03638921749915484
7405,0.04338237294755027
7406,0.03961432892978579
7407,0.0744913385240254
7408,0.04758064004297265
7409,0.04750435670384424
7410,0.03153341615967525
7411,0.07860329326623526
7412,0.08920839505034626
7413,0.04109630220255187
7414,0.03303528678223762
7415,0.07103325606502214
7416,0.032950271765276
7417,0.07103533212131269
7418,0.03794139336492446
7419,0.03501237847624672
7420,0.030001555554263835
7421,0.04279257350549023
7422,0.09037868914634899
7423,0.08510155837652487
7424,0.04504281360946967
7425,0.06243239918855616
7426,0.033885418448960876
7427,0.03758951002788635
7428,0.06176693630213122
7429,0.03931029714280675
7430,0.0753287240049208
7431,0.04091342625974788
7432,0.19775910915035516
7433,-0.0942106118445173
7434,0.04912631586237906
7435,0.05685966769134712
7436,-0.04086257446773466
7437,0.07872654225848075
7438,0.05293722070223056
7439,0.07648701819084085
7440,-0.007945743457886003
7441,0.07693913076064839
7442,0.08350187023460713
7443,0.07743379490376975
7444,0.016861244685109692
7445,0.04443776738204523
7446,0.024987865584483293
7447,0.06328711474516141
7448,0.08615485445107122
7449,0.08360115977975763
7450,0.08299373280244511
7451,0.030453095704405988
7452,0.08967732205649036
7453,0.08217811643636992
7454,0.07593643743265202
7455,0.027516018536129963
7456,0.0601515223631429
7457,0.044380614122679046
7458,0.032546092158895944
7459,0.11573458078935872
7460,0.04805389219361109
7461,0.08088112551734121
7462,0.09128985145993203
7463,0.08029552049954551
7464,0.09336552278808895
7465,0.06714571906250581
7466,0.060829582693363096
7467,0.04558635816756236
7468,0.018291261979635313
7469,0.0733642290564162
7470,0.07859988708455598
7471,0.08355934137032567
7472,0.09090534136153378
7473,0.07517627508567706
7474,0.053367280016513675
7475,0.03663181475956333
7476,0.07255216794819264
7477,0.04283143179478897
7478,0.04117450196790994
7479,0.10585431734484053
7480,0.0750262375093404
7481,0.03288027731154236
7482,0.05777679967184856
7483,0.04731685990882072
7484,0.03292616074694712
7485,0.0836026060082224
7486,0.07282012108470379
7487,0.06267436103484161
7488,0.04775285275124929
7489,0.06905997246708391
7490,0.09466797498056996
7491,0.04993894012733107
7492,0.05653659440872517
7493,-0.04862853760026099
7494,0.08247750532461222
7495,0.07586735889532205
7496,0.07811401979877665
7497,0.045914714739291165
7498,0.08653463594665137
7499,0.08916984671382312
7500,0.03800129751895623
7501,0.08018703355137738
7502,0.02135235334430934
7503,0.042589996530387184
7504,0.06639576657995144
7505,0.07681432216797396
7506,0.04770864628314388
7507,0.07926642636915457
7508,0.086832146957872
7509,0.08009071489072321
7510,0.024267197043004906
7511,0.03457937682655972
7512,0.03459636833221769
7513,0.06626947400132659
7514,0.03988519353799486
7515,0.07744920348108635
7516,0.04667403186080492
7517,0.0793990680806957
7518,0.05805018764548461
7519,0.03714437456802583
7520,0.03949130379131649
7521,0.06243837145150632
7522,0.03879222110848648
7523,0.0820520198471805
7524,0.10594539071269493
7525,0.10372879092222824
7526,0.08382634184903623
7527,0.059279190756227854
7528,0.0632683197929835
7529,0.04644737116334196
7530,0.07014111936855856
7531,0.0352435124907282
7532,0.19211996750624685
7533,0.07926750594085501
7534,0.05717085290053506
7535,0.04629072518974785
7536,0.10658848251606011
7537,0.04335204769006797
7538,0.184400984398196
7539,0.03663341489264436
7540,0.07897561561673686
7541,0.07953350654473774
7542,0.03424540719812203
7543,0.07679276621385502
7544,0.08078131307419305
7545,0.0360233935300611
7546,0.04987991323836003
7547,0.08375028395671487
7548,0.03123253051190639
7549,0.04211378258420297
7550,0.038981241845008945
7551,0.1005152437191986
7552,0.0351742744369409
7553,0.10552835511985684
7554,0.07167274300383736
7555,0.05626932583670403
7556,0.09690744454148603
7557,0.16771208771597082
7558,0.07581685193897503
7559,0.04305102948996001
7560,0.11759423114215645
7561,0.08848275077908083
7562,0.06225800492609202
7563,0.0491413822790969
7564,0.08486499060254364
7565,0.11274300703040392
7566,0.07470219524053615
7567,0.0856632638755061
7568,0.08747502589842102
7569,0.07390894454473025
7570,0.04019969666923256
7571,0.05852541402099569
7572,0.031158324393529127
7573,0.10870666633679078
7574,0.03448882644200279
7575,0.06774725980252025
7576,0.03217815730708898
7577,0.07719646643627394
7578,0.028381996084348594
7579,0.04667701390749047
7580,0.06771269044239643
7581,0.13428912994211603
7582,0.08011971031205244
7583,0.05661113918281622
7584,0.07463377708034921
7585,0.03757112129215154
7586,0.0985576739650104
7587,0.10379852789558658
7588,0.09186969909707962
7589,0.09348741222044568
7590,0.09739211574537807
7591,0.054113659625734056
7592,0.07103047864998302
7593,0.039222190171645965
7594,0.07293092234085048
7595,0.07743348171772929
7596,0.03783501522872102
7597,0.10528789034699038
7598,0.03593913611393667
7599,0.06435296289017456
7600,0.04553155470483232
7601,0.07419638101824604
7602,0.07720403661319948
7603,0.061292481995701614
7604,0.10068043732690407
7605,0.05577869459893251
7606,0.056530485555365016
7607,0.08382731365625676
7608,0.0718943453933951
7609,0.04030259492467786
7610,0.06236457879541659
7611,0.03385809508076448
7612,0.03103732165059868
7613,0.03957609865796141
7614,0.038406536217372785
7615,0.040167062315355065
7616,0.07118285997433933
7617,0.08015422168394683
7618,0.18586011459418292
7619,0.04530744282209275
7620,0.09098216864784277
7621,0.029080191595253813
7622,0.07095438525411715
7623,0.06246987380920389
7624,0.03934742208483633
7625,0.02827672398010107
7626,0.031084073670369285
7627,0.06444597203078714
7628,0.04034602828597962
7629,0.07852450909877066
7630,0.0403986838422518
7631,0.04551831666846632
7632,0.03799801108462366
7633,0.02832065106111283
7634,0.07295636998489748
7635,0.036089088845275945
7636,0.056140648240028075
7637,0.03327211264208099
7638,0.08853529126758813
7639,0.0751929888095246
7640,0.037214345253109855
7641,0.08083149227619074
7642,0.08695704879114148
7643,0.06183175440428432
7644,0.07704477045230014
7645,0.04037903784958706
7646,0.07409808497182582
7647,0.06182802314067441
7648,0.0316018438989146
7649,0.05592623165548897
7650,0.07711036078583444
7651,0.08409487157030615
7652,0.08722808394158584
7653,0.10320373102402933
7654,0.04865608284451588
7655,0.03208062913441297
7656,0.039833400932643516
7657,0.03186214081644868
7658,0.07771929199789929
7659,0.11565958969880304
7660,0.07148280445308973
7661,0.07117772310812918
7662,0.04571932828219638
7663,0.030577325636660824
7664,0.0576597056971983
7665,0.05027380400594208
7666,0.0753316858005627
7667,0.08013748960298246
7668,0.03749173119251104
7669,0.04829046213497134
7670,0.0443517228383256
7671,0.08278717441344048
7672,0.08546049096240999
7673,0.07793414396743331
7674,0.08117370289567905
7675,0.07942443190382766
7676,0.0987698844935938
7677,0.07277931069845243
7678,0.060358370505601465
7679,0.031331068763272345
7680,0.04883750393925914
7681,0.03857803955111164
7682,0.037841188752321675
7683,0.0719202934290908
7684,0.08576030143084377
7685,0.09002115401663373
7686,0.03615020709283689
7687,0.041946509099952387
7688,0.09951616814946185
7689,0.07796411080448959
7690,0.07256919811901973
7691,0.043790351810224545
7692,0.061671036138401227
7693,0.07390894454473025
7694,0.09894106510107087
7695,0.07347632843156711
7696,0.05632428715914178
7697,0.03523266666562793
7698,0.0716719385326356
7699,0.03949130379131649
7700,0.041001974194798806
7701,0.039317427202126165
7702,0.04315517281276158
7703,0.04405770090793747
7704,0.04144765263145695
7705,0.10803106768647103
7706,0.06604093578652244
7707,0.06650870170757138
7708,0.04308401716117042
7709,0.06477466071309305
7710,0.0391205704246476
7711,0.04482410557238778
7712,0.07342432127829149
7713,0.10183748425946716
7714,0.02422059701574649
7715,0.050448186498883676
7716,0.09019347767754723
7717,0.05537558132270968
7718,0.07201609304685766
7719,0.0844273535707186
7720,0.07235315593779644
7721,0.047944859421356824
7722,0.07255569255066342
7723,0.060142792020818375
7724,0.021566729958978337
7725,0.04051096469631899
7726,0.04287833627045041
7727,0.07256919811901973
7728,0.043658059628515204
7729,0.17352069844022008
7730,0.08290575431505628
7731,0.08168065092925303
7732,0.04177183629493119
7733,0.07571335141708475
7734,0.03312159234585173
7735,0.06331041779959837
7736,0.06401828225761458
7737,0.01928636294273522
7738,0.06232269697898635
7739,-0.03325438169133803
7740,0.12912446358996113
7741,0.04068899340955419
7742,0.029818460067053874
7743,0.05707208433258972
7744,0.2117105698262636
7745,0.039243712301083006
7746,0.043778426540320936
7747,-0.03454602408221903
7748,0.11410610599347763
7749,0.04280909252862895
7750,0.028209508474420518
7751,0.08260995126396961
7752,0.0793589468437093
7753,0.06474581103443013
7754,0.0763347353724505
7755,0.03455526276412012
7756,0.0781422438989531
7757,0.04090299577290023
7758,0.050909743508042525
7759,0.09052032116740989
7760,0.09091111112566917
7761,0.0721620661649883
7762,0.06899622667528224
7763,0.07333143105858415
7764,0.07394827654802383
7765,0.07591032822997906
7766,0.04716559520949641
7767,0.036286530133853974
7768,0.06205001056131992
7769,0.0757582172101908
7770,0.021012311308895883
7771,0.07314983540697352
7772,0.08773866880949904
7773,0.09340336799906952
7774,0.08084300525803645
7775,0.03646380237038857
7776,0.0757506738963461
7777,0.08346880810555862
7778,0.07314196327555131
7779,0.03226182305860026
7780,0.043654723596824346
7781,0.04346320904078442
7782,0.07562182552368282
7783,0.03966781552628571
7784,0.07119949071388271
7785,0.03045238927471334
7786,0.05919355067250269
7787,0.03562477634501342
7788,0.0268140257877043
7789,0.07291815852807212
7790,0.04683725528497657
7791,0.04332063089267531
7792,0.07544676228770653
7793,0.018991373938726033
7794,0.10732342666102075
7795,-0.02930711114534224
7796,0.07164069134239401
7797,0.03350152919173041
7798,0.08403853802734008
7799,0.06268315933170397
7800,0.057901628169885415
7801,0.03786627398538366
7802,0.1508699170756894
7803,0.078182903123184
7804,0.08328089866503874
7805,0.08096123104561377
7806,0.07911169853749093
7807,0.08276318807468863
7808,0.04354723484760399
7809,0.07512470404329295
7810,0.08337025731779293
7811,0.08324080112854317
7812,0.06460399851169392
7813,0.02712343974263752
7814,0.03562477634501342
7815,0.07771251805624205
7816,0.070829057150464
7817,0.06383953399143832
7818,0.055002796354142965
7819,0.04009760130253035
7820,0.07862546769858747
7821,0.08087126431768031
7822,0.10762096189473634
7823,0.04246616097882443
7824,0.02812336501561259
7825,0.08512014328941302
7826,0.03754377923429509
7827,0.0721620661649883
7828,0.05990379304559115
7829,0.026820736735600304
7830,0.08809049905436007
7831,0.05566808493359148
7832,0.04692277223991125
7833,0.0676181941659955
7834,0.06954393600990336
7835,0.03563940870722446
7836,0.0833019509418936
7837,0.0445193937426996
7838,0.03060433807685876
7839,0.020266284297515473
7840,0.05843010693464503
7841,0.03196962796086709
7842,0.06954393600990336
7843,0.042974933609361755
7844,0.19458795851627997
7845,0.0404083954442277
7846,0.07300068757667856
7847,0.06194393799215095
7848,0.11404451478084997
7849,0.038033165416732094
7850,0.04162649695906745
7851,0.014969671421307422
7852,0.04458165183661588
7853,0.04223609147529306
7854,0.10079271688057108
7855,0.05807636351478905
7856,0.060019562279452016
7857,0.03239595615942461
7858,0.07572275132854153
7859,0.08918502995357726
7860,0.08911916139597588
7861,0.07420804336114047
7862,0.0626845473163501
7863,0.019250420897822366
7864,0.058460370852326145
7865,0.10004580214092941
7866,0.06814693878924345
7867,0.035769848201078064
7868,0.09376835972134662
7869,0.06119234760514141
7870,0.21535139884647067
7871,0.03565988050378323
7872,0.0410396910591009
7873,0.07399170390570331
7874,0.09646629401516207
7875,0.0853741099045176
7876,0.030464392263002873
7877,0.029045036372130326
7878,0.07390094717105752
7879,0.09023667355544174
7880,0.026846223483225823
7881,0.062429241386826304
7882,0.08172114280410885
7883,0.04146008172309245
7884,0.07793414396743331
7885,0.03765443951402034
7886,0.08483609157234248
7887,0.06792787690187387
7888,0.0986170286093077
7889,0.04393645962589678
7890,0.06862457321912661
7891,0.03306755748199426
7892,0.0925774485994835
7893,0.038253808731807885
7894,0.06849070238194166
7895,0.0646264041852011
7896,0.12708175618794482
7897,0.07419812710406817
7898,0.08339035320103048
7899,0.046051634137640525
7900,0.04235077922800495
7901,0.03866122720167272
7902,0.0658298895168267
7903,0.07592712660633692
7904,0.058363082020161786
7905,0.0642883539761749
7906,0.03717384998060365
7907,0.04415742126837001
7908,0.07995654400717965
7909,0.0771201599132092
7910,0.0249026582870501
7911,0.11489366937010954
7912,0.06876044246377452
7913,0.03358658695974641
7914,0.07798944948907081
7915,0.08414008007458751
7916,0.03832874395753533
7917,0.07935030523305815
7918,0.08660662774416329
7919,0.0789237739406698
7920,0.060026512442151576
7921,0.08517352589671179
7922,0.04237373981238826
7923,0.10259820120725653
7924,0.04062270867632181
7925,0.0331450029685241
7926,0.02622868590236698
7927,0.04819157223368296
7928,0.04075602602334874
7929,0.05989265746150723
7930,0.04693029660916452
7931,0.033689758118588056
7932,0.020063456042806477
7933,0.0006913175845908151
7934,0.08387433219131467
7935,0.04678956947717246
7936,0.07383248359490757
7937,0.011806400136068462
7938,0.05150654205913652
7939,0.07615925146549989
7940,0.053643796953557504
7941,0.040761769164927124
7942,0.04762820603228616
7943,0.06652516338999548
7944,0.041470683234946855
7945,0.0429070864590162
7946,0.03839462101561953
7947,-0.0756577110925991
7948,0.07617649400221208
7949,0.08067914700818597
7950,0.05385010729601995
7951,0.08186843415527591
7952,0.038808418361400664
7953,0.04607496915033289
7954,0.07570973235855809
7955,0.029595159307124995
7956,0.07933732323397186
7957,0.06293730851373816
7958,0.09570916807519211
7959,0.060058081446593664
7960,0.039634272827891164
7961,0.08381149138825156
7962,0.08247039379634502
7963,0.03836535567911144
7964,0.020264433126021778
7965,0.09318251768812315
7966,0.02723101694290994
7967,0.047917697010562456
7968,0.11125251326021975
7969,0.1000692137567072
7970,0.09455294700902134
7971,0.052907112498343255
7972,0.052946681002318696
7973,0.027258912265048237
7974,0.051388600531810366
7975,0.03432916922651001
7976,0.03398705233906595
7977,0.07846726893483963
7978,0.0613511066254277
7979,0.07416639734101917
7980,0.077328499340032
7981,0.06722073942918423
7982,0.0419437453709199
7983,0.038576852807690326
7984,0.034655416072631735
7985,0.08066073938113277
7986,0.04314486565211628
7987,0.036089088845275945
7988,0.08677272338228477
7989,0.07692725094518764
7990,0.05784857311476898
7991,0.10366875967460797
7992,0.06425833942771836
7993,0.04334319134651476
7994,0.03491995301919346
7995,0.05963801239157356
7996,0.07564088702838612
7997,0.06793392559308786
7998,0.07284747861095844
7999,0.03945459794603414
8000,0.01123826206884566
8001,0.028278469617780064
8002,0.036729655441497505
8003,0.030508831503614692
8004,0.07833519524442856
8005,0.08736717905363177
8006,0.03414886439365036
8007,0.045711095903455116
8008,0.0976156619667952
8009,0.07408828584445107
8010,0.04455762254609122
8011,0.0294218592402333
8012,0.05706402489851618
8013,0.033568149240045385
8014,0.10674212915807006
8015,0.024967262904071953
8016,0.043428275005695245
8017,0.06546174743520938
8018,0.06817529876173788
8019,0.03926305992608128
8020,0.09259305188765438
8021,0.04443686242634746
8022,0.06795638542820993
8023,0.0914033441730771
8024,0.07993141243355603
8025,0.06568080588891664
8026,-0.050261154207136644
8027,0.03310355444312608
8028,0.08974175315323402
8029,0.12312310963226483
8030,0.04026940130450354
8031,0.07471690793102131
8032,0.03770454783946297
8033,0.0690213984089317
8034,0.049727382493903606
8035,0.10677243364720093
8036,0.08158439834464248
8037,0.10626067371060112
8038,0.04060446404926798
8039,0.06998407031207927
8040,0.03808581506062454
8041,0.03334211395631759
8042,0.03925849124301585
8043,0.061871198253808594
8044,0.08054677936602078
8045,0.062230164586819896
8046,0.04404162349244199
8047,0.019422221517151225
8048,0.047701524093332066
8049,0.06771725642996478
8050,0.08537652306298572
8051,0.023362000580606432
8052,0.038460221853017035
8053,0.030605060120878866
8054,0.048034168332293306
8055,0.06284905529131188
8056,0.04347413644159042
8057,0.0673745548153069
8058,0.06916331330617498
8059,0.03239595615942461
8060,0.007937406089860188
8061,0.08022711892075908
8062,0.098112489367333
8063,0.038434942023896745
8064,0.04143843520694529
8065,0.030681026023621206
8066,0.029384029135548908
8067,0.04068164982656234
8068,0.02386251427346231
8069,0.05431787937327367
8070,0.059768226097714046
8071,0.04357582937823503
8072,0.03932996096653321
8073,0.027813425559607842
8074,0.028112501095998842
8075,0.07137010496241004
8076,0.08277807534533581
8077,0.07934750399677125
8078,0.23565631668504036
8079,0.0716719385326356
8080,0.040237083266698406
8081,0.08368428033322622
8082,0.06322658189852148
8083,0.02622173618704059
8084,0.07601439056107455
8085,0.07738101334179262
8086,0.04557504130568992
8087,0.06358368246811719
8088,0.08998917557256281
8089,0.09186995854602882
8090,0.06977503583895753
8091,0.07704386948356326
8092,0.06944463898984057
8093,0.08255400690391781
8094,0.08410411694969108
8095,0.03518354115929057
8096,0.04020396538763973
8097,0.07493917604330613
8098,0.06296818349930362
8099,0.08487763315509059
8100,0.051826584908493116
8101,0.057626454468651694
8102,0.08112143021082732
8103,0.06527022591921346
8104,0.08003236878073076
8105,0.07057821185305033
8106,0.04206759982952642
8107,0.07364895384403022
8108,0.03562477634501342
8109,0.07210034532281011
8110,0.08385228697315192
8111,0.03562260228042695
8112,0.05507309499409931
8113,0.0686330481532346
8114,0.0777039878833296
8115,0.07175276201299848
8116,0.03596788523167024
8117,0.028335473301733888
8118,0.04749787936329414
8119,0.04907306842398114
8120,0.08348962701102827
8121,0.033689758118588056
8122,0.08127329937169858
8123,0.031621882985363274
8124,0.076886404580394
8125,0.03518354115929057
8126,0.09109237825236692
8127,0.04423147621707299
8128,0.07276189262090665
8129,0.07279355114443944
8130,0.06709001668334427
8131,0.0811043518861827
8132,0.09347215788041704
8133,0.08248865397887395
8134,0.038026781298554226
8135,0.07190765705833889
8136,0.037203171127263235
8137,0.07470219524053615
8138,0.04324335012273611
8139,0.08280025423580631
8140,0.06358368246811719
8141,0.06689829169803747
8142,0.04704326441335214
8143,0.045468417584781366
8144,0.031621882985363274
8145,0.009275722656142038
8146,0.039995202312072174
8147,0.07489455121108476
8148,0.02608290675735779
8149,0.07688267602833856
8150,0.045295332402320414
8151,0.045002487184415026
8152,0.0845726051861211
8153,0.04654054466396684
8154,0.02959305023121786
8155,0.04222749240571044
8156,0.08430802639571289
8157,0.019501236449701496
8158,0.05566534984512337
8159,0.042319267205424206
8160,0.03228632026371919
8161,0.0685213833706364
8162,0.05615277295253015
8163,0.07808806917464574
8164,0.0703026305587823
8165,0.07735030090546076
8166,0.023008041769680982
8167,0.02892626589671432
8168,0.060892219145761164
8169,0.053892815937181114
8170,0.02771790410000541
8171,0.05133425129363332
8172,0.04515773904124137
8173,0.04707709980298674
8174,0.04782816048792943
8175,0.10317016735009306
8176,0.07987961949005154
8177,0.04970741059951882
8178,0.02149480382677909
8179,0.0795395528246447
8180,0.013180493543509437
8181,0.07144215360821214
8182,0.03834377610147406
8183,0.07416639734101917
8184,0.03688012201241573
8185,0.04733982617450413
8186,0.07304293511755168
8187,0.04683725528497657
8188,0.06360256111977129
8189,0.03314044148015991
8190,0.0805875257576053
8191,0.03150461981366164
8192,0.07143971122737212
8193,0.09242045172874695
8194,0.07466109151063609
8195,0.03358658695974641
8196,0.03518354115929057
8197,0.028698142292524893
8198,0.07140042323052734
8199,0.1042390935255628
8200,0.05631978656186667
8201,0.13223666657163463
8202,0.02622868590236698
8203,0.09374891527757825
8204,0.08354989464874382
8205,0.041828259185116096
8206,0.22277006308243405
8207,0.039942605157327615
8208,0.03673020885244743
8209,0.03453306902978133
8210,0.04686565786596716
8211,0.0920639967412586
8212,0.03941809000946552
8213,0.031937087676509844
8214,0.05138331070055628
8215,0.07246603138408862
8216,0.07192528789162018
8217,0.036782323415236566
8218,0.08635527325713553
8219,0.023797618301791227
8220,0.02130232092409326
8221,0.04455410884529166
8222,0.03251289205103043
8223,0.060300980671549105
8224,0.05141444706362574
8225,0.036839485833734774
8226,0.08681985808412959
8227,0.044792747520126824
8228,0.11201026695945901
8229,0.0922325667734269
8230,0.05117537099567304
8231,0.04332780686645094
8232,0.04859777371598004
8233,0.07800500780567336
8234,0.06001826092018387
8235,0.07297053088079818
8236,0.018352355735670216
8237,0.1583080878982539
8238,0.07611980033923667
8239,0.03432916922651001
8240,0.0815493479047849
8241,0.09048733992308934
8242,0.01685747966336865
8243,0.037284930986719346
8244,0.06806964190421645
8245,0.04907306842398114
8246,0.06494631462380424
8247,0.03153664351846066
8248,0.06879720862570272
8249,0.025246886412568347
8250,0.06282825212008672
8251,0.105775128156227
8252,0.04275846595133077
8253,0.05282383591159773
8254,0.03775799041345976
8255,0.04257170859205393
8256,0.06887072973427981
8257,0.09630337343119816
8258,0.08054878816404348
8259,0.051483326025370466
8260,0.07665269358460343
8261,0.07636669152574703
8262,0.06698401110107204
8263,0.08600274925025302
8264,0.07858410350971337
8265,0.0859672606087916
8266,0.0340150697234823
8267,0.04252065180835572
8268,0.028416903712690945
8269,0.07526168479385072
8270,0.04711454103929698
8271,0.04872822127574875
8272,0.03179912994441483
8273,0.04143843520694529
8274,0.018772149683848095
8275,0.07265481090010362
8276,0.04526340552853175
8277,0.007716520539086719
8278,-0.09781834420479521
8279,0.0290753298007418
8280,0.03518354115929057
8281,0.038553243300592
8282,0.04389447166216274
8283,0.05738575413330226
8284,0.028167961264680394
8285,0.07985557994220577
8286,-0.013684435797865147
8287,0.027209858545095056
8288,0.03875636526988174
8289,0.04074898938653347
8290,0.07459345866286672
8291,0.043145020784352776
8292,0.050034585459685026
8293,0.016754872563721337
8294,0.08228816044338787
8295,0.04933192643146222
8296,0.06078843360955055
8297,0.07672910690622542
8298,0.03522555436513417
8299,0.038253808731807885
8300,0.05822387362864898
8301,0.023689358576011562
8302,0.04143843520694529
8303,0.0667931582726004
8304,0.043442862470178915
8305,0.08538736687553804
8306,0.07428748028703165
8307,0.041478878774616305
8308,0.060447439540466955
8309,0.0798152579594941
8310,0.10366906680152799
8311,0.07026228926557843
8312,0.03208837207791365
8313,0.08736762748109511
8314,0.04146761160459636
8315,0.060180949406619756
8316,0.08517663226442526
8317,0.03908688673589932
8318,0.08105409370352815
8319,0.06636329859989473
8320,0.09435427575885023
8321,0.04083334312757199
8322,0.08255582882523363
8323,0.1051571728399173
8324,0.09474289108471348
8325,0.1061954153644423
8326,0.07304293511755168
8327,0.09984435851438725
8328,0.1294748185362805
8329,0.061818437446154284
8330,0.10167660172090777
8331,0.05910012464077445
8332,-0.0214933547812044
8333,0.042831321584109384
8334,0.07896685049207026
8335,0.03089150826095977
8336,0.09473925736939164
8337,0.053144906181548095
8338,0.04043247804942419
8339,0.04565015704111929
8340,0.0696445623267588
8341,0.07839694359204644
8342,0.0716176836176361
8343,0.043581333609144485
8344,0.0455042880343777
8345,0.04025105287599949
8346,0.048621666268730934
8347,0.02923839105169594
8348,0.0928667125588494
8349,0.044435493617769925
8350,0.04547445381189503
8351,0.0621828932148692
8352,0.06328025556910162
8353,0.1756808104955657
8354,0.03953345588980064
8355,0.07992173610126313
8356,0.07783345878545628
8357,0.0701219569154319
8358,0.0718943453933951
8359,0.03483031371860371
8360,0.06300918383921063
8361,0.043910111463517386
8362,0.036379091462414165
8363,0.07884105383098464
8364,0.037779878416150166
8365,0.09864813202101148
8366,0.04430709795545756
8367,0.09080147108403101
8368,0.04183590272040932
8369,0.06076925779429942
8370,0.038640282611976454
8371,0.012834037629645441
8372,0.03256205582751158
8373,0.03597576791545156
8374,-0.0775425591949284
8375,0.08303949678132218
8376,0.04547393537067752
8377,0.06966264723310632
8378,0.06332154364386576
8379,0.06299618010507273
8380,0.09133432358766007
8381,0.08171403036822351
8382,0.08056838241458882
8383,0.027257702606499776
8384,0.07832418756467643
8385,0.050186816481450985
8386,0.07989419975274777
8387,0.08310147179729915
8388,0.09934747397356673
8389,0.05988196682949656
8390,0.036034289395279716
8391,0.07545597827749369
8392,0.08987728594602125
8393,0.02480625347788496
8394,0.06237325460754101
8395,0.06826578733496302
8396,0.1053317926617735
8397,0.05487385849589188
8398,0.021566729958978337
8399,0.07313232477853095
8400,0.05947929516542891
8401,0.22185039305943594
8402,0.033037041551963284
8403,0.026649308198746446
8404,0.0322935523759354
8405,0.07621991747793458
8406,0.04848768577834118
8407,0.041971705473485735
8408,0.035187824628263885
8409,0.07718102610205899
8410,0.030851050364274005
8411,0.10956186240058816
8412,0.04056198300728005
8413,0.04924720077199555
8414,-0.07560199780862885
8415,0.07752658286827599
8416,0.04025105287599949
8417,-0.03813420223276724
8418,0.013068491911572055
8419,0.037804645373044406
8420,0.04398359290372014
8421,0.0322815740723108
8422,0.04442413992241495
8423,0.031546076002821596
8424,0.03825078315927598
8425,0.06038818802326052
8426,0.043795842117854186
8427,0.054111905355775286
8428,0.06974133335402044
8429,0.07212211166925726
8430,0.030772966020138078
8431,0.03471733547931406
8432,-0.05024288088711974
8433,0.03951636049661545
8434,0.08872361731652705
8435,0.07357237851245065
8436,0.07131818395584151
8437,0.06240344782323203
8438,0.06516943689651081
8439,0.0793703843405855
8440,0.07691196339666291
8441,0.024337156252721686
8442,0.06117654879055939
8443,0.060648368634373416
8444,0.05948598572723445
8445,0.03932161707792451
8446,0.055396362000036385
8447,0.028167961264680394
8448,0.11224507822011627
8449,0.06862457321912661
8450,0.0750262375093404
8451,0.052535853642194444
8452,0.03856286098809627
8453,0.02791042080064494
8454,0.059641652960859125
8455,0.06077140868039833
8456,0.10730381648505992
8457,0.08752652931753101
8458,0.13231208153639507
8459,0.05005002087172126
8460,0.023531161887919216
8461,0.04072098883791135
8462,0.06079242991153706
8463,0.14079472121232028
8464,0.07065943882230369
8465,0.04060446404926798
8466,0.09469464051255626
8467,0.08055324595678759
8468,0.09259607702907482
8469,0.09322016901219404
8470,0.04084431078309076
8471,0.09153252736687482
8472,0.08343251099446981
8473,0.0828699817979266
8474,0.07651400779455499
8475,0.05918255247002751
8476,0.06028825854714173
8477,0.06182438768343561
8478,0.017572729713623846
8479,0.07947196750547122
8480,0.06070361569279932
8481,0.10056194378660609
8482,0.0991825490121167
8483,0.04232407753530017
8484,0.0394073713751703
8485,0.04920313581660066
8486,0.04183068699345968
8487,0.0797163449816023
8488,0.04747364555333812
8489,0.07908007207383315
8490,0.08215557640142564
8491,0.0303401985216531
8492,0.031261375866359825
8493,0.04280541662425374
8494,0.03815275945021789
8495,0.04704791041441547
8496,0.04062270867632181
8497,0.05524151357773471
8498,0.03256259043910136
8499,0.08688598527754364
8500,0.03678878347053595
8501,0.059827023957422544
8502,0.08415873052916922
8503,0.02551838578703566
8504,0.09716313960118125
8505,0.095789160338289
8506,0.03153221727960427
8507,0.02653218765067808
8508,0.07512599208533385
8509,0.04760864809969538
8510,0.038034104132319
8511,0.06760925904789401
8512,0.031113550374757555
8513,0.08183496628825303
8514,0.08041618261455907
8515,0.0445193937426996
8516,0.06679742879563254
8517,0.0723560358828484
8518,0.0331450029685241
8519,0.0310633675980047
8520,0.03256272311532917
8521,0.04290408148291629
8522,0.03718009399917971
8523,0.03834335027571854
8524,0.03841693892238573
8525,0.07852061784410411
8526,0.07448174444860127
8527,0.03982081583992689
8528,0.026734921811907845
8529,0.09073543312444678
8530,0.09484264221722725
8531,0.24396175226643982
8532,0.06937899380437036
8533,0.07349349304788538
8534,0.0845169104184838
8535,0.132568000720586
8536,0.02135235334430934
8537,0.022145753885052646
8538,0.09641049704430502
8539,0.0455858887649542
8540,0.045308224298849106
8541,0.07899894195593496
8542,0.06901192510052225
8543,0.15474581801761686
8544,0.05375039348556507
8545,0.0808912318975005
8546,0.04086049239993483
8547,0.04151078656724784
8548,0.04010196231819822
8549,0.05415637849057963
8550,0.08139732789128512
8551,0.06470851041980133
8552,0.027996177699749193
8553,0.06774725980252025
8554,0.031961681627485174
8555,0.052642927150345
8556,0.07913647755240849
8557,0.08592396833495164
8558,0.06261058356463661
8559,0.04158270967656923
8560,0.0686475690839986
8561,0.07517834105145242
8562,0.03700875829529246
8563,0.044849763870066256
8564,0.10369882532909971
8565,0.0979723544147228
8566,0.03714437456802583
8567,0.07459345866286672
8568,0.07787594986715503
8569,0.03371288034559513
8570,0.04172398154700473
8571,0.026913335309971843
8572,0.04144453195403165
8573,0.08549548608874953
8574,0.08123396664915296
8575,0.03267107550954523
8576,0.03597576791545156
8577,0.06387104724804953
8578,0.04494021047475103
8579,0.0846079452526512
8580,0.024435663741164668
8581,0.04571497856288684
8582,0.0384515638672207
8583,0.08416215726923924
8584,0.06857788743245607
8585,0.08316402309643921
8586,0.0719337381723384
8587,0.07924989504577847
8588,0.08857376047052475
8589,0.0514341644943678
8590,0.04574046511344676
8591,0.08624545152087684
8592,0.06745369924445722
8593,0.0773061561856898
8594,0.0690213984089317
8595,0.05956220769923662
8596,0.04985138125009464
8597,0.08350152243831639
8598,0.0816724649557182
8599,0.06808017441532624
8600,0.048949356395747955
8601,0.042142841541265054
8602,0.030072157343855124
8603,0.06858419918627162
8604,0.07525742154112226
8605,0.03829408774449919
8606,0.06455580107533734
8607,0.041932437531307425
8608,0.08702231534470913
8609,-0.11087341142168716
8610,0.07877269332807696
8611,0.07828478492809013
8612,0.048870863415478916
8613,0.018442892592328345
8614,0.06553729033451107
8615,0.07416790023640375
8616,0.08963540872081383
8617,0.06232269697898635
8618,0.08595383394694504
8619,0.07479983400787887
8620,0.0788785969476191
8621,0.03963170698638009
8622,0.027493313321821554
8623,0.043725191230271
8624,0.05664206812553887
8625,0.06636452358602137
8626,0.09678192281531425
8627,0.023268659380051106
8628,0.08168846625092421
8629,0.06631085757853347
8630,0.06439199581545761
8631,0.08271709394755017
8632,0.10345641983330647
8633,0.06293325561881287
8634,0.027618540323390155
8635,0.04334857094015684
8636,0.11389899010903172
8637,0.04847759928034895
8638,0.029760866832875196
8639,0.07275159633892829
8640,0.07956407789440595
8641,0.036089088845275945
8642,0.07955297398122728
8643,0.0668777907688365
8644,0.04679667327663814
8645,0.06222479612684453
8646,0.04358143984724089
8647,0.06902789958469008
8648,0.03826777612957755
8649,0.05462830454591079
8650,0.07303427316646362
8651,0.07913647755240849
8652,0.07381698729231086
8653,0.03757112129215154
8654,0.0414049290432649
8655,0.060880744738297306
8656,0.09961647511632506
8657,0.03039768660888456
8658,0.07464560901157949
8659,0.028549990084136785
8660,0.03394983938398069
8661,0.09277304519517976
8662,0.04117863901567444
8663,0.06101825766547143
8664,0.05537517705169626
8665,0.07586474217767437
8666,0.06782291866650145
8667,0.07712180651867044
8668,0.04496381198723062
8669,0.04100088109663196
8670,0.0255401051039341
8671,0.07277931069845243
8672,0.0514341644943678
8673,0.08116204517600897
8674,0.057030534813434584
8675,0.05345901848909076
8676,0.03965590272958448
8677,0.04426188422192384
8678,0.08390429323782005
8679,0.07579838237370871
8680,0.030771429848977818
8681,0.08044307064543078
8682,0.06323373788692101
8683,0.043937986198076394
8684,0.02387322737145083
8685,0.05159342000355495
8686,0.03929259862120299
8687,0.03954623288091174
8688,0.0259447874685665
8689,0.07427174026538086
8690,0.045930749087461774
8691,0.04580972381955586
8692,0.03384702521810265
8693,0.04669596899142137
8694,0.0701853327717635
8695,0.0835059069315239
8696,0.07255569255066342
8697,0.04397487483319577
8698,0.06772478132608954
8699,0.024593334038560507
8700,0.07176046712191568
8701,0.02800119307933037
8702,0.03907164504576261
8703,0.14422070280219954
8704,0.07987393176957125
8705,0.03355600310346299
8706,0.0892249648981233
8707,0.07710360211072287
8708,0.03518354115929057
8709,0.07431748587710219
8710,0.07256919811901973
8711,0.06810609006583329
8712,0.06996114192597132
8713,0.10897533113091583
8714,0.0382717835914254
8715,0.07330836405197287
8716,0.07705990885644484
8717,0.06853028124191397
8718,0.05816224539109163
8719,0.04502253802825523
8720,0.09429603967080469
8721,0.10501415568668648
8722,0.029776076086107217
8723,0.05921615844957175
8724,0.03530122245482913
8725,0.10782597324613967
8726,0.02931465358113594
8727,0.04306829104435565
8728,0.041348222095630396
8729,0.09394272836209147
8730,0.021066976806161937
8731,0.02643158584333897
8732,0.07277931069845243
8733,0.10220854819627265
8734,0.07756877116220423
8735,0.08323457955442726
8736,0.03966795255332904
8737,0.09210002699612353
8738,0.042672583965675324
8739,0.06624494029931033
8740,0.07277931069845243
8741,0.07202504899796024
8742,0.06381558530221162
8743,0.08172476180596068
8744,0.07746519660069813
8745,0.07544538993096016
8746,0.04896975949808788
8747,0.06982708521599369
8748,0.07659005823894588
8749,0.061707545852128495
8750,0.07118285997433933
8751,0.044048160716674015
8752,0.06326104452314643
8753,0.04034593351120746
8754,0.07983901054895863
8755,0.059482204530392754
8756,0.03729515039023816
8757,0.048287482710382294
8758,0.025433105245937514
8759,0.07357237851245065
8760,0.10055204981306093
8761,0.08701287260527898
8762,0.06592356986298306
8763,0.0230000532593143
8764,0.07824375974745411
8765,0.08246553070029078
8766,0.040261736360534525
8767,0.06405804345393021
8768,0.08701925605345563
8769,0.08219057019261992
8770,0.06432370254525868
8771,0.04643525961644639
8772,0.03868747913574948
8773,0.03949130379131649
8774,0.05361911013496541
8775,0.06136177573154117
8776,0.13112412882176477
8777,0.04444250144957932
8778,0.04191661532746843
8779,0.08013370545964504
8780,0.09295328789475653
8781,0.03691432342386102
8782,-0.06302305291031471
8783,0.03771661514112976
8784,0.04907306842398114
8785,0.03277654944768822
8786,0.08685119801285167
8787,0.03970669599498516
8788,0.03823247973254587
8789,0.03767640108120543
8790,0.041654957349940715
8791,0.05898505378384937
8792,0.03112687784371271
8793,0.04444647974128521
8794,0.06933198634397056
8795,0.0762025842588814
8796,0.04473964805662829
8797,0.024022453283588926
8798,0.04037052026434898
8799,0.09582171496577847
8800,0.048043377457980846
8801,0.06005339040874614
8802,0.04009760130253035
8803,0.08333340310721411
8804,0.036857944364814155
8805,0.07751277509254752
8806,0.1443392890108313
8807,0.07148506581640468
8808,0.06416857800991871
8809,0.07916615740192315
8810,0.035115393527026494
8811,0.041783438355210784
8812,0.045292705857212213
8813,0.0646264041852011
8814,0.06438836014505518
8815,0.04100088109663196
8816,0.06957409233191923
8817,0.07431746607562136
8818,0.06787121915900321
8819,0.024420040322497446
8820,0.078182903123184
8821,0.03311574328931591
8822,0.07084649298535955
8823,0.09533556070167416
8824,0.04060446404926798
8825,0.015694147278724212
8826,0.03108911053919241
8827,0.03028518956684697
8828,0.08203063215782992
8829,0.08435162639711108
8830,0.07232658806725127
8831,0.028205613340141204
8832,0.16218315633448338
8833,0.029888946660771548
8834,0.09240802422553168
8835,0.04920354170754955
8836,0.03873651630019351
8837,0.06993180933745091
8838,0.04897676814518542
8839,0.03884390353495271
8840,0.06636329859989473
8841,0.02012826268580064
8842,0.05028615143590299
8843,0.04153894457399937
8844,0.02812336501561259
8845,0.07780083656290321
8846,0.026030770388701555
8847,0.04683490865499887
8848,0.04329362576666381
8849,0.06529768548959454
8850,0.02381132879687903
8851,0.05167153584996944
8852,0.04282501639818066
8853,0.036754702914694126
8854,0.033705398440873266
8855,0.046871149079505334
8856,0.0029427263502786742
8857,0.07342258549641477
8858,0.07827148581579106
8859,0.04383413621305503
8860,0.06360633437832433
8861,0.0639257185999019
8862,0.07300068757667856
8863,0.07966106230211821
8864,0.043465634331786254
8865,0.08735227015353496
8866,0.0703026305587823
8867,0.08274072843654427
8868,0.07057727185921034
8869,0.08312279648345078
8870,0.09476687234973526
8871,0.03371555276084983
8872,0.07884105383098464
8873,0.0340249484825764
8874,0.06427759631632841
8875,0.05967797716936284
8876,0.03814058995231263
8877,0.042622347113960374
8878,0.04472205048958635
8879,0.10241608122222777
8880,0.06446553035042914
8881,0.0822849432957614
8882,0.17723736627276693
8883,0.042053262949199505
8884,0.07545510411966816
8885,0.018192611655879223
8886,0.0778008320718866
8887,0.08137008034486878
8888,0.038919305415349645
8889,0.0537782794245709
8890,0.06364847929167781
8891,0.09891297547405031
8892,0.100788038355318
8893,0.04964488647499581
8894,0.02869916790874299
8895,0.0465037122427642
8896,0.06506410764535729
8897,0.0856867661550503
8898,0.038238185326035824
8899,0.036089088845275945
8900,0.04383413621305503
8901,0.09557294094863028
8902,0.03750868376480024
8903,0.08678697475408345
8904,0.0402998371164957
8905,0.04861501584255941
8906,0.06340683186943798
8907,0.0754213688850572
8908,0.0379726482495464
8909,0.03150461981366164
8910,0.06398732348869796
8911,0.044048160716674015
8912,0.07796406004270799
8913,0.031690186782979385
8914,0.036736033348389464
8915,0.0690213984089317
8916,0.060238927706108676
8917,0.04100088109663196
8918,0.06880420630862652
8919,0.08333024019827202
8920,0.06522798317348313
8921,0.05998404737255608
8922,0.0579942120377281
8923,0.07759649426753838
8924,0.04147354788463259
8925,0.03733273303632125
8926,0.02832065106111283
8927,0.055176772843173544
8928,0.01816188338234108
8929,0.04390628330510368
8930,0.0603176581271257
8931,0.08344231958572372
8932,0.04181820526178307
8933,0.0924402709905852
8934,0.07923724464625911
8935,0.03864911769731247
8936,0.0465643828972313
8937,0.021090903788100496
8938,0.06098390064886959
8939,0.055359304820915264
8940,0.07538478438724104
8941,0.04696123860183108
8942,0.025940036331194828
8943,0.042632338404377704
8944,0.02643158584333897
8945,0.0970849089359033
8946,0.03954583140505114
8947,0.08105409370352815
8948,0.05845216874742352
8949,0.0716754631351064
8950,0.08642987037423244
8951,0.03994638482316988
8952,0.008504026606314684
8953,0.06052069542948217
8954,0.014381590774731041
8955,0.048234914033742325
8956,0.04526101724061715
8957,0.043267477488822
8958,0.06748607853414258
8959,0.06390628428751166
8960,0.04322758392451448
8961,0.07710953540686984
8962,0.08196189395007634
8963,0.022404127596254795
8964,0.030097164652266913
8965,0.06636329859989473
8966,0.07598607200949618
8967,0.03448882644200279
8968,0.05980312000051136
8969,0.031686465816988335
8970,0.06130461948301154
8971,0.07666242405970028
8972,0.045522454926576306
8973,0.039315919795330896
8974,0.034602670906799464
8975,0.03229793390393895
8976,0.05866600766843368
8977,0.04907306842398114
8978,0.07406085967658123
8979,0.08845930801676387
8980,0.035105821634735086
8981,0.05385701453870729
8982,0.04869908310321886
8983,0.03142838464560264
8984,0.027232362396665176
8985,0.029984767454829406
8986,0.06165723996998656
8987,0.04055675390052849
8988,0.03945546394147898
8989,0.03153664351846066
8990,0.03752971017236067
8991,0.03607539797417859
8992,0.07148280445308973
8993,0.03910799282641511
8994,0.04525100974388916
8995,0.07390094717105752
8996,0.04310764531614777
8997,0.07859988708455598
8998,0.0255330664405124
8999,0.0374222202607786
9000,0.20646382067668076
9001,0.04634964919220159
9002,0.040583214783714426
9003,0.05478222558512384
9004,0.0692725407300214
9005,0.02898658319498621
9006,0.11440114594236378
9007,0.07179660168472383
9008,0.06328561592042474
9009,0.04787514548678548
9010,0.14076984329552397
9011,0.017324446039314906
9012,0.07913356212566079
9013,0.042137877448128934
9014,0.07198181525316781
9015,0.0865163246522292
9016,0.037435555804596655
9017,0.07238721426935663
9018,0.04231620231280566
9019,0.0773472222178252
9020,0.06705269783817493
9021,0.045469324283064286
9022,0.07874080700907833
9023,0.07927115318725891
9024,0.06508639135359634
9025,0.012720731225795468
9026,0.03713404562885944
9027,0.07134340352874335
9028,0.09656561184490561
9029,0.07488683443732844
9030,-0.014836101518900056
9031,0.027711413113644223
9032,0.07420804336114047
9033,0.013743995594440964
9034,0.12837129607213554
9035,0.02602196762065623
9036,0.08266958908213135
9037,0.036106597768153066
9038,0.029850838168675023
9039,0.03714437456802583
9040,0.04571954750294153
9041,0.08852784195461207
9042,0.08385792942609802
9043,0.04433453752461197
9044,-0.04639606316804143
9045,0.0679816800204864
9046,0.036089088845275945
9047,0.043432579611532025
9048,0.08915918992625986
9049,0.04401567602655741
9050,0.08081300143776161
9051,0.04614366310807001
9052,0.046578418834308986
9053,0.07031230341597174
9054,0.07658030812956353
9055,0.08175956407041203
9056,0.07196776310878054
9057,0.07910060057738141
9058,0.07626420415799295
9059,0.06095583583661395
9060,0.08780136654045476
9061,0.03954498957244362
9062,0.040616367215216505
9063,0.03575732900756172
9064,0.032764403063070956
9065,0.04201631922849995
9066,0.08593787815131348
9067,0.03868134549776446
9068,0.03976556759224802
9069,0.07715926610815553
9070,0.043252203044616834
9071,0.052916126663107514
9072,0.053772986924137255
9073,0.09505001923180854
9074,0.08374249635356515
9075,0.07742750182785418
9076,0.09958908706591453
9077,0.0599799897393342
9078,0.03949130379131649
9079,0.08644127689011048
9080,0.05170388159817835
9081,0.06141517586778626
9082,0.07390094717105752
9083,0.06776608663826067
9084,0.04797554091337029
9085,0.07612476464011282
9086,0.06954393600990336
9087,0.03589810480179004
9088,0.17203029124990402
9089,0.08157832220255633
9090,0.03391681069571178
9091,0.08248292232165526
9092,0.07278146001608274
9093,0.04247934855147164
9094,0.020880383577565272
9095,0.08493793743946874
9096,0.06550826957862264
9097,0.040938609873340866
9098,0.03243294716879072
9099,0.06081587044280226
9100,0.07970032924070275
9101,0.06954393600990336
9102,0.08927514522621582
9103,0.06518097056380272
9104,0.0415257796639247
9105,0.04549503636714069
9106,0.036701266280661365
9107,0.05127663223895877
9108,0.079049231729789
9109,0.03265922776449558
9110,0.05998159059078219
9111,0.08406109452557788
9112,0.08330750071358727
9113,0.10848824136193387
9114,0.10769228659006638
9115,0.06597541696737826
9116,0.0745820295120484
9117,0.06906623331678081
9118,0.09456460361368015
9119,0.07049480989233838
9120,0.04800283373859396
9121,0.032787366387108684
9122,0.04776187306332501
9123,0.04139814096621184
9124,0.06487059280654589
9125,0.05563213242197237
9126,0.09332926557275904
9127,0.15123598949767866
9128,0.07728011610478133
9129,0.0840281796153261
9130,0.04409026932892585
9131,0.05080325445085226
9132,0.06244738355147964
9133,0.06498182805423416
9134,0.08844655268226097
9135,0.062053691810034416
9136,0.06685602506346416
9137,0.0770275000596059
9138,0.06848832455987655
9139,0.06954393600990336
9140,0.09135234698086016
9141,0.13247418857493168
9142,0.04218037095858574
9143,0.06604093578652244
9144,0.03688012201241573
9145,0.03809889021196836
9146,0.025078995432441808
9147,0.23596085830173963
9148,0.07695480109207108
9149,0.08042948762462884
9150,0.07938859982381252
9151,0.044680521559682586
9152,0.07232658806725127
9153,0.06715917932739641
9154,0.06383281969973961
9155,0.039827787719316846
9156,0.05388389411856857
9157,0.03225076882682129
9158,0.07557617300412109
9159,0.06335447683084429
9160,0.0876706614524282
9161,0.05431599583441593
9162,0.0829418166182584
9163,0.06447921228899527
9164,0.03958777718697806
9165,0.08230660232389762
9166,0.04746797688773101
9167,0.08820860590637658
9168,0.07613349866680187
9169,0.041880825226802844
9170,0.03070657650873321
9171,0.0746329097050208
9172,0.06748862024415633
9173,0.0479592416498488
9174,0.075916664708593
9175,0.16495781078163266
9176,0.04384289315208023
9177,0.021566729958978337
9178,0.08075348436778829
9179,0.07551942112623898
9180,0.04405770090793747
9181,0.07232658806725127
9182,0.07979871946075417
9183,0.07470219524053615
9184,0.08848169035628242
9185,-0.05000602749987833
9186,0.06835288143420769
9187,0.07556516683771862
9188,0.03990885009157739
9189,0.042456676683837895
9190,0.08007710120152346
9191,0.047164768197256006
9192,0.05703266415654967
9193,0.049759653781505334
9194,0.07026238445665411
9195,0.07914489941048722
9196,0.08116416651671016
9197,0.03977790685423319
9198,0.050186816481450985
9199,0.06460279985503355
9200,0.03834450521569838
9201,0.0896977317826543
9202,0.0721620661649883
9203,0.05662205706365147
9204,0.04222678860158025
9205,0.07643943562126349
9206,0.08211798528696869
9207,0.07652312024815963
9208,0.043795842117854186
9209,0.08571555321899423
9210,0.08183486455668194
9211,0.10440758693200766
9212,0.0665299368587235
9213,0.07435134646766786
9214,0.08061051005931262
9215,0.040678803116861104
9216,0.032474543690232595
9217,0.06730345748962757
9218,0.06415852698524226
9219,0.08811635180620198
9220,0.06954393600990336
9221,0.07679590609454048
9222,0.06497163766757025
9223,0.04456031229093126
9224,0.03911519951025954
9225,0.03352234023724006
9226,0.07744391165612328
9227,0.04711454103929698
9228,0.14008531276746036
9229,0.07823234349664715
9230,0.07244555638374515
9231,0.02633811115244933
9232,0.05656071932690136
9233,0.08960182488793125
9234,0.1205257057291076
9235,0.07764774175667781
9236,0.03977616397739817
9237,0.059918564523812
9238,0.03137658279363286
9239,0.07732499560030198
9240,0.08535749679318075
9241,0.027258912265048237
9242,0.04148319224698237
9243,0.07777058789384678
9244,0.075115348558237
9245,0.03939946379975368
9246,0.0820394965576648
9247,0.040510220035927545
9248,0.07255578224025486
9249,0.06093236464623817
9250,0.0340277894396889
9251,0.0769544153392622
9252,0.061085465094154676
9253,0.035411125880275
9254,0.07012672842094778
9255,0.08042655625083699
9256,0.04410580831157163
9257,0.046436695591493875
9258,0.038586963725290684
9259,-0.013869445960628342
9260,0.1641699021665562
9261,0.04397779486284795
9262,0.03265786313898538
9263,0.06343401758909185
9264,0.023483122624612524
9265,0.036778450614168345
9266,0.061477647190905566
9267,0.03988549777045348
9268,0.03764647820245162
9269,0.0037251484606801405
9270,0.054056778956107665
9271,0.0718943453933951
9272,0.04438991012520408
9273,0.041498133750941954
9274,0.037284582438742636
9275,0.03978928018797589
9276,0.07420578300282096
9277,0.04332144311391033
9278,0.043252203044616834
9279,0.034625150432836115
9280,0.04869346949106127
9281,0.07022017021129094
9282,0.07508847878464862
9283,0.04385994686842669
9284,0.014566908088283592
9285,0.08527359200948682
9286,0.010047701528126802
9287,0.04356851135121544
9288,0.03333921189769112
9289,0.061570563707930466
9290,0.0415257796639247
9291,0.08421687490288035
9292,0.06747085123200644
9293,0.04606117726037504
9294,0.10611178324778113
9295,0.0652401739688434
9296,0.04078939517489569
9297,0.030481484865242124
9298,0.07374101482287461
9299,0.02664500681287134
9300,0.03477729620398249
9301,-0.05018018693970382
9302,0.040069042567060204
9303,0.10536171009478945
9304,0.08325546398458122
9305,0.09128184212133307
9306,0.03457771144418506
9307,0.0830020115385045
9308,0.02747064883308145
9309,0.06650870170757138
9310,0.0783247292869358
9311,0.04309931939413996
9312,0.05166441458204323
9313,0.05837762160736963
9314,0.07521277677073751
9315,0.04122292050548861
9316,0.028550287145128875
9317,0.07510399508688083
9318,0.014675981174915087
9319,0.07019404994842982
9320,0.07763930478252311
9321,0.06769196658615155
9322,0.05143289825402581
9323,0.06564368451486889
9324,0.08037356194202802
9325,0.20067123217089133
9326,0.10298559686750415
9327,0.05361911013496541
9328,0.08241535113836401
9329,0.05471120770439538
9330,0.14048387089295963
9331,0.07556516683771862
9332,0.036111594881367906
9333,0.047366012316126097
9334,0.043361751910866476
9335,0.12840925895621932
9336,0.03480250669517706
9337,0.0730302887516099
9338,0.05544762192619812
9339,0.037324897224892024
9340,0.07744920348108635
9341,0.06709972251094279
9342,0.09071417654382072
9343,0.05631978656186667
9344,0.05647537062183722
9345,0.05301817441858986
9346,0.07220728913550511
9347,0.08980311673404462
9348,0.0860636983931567
9349,0.08184867194131176
9350,0.052800232701605034
9351,0.04595735233317642
9352,0.0710340136709892
9353,0.03826812861692187
9354,0.07287718906851723
9355,0.06767348514589354
9356,0.07610288529567742
9357,0.06049521224828654
9358,0.03602482029263044
9359,0.043275774635505894
9360,0.08370156537038391
9361,0.0651888588707018
9362,0.05179825581183147
9363,0.04028323087649391
9364,0.034776534042616845
9365,0.076886404580394
9366,-0.004225697591433885
9367,0.07255569255066342
9368,0.0625962907621483
9369,0.0761353942318676
9370,0.02133431938286872
9371,0.039203473625788236
9372,0.029770807938184873
9373,-0.006910345368821258
9374,0.07300068757667856
9375,0.05395955258034613
9376,0.21239449459895782
9377,0.036313806725469806
9378,0.04708761048982768
9379,0.0718414990409149
9380,0.07342124891264987
9381,0.03250999263638439
9382,0.06863919439639714
9383,0.045639761367714075
9384,0.08399445012721891
9385,0.039090698662632546
9386,0.06053742624662509
9387,0.08480650949967652
9388,0.03932760708160566
9389,0.07501018158533487
9390,-0.021520274392731884
9391,0.016543146178150496
9392,0.07665269358460343
9393,0.035344008642581574
9394,0.03761175080459764
9395,0.06333593968745688
9396,0.03821621634615961
9397,-0.07392229806940571
9398,0.059062475293671805
9399,0.0399913876716576
9400,0.041600480969339805
9401,0.03730753985045263
9402,0.06739570450894605
9403,0.030679928739182006
9404,0.07921691795997785
9405,0.04209936578062418
9406,0.24452025762785112
9407,0.041876409820584465
9408,0.02715433724453329
9409,0.03277279468233358
9410,0.04113494057502809
9411,-0.06220599794025307
9412,0.0331450029685241
9413,0.08843459833663748
9414,0.048887649498887596
9415,0.0405265029672868
9416,0.09677613515452903
9417,0.04630306643678468
9418,0.058614094025424154
9419,0.08921484931349367
9420,0.20040957518974015
9421,0.05393280621994825
9422,0.08533549336887562
9423,0.04393411645174221
9424,0.04501686166766995
9425,0.0617908173903334
9426,0.06441861381480524
9427,0.08136185970731866
9428,0.03806784575641463
9429,0.0703026305587823
9430,0.03799801108462366
9431,0.06360171121375649
9432,0.08098296387899413
9433,0.045563292654469116
9434,0.04008895704690798
9435,0.09034204457578668
9436,0.07232658806725127
9437,0.03967567164352258
9438,0.040671956291561714
9439,0.02690329704607811
9440,0.09511917500384755
9441,0.042386444269942425
9442,-0.060666091097596325
9443,0.028167961264680394
9444,0.1082766473817152
9445,0.038175797929511354
9446,0.09741633040860327
9447,0.0745158587211151
9448,0.05137130520456389
9449,0.11380390107324379
9450,0.04034326194005921
9451,0.06193381412949273
9452,0.07774769648532931
9453,0.02712057496407828
9454,0.03631424139516593
9455,0.05068709474924435
9456,0.046757790720550974
9457,0.09600010085687748
9458,0.06920529923350775
9459,0.14988514866709973
9460,0.039520373587933505
9461,0.08469178352254668
9462,0.07184244646470632
9463,0.0966596917080483
9464,0.10481581239216733
9465,0.07304293511755168
9466,0.07701058031603714
9467,0.04087818713519893
9468,0.041340962421382056
9469,0.06211760985261092
9470,0.03669306786202993
9471,0.08877689685366975
9472,-0.030712376551672298
9473,0.12324541370850234
9474,0.09284624047123113
9475,0.08219057019261992
9476,0.08709148998089819
9477,0.07865249601227677
9478,0.03398261222827607
9479,0.013904840680221978
9480,0.06556530469279981
9481,0.04211131029741702
9482,0.07715140935452643
9483,0.04039448148034814
9484,0.07559294800836856
9485,0.03949130379131649
9486,0.10081951339403158
9487,0.10032796222183288
9488,0.11500332755830335
9489,0.04009760130253035
9490,0.04787716233193558
9491,0.028915151671414407
9492,0.04119153693490524
9493,0.1012199229774327
9494,0.07069246132864616
9495,0.04277118913955804
9496,0.08052194572739234
9497,0.09067602481420729
9498,0.03773160387783635
9499,0.04060446404926798
9500,0.020185371105357782
9501,0.05891303050196016
9502,0.07809755955293995
9503,0.02277390700177351
9504,0.037065576843704325
9505,0.040191668964891875
9506,0.07643317807384173
9507,-0.047269399884285336
9508,0.0721377317701595
9509,0.07684250019643468
9510,0.028349791602160477
9511,0.03827113155569722
9512,0.08349962549233997
9513,0.07895571214504611
9514,0.09546084473794705
9515,0.04069023824224973
9516,0.09048474890741093
9517,0.034525318244115526
9518,0.08163141787239744
9519,0.07113189586739749
9520,0.07338904037375472
9521,0.0874538743337191
9522,0.07962416186067706
9523,0.03327900065102273
9524,0.08081779853669219
9525,0.08343786285375447
9526,0.07077462926034944
9527,0.04500725092919251
9528,0.06082358488675176
9529,0.043417684422842606
9530,0.04169454115197442
9531,0.05899357095817988
9532,0.06862457321912661
9533,0.03060433807685876
9534,0.044804700006840156
9535,0.034525318244115526
9536,0.04083168641670116
9537,0.04255854489299458
9538,0.08659569100393462
9539,0.04519243295434127
9540,0.0690213984089317
9541,0.05619213880538214
9542,0.03802925901561667
9543,0.041468889405957915
9544,0.07877091719430523
9545,0.07911206399203176
9546,0.031084073670369285
9547,0.05528338325497936
9548,0.038911185523238176
9549,0.06731376716070905
9550,0.03384702521810265
9551,0.07333646277682088
9552,0.08393841631889228
9553,0.08420066191310466
9554,0.04973376535494063
9555,0.09038058238653343
9556,0.03731225312141253
9557,0.013791334744675875
9558,0.05581560099232446
9559,0.0847993092606658
9560,0.06409499796703215
9561,0.08323561540831967
9562,0.12876627543188104
9563,0.05195144407642377
9564,0.07331381920611398
9565,0.07626420415799295
9566,0.07107666356103548
9567,0.05551173079741996
9568,0.08460145851422109
9569,0.0486734034082453
9570,0.07153968369815904
9571,0.08982970558267608
9572,0.06989649120459332
9573,0.08231921792330389
9574,0.03250999263638439
9575,0.03839288428310757
9576,0.07406085967658123
9577,0.08304970858369856
9578,0.043766861369851674
9579,0.06316804803639531
9580,0.06937968466236277
9581,0.054111905355775286
9582,0.040078891872006146
9583,0.04426188422192384
9584,0.04165533702344292
9585,0.07517275611981634
9586,0.08928783711781511
9587,0.026056620651961366
9588,0.04931177084746472
9589,0.049888242321632796
9590,0.04610478760197319
9591,0.03678878347053595
9592,0.05838768396424604
9593,0.06524626652874088
9594,0.0621423428162096
9595,0.03765443951402034
9596,0.035704798252050245
9597,0.0856632638755061
9598,0.07683576828325493
9599,0.05359645134904997
9600,0.07813319860525532
9601,0.07627254227602781
9602,0.047223988468506804
9603,0.06407200926611781
9604,0.044485753933859555
9605,0.03047140746298313
9606,0.05237591084991666
9607,0.08042655625083699
9608,0.028099941569445782
9609,0.04055675390052849
9610,0.07145717706257107
9611,0.04792868912265491
9612,0.09842810549215952
9613,0.04844608137836046
9614,0.07517834105145242
9615,0.04409026932892585
9616,0.0825643930477586
9617,0.07885037264725747
9618,0.0820476272003586
9619,0.02921335729882438
9620,0.06371919542546473
9621,0.07894602367154596
9622,0.08331946299353517
9623,0.04443776738204523
9624,0.05721451261475227
9625,0.05342027383042038
9626,0.08395796614151144
9627,0.09051112873627931
9628,0.07164609774164622
9629,0.03131114996437695
9630,0.04095959094294857
9631,0.037112320508882087
9632,0.0942332623277306
9633,0.08339802297093675
9634,0.029916499015632238
9635,0.06145798279559276
9636,0.04132888991357726
9637,0.08172476180596068
9638,0.06564843190425065
9639,0.0802316119681961
9640,0.08732098323064226
9641,0.026913335309971843
9642,0.06714307436102858
9643,0.05138549616720057
9644,0.04945606376947527
9645,0.034758052844248065
9646,0.05742797412233732
9647,0.08596665151149019
9648,0.0390362814108166
9649,0.0471549842048981
9650,0.11093599728961244
9651,0.05699296289177468
9652,0.07705196582827449
9653,0.04377390237541546
9654,0.038981241845008945
9655,0.10471489492137966
9656,0.04390628330510368
9657,0.08257911144016702
9658,0.09455294700902134
9659,0.052855262994297166
9660,0.09125516209584174
9661,0.0421909526143134
9662,0.0718943453933951
9663,0.07572798835031905
9664,0.07277565468716274
9665,0.07945878983954335
9666,0.06176752217552796
9667,0.02386251427346231
9668,0.07665269358460343
9669,0.04543630132159535
9670,0.1128287961598373
9671,0.08343530245209115
9672,0.03451403548726058
9673,0.027370570344453452
9674,0.04363942395747507
9675,0.07800927815592654
9676,0.09315837082583445
9677,0.025895536328988573
9678,0.0776336244285807
9679,0.09304395184670694
9680,0.07704477045230014
9681,0.08347115388731685
9682,0.03613888221199818
9683,0.04246296068195619
9684,0.035645706628973456
9685,0.0647666709192539
9686,0.05338641489884395
9687,0.036011050745211305
9688,0.05526834616032879
9689,0.06253855356537294
9690,0.04625447276410389
9691,0.03560447559328614
9692,0.040078891872006146
9693,0.08206614792186931
9694,0.04850962620995952
9695,0.09227462579821939
9696,0.06805668222508231
9697,0.04388072050464851
9698,0.03668559747236978
9699,0.033439089323131964
9700,0.07792563773965497
9701,0.036685935978764996
9702,0.0434640788668017
9703,0.07305951926434291
9704,0.05368742378319661
9705,0.03982052261153073
9706,0.06368485094524824
9707,0.07665269358460343
9708,0.06868057021097856
9709,0.028218547718185362
9710,0.02389646621366833
9711,0.03441721579541124
9712,0.08440242420473736
9713,0.03151588365904197
9714,0.07004974865239462
9715,0.060073650900391226
9716,0.035030986552903695
9717,0.07963231665091951
9718,0.02009648538199232
9719,0.04049094693247467
9720,0.054014870270726136
9721,0.0401585369803574
9722,0.0719337381723384
9723,0.0926674046722036
9724,0.042072374007993775
9725,0.046192070517860354
9726,0.029248047092375204
9727,0.08214459562030133
9728,0.04911863098541297
9729,0.05762400008866691
9730,0.07514435075832024
9731,0.048106911541902546
9732,0.26118850185980924
9733,0.040999603010747496
9734,0.03765443951402034
9735,0.21280133381351496
9736,0.018621752719573358
9737,0.04112397990698716
9738,0.062450251870052605
9739,0.03039768660888456
9740,0.08257046500694518
9741,0.09105714237445196
9742,-0.02996821456145399
9743,0.0923396773830118
9744,0.0692314772477718
9745,0.10079083398493094
9746,0.12044050550698829
9747,0.0834314467947672
9748,0.08707986246637864
9749,0.10226746763820863
9750,0.08637992679251648
9751,0.052795809121948735
9752,0.04092457500529578
9753,0.0835075168622888
9754,0.1483068593532652
9755,0.07061873472910472
9756,0.07231989571512164
9757,0.0769773332030173
9758,0.05863375047801034
9759,0.12361730965326673
9760,-0.010394354108544637
9761,0.0744913385240254
9762,0.04093130687559489
9763,0.039610303752517895
9764,0.07334639752509259
9765,0.07164290895949761
9766,0.0957351460591232
9767,0.08069423357087775
9768,0.02331652275232389
9769,0.08241535113836401
9770,0.06626734736831458
9771,0.10226746763820863
9772,0.04331995872104402
9773,0.02911664554304362
9774,0.08295250263968627
9775,0.03022887654831055
9776,0.047023006157240414
9777,0.03758138947193411
9778,0.03977616397739817
9779,0.03839131825481865
9780,0.04268828374187759
9781,0.0754009491985586
9782,0.04260943297553
9783,0.0560408294186515
9784,0.044804700006840156
9785,0.0448504087508753
9786,0.07923724464625911
9787,0.0468642553163549
9788,0.05900221293826232
9789,0.03222564713186321
9790,0.0315334575116681
9791,0.06691654625903881
9792,0.1344898584943366
9793,0.20534787565424154
9794,0.08526084121842584
9795,0.04822635368523634
9796,0.03275296335789356
9797,0.05249034519283292
9798,0.03239595615942461
9799,0.07293715260237527
9800,0.04898932539870765
9801,0.03611532953899318
9802,0.038717840923409165
9803,0.0787351193740871
9804,0.022063300737810064
9805,0.06893837045076069
9806,0.044334723644897336
9807,0.028538036156919456
9808,0.05153427512001887
9809,0.07325534087689455
9810,0.07198181525316781
9811,0.06805114133191488
9812,0.04383413621305503
9813,0.04047730802160528
9814,0.08982970558267608
9815,0.07867218715610401
9816,0.06929346293169326
9817,0.07665269358460343
9818,0.032817696373788736
9819,0.02973158946827036
9820,0.07922768709368559
9821,0.05361911013496541
9822,0.09240802422553168
9823,0.06683720029772662
9824,0.03440563759617287
9825,0.04083819304210578
9826,0.04133020783497324
9827,0.0676010595867862
9828,0.07544473207078344
9829,0.042187599032471705
9830,0.03731225312141253
9831,0.07018976837994113
9832,0.04535057978065021
9833,-0.07859930556022557
9834,0.050032313191187436
9835,0.02757823757513528
9836,0.10376032299150531
9837,0.038658409735601904
9838,0.07659005823894588
9839,0.07184639792633783
9840,0.04203435110536864
9841,0.07985137572284808
9842,0.0809434347448266
9843,0.04754135981361722
9844,0.09790342301376004
9845,0.03199119980617771
9846,0.045371046984184454
9847,0.08743629439896024
9848,0.040867867415029284
9849,0.06525434524611352
9850,0.09296658110878461
9851,0.10091964190048955
9852,0.0837427009094013
9853,0.04095959094294857
9854,0.028416903712690945
9855,0.042304016920946604
9856,0.035813705754901434
9857,0.04136450740052307
9858,0.06879368402323194
9859,0.06590075432642116
9860,0.055644694042073464
9861,0.03775056435504765
9862,0.044479576569913505
9863,0.04083819304210578
9864,0.039218154685598784
9865,0.037587808335390424
9866,0.0835328919519865
9867,0.04847983903274385
9868,0.038402534207014886
9869,0.07113189586739749
9870,0.09111095464041834
9871,0.04338237294755027
9872,0.08795363639233185
9873,0.09164251088715292
9874,0.048194826808601376
9875,0.03983317799237335
9876,-0.05893115470944427
9877,0.07470219524053615
9878,0.03925480625980508
9879,0.03518354115929057
9880,0.070308222853485
9881,0.09178368030209334
9882,0.03835796794220815
9883,0.03812742621785485
9884,0.04055675390052849
9885,0.04322268073201054
9886,0.060462474478575695
9887,0.0428326258855693
9888,0.046490725808222534
9889,0.09130392966383521
9890,0.05211220339917515
9891,0.03949130379131649
9892,0.13775284598103185
9893,0.08024618220306501
9894,0.07530433670280004
9895,0.03336608374217955
9896,0.09592709343605212
9897,0.06494540146730665
9898,0.021566729958978337
9899,0.07470219524053615
9900,0.06406394540681268
9901,0.0831877628159697
9902,0.04185586119632129
9903,0.08267166099547446
9904,0.045371046984184454
9905,0.048186236099180046
9906,0.07741381982974471
9907,0.06921624568920925
9908,0.05149519995104467
9909,0.07048302869264295
9910,0.04086762393874419
9911,0.025270798827294896
9912,0.028667354227763394
9913,0.03395798139572076
9914,0.029249555658065578
9915,0.048865413698449094
9916,0.061477647190905566
9917,0.06896223274046973
9918,0.034258625391434774
9919,0.050422059838117136
9920,0.07996609663325055
9921,0.04327803697507435
9922,0.06893837045076069
9923,0.0861987665591007
9924,0.08307978321512965
9925,0.04243460542724338
9926,0.07611823628741303
9927,0.0696252037411053
9928,0.06848832455987655
9929,0.16958538018263744
9930,0.035736309829003624
9931,0.0255401051039341
9932,0.07913005770804699
9933,0.031266704772321526
9934,0.06604350559301868
9935,0.038238108228728446
9936,0.02177120892010943
9937,0.08321358813577906
9938,0.0555600429724509
9939,0.026532919095803673
9940,0.04326735301342448
9941,0.046926001476804834
9942,0.07825557475010513
9943,0.07255578224025486
9944,0.05184038904636907
9945,0.03711852257445201
9946,0.03795471868313874
9947,0.0929351013823161
9948,0.05919355067250269
9949,0.058100552977238124
9950,0.04721808115762529
9951,0.07322300687848374
9952,0.03755135098313596
9953,0.040378129882559295
9954,0.01723682807958939
9955,0.06273386892918557
9956,0.026532919095803673
9957,0.022116669216989338
9958,0.04977034949265542
9959,0.054693354951256754
9960,0.03677676561670511
9961,0.07026228926557843
9962,0.07404932579150987
9963,0.027490938326298578
9964,0.042697526677517354
9965,0.04253389186915257
9966,0.08655662507623361
9967,0.05345901848909076
9968,0.03620019296378086
9969,0.04125387145061212
9970,0.07867663009831218
9971,0.04978216438005881
9972,0.02812336501561259
9973,0.060217847678761434
9974,0.03614214864422595
9975,0.0665863020236589
9976,0.060217847678761434
9977,0.07244871645322483
9978,0.03993174901069127
9979,0.06675117192744227
9980,0.09660800036259844
9981,0.04722197008182837
9982,0.08138401498736406
9983,0.07414502851738983
9984,0.09117862139309134
9985,0.09211134043144903
9986,0.08364696264393766
9987,0.06110320043431068
9988,0.037598754972900016
9989,0.03067147023898891
9990,0.07610288529567742
9991,0.08206701357398583
9992,0.07970032924070275
9993,0.07406085967658123
9994,0.04122386085259467
9995,0.042041135995819434
9996,0.08003236878073076
9997,0.07067033163473668
9998,0.04791881028642637
9999,0.0303401985216531
10000,0.07562412971287195
10001,0.07329767980470578
10002,0.12249556808396242
10003,0.06940984677510435
10004,0.030951304817446054
10005,0.03723767071018414
10006,0.031463012373970964
10007,0.04904136600768167
10008,0.021566729958978337
10009,0.03288027731154236
10010,0.045292705857212213
10011,0.04113907707207467
10012,0.028323029339733873
10013,0.08245389282412001
10014,0.1317022376054617
10015,0.07304293511755168
10016,0.07752658286827599
10017,0.07622959258889044
10018,0.07229224695433834
10019,0.1148502163376677
10020,0.09171713983370512
10021,0.07501533282573769
10022,0.09688213301542946
10023,0.08313263174516879
10024,0.05543705520416471
10025,0.04581055702038223
10026,0.007893792147790492
10027,0.09228340014541965
10028,0.09127299832189228
10029,0.029486610643831603
10030,0.04340245108281801
10031,0.0820100582163891
10032,0.0516929597617472
10033,0.06534318752962764
10034,0.06413597185732309
10035,0.03188170887320688
10036,0.03355588982909668
10037,0.06471678913331125
10038,0.09686844517357851
10039,0.044178482629200655
10040,0.04400843850179086
10041,0.07590385512567488
10042,0.04513935447027697
10043,0.08192482207503471
10044,0.08538342621014904
10045,0.07574215615724396
10046,0.08714730786028971
10047,0.06909068737951371
10048,0.08056838241458882
10049,0.029227153426844975
10050,0.09425546307357122
10051,0.06550826957862264
10052,0.08447801344312733
10053,0.0804098950972701
10054,0.03395170700562647
10055,0.02378644308703873
10056,0.0273098963439702
10057,0.08589590108756685
10058,0.0791877082795533
10059,0.028145941733788725
10060,0.0719337381723384
10061,0.09027593299644834
10062,0.04062270867632181
10063,0.07300068757667856
10064,0.035804059106626235
10065,0.022034108184420986
10066,0.04944305040072484
10067,0.06340089021790855
10068,0.038238108228728446
10069,0.07013738140930267
10070,0.16062720606481645
10071,0.04255399356944664
10072,0.04229131243815415
10073,0.07648701819084085
10074,0.0835328919519865
10075,0.04025475924218386
10076,0.04327803697507435
10077,0.0677413093767908
10078,0.13126329772646353
10079,0.09644346237350991
10080,0.04610373803477013
10081,0.04896341259520913
10082,0.1196720525805293
10083,0.07451756632987483
10084,0.10616182350784137
10085,0.057623184447312854
10086,0.04318764465310277
10087,0.0475267363897356
10088,0.08460145851422109
10089,0.09168899015126643
10090,0.04255622050227947
10091,0.04462203973472268
10092,0.09961647511632506
10093,0.0646264041852011
10094,0.07137010496241004
10095,0.0757454665986802
10096,0.07437148072013876
10097,0.07532829786441363
10098,0.0895615709798261
10099,0.08307978321512965
10100,0.0847239318097217
10101,0.04189746336568371
10102,-0.039284829665297956
10103,0.0744913385240254
10104,0.06628196021085685
10105,0.03814058995231263
10106,0.05408529272889358
10107,0.03468656774153186
10108,0.09817346586706482
10109,0.07591899162860585
10110,0.07184770945197883
10111,0.08954210357664516
10112,0.08337843936353911
10113,0.09606403009652947
10114,0.06749624334942353
10115,0.06601067254652204
10116,0.06764722578355016
10117,0.07742603908831171
10118,0.07329098640962259
10119,-0.0794795044132447
10120,0.08649053579380801
10121,0.07659005823894588
10122,0.03928470990825896
10123,0.04077796951278923
10124,0.07922923733498957
10125,0.06040031369744657
10126,0.08847229244747197
10127,0.028863325970807333
10128,0.08312031380368488
10129,0.06273824994036667
10130,0.07031236093059888
10131,0.0642178710100425
10132,0.04513935447027697
10133,0.06512402264511262
10134,0.0825368464086785
10135,0.042145060437895614
10136,0.0384888957149436
10137,0.05703273644304995
10138,0.04559179757918943
10139,0.040103902893314294
10140,0.044384197391759604
10141,0.09657461927316648
10142,0.030852232902850905
10143,0.03330199661307813
10144,0.0683836146361122
10145,0.04102502499626984
10146,0.07121768347883163
10147,0.07148280445308973
10148,0.030813246848535328
10149,0.04100088109663196
10150,0.07691284280808561
10151,0.02192692102799409
10152,0.08171176555304646
10153,0.04357000026628577
10154,0.03385809508076448
10155,0.05046177912078634
10156,0.06204141168873942
10157,0.04507011708699392
10158,0.03137639396007555
10159,0.030304548516804086
10160,0.048010983500552544
10161,0.05327294069966984
10162,-0.038982024309599385
10163,0.033689758118588056
10164,0.06774725980252025
10165,0.05085457474008939
10166,0.035358141221002094
10167,0.08087253108729182
10168,0.016948400259903754
10169,0.05890837153099767
10170,0.03194938945038767
10171,0.03832874395753533
10172,0.07655020727352277
10173,0.07198181525316781
10174,0.029544393945220734
10175,0.06786847773303321
10176,0.0690213984089317
10177,0.03104501550881801
10178,0.08873402762578893
10179,0.0734414451789013
10180,0.029026122137980673
10181,0.03821621634615961
10182,0.0018841323864780062
10183,0.0673629401924033
10184,0.04292335650537686
10185,0.021566729958978337
10186,-0.1070316398489099
10187,0.07748900371873615
10188,0.0416495942144218
10189,0.04468674606170663
10190,0.06957794478886065
10191,-0.035763281868092356
10192,0.06342340622153277
10193,0.05298443918397889
10194,0.10045126929751817
10195,0.07940656598037209
10196,0.041163166887598426
10197,0.1469264395781273
10198,0.08185529207205851
10199,0.04300545106002091
10200,0.08101964985749706
10201,0.035770475758284674
10202,0.04375591994712272
10203,0.05655280712408459
10204,0.04887260892270892
10205,0.029453475822606708
10206,0.03276750703200765
10207,0.02964708791745634
10208,0.0401415832174409
10209,0.03033511017092811
10210,0.07678775660249249
10211,0.07278146001608274
10212,0.05905681677925239
10213,0.08549001847652062
10214,0.07648036467348515
10215,0.029004300832083232
10216,0.0516929597617472
10217,0.18586447303875014
10218,0.04362867751987634
10219,0.05395955258034613
10220,0.10305875036860934
10221,0.08371838379451788
10222,0.05783288689934383
10223,0.06868750453434828
10224,0.08039611704747668
10225,0.04800283373859396
10226,0.10740662376945423
10227,0.052276631585575696
10228,0.034892951991340675
10229,0.061043026014160555
10230,0.04055245618474047
10231,0.07077236181231678
10232,0.03465071462862255
10233,0.07861313454935767
10234,0.07087662768534947
10235,0.07275159633892829
10236,0.09979894708932963
10237,0.11567848393295
10238,0.04552108656438315
10239,0.034684638579841894
10240,0.08362984640542642
10241,0.09051391617887558
10242,0.08205251240606502
10243,0.16071442762827734
10244,0.03933535385485496
10245,0.05926285325249639
10246,0.06490668856495276
10247,0.039845865615078614
10248,0.061019489510940134
10249,0.06341326982993074
10250,0.08017422913174013
10251,0.0797951813853867
10252,0.09392311876987716
10253,0.08181382712076138
10254,0.06812524756176792
10255,0.04178203414416212
10256,0.03460059765509812
10257,0.039243712301083006
10258,0.07556516683771862
10259,0.03823487208031878
10260,0.061601244871210756
10261,0.032216014996874875
10262,0.04149660400432478
10263,0.09758312510233529
10264,0.04583680579847145
10265,0.040222953732972515
10266,0.07755106218480222
10267,0.06155686920256
10268,0.04956746656653833
10269,0.07663252387888977
10270,0.07671859529316379
10271,0.062106919058696516
10272,0.09499944309083175
10273,0.04972586638358046
10274,0.10596644488262699
10275,0.04805018536358265
10276,0.05739134096977972
10277,0.08562472740708137
10278,0.03312159234585173
10279,0.08985354297566442
10280,0.03835338458527221
10281,0.027468064954898282
10282,0.03994638482316988
10283,0.09111514084719391
10284,0.07829401168273571
10285,0.026476827175883084
10286,-0.007879732002132548
10287,0.04390406293420024
10288,0.06974402624448996
10289,0.0780635953321757
10290,0.02469814051252427
10291,0.0475684432063243
10292,0.05838787007757433
10293,0.04668680393472727
10294,0.0785425607559031
10295,0.059231992877615026
10296,0.06650870170757138
10297,0.08181264096159388
10298,0.04248934073878791
10299,0.0597436299702709
10300,0.04068992707636013
10301,0.08075063948484835
10302,0.056970787275550744
10303,0.07496620551867415
10304,0.07226017789571976
10305,0.02646955550377193
10306,0.057243300642770334
10307,0.05843884415617069
10308,0.0676062049739038
10309,0.03991695535719124
10310,0.04540064652372304
10311,0.05149519995104467
10312,0.06345399675420536
10313,0.03112687784371271
10314,0.08219057019261992
10315,0.059517561870080116
10316,0.07275159633892829
10317,0.08330199528688309
10318,0.09597787509334677
10319,0.08330797871058922
10320,0.06604577661791254
10321,0.03734566836672675
10322,0.042896266960985294
10323,0.09912214958587602
10324,0.08412241964264049
10325,0.02502554078384795
10326,0.1116459159097945
10327,0.03757112129215154
10328,-0.08567481103301448
10329,0.03979072163809891
10330,0.078182903123184
10331,0.07704386948356326
10332,0.04011133817149029
10333,0.07039935335753095
10334,0.14623322207430658
10335,0.07282012108470379
10336,0.03536409716573088
10337,0.03914612483603095
10338,0.06607600054147653
10339,0.03215360852302339
10340,0.028457101999631255
10341,0.038522370601173854
10342,0.06632651103770931
10343,0.08454575713701637
10344,0.06931781283355946
10345,0.04031291326410339
10346,0.10152947329242609
10347,0.08023924267386111
10348,0.03870872353399845
10349,0.03982131154499431
10350,0.0641304791636729
10351,0.06705458040945103
10352,0.04606797255233728
10353,0.0745158587211151
10354,0.07141244061598315
10355,0.13681268976019847
10356,0.07998320810651334
10357,0.04080436242735269
10358,0.08101863923539136
10359,0.024267197043004906
10360,0.06739570450894605
10361,0.09124625827946384
10362,0.07685323081615826
10363,0.05191043966177382
10364,0.07805931802611597
10365,0.08448569444126833
10366,0.03770080149286626
10367,0.03868134549776446
10368,0.04522782345926347
10369,0.08203736310635693
10370,0.08648468377630193
10371,0.036251910502773994
10372,0.05120598182319524
10373,0.03384702521810265
10374,0.07315127034425906
10375,0.0410898958111379
10376,0.06933562371275644
10377,0.003207177858731007
10378,0.03763442770166828
10379,0.09620891555974398
10380,0.09374374827598604
10381,0.02987285559015906
10382,0.03865555477872774
10383,0.07182977276315979
10384,0.034934472536680784
10385,0.08172281546799486
10386,0.084547325384885
10387,-0.008868099305701411
10388,0.06695182408149215
10389,0.07729524579518783
10390,0.04061806621790633
10391,0.0977550568180355
10392,0.0836361691673817
10393,0.06566902993328298
10394,0.04752944045192432
10395,0.06516994325284134
10396,0.0824416030406904
10397,0.08348962701102827
10398,0.05895019211652247
10399,0.055600841315321316
10400,0.06292787221233401
10401,0.10149579228418144
10402,0.04143843520694529
10403,0.07763392291103073
10404,0.04636923728305594
10405,0.07207198298606148
10406,0.07175276201299848
10407,0.028943700384784953
10408,0.07141146036949174
10409,0.06400129115651691
10410,0.04083819304210578
10411,0.03242397160986127
10412,0.07624279545814351
10413,0.06503635954584601
10414,0.07435134646766786
10415,0.04100088109663196
10416,0.029607115728246338
10417,-0.06374842980426937
10418,0.03967863012072945
10419,0.07704084410084606
10420,0.04178203414416212
10421,0.10355932274471437
10422,0.040751720232145246
10423,0.044687958347204786
10424,0.009530407950987198
10425,0.08777763185939948
10426,0.03200161919738604
10427,0.04495216448416753
10428,0.07504595607271099
10429,0.034258625391434774
10430,0.06636329859989473
10431,0.06898904505523226
10432,0.062250250871732284
10433,0.049557426471952805
10434,0.07234505024691514
10435,0.08068703712412338
10436,0.07179660168472383
10437,0.05117455349238739
10438,0.06343106614786244
10439,0.02832065106111283
10440,0.06719984831060483
10441,0.031577127218519574
10442,0.03790136423451029
10443,0.04825231821822155
10444,0.014042342380210418
10445,0.07088151027735386
10446,0.08439277422266882
10447,0.03912659122505391
10448,0.08612344634371664
10449,0.03788083644650543
10450,0.10730381648505992
10451,0.045255474286369175
10452,0.07650354350419163
10453,0.04312739922206542
10454,0.0395878033026231
10455,0.0296992263653389
10456,0.06862457321912661
10457,0.04547946284819452
10458,0.07975216960676965
10459,0.11842118487019278
10460,0.07527683659938772
10461,0.08107682154099465
10462,0.0770537655717311
10463,0.08159879654825274
10464,0.04388028225562528
10465,0.07122769471475875
10466,0.04306829104435565
10467,0.04145447418979689
10468,0.10736649144018427
10469,0.08300491902547474
10470,0.04143843520694529
10471,0.07738503542584256
10472,0.0865100319386762
10473,0.045324835599881694
10474,0.0384607616003661
10475,0.08150604164644264
10476,-0.09328877718907645
10477,0.03060433807685876
10478,0.03890523460301445
10479,0.029891860847440884
10480,0.034717381596225415
10481,0.06903356369492364
10482,0.07017436616560012
10483,0.04512603741999546
10484,0.07978241396490768
10485,0.07280374904308841
10486,0.031937087676509844
10487,0.03282549086904215
10488,0.01645020098968606
10489,0.07343546739662082
10490,0.0390257302297446
10491,0.03437645830407335
10492,0.06474922187258526
10493,0.08872196042711983
10494,0.08221222841565051
10495,0.03397734209133601
10496,0.05990450976565399
10497,0.04130662038331408
10498,0.045382335226308974
10499,0.03662969369665528
10500,0.08398557851264529
10501,0.08117668101793576
10502,0.03825852861625103
10503,0.027344057882792382
10504,0.07652651564659335
10505,0.07026228926557843
10506,0.04604096507810351
10507,0.08053018797487764
10508,0.08073383280752017
10509,0.10376775978615876
10510,0.06954976634986464
10511,0.05039725905929467
10512,0.048034168332293306
10513,-0.07041336193825506
10514,0.07645952868931655
10515,0.05251883105493503
10516,0.06102259618583376
10517,0.02177120892010943
10518,0.03762718868456189
10519,0.05357631083560767
10520,0.08172281546799486
10521,0.1309758703886409
10522,0.05333869770527891
10523,0.04830134463157799
10524,0.06300526386164415
10525,0.0385521868067012
10526,0.07748390882257686
10527,0.025270798827294896
10528,0.05102467673686552
10529,0.06555058444908515
10530,0.06439908009173982
10531,0.08338238917610813
10532,0.07923452085404349
10533,0.08763910596634501
10534,0.044861189176975264
10535,0.06103205006900781
10536,0.1030851454542314
10537,0.04864355705625758
10538,0.04404334285287693
10539,0.03963726704606542
10540,0.06432835398063864
10541,0.040588865935812055
10542,0.07416639734101917
10543,0.03976531158140242
10544,0.0384888957149436
10545,0.03518354115929057
10546,0.04227282263490651
10547,0.042182203884229524
10548,0.04720161080901309
10549,0.034259557237676444
10550,0.028391368514134253
10551,0.05752213993483534
10552,0.07630556655828963
10553,0.08576790059996295
10554,0.060880744738297306
10555,0.07334094953711628
10556,0.03391681069571178
10557,0.06805668222508231
10558,-0.05350280465617487
10559,0.07862558480289306
10560,0.0844859616911884
10561,0.05814586423970248
10562,0.042301355233775935
10563,0.04426607925935661
10564,0.06767847721147888
10565,0.05709374373154544
10566,0.08695744605722483
10567,0.08303949678132218
10568,0.09240802422553168
10569,0.02000809397326247
10570,0.02832065106111283
10571,0.07677549921087698
10572,0.03011935416607903
10573,0.07141263234881802
10574,0.021300120621400548
10575,0.08228866252964898
10576,0.08484079788302644
10577,0.04833005630523989
10578,0.07390094717105752
10579,0.0719337381723384
10580,0.08371838379451788
10581,0.04132020764670982
10582,0.09719373869824356
10583,0.04609134607624618
10584,0.04679928219461301
10585,0.039521526523376795
10586,0.06792120720655091
10587,0.07421188061073111
10588,0.06562345295562941
10589,0.0751570370761844
10590,0.036701150792312044
10591,0.08733572320424804
10592,0.10937226162621781
10593,0.03847015506773253
10594,0.017613745719673543
10595,0.07713371703110095
10596,0.07545510411966816
10597,0.036396674414525
10598,0.06309214356021484
10599,0.045835415939056275
10600,0.0776774910468635
10601,0.0728947149158032
10602,0.08531619611189516
10603,0.037186852306791834
10604,0.04823860179772861
10605,-0.008325875381997593
10606,0.051284596082952466
10607,0.04241690524541614
10608,0.07518166381928118
10609,0.08864958191053071
10610,0.04636124078922384
10611,0.0748036264666429
10612,0.020516171278796992
10613,0.05338234496691169
10614,0.07736809555095726
10615,0.04096604482314831
10616,0.05040511468035901
10617,0.03246766325862605
10618,0.02990774367553656
10619,0.08875516736402358
10620,0.0785118211287869
10621,0.039958744984140614
10622,0.0278903615970061
10623,0.04094513095106968
10624,0.08940195256282144
10625,0.03554456980201204
10626,0.03941561247485965
10627,0.03890523460301445
10628,0.06369816228333741
10629,0.051635398531241
10630,0.04625537781946981
10631,0.07549086018030943
10632,0.04633674528978001
10633,0.09062646372985739
10634,0.05030872993032844
10635,0.0676062049739038
10636,0.041061253595028234
10637,0.043160919443396784
10638,0.032970017703441476
10639,0.07752658286827599
10640,0.06504771506197211
10641,0.06048865423710991
10642,0.06700858338538569
10643,0.09189462289136624
10644,0.04083819304210578
10645,0.03134975406777884
10646,0.06822518264732044
10647,0.06739570450894605
10648,0.0718943453933951
10649,0.040723130004538914
10650,0.10241751391870008
10651,0.028396925233435386
10652,0.03425666053398511
10653,0.031191037561539542
10654,0.057177240442859996
10655,0.0692763636604112
10656,0.021566729958978337
10657,0.12606312566261874
10658,0.0331450029685241
10659,0.04965171934973078
10660,0.08151626349437108
10661,0.054817535720593884
10662,0.07121648186417061
10663,0.07665269358460343
10664,0.09742780907662159
10665,0.06583392542358904
10666,0.08805914361187217
10667,0.037173058835994394
10668,0.05179888985221116
10669,0.03404194535249286
10670,0.03371715088437579
10671,0.0908032142600696
10672,0.045938705365085035
10673,0.06977213058497617
10674,0.08330032660271412
10675,0.042182203884229524
10676,0.03432916922651001
10677,0.08168746589350057
10678,0.2107126356125989
10679,0.0455601348951324
10680,0.0625026145463639
10681,0.07269597617238942
10682,0.048427133620401526
10683,0.040616367215216505
10684,0.08016402434728556
10685,0.08904907454938422
10686,0.044340200353681636
10687,0.08890082420442197
10688,0.03085883599652312
10689,0.042407224140648896
10690,0.09257042710792258
10691,0.04919547112211412
10692,0.0806405468339146
10693,0.050571428609244136
10694,0.0721620661649883
10695,0.07619133011832348
10696,0.03239595615942461
10697,0.09384483362685808
10698,0.08215909198736551
10699,0.06406262325446929
10700,0.05291491745182515
10701,0.08317389781493482
10702,0.06399695278437256
10703,0.03626592899535903
10704,0.07315127034425906
10705,0.0638279408831112
10706,0.08368279162152889
10707,0.06857063481878725
10708,0.09087791202885559
10709,-0.005705424645825763
10710,0.11286306129239886
10711,0.038586963725290684
10712,0.09647124488432852
10713,0.07139689862805655
10714,0.06432370254525868
10715,0.07184770945197883
10716,0.041673739186731916
10717,0.05740250836485386
10718,0.0716754631351064
10719,0.07410951754639436
10720,0.04076283701769822
10721,0.0451989541469219
10722,0.04791922736834508
10723,0.0690213984089317
10724,0.03847079079935691
10725,0.03441172634693916
10726,0.03448759439795157
10727,0.03245656265732941
10728,0.02106951445122397
10729,0.07942548142947085
10730,0.09287133295912049
10731,0.02455722364406459
10732,0.05392463597709145
10733,0.08038353823294442
10734,0.01585999806338845
10735,0.0631407542716635
10736,0.07831629818978919
10737,0.09858034658886945
10738,0.08101857255996002
10739,0.045975570488372794
10740,0.03993174901069127
10741,0.06622237781627645
10742,0.03982742022434667
10743,0.05760668676897482
10744,0.06205215618368535
10745,0.07885315914563269
10746,0.04423147621707299
10747,0.0396640130370035
10748,0.08868868676042137
10749,0.09908858716065605
10750,0.05992669241032631
10751,0.03004201696797721
10752,0.050413981630397835
10753,0.04442413992241495
10754,0.04130576637613153
10755,0.04618016035076763
10756,0.06974402624448996
10757,0.04222652402230791
10758,0.060735251181367585
10759,0.08660374261718065
10760,0.03711623787658707
10761,0.07478292943430576
10762,0.07058242338839342
10763,0.06992518410117983
10764,0.04327493190476908
10765,0.037302300252953766
10766,0.08327403545115689
10767,0.08162892206088525
10768,0.13780124643680294
10769,0.06645801884355369
10770,0.06954393600990336
10771,0.06444537885594923
10772,0.07016470369703139
10773,0.050043921559469025
10774,0.09714803845738543
10775,0.0507505473776272
10776,0.0626845473163501
10777,0.07913005770804699
10778,0.07391006228647798
10779,0.03153664351846066
10780,0.07179660168472383
10781,0.021319517928295704
10782,0.0431705045279617
10783,0.04201546702002561
10784,0.034967546909927545
10785,0.09168682941242269
10786,0.017211423763736137
10787,0.0667273691809118
10788,0.04217095476652995
10789,0.06911058477242671
10790,0.06551030140452246
10791,0.07740897402804929
10792,0.06566511639776441
10793,0.0433320933088486
10794,0.09951616814946185
10795,0.031142279902051522
10796,0.08633469042503444
10797,0.0861757991114086
10798,0.08327701729830789
10799,0.06311513669443128
10800,0.04104036217336088
10801,0.04214059656658797
10802,0.01656770088900865
10803,0.08377558595951237
10804,0.04400909546639744
10805,0.08713774090960526
10806,0.0768940474058798
10807,0.03223174612189848
10808,-0.094638513163695
10809,0.03517782358742877
10810,0.07420390769498315
10811,0.08323591268829642
10812,0.07492485285158958
10813,0.08032663129159133
10814,0.07021376994486317
10815,-0.015571987120706357
10816,0.09065877122605004
10817,0.03795837852655436
10818,0.030333957008604338
10819,0.04307137593347934
10820,0.03930497458970529
10821,0.04765543582987779
10822,0.09532900251055203
10823,0.039830695993197926
10824,0.07759649426753838
10825,0.0765150101389316
10826,0.09835610716911905
10827,0.03256479786548912
10828,0.03398787612224882
10829,0.0188600037164635
10830,0.04801893993061967
10831,0.038123059047769484
10832,0.031382877890179246
10833,0.031607832765607295
10834,0.0815553076600816
10835,0.07611980033923667
10836,0.06978221542786754
10837,0.05291491745182515
10838,0.07792563773965497
10839,0.048125920946163775
10840,0.03345254988929153
10841,0.08258003250558028
10842,0.037112320508882087
10843,0.03201955945253972
10844,0.04350398377738391
10845,0.028038794387243122
10846,0.06758472418059393
10847,0.030664206547915917
10848,0.035937536978165034
10849,0.08998871279600573
10850,0.04138672734238864
10851,0.06605406453100651
10852,0.036383290761495525
10853,0.0037934317631382187
10854,0.071961594819186
10855,0.038253808731807885
10856,-0.05398780588328945
10857,0.08800536364396327
10858,0.011097830764705998
10859,0.03737662746498541
10860,0.07605758497238689
10861,0.037050770594644136
10862,0.10200877528590681
10863,0.08251182220836245
10864,0.08241535113836401
10865,0.03788593542480987
10866,0.07985652801797953
10867,0.03968417422923428
10868,0.06164243521771413
10869,0.08493955247617029
10870,0.04081087640640442
10871,0.04770083498187201
10872,0.0813617124510226
10873,0.036848991990455125
10874,0.041376381623888764
10875,0.08199177096322652
10876,0.04062270867632181
10877,0.05168121997654349
10878,0.05906363940090074
10879,0.07129518082054048
10880,0.039243712301083006
10881,0.06750269580028263
10882,0.06494730889676449
10883,0.042355215989637054
10884,0.07357237851245065
10885,-0.06521109725144046
10886,0.12606312566261874
10887,0.03179912994441483
10888,0.02876641529956609
10889,0.09384483362685808
10890,0.05698026321893144
10891,0.04519019757019243
10892,0.07149222822444971
10893,0.033224278595342535
10894,0.05482974660892669
10895,0.1730945911583812
10896,0.04444250144957932
10897,0.03907901080239015
10898,0.043079784188183305
10899,0.03696586947560798
10900,0.08225657534447046
10901,0.06135117373529833
10902,0.12975193071818011
10903,0.08853215300642324
10904,0.019794927201521227
10905,0.04545119223445528
10906,0.0689412813915769
10907,0.07381828542290486
10908,0.08086903210913095
10909,0.08900642682680272
10910,0.03838970922346164
10911,0.07027787964520417
10912,0.04796078119686587
10913,0.07627254227602781
10914,0.0838019023246352
10915,0.026532919095803673
10916,0.09095620409302702
10917,0.07659005823894588
10918,0.0719337381723384
10919,0.07657802019117815
10920,0.03518354115929057
10921,0.03748089254864786
10922,0.040938609873340866
10923,0.06764722578355016
10924,0.10231666496014581
10925,0.10428976893301639
10926,0.09004999604040922
10927,0.07897653328223772
10928,0.06447286771802131
10929,0.08932806995842317
10930,0.04100088109663196
10931,0.07470219524053615
10932,0.029999755876164415
10933,0.03142387657161115
10934,0.08096743728596778
10935,0.05662081706179574
10936,0.06267436103484161
10937,0.040882041907249714
10938,0.07348113604743581
10939,0.07277931069845243
10940,0.06617995869580669
10941,0.03765443951402034
10942,0.09683690768876024
10943,0.076886404580394
10944,0.04062270867632181
10945,0.03331497143931747
10946,0.09406023547493919
10947,0.039635460461664634
10948,0.029982704700320464
10949,0.07936168244013066
10950,0.1196720525805293
10951,0.07381131392159086
10952,0.032082158583117686
10953,0.041097832794971714
10954,0.04086145412495102
10955,0.07680396113043106
10956,0.06455093693778491
10957,0.07973227054960595
10958,0.04791409847496089
10959,0.10691527729159464
10960,0.06484029882720463
10961,0.06806885366357023
10962,0.05711553722575435
10963,0.06644277323748134
10964,0.04919547112211412
10965,0.026235603900227177
10966,0.06304594437061677
10967,0.07185647815981747
10968,0.027596674190254716
10969,0.07489094384044598
10970,0.031261375866359825
10971,0.07966989435571278
10972,0.09902857595408791
10973,0.04699507576492497
10974,0.0799834228484585
10975,0.0485973611169261
10976,0.10495199208008028
10977,0.040912756637684386
10978,0.0876011653952
10979,0.08028644278525522
10980,0.03999152346744562
10981,0.09776357411712219
10982,0.10247338293908058
10983,0.047980249199021385
10984,0.07678259406049351
10985,0.01672985887628513
10986,0.07985137572284808
10987,0.08243924585202332
10988,0.0738190231635581
10989,0.04703946950034714
10990,0.05548233122550481
10991,0.04264955894465974
10992,0.2230734968748057
10993,0.07065604683036728
10994,0.09139323534912845
10995,0.08856798718257133
10996,0.040588865935812055
10997,0.06100369636612602
10998,0.017238659283385468
10999,0.07257499212176342
11000,0.0396463197247161
11001,0.08750597975677275
11002,0.07682419207438382
11003,0.026745303621878505
11004,0.04021330919756552
11005,0.07325979181720833
11006,0.035411125880275
11007,0.06496431462594233
11008,0.0389728186775133
11009,0.06954393600990336
11010,0.08540160729063445
11011,0.07026228926557843
11012,0.05140156049183289
11013,0.05970589306820744
11014,0.018564908547003326
11015,0.04807415309681244
11016,0.0834476422514836
11017,0.07916368216461624
11018,0.05074848257960156
11019,0.037899655569447306
11020,0.18235114489443202
11021,0.07923357896006189
11022,0.07791493083375572
11023,0.04022667238910639
11024,0.08603983060031135
11025,0.06324800612592157
11026,0.05476375383617189
11027,0.05438688658604617
11028,0.0753340842887365
11029,0.0955676380500207
11030,0.03265786313898538
11031,0.03068215877351159
11032,0.02963903775767197
11033,0.09946911502608519
11034,0.04663828721042798
11035,0.07331832497577245
11036,0.03927775427812727
11037,0.06594644543348104
11038,0.05430535134607231
11039,0.07543507752490917
11040,0.07148280445308973
11041,0.0561925985685463
11042,0.045835364681960374
11043,0.02861139982360252
11044,0.030577325636660824
11045,0.05660059842818341
11046,0.08325780171056277
11047,0.036276803780835476
11048,0.07293305238962977
11049,0.04460803401767785
11050,0.08496230875865991
11051,0.07087611588962173
11052,0.017393662983642557
11053,0.141064509239177
11054,0.11357315015082753
11055,0.038313227210724964
11056,0.08110533099472661
11057,0.09278612076788402
11058,0.08947498153079618
11059,0.05171244430380347
11060,0.024536614148834634
11061,0.043795842117854186
11062,0.07143971122737212
11063,0.028746614844999664
11064,0.1314678407751644
11065,0.037884306651569756
11066,0.0690213984089317
11067,0.051220378935526646
11068,0.06974402624448996
11069,0.04143843520694529
11070,0.07715922250797921
11071,0.057583704331808455
11072,0.0373417094569263
11073,0.06999785612211509
11074,0.062106919058696516
11075,0.08290292622440157
11076,0.08663763994160542
11077,0.04272899296330324
11078,0.035503031951490856
11079,0.036734288495773156
11080,0.045703441057267404
11081,0.13258721605185028
11082,0.05109170468008612
11083,0.029526615398756725
11084,0.04973424046727312
11085,0.03265786313898538
11086,0.04009760130253035
11087,0.08904567693936145
11088,0.06507393779941296
11089,0.09235054856808161
11090,0.07300068757667856
11091,0.058538488733263006
11092,0.02057980977824154
11093,0.09823499262881798
11094,0.07152434867890338
11095,0.14728893474788687
11096,0.03363722374084846
11097,0.04286058736776623
11098,0.07414395371274005
11099,0.09933863833276572
11100,0.04021362938827514
11101,0.07143971122737212
11102,-0.05003279458697693
11103,0.0744913385240254
11104,0.08578544810871545
11105,0.07245554160574
11106,0.06297843042766235
11107,0.009370863916341472
11108,0.06702942248870125
11109,0.05982967767940262
11110,0.042099729633750055
11111,0.04402632434134264
11112,0.03868134549776446
11113,0.07409249830575448
11114,0.06573604559553292
11115,0.053481814741202546
11116,0.08267605659378968
11117,0.07681566476936487
11118,0.02812336501561259
11119,0.06427759631632841
11120,0.031331068763272345
11121,0.08291803945859677
11122,0.08042813978122108
11123,0.09069932428799417
11124,0.07374097004538788
11125,0.0833615052695975
11126,0.07470219524053615
11127,0.03260957794169214
11128,0.04570176121006316
11129,0.05189103638479777
11130,0.04907306842398114
11131,0.09174727035122661
11132,0.07711036078583444
11133,0.04571954750294153
11134,0.04191709687423608
11135,0.0795859885488101
11136,0.07000762729778073
11137,0.06169961744862979
11138,0.035734315076117976
11139,0.016714671294907675
11140,0.11714873967904836
11141,0.053093850117813354
11142,0.03982657943989389
11143,0.07184770945197883
11144,0.03045751232313505
11145,0.07057821185305033
11146,0.0389940603200056
11147,0.07540022162497811
11148,0.008887894589511957
11149,0.05171964152138117
11150,0.07489990367401385
11151,0.03757112129215154
11152,-0.034911575702706685
11153,0.061581572572841754
11154,0.07354224702377675
11155,0.0652321929889772
11156,0.044038156188702604
11157,0.08007485129759755
11158,0.055207003124437416
11159,0.0400753840937374
11160,0.07409541129296476
11161,0.024337156252721686
11162,0.22190936101293224
11163,0.04338271077262228
11164,0.0809651778378536
11165,0.07137010496241004
11166,0.045292705857212213
11167,0.030423390721890528
11168,0.06901452370444022
11169,0.09019357988419431
11170,0.03611828023737844
11171,0.08158750230266194
11172,0.07269800225240007
11173,0.07622959258889044
11174,0.02965533202132407
11175,0.07814046540068359
11176,0.024149240990823766
11177,0.09202833386767292
11178,0.044120628769461406
11179,0.040781672498340624
11180,0.07731102548843681
11181,0.04113995954413408
11182,0.035344008642581574
11183,0.06382174461707119
11184,0.08114958168350452
11185,0.08266127162651188
11186,0.04038589769752639
11187,0.08157715506117631
11188,0.0433320933088486
11189,0.08602408040813525
11190,0.07717993223966318
11191,0.08960943857636716
11192,0.07991489862043828
11193,0.04142429240937631
11194,0.07902048207462532
11195,0.0822849432957614
11196,0.0344154003321696
11197,0.11881101287279046
11198,0.04373119915100774
11199,0.06006356463463716
11200,0.04458142925983533
11201,0.08190256850558
11202,0.04142592972148553
11203,0.037542306243876104
11204,0.08118036310466613
11205,0.04411354942551946
11206,0.07374101482287461
11207,0.07624468023717969
11208,0.07152434867890338
11209,0.02827672398010107
11210,0.025659727434055507
11211,0.03897803990562171
11212,0.04635968133351183
11213,0.03322863451155238
11214,0.05820828509304646
11215,0.02340268389986691
11216,0.04354018123183565
11217,0.07368406592035531
11218,0.039623325395441805
11219,0.04855212108979462
11220,0.03070657650873321
11221,0.05159342000355495
11222,0.04563602932452519
11223,0.07717993223966318
11224,0.07156935029071441
11225,0.03153664351846066
11226,0.10394113170481914
11227,0.0827676491937266
11228,0.04927154293957425
11229,0.07693205540975188
11230,0.036295289442055366
11231,0.035933302205214596
11232,0.03448882644200279
11233,0.06484029882720463
11234,0.08748064842868479
11235,0.09636260995909762
11236,0.07556516683771862
11237,0.09495426179223795
11238,0.07502187477927892
11239,0.12107592569263596
11240,0.031560937105555936
11241,0.0403358432328593
11242,0.029145568419322778
11243,0.07137504313169114
11244,0.07175276201299848
11245,0.08359539525583994
11246,0.02643158584333897
11247,0.07748390882257686
11248,0.07414017869761151
11249,0.036472810208808944
11250,0.04362417915780894
11251,0.03807764389167194
11252,0.04155534270979601
11253,0.07406085967658123
11254,-0.06876878251364892
11255,0.07756619195008084
11256,0.06426082855961442
11257,0.059010635341574504
11258,0.033478666349421725
11259,0.028936638723919727
11260,0.08149413671811273
11261,0.038037409580388606
11262,-0.0036973632419265174
11263,0.04113003582403727
11264,0.046518226326715366
11265,0.02911254254646205
11266,0.08177546165699026
11267,0.027459562266047812
11268,0.057122459735676846
11269,0.03821754816830046
11270,0.08011971031205244
11271,0.05504466831843433
11272,0.015174892241954447
11273,0.07629191311332904
11274,0.078182903123184
11275,0.04300850885972367
11276,0.024267197043004906
11277,0.12606312566261874
11278,0.04374501263914763
11279,0.03915544905595646
11280,0.03358689474342302
11281,0.06345392580104203
11282,0.043369797479328086
11283,0.09951616814946185
11284,0.03037736436988198
11285,0.07596630586754234
11286,0.06570594264351837
11287,0.08828415466594705
11288,0.04528064081386599
11289,0.031937087676509844
11290,0.030237077707655543
11291,0.08565080338395178
11292,0.03094864557288754
11293,0.043799341246911226
11294,0.026081454827868108
11295,0.07923452085404349
11296,0.061787950572979235
11297,0.135825294937009
11298,0.0460510850939485
11299,0.03442981668624968
11300,0.08379223297200676
11301,0.045247288067294444
11302,0.03522520248816982
11303,0.07692603707102069
11304,0.08237060121322322
11305,0.10523301119369705
11306,0.040882041907249714
11307,0.03628545951265227
11308,0.03234066302932371
11309,0.016672613426689343
11310,0.05591201333761475
11311,0.07928078805770736
11312,0.037636641475687904
11313,0.0406240084168834
11314,0.21200247024509838
11315,0.07885761266913106
11316,0.03501237847624672
11317,0.04019144547999984
11318,0.03688012201241573
11319,0.0929783036109352
11320,0.04300850885972367
11321,0.03343363381495419
11322,0.042570715471066195
11323,0.09841067301961776
11324,0.04745421917342853
11325,0.06427759631632841
11326,-0.1064599965067115
11327,0.07438669525748702
11328,0.07190217341238304
11329,0.07967436134331772
11330,0.07680241876828212
11331,0.02876641529956609
11332,0.061254625113165144
11333,0.0640382645943032
11334,0.03818559696368103
11335,0.07811953972487706
11336,0.06267436103484161
11337,0.0770275000596059
11338,0.042430832499378915
11339,0.0815184918605961
11340,0.10231666496014581
11341,0.06823107164629745
11342,0.11532387443893859
11343,0.03732086053444996
11344,0.029821180419138886
11345,0.07906969057460288
11346,0.035471102888265625
11347,0.07741773008631223
11348,0.07721664610105929
11349,0.043993353927337206
11350,0.04101123119722074
11351,0.07191150903424459
11352,0.04983256124097535
11353,0.0813617124510226
11354,0.07948222015287046
11355,0.060880744738297306
11356,0.03436814711683149
11357,0.07427704407733991
11358,0.0773529025717676
11359,0.04362801253862004
11360,0.026343696653337797
11361,0.039919736159389506
11362,0.0795429406219933
11363,0.04726270729953245
11364,0.07247355153586993
11365,0.04542604257004362
11366,0.06796347980070322
11367,0.06308706645426528
11368,0.08009071489072321
11369,0.14836287811521381
11370,0.036951647397071435
11371,0.05813905977422049
11372,0.09592709343605212
11373,0.03283005210270671
11374,0.07665269358460343
11375,0.04438354000141391
11376,0.03231927254011482
11377,0.11739511543821064
11378,0.04730239401027089
11379,0.0728512587065854
11380,0.0599094265086978
11381,0.03934655372381834
11382,0.08778003625521671
11383,0.03952146502876178
11384,0.0690213984089317
11385,0.07288180499099699
11386,0.07659005823894588
11387,0.036394781203353224
11388,0.07560047159137143
11389,0.07235315593779644
11390,0.03659314522607389
11391,0.03766807808787601
11392,0.03876706020814044
11393,0.07246447356624222
11394,0.07691822624565933
11395,0.03493729588448588
11396,0.03782615821540683
11397,0.07819337263924746
11398,0.06836020306870007
11399,0.04071255597195225
11400,0.045928576656613096
11401,0.0811605447695347
11402,0.048800640233683155
11403,0.08385264027447542
11404,0.03662969369665528
11405,0.09295983653745324
11406,0.04111193841855276
11407,0.07274155947050984
11408,0.1125995113874852
11409,0.04683579864106997
11410,0.06620452520032886
11411,0.06714388308055558
11412,0.07948450510261935
11413,0.09398378130827917
11414,0.07704382857783741
11415,0.02067039625393116
11416,0.08444626836333174
11417,0.034217532442362815
11418,0.07255216794819264
11419,0.038231816480912034
11420,0.06536167200582146
11421,0.08226188005104794
11422,0.03880513025417743
11423,0.03382675366731123
11424,0.10725481730569704
11425,0.0629219565562822
11426,0.08851501108175831
11427,0.0337364917651006
11428,0.06817602586737645
11429,0.2011321065170619
11430,0.08712278139147088
11431,0.04754033414652605
11432,0.045404381911156345
11433,0.07398438084142839
11434,0.027808246336041863
11435,0.03501237847624672
11436,0.09064918088972541
11437,0.07459345866286672
11438,0.045743377952549534
11439,0.04314234263260194
11440,0.01352431572883268
11441,0.03737703504425201
11442,0.08608447571676905
11443,0.0911646922415079
11444,0.08209324765161817
11445,0.05000097956945898
11446,0.07117185623662847
11447,0.05872410655565046
11448,0.07598607200949618
11449,0.048234914033742325
11450,0.08983824219668789
11451,0.035221431467354465
11452,0.08588493298076172
11453,0.07264230445632709
11454,0.08525745111243019
11455,0.05690183361650897
11456,0.03597576791545156
11457,0.11949742172967269
11458,0.05003979634931672
11459,0.06532179440353131
11460,0.03533222898391393
11461,0.25826200145955075
11462,0.044680521559682586
11463,0.03198586814755115
11464,0.03448882644200279
11465,0.08055164876863669
11466,0.04235077922800495
11467,0.04204709363987725
11468,0.04614366310807001
11469,0.02646795426734529
11470,0.04956746656653833
11471,0.08328089866503874
11472,0.04629822986496358
11473,0.0550526357762148
11474,0.08226188005104794
11475,0.0422541936794759
11476,0.07603200079724198
11477,0.07336001101919198
11478,-0.023542520122284222
11479,0.05298443918397889
11480,0.0775422927706025
11481,0.0359191886145343
11482,0.0707562857541088
11483,0.04309238377366809
11484,0.04594487186848526
11485,0.07690178886151548
11486,0.03734371333854256
11487,0.04440745228948272
11488,0.04077083319514914
11489,0.0751929888095246
11490,0.10518202937002939
11491,0.08068827628450467
11492,0.06971999966303671
11493,0.09010365836942252
11494,0.0626616907722095
11495,0.07470219524053615
11496,0.03593204905446853
11497,0.027856059047663972
11498,0.07503178053627918
11499,0.04062270867632181
11500,0.053739775043406074
11501,0.07447503174560714
11502,0.03282030478363765
11503,0.04201253556654315
11504,0.04795502843651766
11505,0.08233249644783125
11506,0.07917610846704796
11507,0.0750901921310803
11508,0.06392632267874745
11509,0.07964246004243099
11510,0.043795842117854186
11511,0.04175197020995193
11512,0.04711950158693367
11513,0.03814008878443338
11514,0.0822908042332856
11515,0.06519460726311968
11516,0.03553001981395861
11517,0.09165383252291394
11518,0.045382768877558405
11519,0.06137147937544754
11520,0.044849763870066256
11521,0.05149519995104467
11522,0.03384338135196377
11523,0.04392454642483521
11524,0.09370663573004943
11525,0.04146163469527412
11526,0.0654080581514354
11527,0.03614214864422595
11528,0.02709926056137427
11529,0.07322974004015703
11530,0.03282030478363765
11531,0.08574372894935252
11532,0.0990927777864001
11533,0.04082920016620963
11534,0.059966127585679076
11535,0.07147699892525351
11536,0.026532919095803673
11537,0.07431805207038773
11538,0.08075348436778829
11539,0.046192070517860354
11540,0.06789651809533732
11541,0.03628346441527443
11542,0.03705503595531787
11543,0.06225880787633264
11544,0.04434965377520728
11545,-0.0005877963880645798
11546,0.07479251879288981
11547,0.12106761010706867
11548,0.07892521573582933
11549,0.07503115906046316
11550,0.07545291577916251
11551,0.0507579525894563
11552,0.04213616076898968
11553,0.060180949406619756
11554,0.06650870170757138
11555,0.0297794523058484
11556,0.08718258382208241
11557,0.0672653355504209
11558,0.04027729971174392
11559,0.043989552171720306
11560,0.09010886568031601
11561,0.025262363690458582
11562,0.08360283965829078
11563,0.07164273956171155
11564,0.0725177241607654
11565,0.08156484620995172
11566,0.07655426249153313
11567,0.052343454632054295
11568,0.06174821620556774
11569,0.09172189102929672
11570,0.049390474015624415
11571,0.03714437456802583
11572,0.07875933527734867
11573,0.12175418649431637
11574,0.08308967682578246
11575,0.05566994266277035
11576,0.03178300575468977
11577,0.07996609663325055
11578,0.03060433807685876
11579,0.07126398042199039
11580,0.03525444922021074
11581,0.0686085506694704
11582,0.03986042300680547
11583,0.07025000832250748
11584,0.041234796836320024
11585,0.03757112129215154
11586,0.07235315593779644
11587,0.03159527257286552
11588,0.06216378637627315
11589,0.0804312445611663
11590,0.040018927064020195
11591,0.05837762160736963
11592,0.03882957731082382
11593,0.05970582221295988
11594,0.07735837209332982
11595,0.07749825165604873
11596,0.0831958267750098
11597,0.029917835911228846
11598,0.04907727164469188
11599,0.0415257796639247
11600,0.03746323249026028
11601,0.04146226535679418
11602,0.071210108790395
11603,0.03123788700893962
11604,0.04639985500204222
11605,0.07397652405237955
11606,0.032041997411425986
11607,0.04122299022732589
11608,0.06404288318629964
11609,0.035161886169228655
11610,0.08398589379496829
11611,0.03765443951402034
11612,0.0791649991583746
11613,0.13211472401606034
11614,0.047113356259668525
11615,0.041908466981940035
11616,0.07470219524053615
11617,0.059133240006959624
11618,0.08669766501401513
11619,0.03131190919510451
11620,0.03907164504576261
11621,0.08241535113836401
11622,0.05710460325950586
11623,0.09531453331157604
11624,0.0704679773089284
11625,0.04873299169706948
11626,0.06309285033984396
11627,0.06830809736647608
11628,0.05275779508945467
11629,0.04257219689605124
11630,0.0834009444682862
11631,0.10231296622230598
11632,0.0385517592916898
11633,0.06293545301415238
11634,0.04656068814006122
11635,0.03977524276502244
11636,0.2003572050512255
11637,0.029498165025614573
11638,0.08055348428379915
11639,0.041253382086031125
11640,0.09166326256767933
11641,0.13868868598560102
11642,0.04498764186000659
11643,0.029397445302045352
11644,0.07663647777337537
11645,0.02706597277533981
11646,0.07864255075432217
11647,0.06446553035042914
11648,0.04683193702394432
11649,0.10056746556891084
11650,0.04482929290298092
11651,0.07347707979572136
11652,0.0423176944600859
11653,0.08132454919135
11654,0.06739896693518176
11655,0.04428243674677504
11656,0.07113189586739749
11657,0.04513935447027697
11658,0.04526324701556758
11659,0.07277931069845243
11660,0.03688012201241573
11661,0.07061686770552476
11662,0.045371046984184454
11663,0.0746329097050208
11664,0.07388005459136396
11665,0.08110060436397903
11666,0.05149519995104467
11667,0.04648456574023102
11668,0.08178613716383375
11669,0.0686085506694704
11670,0.039369905188083275
11671,0.08435749967035559
11672,0.05254681368085002
11673,0.07828980248837844
11674,0.07281242389112191
11675,0.08575785021813692
11676,0.03069020309550213
11677,-0.06568176065520867
11678,0.038726293835657344
11679,0.0717256937852835
11680,0.05540341271128039
11681,0.07626420415799295
11682,0.08556945138862428
11683,0.07408357242581362
11684,0.03734371333854256
11685,0.042118556110285234
11686,0.026643933112753954
11687,0.030087535383599772
11688,0.030355008258222297
11689,0.024618834328131643
11690,0.04594854931030998
11691,0.03518354115929057
11692,0.06952239093845942
11693,0.08109505933310794
11694,0.1050563062346341
11695,0.0350192761291175
11696,-0.12225913625234325
11697,0.06444669531788767
11698,0.03085883599652312
11699,0.03431321562214732
11700,0.03474137519882215
11701,0.027106229820480197
11702,0.0631940299306148
11703,0.07289844212826448
11704,0.03982051176470795
11705,0.08575253244861553
11706,0.02925718181558829
11707,0.09032235845493675
11708,0.048186236099180046
11709,0.07711567467122678
11710,0.08626974545819747
11711,0.02067039625393116
11712,0.07965791834715358
11713,0.0513039310642657
11714,0.044527429396296704
11715,0.03308087632897351
11716,0.0865803544443076
11717,0.07764774175667781
11718,0.03921263730719108
11719,0.05890837153099767
11720,0.04268412474881916
11721,0.07368171219526409
11722,0.06833017045086348
11723,0.04340461629221498
11724,0.08241825097684416
11725,0.045139141098621896
11726,0.012671231281478679
11727,0.07009959985489725
11728,0.07013861523851439
11729,0.028698142292524893
11730,0.09361224611198306
11731,0.07970032924070275
11732,0.040742871732653764
11733,0.0769929816941066
11734,0.04354495937297744
11735,0.09759726249972513
11736,0.060450196598332936
11737,0.028145941733788725
11738,0.07759649426753838
11739,0.08013755237377464
11740,0.07076049012976159
11741,0.036829425957932635
11742,0.03501237847624672
11743,0.08385792942609802
11744,0.07671121152731696
11745,0.08684491852320379
11746,0.06021457962750741
11747,0.08258003250558028
11748,0.029821180419138886
11749,0.07780187748413592
11750,0.07793414396743331
11751,0.03518924979535066
11752,0.08512309724025244
11753,0.07655978002764562
11754,0.06447687547791364
11755,0.04494110629981237
11756,0.02594620479192936
11757,0.024407499284663892
11758,0.060038834567674094
11759,0.060055607688174834
11760,0.0732477250731543
11761,0.04327803697507435
11762,0.09688213301542946
11763,0.06890161942078554
11764,0.07337475780958083
11765,0.06893837045076069
11766,0.03916478440206473
11767,0.08301286581250707
11768,0.10965276993535962
11769,0.03765443951402034
11770,0.035540497114081054
11771,0.06275230342919601
11772,0.05237886979347475
11773,0.0340249484825764
11774,-0.11092091187327474
11775,0.04482410557238778
11776,0.07659005823894588
11777,0.08200968049761577
11778,0.08358555191031447
11779,0.05619367383656883
11780,0.0697339940320566
11781,0.06341119232365416
11782,0.0992235864895053
11783,0.03037736436988198
11784,0.047782647884774224
11785,0.0744913385240254
11786,0.04897676814518542
11787,0.04222749240571044
11788,0.02832065106111283
11789,0.0803048207459705
11790,0.08979570239970086
11791,0.07721437802367034
11792,0.03288027731154236
11793,0.08214459562030133
11794,0.07783345878545628
11795,0.03614214864422595
11796,0.07759649426753838
11797,0.10847921701499104
11798,0.0641481628461431
11799,0.03518354115929057
11800,0.013358251329103864
11801,0.07659005823894588
11802,0.08247244976378781
11803,0.06494513472111517
11804,0.08108449880644115
11805,0.08278684528523106
11806,0.0783247292869358
11807,0.03395798139572076
11808,0.007580944369412903
11809,0.044479576569913505
11810,0.08407337925040304
11811,0.07975834698621237
11812,0.027711413113644223
11813,0.041253382086031125
11814,0.031142279902051522
11815,-0.027275487024303543
11816,0.07384805187954493
11817,0.03699597333094204
11818,0.034525318244115526
11819,0.026289200856744053
11820,0.07493481287599017
11821,0.0302437470395886
11822,0.04124812169352488
11823,0.06296846359018321
11824,0.04387418096971682
11825,0.047557943813139325
11826,0.07374101482287461
11827,0.08681583460955683
11828,0.0760698433130153
11829,0.04825540245841608
11830,0.06110753926828922
11831,0.04751327903220828
11832,0.03939931239118875
11833,0.08449809139747211
11834,0.06930790717081968
11835,0.04461215245028847
11836,0.039746295381424226
11837,0.045833022764028314
11838,0.08473336065849552
11839,0.07949542783468883
11840,0.17352939218455293
11841,0.0679482043500916
11842,0.04105806917490309
11843,0.04216993492433433
11844,0.07763178806089717
11845,0.10556088091856926
11846,0.06414580105575556
11847,0.041648282450376
11848,0.10524037965990804
11849,0.03470577951462118
11850,0.06275230342919601
11851,0.09309281823984536
11852,0.07057821185305033
11853,0.06798161556659074
11854,0.06027931970160951
11855,0.04158434112710596
11856,0.10732741983045731
11857,0.0769544153392622
11858,0.048180147456578455
11859,0.07912186311940653
11860,0.1048078319321363
11861,0.06371450979912949
11862,0.040528141666551075
11863,0.038566395573704344
11864,0.07577860376373742
11865,0.06675117192744227
11866,0.04017020097359845
11867,0.045013148182185846
11868,0.07076309528627958
11869,0.07300068757667856
11870,0.04050014137607572
11871,0.08146496334983286
11872,0.02233525506126248
11873,0.08403853802734008
11874,0.08222154923730125
11875,0.04278474612643352
11876,0.08322328226870225
11877,0.03775632156178998
11878,0.07914117754748937
11879,0.036932242476105666
11880,0.09171110139470903
11881,0.07255578224025486
11882,0.04262245132652155
11883,0.0407164562106556
11884,0.03849524715916655
11885,0.09627420850796511
11886,0.031983311396995395
11887,0.06062088117312006
11888,0.07615925146549989
11889,0.06824600033806844
11890,0.04486748639914237
11891,0.04095590698145716
11892,0.029342423348602247
11893,0.08072964281364771
11894,0.03415291125488269
11895,0.05691501152197434
11896,0.06329293846226347
11897,0.028511608863727278
11898,0.06718701523175118
11899,0.06711933377246865
11900,0.09287643128556906
11901,0.08957781039217906
11902,0.03714437456802583
11903,-0.0010211791808869455
11904,0.029784614820285413
11905,0.0602707074122236
11906,0.07137010496241004
11907,0.034525318244115526
11908,0.0458548131854492
11909,0.06924615926048228
11910,0.04057807094161858
11911,0.030768811225209514
11912,0.26872341189123505
11913,0.042529900289850354
11914,0.0785385034002994
11915,0.03529543011897278
11916,0.03790136423451029
11917,0.04126749280333252
11918,0.06513472967398878
11919,0.05180019043044089
11920,0.08032589344650301
11921,0.03371286182770822
11922,0.019422221517151225
11923,0.06722402403087376
11924,0.03560447559328614
11925,0.06434419701155311
11926,0.039389113509961396
11927,0.03701425549378648
11928,0.0895615709798261
11929,0.09638641912202034
11930,0.03179912994441483
11931,0.03949130379131649
11932,0.05773488056212564
11933,0.05095411624584657
11934,0.05695253911219814
11935,0.037085460688651
11936,0.06180434765939757
11937,0.041131539629452506
11938,0.09317663859909794
11939,0.04983256124097535
11940,0.07947316639484142
11941,0.03659081825387564
11942,0.042544608446222695
11943,0.11401192729204426
11944,0.06739570450894605
11945,0.044274413793711845
11946,0.02925718181558829
11947,0.055754662121824075
11948,0.07420804336114047
11949,0.027703117959638143
11950,0.038487790879094826
11951,0.04009760130253035
11952,0.0991532558722561
11953,0.08634386753565952
11954,0.08469178352254668
11955,0.031472277933605686
11956,0.0746329097050208
11957,0.037233373252898806
11958,0.06615629104888453
11959,0.03481485293981556
11960,0.035272825128355445
11961,0.04009760130253035
11962,0.07556516683771862
11963,0.06666040090874366
11964,0.08714949746722674
11965,0.04001283999494161
11966,0.06545443650413346
11967,0.04599754561305632
11968,0.0718943453933951
11969,0.08440339162957296
11970,0.08917663329916352
11971,0.07627016163881276
11972,0.03391681069571178
11973,0.04032690105337978
11974,0.05189683280975888
11975,0.09336456416949879
11976,0.08974175315323402
11977,0.03445561146348312
11978,0.027616564317860984
11979,0.07840637589354346
11980,0.04300392751384896
11981,0.04141568455771043
11982,0.04899503151260696
11983,0.04679473268932302
11984,0.022277494171462006
11985,0.08237565370822202
11986,0.029131357793239235
11987,0.07091876194218977
11988,0.064707676272015
11989,0.06333593968745688
11990,0.04171038844437145
11991,0.030691675685757733
11992,0.040196466208617165
11993,0.031059185195705673
11994,0.07763145436949265
11995,0.0721620661649883
11996,0.06856339517695381
11997,0.041049256322907735
11998,0.0646158121573367
11999,0.06224509730172024
12000,0.06448825663443929
12001,0.0718943453933951
12002,0.05421979364842196
12003,0.07231090565314247
12004,-0.07239581380083308
12005,0.08460430558414223
12006,0.0746329097050208
12007,0.03734371333854256
12008,0.06736809302145337
12009,0.07659005823894588
12010,0.041889797344120315
12011,0.054217784544538974
12012,0.06635855161472233
12013,0.04679270478062061
12014,0.05094540776061384
12015,0.029057734313848213
12016,0.10048923221159073
12017,0.04907306842398114
12018,0.09592709343605212
12019,0.08880991740892304
12020,-0.018241784202295993
12021,0.041573669487487856
12022,0.1128847079116363
12023,0.06424879566179517
12024,0.04437594713208158
12025,0.041212013891158195
12026,0.08726092845602128
12027,0.04028286092745457
12028,-0.047232547006958246
12029,0.03862718181755518
12030,0.07532314792184551
12031,0.03150231713897936
12032,0.0784764307824532
12033,0.04049390232567433
12034,0.07614070941918433
12035,0.07545510411966816
12036,0.07305481250343997
12037,0.09428404738865936
12038,0.08444210780210021
12039,0.0838903974980549
12040,0.09796766003612914
12041,0.04049390232567433
12042,0.0508462355540572
12043,0.04159340074556922
12044,0.037270504211448466
12045,0.04096751182679466
12046,0.03609467802687619
12047,0.05031750653642666
12048,0.02346571262831445
12049,0.06901452370444022
12050,0.03949130379131649
12051,0.06505157614493698
12052,0.08235517379786648
12053,0.037232035602765445
12054,0.035344008642581574
12055,0.06946780101720805
12056,0.07143523122165947
12057,0.04398872654257274
12058,0.030741357675184378
12059,0.06304594437061677
12060,0.03413328742887397
12061,0.03885186213092371
12062,0.0666338818003019
12063,0.042786940972905085
12064,0.06679349087724465
12065,0.09859011044296101
12066,0.03445585596962154
12067,0.06108066908725839
12068,0.07584478986230558
12069,0.07623407881117221
12070,0.038825713110383096
12071,0.03330281521378838
12072,0.14470594260626243
12073,0.057368759003951796
12074,0.07861957297823345
12075,0.06652597492200299
12076,0.06732774507742717
12077,0.03516937727000245
12078,0.12799674615363543
12079,0.03688012201241573
12080,0.07435134646766786
12081,0.042319267205424206
12082,0.039090698662632546
12083,0.038260876562546293
12084,0.08331322406486674
12085,0.11063167805797297
12086,0.06727103084478524
12087,0.03714437456802583
12088,0.04009760130253035
12089,0.033861650887156335
12090,0.02632179676402085
12091,0.08144743055331367
12092,0.05937998057494008
12093,0.09211921997513864
12094,0.06819791652333668
12095,0.046681370418122994
12096,0.07943312281391862
12097,0.049265563177353124
12098,0.0600636110824384
12099,0.07255216794819264
12100,0.07184770945197883
12101,0.07065604683036728
12102,0.02303097013980736
12103,-0.020335832117555398
12104,0.0801285288906733
12105,0.0690213984089317
12106,0.08684426308748618
12107,0.0703026305587823
12108,0.04843616522010417
12109,0.06901452370444022
12110,0.04054328721132227
12111,0.08108092352035598
12112,0.04208300729899013
12113,0.0795429406219933
12114,0.07527683659938772
12115,0.08973080454813742
12116,0.04041746216369637
12117,0.04397101955724724
12118,0.02758852421005786
12119,0.09424400364666251
12120,0.04420807502897879
12121,0.039825488692105365
12122,0.07516418246149689
12123,0.08127605276281569
12124,0.10119107048208485
12125,0.04372222490510118
12126,0.08323499612614832
12127,0.07379649049722489
12128,0.08172476180596068
12129,0.0768305783127436
12130,0.0703851817906083
12131,0.03027111640589884
12132,0.0750262375093404
12133,0.045412877411692365
12134,0.08005656450467855
12135,0.08556444634460647
12136,0.06698197423012114
12137,0.06888819951810034
12138,0.05112212832199323
12139,0.029346462583637843
12140,0.03912659122505391
12141,0.03313119571056215
12142,0.08235517379786648
12143,0.0750262375093404
12144,0.03900335450389639
12145,-0.0018141126379737163
12146,0.043220603072228074
12147,0.04568054189170983
12148,0.031937087676509844
12149,0.04983256124097535
12150,0.03990442331953394
12151,0.0887882170511483
12152,0.07530433670280004
12153,0.04282695769099864
12154,0.024309583974816466
12155,0.06161617019990317
12156,0.043915170322202435
12157,0.10001710301313618
12158,0.09284244461837753
12159,0.07115622023985824
12160,0.07449019663845236
12161,0.07559294800836856
12162,0.06283043737320274
12163,0.07145717706257107
12164,0.03433890748349119
12165,0.02193208220179895
12166,0.08510034667436087
12167,0.04938992518528137
12168,0.07500248890008575
12169,0.020192495689096143
12170,0.03282030478363765
12171,0.08007111209074301
12172,0.08864836297308214
12173,0.07867461627963626
12174,0.0646264041852011
12175,0.020328209568650123
12176,0.07749825165604873
12177,0.03679159778613286
12178,0.03617989377439281
12179,0.04993894012733107
12180,0.028913277094858077
12181,0.04274091857512875
12182,0.03678878347053595
12183,0.03757112129215154
12184,0.14052718571328884
12185,0.1341008699143478
12186,0.04009315978971703
12187,0.06216630922005892
12188,0.02844897509191986
12189,0.07678680828798032
12190,0.03660265989376877
12191,0.07459345866286672
12192,0.06444669531788767
12193,0.03877151081736352
12194,0.03804323305953853
12195,0.04901234167840369
12196,0.09111549569578344
12197,0.04160266634839175
12198,0.03057009928318568
12199,0.08224960357718697
12200,0.08195371305533769
12201,0.03914439099151036
12202,0.11271286550197904
12203,0.04106978283890237
12204,0.03944505406388768
12205,0.026714047147509558
12206,0.01117471568959337
12207,0.048087389903771684
12208,0.11205339937154349
12209,0.05971987668824824
12210,0.03037736436988198
12211,0.019229198967541286
12212,0.07833519524442856
12213,0.07711036078583444
12214,0.03999213344955787
12215,0.03610552630223561
12216,0.041932437531307425
12217,0.07617072556644738
12218,0.07155999571558233
12219,0.04204321211300937
12220,0.08466027124362081
12221,0.06310678305848456
12222,0.04399084871697659
12223,0.07169799685049708
12224,0.11401448136322694
12225,0.07300061180306873
12226,0.03884220816475377
12227,0.084968828983832
12228,0.07390094717105752
12229,0.076886404580394
12230,0.026532919095803673
12231,0.033756512171720626
12232,0.04712784542150446
12233,0.03278306319184422
12234,0.06410195237284766
12235,0.03699162737143091
12236,0.024728768513000685
12237,0.0756231370493238
12238,0.09144051646479852
12239,0.025414714946901597
12240,0.08966800128664001
12241,0.039539920943475214
12242,0.064988588761922
12243,0.06404095886581157
12244,0.04475514154777553
12245,0.037527717381466055
12246,0.035656075823777826
12247,0.07383248359490757
12248,0.038566395573704344
12249,0.0400753840937374
12250,0.07408828584445107
12251,0.0403199589081467
12252,0.033956328138667426
12253,0.03837899959586507
12254,0.03793199368549408
12255,0.11574663919193322
12256,0.06816591729544066
12257,0.028567566973460787
12258,0.09107301641774447
12259,0.07889495065302939
12260,0.0699984436846899
12261,0.07738101334179262
12262,0.047517777425087004
12263,0.08044307064543078
12264,0.023135863137077627
12265,0.026532919095803673
12266,0.02369713504498543
12267,0.07615270493829633
12268,0.044280925646048935
12269,0.07444549827504159
12270,0.03043876905216715
12271,0.021518859815212062
12272,0.044917408310421444
12273,0.06967563940039256
12274,0.05231014186982248
12275,0.10428976893301639
12276,0.02622868590236698
12277,0.04160871907815114
12278,0.04274080384281272
12279,0.04009760130253035
12280,0.06432370254525868
12281,0.07542614793758469
12282,0.0415257796639247
12283,0.07762591314985666
12284,0.06409552624132629
12285,0.039593985382915226
12286,0.07024001567763449
12287,0.03314289201466733
12288,0.09672076667877805
12289,0.03279140167757007
12290,0.07611572581908352
12291,0.08179768661674265
12292,0.09659309236182363
12293,0.03678878347053595
12294,0.05574258885023029
12295,0.026081454827868108
12296,0.08889031391854862
12297,0.04661295562151266
12298,0.006851102106700638
12299,0.04426938952353811
12300,0.02488519541122426
12301,0.04166327781585027
12302,0.07297156576327732
12303,0.07876315030410186
12304,0.02297574202534884
12305,0.036018678570874
12306,-0.042802177267067275
12307,0.05006924722138262
12308,0.029671463095062564
12309,0.026295349157226214
12310,0.08970543721540888
12311,0.043433587903227176
12312,0.04822635368523634
12313,0.0823733892276284
12314,0.03721954794959249
12315,0.14997183836014608
12316,0.04266417237229682
12317,0.035797060077634835
12318,0.060239066953642076
12319,0.027454206582832454
12320,0.07419812710406817
12321,0.034258625391434774
12322,0.04444668376375928
12323,0.0598471165896858
12324,0.07913356212566079
12325,0.07015215485523746
12326,0.09209247707551965
12327,0.07231588580540693
12328,0.08395628151280436
12329,0.08261275367859225
12330,0.029520955518983438
12331,0.04375939932128193
12332,0.09988536358144522
12333,0.04422578999329787
12334,0.06771384390495952
12335,0.04182815558037363
12336,0.12800952626447104
12337,0.03944102491669297
12338,0.03766978903900028
12339,0.03250999263638439
12340,0.06475121403032277
12341,0.07583997100753267
12342,0.06401270038902555
12343,0.0380789796414971
12344,0.03542792452193823
12345,0.038059508913398
12346,0.07928081132234807
12347,0.04234960824238789
12348,0.04222597545954259
12349,0.023183373153077808
12350,0.012336062152196849
12351,0.01582985747808571
12352,0.09240802422553168
12353,0.03615280994911277
12354,0.040938609873340866
12355,0.07409249830575448
12356,0.08822210833826988
12357,0.08295903604980573
12358,0.07627254227602781
12359,0.13877252678568996
12360,0.06880300216467176
12361,0.04699126630233063
12362,0.0819574047461354
12363,0.025942419998511577
12364,0.032477150635508864
12365,-0.019803100354699756
12366,0.10506721533434385
12367,0.0324931317627285
12368,0.04196442619467223
12369,0.036692377339286895
12370,0.03724925961532827
12371,0.05357287006164321
12372,0.05054358930492695
12373,0.04046840655691265
12374,0.08685467516514532
12375,0.04658723058535128
12376,0.09069474585283645
12377,0.07526518128302762
12378,0.07884067734345288
12379,0.03308191050821935
12380,0.04143843520694529
12381,0.034891485307951206
12382,0.0686019687976134
12383,0.0721620661649883
12384,0.040941160279698456
12385,0.0759988269349087
12386,0.07671907331765251
12387,0.03793199368549408
12388,0.14070211726722656
12389,0.06613937314712139
12390,0.06167263473910151
12391,0.03382266274607917
12392,0.07091110005303367
12393,0.03897581116706739
12394,0.08443376413345943
12395,0.08024129707876215
12396,0.08427367052802741
12397,0.03150461981366164
12398,0.06005844085932061
12399,0.08954064865995487
12400,0.049233982875278845
12401,0.04159691129959624
12402,0.04308676322233723
12403,0.08608797991718946
12404,0.057478495997973174
12405,0.0423556343420936
12406,0.07526518128302762
12407,0.06651782943924225
12408,0.08279751000328975
12409,0.07042117055862074
12410,0.0828517819967672
12411,0.05799735428046738
12412,0.06902659562439367
12413,0.05978609170799402
12414,0.0764527791247691
12415,0.12928794576641597
12416,0.0802992969798974
12417,0.03203389738588238
12418,0.21354156868038265
12419,0.04506480726964577
12420,0.08087761226635833
12421,0.0857468049907729
12422,0.06805668222508231
12423,0.036034289395279716
12424,0.0597165875772709
12425,0.03910736817470687
12426,0.03823699977254205
12427,0.03232844677830368
12428,0.06924832939040546
12429,0.07830861878251251
12430,0.047036562481393
12431,0.07230679516962668
12432,0.042480357417410575
12433,0.026370330521819193
12434,0.0697005340171773
12435,0.08241535113836401
12436,0.04738787329319392
12437,0.07299977156195324
12438,0.042967306501988455
12439,0.06366806276005818
12440,0.04498568403839597
12441,0.044079616962140626
12442,0.02973118155532374
12443,0.03919651067337012
12444,0.0419437453709199
12445,0.07701722739067728
12446,0.08829009129188775
12447,0.09454582045022378
12448,0.03179912994441483
12449,0.05747988032479096
12450,0.06325873269923292
12451,0.028111464837736154
12452,0.03650375822955883
12453,0.039451338364333254
12454,0.057938851139741725
12455,0.034343151735442945
12456,0.05561518545163069
12457,0.04782073076674458
12458,0.04009760130253035
12459,0.06974402624448996
12460,0.0759006977277143
12461,0.10688060823837478
12462,0.09257042710792258
12463,0.08778501237789342
12464,0.036605247862667334
12465,0.027453826341177476
12466,0.031636170348392084
12467,0.08211798528696869
12468,0.07470219524053615
12469,0.04402784304812448
12470,0.07586370106123398
12471,-0.005705424645825763
12472,0.061272988792199466
12473,0.08126233620112362
12474,0.07554210675198433
12475,0.06805668222508231
12476,0.07214123711124802
12477,0.058483872529690936
12478,0.0662883625892029
12479,0.03493648544380447
12480,0.04744627666713912
12481,0.05984298587252808
12482,0.07371178868712586
12483,0.0239790846161908
12484,0.04342489527344354
12485,0.04544638014206158
12486,0.032646980972946354
12487,0.06330939457784074
12488,0.04119076515578342
12489,0.07696764403636418
12490,0.026273284352181528
12491,0.07848607775565351
12492,0.032459439670166554
12493,0.07937743795182116
12494,0.024072056947256285
12495,0.03690237185650601
12496,0.050644839454043654
12497,0.08520580400513371
12498,0.0773210277188751
12499,0.07375792091657156
12500,0.042622347113960374
12501,0.036188634881089386
12502,0.040327950010724624
12503,0.037284930986719346
12504,0.03437645830407335
12505,0.028416903712690945
12506,0.08300491902547474
12507,0.036700432509823376
12508,0.07759649426753838
12509,0.02989982755618997
12510,0.06734828212433226
12511,0.07277931069845243
12512,0.03876116786145435
12513,0.03027111640589884
12514,0.1013354831724714
12515,0.04153860445947624
12516,0.046328469106449485
12517,0.040274170998158665
12518,0.07065604683036728
12519,0.08037801266365652
12520,0.04255462070263498
12521,0.03594720179441568
12522,0.04396832510858608
12523,0.04049306329677107
12524,0.038574538365600285
12525,0.08814183001949683
12526,0.08109322270981612
12527,0.0994465549609564
12528,0.04194058387062783
12529,0.06710655599041539
12530,0.04494077161576124
12531,0.0466876057516044
12532,0.05166702003610444
12533,0.026158993946664127
12534,0.03421345735250617
12535,0.0694916216684602
12536,0.06235510883872886
12537,0.0887178319386644
12538,0.03239595615942461
12539,0.03511628863825858
12540,0.07865249601227677
12541,0.07333676736864951
12542,0.05028637210648952
12543,0.07865249601227677
12544,0.04015795585600619
12545,0.06290106886046896
12546,0.07948450510261935
12547,0.08770200338345706
12548,0.06321012229557771
12549,0.050889680475934576
12550,0.07655978002764562
12551,0.044151917860368324
12552,0.07935476701642508
12553,0.08425321016495571
12554,0.060880744738297306
12555,0.03757112129215154
12556,0.03068139049185012
12557,0.06407170232642993
12558,0.08800617143726576
12559,0.10865916705266349
12560,-0.08412241558504611
12561,0.08031054042011197
12562,0.06493976217071454
12563,0.11154432443960031
12564,0.06636329859989473
12565,0.1246878087699955
12566,0.06764722578355016
12567,0.092971877311621
12568,0.03490403166693202
12569,0.07759649426753838
12570,0.039468405439327794
12571,0.017355606796669875
12572,0.03752227710487865
12573,0.0404701592206796
12574,0.07560047159137143
12575,0.051910449012042864
12576,0.07659005823894588
12577,0.05940121412718952
12578,0.06995008503100435
12579,0.030487198203765786
12580,0.058507298783547365
12581,0.04343997238949043
12582,0.05090448515972696
12583,0.0819134997931905
12584,0.0389940603200056
12585,0.06497712088913382
12586,0.12328337700329893
12587,0.06498951597857362
12588,-0.002460328411731784
12589,0.023717889189570174
12590,0.07445563916409849
12591,0.06718644911550048
12592,0.03714437456802583
12593,0.06013923040463693
12594,0.09572174764101614
12595,0.052343533943838526
12596,0.04281519727661445
12597,0.08500610317374466
12598,0.06821063221584091
12599,0.05705597635743089
12600,-0.08911783003669717
12601,0.18815876060454312
12602,0.03677231285583515
12603,0.04834419829184527
12604,0.028916882800002687
12605,0.07672910690622542
12606,0.08653376130675021
12607,0.08330797871058922
12608,0.04420432841349079
12609,0.06748526868820305
12610,0.08172476180596068
12611,0.04312296782159943
12612,0.042066662133351286
12613,0.08634997455904146
12614,0.11107892219752286
12615,0.04253170461594495
12616,0.08984997118817545
12617,0.03714437456802583
12618,0.10863823685383114
12619,0.0952660245318539
12620,0.06767827134182763
12621,0.03757112129215154
12622,0.0658048534836277
12623,0.05934509852453812
12624,0.030108972785997362
12625,0.07992528024343061
12626,0.08204527922059744
12627,0.09750704400893995
12628,0.09660800036259844
12629,0.07652919766889901
12630,0.04978216438005881
12631,0.0404396975132749
12632,0.08458211506185628
12633,0.10419239042294061
12634,0.0759988269349087
12635,0.038774904588738134
12636,0.03881221360343527
12637,0.21244465939511886
12638,0.06506565346803975
12639,0.06988939342079244
12640,0.07941060740696577
12641,0.04186861664979474
12642,0.08307244324564916
12643,0.08570568960737965
12644,0.04314486565211628
12645,0.08986896808601275
12646,0.10669287364930242
12647,0.07938511748137604
12648,0.07836682546732103
12649,0.09302958951666244
12650,0.0822320929004999
12651,0.030095990822764162
12652,0.038229854253468254
12653,0.08066059404972295
12654,0.07829401168273571
12655,0.06382663648612924
12656,0.07148280445308973
12657,0.04187563378908989
12658,0.11168069658341978
12659,0.16806895894208435
12660,0.03039768660888456
12661,0.07665269358460343
12662,0.07857049501898937
12663,0.0791649991583746
12664,0.06281114733602206
12665,0.03737703504425201
12666,0.0742979954723637
12667,0.07486614913454477
12668,0.06829472132626443
12669,0.0492123227889147
12670,0.04398806920777692
12671,0.08961288451135116
12672,0.07555870894229681
12673,0.02409414635127674
12674,0.0629511173767192
12675,0.10366906680152799
12676,0.05202324612440197
12677,0.06873687679528882
12678,0.03164028932939096
12679,0.07229183163060103
12680,0.03222860373463288
12681,0.10902922791694865
12682,0.03576441944831307
12683,0.035724309362208405
12684,0.0943807993243839
12685,0.07170593912415764
12686,0.014589186674308561
12687,0.0847669868285383
12688,0.09161114591679415
12689,0.03919901181681237
12690,0.04376705733045882
12691,0.08283341512002883
12692,0.08212322806496468
12693,0.09341838461265686
12694,0.05438688658604617
12695,0.07061873472910472
12696,0.03912077332456796
12697,0.0707562857541088
12698,0.03614214864422595
12699,0.07530925893684949
12700,0.032646980972946354
12701,0.0956836080799229
12702,0.023248548746809147
12703,0.04191824165849509
12704,0.0798152579594941
12705,0.05975467757631717
12706,0.0445483845958597
12707,0.024536614148834634
12708,0.044520150605532535
12709,0.07832418756467643
12710,0.047644817910358635
12711,0.08530179385694232
12712,0.09782271858242897
12713,0.09557130377945379
12714,0.07800913330602985
12715,0.08046663030826405
12716,0.06219422357347988
12717,0.032082158583117686
12718,0.06167436123523753
12719,0.07793414396743331
12720,0.007976171644560673
12721,0.021507476989197638
12722,0.04226236507530331
12723,0.1690747621600863
12724,0.033894304110628555
12725,0.038297523329957894
12726,0.041147086830788944
12727,0.07702035207069813
12728,0.06574511323376285
12729,0.0365810436356845
12730,0.0751929888095246
12731,0.059227715216824094
12732,0.07259969825603473
12733,0.07619133011832348
12734,-0.09626304805522898
12735,0.0928504638549735
12736,0.037052471671288036
12737,0.09087499034233668
12738,0.03713404562885944
12739,0.042000747562025716
12740,0.049794673180661754
12741,0.04100851389347925
12742,0.03067147023898891
12743,0.04305392975930295
12744,0.053339938892041534
12745,0.041853323161910316
12746,0.07834173881085561
12747,0.0650952053446881
12748,0.024420040322497446
12749,0.04129113993071074
12750,0.056650196247080634
12751,0.04083819304210578
12752,0.09458035995328898
12753,0.07277931069845243
12754,0.04178886735779966
12755,0.03731225312141253
12756,0.02805465973808776
12757,0.06644277323748134
12758,0.078182903123184
12759,0.06021680394454666
12760,0.07319479528672813
12761,0.08958034259616036
12762,0.08882005709159081
12763,0.041219238361632035
12764,0.0853583424315698
12765,0.08172476180596068
12766,0.041940512080175144
12767,0.04266461429579313
12768,0.0366250598417816
12769,0.04934928822602577
12770,0.10063763832659625
12771,0.08304970858369856
12772,0.03757112129215154
12773,0.07173477534705816
12774,0.07451789705276508
12775,0.048028613516005125
12776,0.0843762002794703
12777,0.03575655313001826
12778,-0.0026529829241045866
12779,0.04266603687588361
12780,0.025156614062749192
12781,0.054817535720593884
12782,0.06728746582086925
12783,0.0719337381723384
12784,0.08898410426220182
12785,0.03448882644200279
12786,0.07384148371042905
12787,0.04096398552656594
12788,0.030108972785997362
12789,0.0976766446007828
12790,0.03348071783536448
12791,0.0433784787924921
12792,0.06419246950669338
12793,0.038514666549148646
12794,0.08172476180596068
12795,0.056690601339615024
12796,0.06862457321912661
12797,0.06265802657760172
12798,0.02643158584333897
12799,0.03295700027568746
12800,0.20542062319902982
12801,0.09522849626833646
12802,0.042031330583095966
12803,0.08603187690389688
12804,0.08888827310622233
12805,0.059469662223946125
12806,0.0417440325002929
12807,0.03946459937742934
12808,0.06846642272763959
12809,0.09148012665334304
12810,0.037307491248887104
12811,0.02423936059722029
12812,0.05552987364015029
12813,0.0633839035968255
12814,0.08103211400095395
12815,0.04811454528284373
12816,-0.009044419963191615
12817,0.08056838241458882
12818,0.08484168306393489
12819,0.03883432751133217
12820,0.03696307922824553
12821,0.04338237294755027
12822,0.03898494165151211
12823,0.08663839053040558
12824,0.02925718181558829
12825,0.10133399549327006
12826,-0.029133851373675163
12827,0.014479539075651561
12828,0.05039725905929467
12829,0.09418839904381138
12830,0.0797396115221288
12831,0.06039233374064042
12832,0.08674023837482217
12833,0.0745047870920757
12834,0.07013738140930267
12835,0.009494766608824595
12836,0.14481037456536283
12837,0.07947316639484142
12838,0.07826372068156028
12839,0.07319111172492612
12840,0.08310192670080584
12841,0.03949130379131649
12842,0.10865916705266349
12843,0.06562679845499084
12844,0.03957323662082731
12845,0.06530109804301487
12846,0.03560615384557028
12847,0.0919613599132648
12848,0.02496408655626567
12849,0.04400500490358701
12850,0.03940955968135852
12851,0.1118961603142274
12852,0.07894602367154596
12853,0.046721319462918805
12854,0.042878407404386074
12855,0.0771201599132092
12856,0.029333442897683935
12857,0.048467583820627796
12858,0.06349244006903175
12859,0.09585419326393219
12860,0.032378007844347356
12861,0.040855339146656816
12862,0.07435569886149139
12863,0.03137658279363286
12864,0.04030304618883699
12865,0.07728256781741201
12866,0.06073083165846328
12867,0.04378240649592382
12868,0.08234100426467932
12869,0.04297633481177701
12870,0.043768370292905576
12871,0.08474372861362495
12872,0.12360261322186203
12873,0.07753272885956991
12874,0.04518814388319473
12875,0.07300068757667856
12876,0.03180313412777318
12877,0.05773126874750469
12878,-0.06752788775812014
12879,0.07819887042738181
12880,0.04094513095106968
12881,0.06764722578355016
12882,0.04006167733767086
12883,0.07763930478252311
12884,0.04222749240571044
12885,0.07695125353117371
12886,0.023940450808907058
12887,0.09929302108370125
12888,0.04112891734266015
12889,0.07857982056611393
12890,0.02473587293287581
12891,0.029793822532678146
12892,0.027784451598750343
12893,0.028391368514134253
12894,0.04031291326410339
12895,0.0357759784656054
12896,0.05090448515972696
12897,0.07924989504577847
12898,0.04143843520694529
12899,0.04857926959718679
12900,0.05122677571154386
12901,0.02158020672717323
12902,0.06675117192744227
12903,-0.021462806157235666
12904,0.06958012057203193
12905,0.033747766431189714
12906,0.03842491923311685
12907,0.045997844594145014
12908,0.04493727554649256
12909,0.04682086477364038
12910,0.07077029003473895
12911,0.08495857004994838
12912,0.06757669116079305
12913,0.07395876852194755
12914,0.09604426692038176
12915,0.03908460742517865
12916,0.07171975766775952
12917,0.07624279545814351
12918,0.02925718181558829
12919,0.08606869839574674
12920,0.04268730805468883
12921,0.056907008230484536
12922,0.04089857176021803
12923,0.04197961459518918
12924,0.033974388700130385
12925,0.0415257796639247
12926,0.07556516683771862
12927,0.04292487853795497
12928,0.027432026865697807
12929,0.11983315016922645
12930,0.0719337381723384
12931,0.08267041480022326
12932,0.06711110038727615
12933,0.07904753916686054
12934,0.0692725407300214
12935,0.076771919444196
12936,0.04747845392849607
12937,0.08655662507623361
12938,0.08714883608959122
12939,0.04009760130253035
12940,0.08202486582080767
12941,0.035344008642581574
12942,0.04626550578010674
12943,0.06007900511903786
12944,0.07235315593779644
12945,0.02560404226935763
12946,0.08258003250558028
12947,0.0721620661649883
12948,0.0783247292869358
12949,0.09211921997513864
12950,0.040565128885287176
12951,0.03288027731154236
12952,0.03191979052745195
12953,0.050265304176443155
12954,0.03593281055723613
12955,0.10746560487187526
12956,0.03665657133009527
12957,0.06710655599041539
12958,0.0414716493503024
12959,0.033867165230969734
12960,0.04403037494331229
12961,0.04261929808878228
12962,0.0929106006342539
12963,0.037486386945051166
12964,0.03678884332652844
12965,0.07031230341597174
12966,0.15251047612164817
12967,0.031865546323994215
12968,0.0338944095356408
12969,0.048683702220160836
12970,0.08898816847797612
12971,0.03027111640589884
12972,0.03539593911184459
12973,0.06824209661797837
12974,0.0860770430784576
12975,0.04071287095869927
12976,0.07801292204205508
12977,0.027125676981464165
12978,0.08173604207955913
12979,0.06723894530928615
12980,0.08444422349428021
12981,0.057452881324651914
12982,0.04520430485882252
12983,0.07599307673025556
12984,0.040938609873340866
12985,0.06451576469840192
12986,0.0492998984989215
12987,0.04446277471434708
12988,0.07850420710172888
12989,0.0514078442127719
12990,0.03900230140773535
12991,0.07987393176957125
12992,0.018564908547003326
12993,0.024420040322497446
12994,0.032056319676884125
12995,0.0970755301133011
12996,0.07065604683036728
12997,0.02812336501561259
12998,0.08209160069500947
12999,0.05803205091197497
13000,0.02386251427346231
13001,0.07778363260260798
13002,0.0316018438989146
13003,0.07607062597726913
13004,0.02827672398010107
13005,0.04440745228948272
13006,0.06845758740467141
13007,0.05125122530194519
13008,0.08259321295553812
13009,0.06270894442967699
13010,0.02710735273907157
13011,0.0785425607559031
13012,0.08412819687801892
13013,0.11196157606394079
13014,0.11739398816718659
13015,0.09186832577213475
13016,0.08904907454938422
13017,0.06751995657202878
13018,0.0690213984089317
13019,0.06748057361329587
13020,0.03749486214876134
13021,0.035822060091039144
13022,0.08088472930177676
13023,0.06546164957481185
13024,0.05698726721033412
13025,0.045323559657021464
13026,0.028392500393268842
13027,0.03744359999083389
13028,0.07040838830282328
13029,0.036187069315386865
13030,0.09106077223065895
13031,0.037792950301824446
13032,0.07751920200062827
13033,0.06369594010170794
13034,0.07291869698008051
13035,0.07763930478252311
13036,0.057084701364215944
13037,0.031934454863412495
13038,0.13356163635972684
13039,0.050654041449715095
13040,0.024547050957448774
13041,0.06617076685243932
13042,0.005384587051028831
13043,0.03732759935617391
13044,0.08172671458074963
13045,0.07853419823748332
13046,0.0316018438989146
13047,0.032158974501755824
13048,0.0419437453709199
13049,0.01888128751414081
13050,0.04075602602334874
13051,0.030778203105559857
13052,0.03379969588537795
13053,0.052704184165421955
13054,0.053565354229714514
13055,0.06453462586013581
13056,0.0957138530670615
13057,0.04028257298319357
13058,0.06151021614006263
13059,0.028041190675232048
13060,0.0351127176879507
13061,0.08226705719256461
13062,0.06563686360899251
13063,0.02637422364479034
13064,0.08124629479365647
13065,0.046045313919306385
13066,0.026939872383374693
13067,0.05610243976822194
13068,0.04168785740958907
13069,0.09600417945776955
13070,0.07792563773965497
13071,0.0791879038895844
13072,0.03458769868986214
13073,0.04526101724061715
13074,0.06526122365915238
13075,0.013177072674358354
13076,0.07099771833575537
13077,0.06380706053294709
13078,0.04137873621092664
13079,0.04983256124097535
13080,0.026081454827868108
13081,0.14861805692647304
13082,0.08221573472301597
13083,0.0579306153142059
13084,0.03973413247643654
13085,0.06799975121304437
13086,0.07742750182785418
13087,0.03273816292655422
13088,0.0713575278611894
13089,0.07260094782489522
13090,0.07674064613780138
13091,0.02925718181558829
13092,0.039532805616821945
13093,0.04705620812325435
13094,0.06023286824286534
13095,0.09577916092385574
13096,0.05654862077663279
13097,0.0441394163679845
13098,0.07246819359740524
13099,0.028494373736300302
13100,0.0723563669417529
13101,0.03242391262951401
13102,0.04128617248955881
13103,0.03992166112854545
13104,0.03486097286675298
13105,0.04625447276410389
13106,0.0830020115385045
13107,0.037414554334404465
13108,0.07235315593779644
13109,0.08730089331340406
13110,0.07598661896857832
13111,0.030453095704405988
13112,0.04699126630233063
13113,0.08262936855261355
13114,0.010718218760539435
13115,0.07971793796047774
13116,0.10583669652483679
13117,0.07148280445308973
13118,0.037057590140385704
13119,0.06267436103484161
13120,0.07255216794819264
13121,0.03949130379131649
13122,0.03536750230359614
13123,0.05030872993032844
13124,0.0677283308039917
13125,0.06398193356292387
13126,0.03112687784371271
13127,0.03714437456802583
13128,0.058460370852326145
13129,0.0795051613282396
13130,0.13383966498348746
13131,0.03714437456802583
13132,0.06901452370444022
13133,0.07235315593779644
13134,0.041357061209133156
13135,0.07282012108470379
13136,0.038052351110111
13137,0.08276318807468863
13138,0.07033698112494179
13139,0.06324800612592157
13140,0.04292811936078488
13141,0.05160959012003917
13142,0.07784770178473197
13143,0.07870130041298838
13144,0.04687584917708367
13145,0.03354361569834991
13146,0.06847005698720243
13147,0.08016157612332726
13148,0.08240154648060322
13149,0.031142279902051522
13150,0.07955139239585202
13151,0.07588647566763776
13152,0.07665269358460343
13153,0.10528789034699038
13154,0.06879535460886595
13155,0.0703026305587823
13156,0.07408828584445107
13157,0.026785093528929507
13158,0.025270798827294896
13159,0.08008256728253961
13160,0.035122447795437356
13161,0.037794446113934614
13162,0.08121371136003042
13163,0.08416669616747381
13164,0.05438012953222773
13165,0.0449745669657182
13166,0.06541002664903363
13167,0.06551442749281437
13168,0.03603814993670631
13169,0.08145356955218289
13170,0.028836645510032035
13171,0.04409026932892585
13172,0.04100088109663196
13173,0.09282375921335909
13174,0.041984835986552206
13175,0.05562553748987016
13176,0.04100088109663196
13177,0.05770286435260845
13178,0.028445910079657643
13179,0.08246544512205554
13180,0.06583392542358904
13181,0.07390094717105752
13182,0.036089088845275945
13183,0.06672703111737231
13184,0.07810025470153106
13185,0.08898765722059776
13186,0.044890387816423856
13187,0.03288027731154236
13188,0.04423126203747984
13189,0.11320772838664968
13190,0.0567468330406434
13191,0.06444669531788767
13192,0.05149519995104467
13193,0.05431787937327367
13194,0.07419812710406817
13195,0.033689758118588056
13196,0.08919298659844539
13197,0.06580806264563076
13198,0.04301391966708661
13199,0.02915902862963592
13200,0.03801780804229614
13201,0.03972407033516303
13202,0.08260556070790775
13203,0.0756231370493238
13204,0.036946887091743756
13205,0.08150604164644264
13206,0.07745713979260907
13207,0.0874538743337191
13208,0.07206069215766425
13209,0.0393076721606222
13210,0.02044745794025341
13211,0.07305637800430975
13212,0.06540179547239584
13213,0.08113612681884115
13214,0.03518354115929057
13215,0.11259072086307775
13216,0.0819422731784691
13217,0.08355380874085576
13218,0.07138743764316577
13219,0.03946429802366552
13220,0.10453404812178364
13221,0.0398005340236242
13222,0.08113612681884115
13223,0.0719337381723384
13224,0.06769120571104591
13225,0.02070926880660133
13226,0.033715779312778034
13227,0.04728217823464978
13228,0.09107291099105273
13229,0.03630785307760885
13230,0.0636141877269928
13231,0.04363550543242997
13232,0.07408828584445107
13233,0.03128335574237655
13234,-0.020487059450177137
13235,0.047058390641860924
13236,0.06662942953338855
13237,0.08053746972064728
13238,0.08244668207173757
13239,0.11751608202542005
13240,0.03961922154275173
13241,0.07185562158268731
13242,0.05668015059110252
13243,0.04797704136227351
13244,0.08081300143776161
13245,0.07992173610126313
13246,0.07277931069845243
13247,0.02925718181558829
13248,0.06666396221973223
13249,0.03369958851300483
13250,0.04748390982277201
13251,0.052265373189457946
13252,0.04409026932892585
13253,0.08121197436169592
13254,0.03848777316355625
13255,0.09009929119820935
13256,0.03194366520283212
13257,0.0538544680419809
13258,0.05563758180283857
13259,0.03750660492803704
13260,0.0658576109866183
13261,0.04022341429581255
13262,0.07001719667543754
13263,0.06521871279919968
13264,0.06509588012009762
13265,0.09993553313609768
13266,0.07652689917291713
13267,0.057197037516691245
13268,0.04582469582758913
13269,0.11151491600174175
13270,0.06205215618368535
13271,0.03616224585194003
13272,0.0464931366140255
13273,0.0417368813408517
13274,0.08048935486558216
13275,0.04042657340779052
13276,0.06893837045076069
13277,0.044295142163442804
13278,0.07081864139141256
13279,0.04437960434884393
13280,0.07639552369021477
13281,0.08124699945335088
13282,0.08853166946260915
13283,0.03712201248997185
13284,0.07197690632362079
13285,0.04500911722093079
13286,0.11751608202542005
13287,0.05919267544690165
13288,0.051743493411599915
13289,0.07583728065376541
13290,0.04878751781137246
13291,0.05562729718344106
13292,0.11031280244886281
13293,0.05222311877950938
13294,0.05311961643009762
13295,0.040438002367540075
13296,0.0471436520176986
13297,0.09790045225853197
13298,0.04228609284024709
13299,0.03893549631374224
13300,0.03610552630223561
13301,0.03835202449624108
13302,0.02934084598099862
13303,0.05709097511969492
13304,0.06547637846552931
13305,0.07022276999634547
13306,0.020715560644134438
13307,0.05729895992614493
13308,0.08127755449747957
13309,0.03631787431731804
13310,0.07173439151995534
13311,0.03786743331559164
13312,0.030508831503614692
13313,0.04514977946884866
13314,0.04306302883728939
13315,0.11363813754936615
13316,0.08145356955218289
13317,0.08935387482247709
13318,0.06041089737944676
13319,0.08848275077908083
13320,0.031261375866359825
13321,0.04741468084596035
13322,0.040837866191359234
13323,0.028416903712690945
13324,0.07305637800430975
13325,0.07258641886546316
13326,0.05252167784884845
13327,0.08622780068920909
13328,0.03464274749761977
13329,0.07852061784410411
13330,0.05437342057469968
13331,0.0774437721451303
13332,0.04009760130253035
13333,0.07276508162957318
13334,0.053522674658964854
13335,0.04364376751866808
13336,0.0665904870418885
13337,0.03748637932488422
13338,0.06632791740933057
13339,0.08236015275216452
13340,0.05046177912078634
13341,0.07224350821455801
13342,0.06605006388205156
13343,0.10101351224598183
13344,0.041283144761069396
13345,0.0512312955997582
13346,0.08131382064848731
13347,0.10917187569597725
13348,0.045566414916919144
13349,0.07296975120743882
13350,0.03160170520149786
13351,0.060402495959870975
13352,0.07777216042122964
13353,0.04009760130253035
13354,0.038327026777207694
13355,0.07691763440244398
13356,0.06959132514016639
13357,0.04587119762388245
13358,0.09112983072199415
13359,0.04236416578371959
13360,0.029151201149838286
13361,0.07033476083136855
13362,0.03550608546098806
13363,0.037636231449462716
13364,0.0646933788774243
13365,0.06241895694699621
13366,0.029962906450259105
13367,0.05412389687192256
13368,0.07623854285584605
13369,0.08819871206187667
13370,0.04918236496252761
13371,0.04827790256003568
13372,0.030432055104809258
13373,0.027358228571223643
13374,0.047949131748301656
13375,0.05288271942186289
13376,0.07793414396743331
13377,0.07657269239562044
13378,0.07624745252443199
13379,0.03511837485828078
13380,0.037637152663939286
13381,0.054767896930977215
13382,0.09106077223065895
13383,0.07459345866286672
13384,0.059458276102767396
13385,0.040776219303985305
13386,0.06862457321912661
13387,0.10830722576531535
13388,0.06911768624909301
13389,0.09127546800318923
13390,0.07146164199210107
13391,0.03405242655862421
13392,0.06662982346069958
13393,0.08262871243195308
13394,0.04177141327032603
13395,0.07790704727771482
13396,0.04144765263145695
13397,0.04465284166316877
13398,0.07556516683771862
13399,0.02637422364479034
13400,0.043654723596824346
13401,0.044213000702844375
13402,0.0419437453709199
13403,0.03908170620642738
13404,0.08999844901672814
13405,0.07911639391268717
13406,0.04190526135067482
13407,0.0445595538126926
13408,0.04155943822674447
13409,0.03239595615942461
13410,0.06949989848660566
13411,0.07624279545814351
13412,0.02801630759182602
13413,0.0859814922553802
13414,0.07403009801402383
13415,0.06021460580958787
13416,0.10455548589853865
13417,0.06934431012083798
13418,0.041396828763685105
13419,0.04983256124097535
13420,0.03250999263638439
13421,0.047549067608268644
13422,0.07198181525316781
13423,0.06339260751265857
13424,0.04362402548534217
13425,0.06795482627642069
13426,0.07829781807755212
13427,0.0731388758323264
13428,0.049265563177353124
13429,0.033512796884519754
13430,0.12519558739318926
13431,0.03953345588980064
13432,0.04191661532746843
13433,0.06108826344786142
13434,0.0352435124907282
13435,0.029208696668738855
13436,0.06279500807164673
13437,0.05482663909765783
13438,0.07884045463861625
13439,0.047996339670372805
13440,0.08640332465702175
13441,0.04009760130253035
13442,0.0677483119571398
13443,0.04496395672736685
13444,0.06150820007348513
13445,0.04221749207683743
13446,0.09001739550835625
13447,0.04638326801455292
13448,0.06590188677045294
13449,0.07920826347378265
13450,0.042595154983633886
13451,0.04772121863493668
13452,0.03918932287239332
13453,0.09637350017142922
13454,0.08954871876986609
13455,0.08062728800909037
13456,0.05934559655260699
13457,0.030108972785997362
13458,0.06847013583110761
13459,0.0648432211739487
13460,0.044530646058509246
13461,0.03518354115929057
13462,0.11733947683047105
13463,0.02893698277206577
13464,0.03863900295977308
13465,0.07948222015287046
13466,0.06146336233772905
13467,0.24801299206599414
13468,0.061354622162456185
13469,0.1682939780212877
13470,0.05853337279918806
13471,0.05355129314047056
13472,0.04283530169602653
13473,0.061272988792199466
13474,0.07924606802571775
13475,0.08276172955416379
13476,0.07749825165604873
13477,0.012463560226656763
13478,0.03577487648796742
13479,0.043795842117854186
13480,0.04260705094866198
13481,0.054766760149100015
13482,0.08614339819298822
13483,0.07045944089809826
13484,0.04373850051932404
13485,0.03067147023898891
13486,0.10170422273000711
13487,0.07013290919432766
13488,0.04374743614720909
13489,0.06993180933745091
13490,0.07927347349271052
13491,0.07446931296246767
13492,0.029349356052598825
13493,0.06742568871683381
13494,0.059352296763692046
13495,0.06450034874593574
13496,0.03940209908120818
13497,0.0797428972328936
13498,0.06306638630795809
13499,0.08252742187381822
13500,0.08444626836333174
13501,0.031536901576268525
13502,0.037062848971641166
13503,0.08783780894533509
13504,0.11584150791254072
13505,0.03101822205403654
13506,0.046364664787145723
13507,0.09272210391709076
13508,0.058526034883661746
13509,0.0896225285514549
13510,0.03989478774335164
13511,0.02890714176218988
13512,0.06467709343422028
13513,0.04846008291616422
13514,0.08096743728596778
13515,0.04272921360694856
13516,0.06267594970820382
13517,0.02872405892860992
13518,0.03680424787130986
13519,0.08782702862308499
13520,0.0414020280936891
13521,0.031577127218519574
13522,0.04100088109663196
13523,0.07452601208625705
13524,0.03395798139572076
13525,0.09619348439174967
13526,0.03027111640589884
13527,0.06322779472844381
13528,0.024204415348446705
13529,0.05967411385647285
13530,0.06444669531788767
13531,0.025140275080161353
13532,0.031975553835925645
13533,0.1855383147500958
13534,0.06731235982040315
13535,0.03608998634710978
13536,0.040763257158977995
13537,0.062235896815166586
13538,0.14781667040851296
13539,0.22538922950370682
13540,0.04549133251183043
13541,0.09684152532796174
13542,0.06759472681778826
13543,0.04055177433800571
13544,0.07687186186705972
13545,0.09405882223370247
13546,0.0752473487356394
13547,0.1203095558278802
13548,0.06660516919922008
13549,0.046495251813721
13550,0.05701501366032566
13551,0.04625537781946981
13552,0.18562277217111692
13553,0.057084701364215944
13554,0.0387054583625903
13555,0.0606590382885158
13556,0.04519048617271318
13557,0.03707714837349121
13558,0.07865249601227677
13559,0.0617787991764265
13560,0.077046758833294
13561,0.042659423264793946
13562,0.04803235003059306
13563,0.04441378502977173
13564,0.03653217329492684
13565,0.08380462265116219
13566,0.029760866832875196
13567,0.07952743374377817
13568,0.03477465322737749
13569,0.04500911722093079
13570,0.076886404580394
13571,0.03576441944831307
13572,0.19441371082176243
13573,0.11530322867031312
13574,0.04922481080419876
13575,0.040191668964891875
13576,0.03185490862389897
13577,0.05046177912078634
13578,0.08901895104089125
13579,0.03666334668552388
13580,0.09076288791050338
13581,0.04143843520694529
13582,0.06033927007376047
13583,0.04192218346225653
13584,0.046324725417163155
13585,-0.06571002418413839
13586,0.03864824386311503
13587,0.08477549301531986
13588,0.06268757794521838
13589,0.038347487674091914
13590,0.05228708623270384
13591,0.0799163584466258
13592,0.07155382399027417
13593,0.030825747810493073
13594,0.07122431175507163
13595,0.04260943297553
13596,0.0690213984089317
13597,0.19065670611492602
13598,0.03476770104519951
13599,0.03552252960995196
13600,0.057010847836603464
13601,0.016948400259903754
13602,0.08037004528123665
13603,0.03674485073065415
13604,0.07751077391547984
13605,0.1054604302958516
13606,0.1413551544696502
13607,0.08599137691353986
13608,0.08546185801109292
13609,0.06714960024644613
13610,0.07748571603073023
13611,0.03698737651961541
13612,0.07374101482287461
13613,0.0605119654370996
13614,0.05868268417422937
13615,0.08116640140147549
13616,0.07842968197942887
13617,0.0617908173903334
13618,0.04805389219361109
13619,0.07472355869212882
13620,0.03874111225794326
13621,0.05054952502982542
13622,0.0333948261196607
13623,0.035117539353951545
13624,0.073907756948662
13625,0.08196674975724237
13626,0.05673943758669731
13627,0.072825073225365
13628,0.021953253152838553
13629,0.0610817036979527
13630,0.07164258492732856
13631,0.08855044270768805
13632,0.052996035124845846
13633,0.03968029576248131
13634,0.03978652662664314
13635,0.05375089953599181
13636,0.06032190680135949
13637,-0.05722556268399561
13638,0.07073559766522564
13639,0.09284624047123113
13640,0.06830953639565045
13641,0.07538478438724104
13642,0.09020176576281301
13643,0.06304594437061677
13644,0.05319878240763698
13645,0.07638538287346937
13646,0.09493970235262691
13647,0.037488505552031565
13648,0.04590984474192233
13649,0.05890475595132793
13650,0.04723764949733992
13651,0.09293412457525962
13652,0.07275159633892829
13653,0.0878160497767729
13654,0.08819228858825104
13655,0.07859988708455598
13656,0.0770414214730483
13657,0.0316018438989146
13658,-0.014438610227137296
13659,0.08356488846800895
13660,0.059517263893375444
13661,0.043658059628515204
13662,0.11011252721441549
13663,0.04100088109663196
13664,0.08974175315323402
13665,0.06901452370444022
13666,0.1520795007599277
13667,0.04907306842398114
13668,0.03804020245271258
13669,0.07427962187134397
13670,0.036620923966272347
13671,0.045292705857212213
13672,0.060963365298290516
13673,0.0750262375093404
13674,0.07665269358460343
13675,0.05517620114181991
13676,0.04092357362972887
13677,0.03265786313898538
13678,0.029506383340383434
13679,0.0486210041016799
13680,0.06636329859989473
13681,0.08852054800434202
13682,0.08480458537620539
13683,0.06259714233864509
13684,0.0748535654744014
13685,0.08287171073422211
13686,0.05982967767940262
13687,0.07169236011535221
13688,0.09449300218243001
13689,0.03949130379131649
13690,0.06412893041464118
13691,0.05159342000355495
13692,0.033258539686209586
13693,0.03712229738597001
13694,0.11600061886184453
13695,0.08905484246754426
13696,0.08563638150653359
13697,0.07009013548761484
13698,0.04392439188054403
13699,0.055524988432040685
13700,0.0787491277327414
13701,0.04083819304210578
13702,0.0928613168340042
13703,0.041184982272491295
13704,0.04338237294755027
13705,0.028187922453971403
13706,0.10746560487187526
13707,0.04146163469527412
13708,0.07277931069845243
13709,0.03501237847624672
13710,0.07139689862805655
13711,0.02386251427346231
13712,0.031178932918652563
13713,0.04222597545954259
13714,0.04612021557341909
13715,0.030508831503614692
13716,0.07783010109077894
13717,0.08118100042242146
13718,0.0415257796639247
13719,0.021235059654553853
13720,0.08208240937807292
13721,-0.028736622635477195
13722,0.04120901013340336
13723,0.041934347874155536
13724,0.048218646611884394
13725,0.0613824924990484
13726,0.032378007844347356
13727,0.04712838319759902
13728,0.08537613097699438
13729,0.050550416923278226
13730,0.03437645830407335
13731,0.04409026932892585
13732,0.08710181092239944
13733,0.17876195874010337
13734,0.03597576791545156
13735,0.0750262375093404
13736,0.07096504638225891
13737,-0.08333152550521847
13738,0.03345449783166947
13739,0.07308351133982109
13740,0.08697014749018171
13741,0.03250999263638439
13742,0.09400114676285407
13743,0.0788892499591839
13744,0.07961352227955767
13745,0.13067721209578292
13746,0.1816652983528449
13747,0.06879720862570272
13748,0.03243294716879072
13749,0.06271334689612418
13750,0.0415257796639247
13751,0.09696954106898721
13752,0.08394142627201477
13753,0.06869674956025598
13754,0.036918733301529054
13755,0.07989419975274777
13756,0.08022293115664349
13757,0.0393926825461835
13758,0.0774796677065982
13759,0.060424360270188285
13760,0.06555023398704732
13761,0.0786672099633135
13762,0.05699296289177468
13763,0.04738883040927097
13764,0.04409026932892585
13765,0.08304448435945654
13766,0.03965065265746147
13767,0.04222597545954259
13768,0.044490434698962654
13769,0.0389940603200056
13770,0.0823044679726017
13771,0.036089088845275945
13772,0.07901967097369077
13773,0.07887443140529145
13774,0.05987207770919452
13775,0.06041051176432833
13776,0.045721564120059656
13777,0.07667438675053172
13778,-0.025361969367055055
13779,0.07869075266085163
13780,0.07842968197942887
13781,0.043010148765491134
13782,0.03930600140454153
13783,0.032767988709136615
13784,0.06299847908739753
13785,0.0780414782905121
13786,0.07284669745282399
13787,0.08965883865071411
13788,0.06260566182127406
13789,0.0807255854186935
13790,0.06788324289015134
13791,0.06401893345932474
13792,0.06833511844159575
13793,0.039658235483747965
13794,0.04539719824969972
13795,0.026532919095803673
13796,0.06416290672376178
13797,0.03288027731154236
13798,0.08255278403752322
13799,0.08113153070853951
13800,0.042596145795570965
13801,0.07790999633038755
13802,0.07487783750396916
13803,0.02703482770032179
13804,0.07674115846659627
13805,0.10488937009539048
13806,0.04227812797845299
13807,0.019452333259214454
13808,0.059608716576789206
13809,0.0563143986008584
13810,0.08065324845397531
13811,0.08651835520985734
13812,0.043171557506814465
13813,0.01627410761880215
13814,0.07950571143539285
13815,0.050328794704894306
13816,0.07666359054754612
13817,0.08752123979516792
13818,0.07183052753294682
13819,0.041783438355210784
13820,0.03705022259723504
13821,0.04773655131165467
13822,0.05991497023008872
13823,0.03392405957127596
13824,0.04006581572595303
13825,0.06172721225427672
13826,0.07249253838953133
13827,0.04408162555366897
13828,0.08381906874962378
13829,0.04193393719262782
13830,0.07035047440734486
13831,0.07390094717105752
13832,0.05194191015691833
13833,0.0561029334367668
13834,0.02789429066275153
13835,0.03708616551701528
13836,0.04823194791985755
13837,0.05092894134181397
13838,0.04068899340955419
13839,0.08031097483185427
13840,0.07155287026706864
13841,0.04181563872148206
13842,0.06246987380920389
13843,0.0750262375093404
13844,0.0630291783275675
13845,0.055819714250627525
13846,0.020939583340520578
13847,0.0316018438989146
13848,0.03938444437899127
13849,-0.0017438571784876356
13850,0.05545634463763247
13851,0.06011460805604405
13852,0.09170854522774062
13853,0.07335814398241208
13854,0.06671309510830939
13855,0.039660987296083215
13856,0.0760571573798934
13857,0.04869908310321886
13858,0.06334549302391525
13859,0.08474002729946627
13860,0.11194585845616645
13861,0.05452442058039874
13862,0.04129163103166409
13863,0.060602324926003155
13864,-0.07551195635802065
13865,0.06884462082576857
13866,0.10186242074500107
13867,0.06747104605348345
13868,0.08485316192934883
13869,0.11435922060493096
13870,0.07291815852807212
13871,0.04798600695004753
13872,0.09257619176687201
13873,0.05047327159788197
13874,0.04060446404926798
13875,0.06563833383832797
13876,0.04144453195403165
13877,0.07350233056489636
13878,0.04182768528526364
13879,0.03358948677411842
13880,0.055810248507860934
13881,0.0425174079012662
13882,0.052088100424963674
13883,0.07659156502343759
13884,0.0723560358828484
13885,0.07530433670280004
13886,0.042608191444598334
13887,0.0723560358828484
13888,0.07232658806725127
13889,0.06488319073412606
13890,-0.010394354108544637
13891,0.03949130379131649
13892,0.07022855403096746
13893,0.02179123713801904
13894,0.08304532939917503
13895,0.03741505789970339
13896,0.03039768660888456
13897,0.042948753173883275
13898,0.12258715782218876
13899,0.0745158587211151
13900,0.0770353043811714
13901,0.0055847342616439175
13902,0.07991999488465108
13903,0.08241535113836401
13904,0.07885709842554553
13905,0.04880529843103194
13906,0.06884457414579241
13907,0.09267602247471504
13908,0.09065874187546033
13909,0.07583781774707708
13910,0.06879720862570272
13911,0.06805668222508231
13912,0.04475514154777553
13913,0.06510883999865963
13914,0.06705458040945103
13915,0.08795363639233185
13916,0.08668550245665058
13917,0.07094177101426084
13918,0.0825271387138317
13919,0.03731225312141253
13920,0.04815797270865143
13921,0.04225183971675204
13922,0.07963562611722808
13923,0.07754664808871493
13924,0.03384702521810265
13925,0.08885018442436612
13926,0.03024351454441602
13927,0.10562363504801237
13928,0.07592189597938766
13929,0.06510883999865963
13930,0.035247962317108604
13931,0.07688754675298658
13932,0.0861598557271161
13933,0.058911724681686636
13934,0.040085879168692974
13935,0.0598688569247752
13936,0.06063485729052819
13937,0.0915731444731855
13938,0.029860273256671913
13939,0.05784857311476898
13940,0.03734371333854256
13941,0.08324347158313414
13942,0.027346525733572123
13943,0.13281338354184813
13944,0.07043874881526876
13945,0.07140042323052734
13946,0.0769773332030173
13947,0.03265786313898538
13948,0.06081850938981794
13949,0.08057620275284705
13950,-0.019219453889399156
13951,0.07704382857783741
13952,0.028278469617780064
13953,0.03850980538843798
13954,0.02622868590236698
13955,0.08024595701871659
13956,0.08455883912108218
13957,0.046491281599134966
13958,0.05276063648880117
13959,0.03522555436513417
13960,0.09050062437619859
13961,0.0888348317712263
13962,0.04168521942067266
13963,0.04206486431985589
13964,0.07173477534705816
13965,0.07996609663325055
13966,0.07949910562648829
13967,0.01794433633402711
13968,0.09697648980129929
13969,0.03286389561577299
13970,0.07659005823894588
13971,0.08241535113836401
13972,0.0723560358828484
13973,0.07867218715610401
13974,0.078182903123184
13975,0.042632338404377704
13976,0.08540160729063445
13977,0.07435134646766786
13978,0.03907202782105656
13979,0.0753454110138601
13980,0.08446013661299695
13981,0.04629366789976278
13982,0.04256932639166304
13983,0.0466474754926216
13984,0.043795842117854186
13985,0.04062270867632181
13986,0.08476423597233085
13987,0.09136946422383235
13988,0.06816766128869768
13989,0.048631145119846855
13990,0.09005597198022774
13991,0.08096743728596778
13992,0.08030574896556038
13993,0.04543443566536172
13994,0.06759122539146518
13995,0.07573031862475758
13996,0.044506505186485586
13997,0.03847079079935691
13998,0.032054839868529056
13999,0.14310369692593197
14000,0.06641733072304876
14001,0.06699851174996302
14002,0.04259262855604172
14003,0.031965065629414646
14004,0.07113189586739749
14005,0.03592162617502756
14006,0.11297044333114238
14007,0.03558690733945219
14008,0.1597260039198948
14009,0.038757181653306896
14010,0.028416903712690945
14011,0.03085883599652312
14012,0.04572082734526637
14013,0.036620032725447595
14014,0.04236679853802434
14015,0.07752187465751817
14016,0.046380231531044626
14017,0.06767847721147888
14018,0.10135930693786296
14019,0.07641686764167932
14020,0.0716719385326356
14021,0.024916805778895542
14022,0.06240344782323203
14023,0.06568992957153902
14024,0.060001178686649885
14025,0.05409323544829618
14026,0.0707562857541088
14027,0.08380193225791807
14028,0.06444669531788767
14029,0.10157178277718108
14030,0.0705276946969601
14031,0.040078891872006146
14032,0.04380020414764726
14033,0.043357316104879445
14034,0.0634861708802021
14035,0.04382969580626581
14036,0.03717176501009081
14037,0.0798194008950626
14038,0.04472268514756292
14039,0.04874024034503826
14040,0.06417698231912068
14041,0.07198181525316781
14042,0.08513763330054919
14043,0.07113053420737266
14044,0.0293918820103461
14045,0.08044307064543078
14046,0.038546721299812896
14047,0.07347327858634055
14048,0.047128394464663846
14049,0.0744913385240254
14050,0.039207499383134066
14051,0.04408238929368782
14052,0.11580732259606273
14053,0.06609631997868426
14054,0.05607669865878286
14055,0.09754202922749018
14056,0.06463973817972202
14057,0.03599083026928335
14058,0.07122431175507163
14059,0.06696993027657602
14060,0.04174953006448188
14061,0.06551545079196364
14062,0.03474137519882215
14063,0.06629516797947499
14064,0.0857439918399829
14065,0.06558915875223038
14066,0.1335270659553139
14067,0.027184467138118538
14068,0.05857078593938498
14069,0.10211435000253653
14070,0.07932440063686184
14071,0.08039611704747668
14072,0.03150461981366164
14073,0.03739123955125924
14074,0.026532919095803673
14075,0.07928020849844548
14076,0.03448882644200279
14077,0.09022100061458245
14078,0.07646027275158557
14079,0.04153419439098321
14080,0.07587350018860874
14081,0.08150816909200068
14082,0.08068056171944413
14083,0.06737089898403652
14084,0.07639468283625328
14085,0.10616975550058973
14086,0.028666235264219932
14087,0.08204279333165142
14088,0.10179479545658994
14089,0.08054011689853535
14090,0.0904884918388348
14091,0.0865907822290386
14092,0.08383650179474492
14093,0.039626882913545027
14094,0.04571796133590672
14095,0.07924606802571775
14096,-0.08124613030308804
14097,0.08476880220738725
14098,0.060459535129902736
14099,-0.013513891499857792
14100,0.03803914702243692
14101,0.058462478975960325
14102,0.016935374470368025
14103,0.10429035271376583
14104,0.03448882644200279
14105,0.08328078655651878
14106,0.04438991012520408
14107,0.08149989124689977
14108,0.0718943453933951
14109,0.03791426039730781
14110,0.08583822474563581
14111,0.08785358802112991
14112,0.044371713778616304
14113,0.05950348099660471
14114,0.04143843520694529
14115,0.03714437456802583
14116,0.056902943514632556
14117,0.0783247292869358
14118,0.036518663586953076
14119,0.03580278885582974
14120,0.03534513702598813
14121,0.03606210290311879
14122,0.041712886720450246
14123,0.04058479416569221
14124,0.06552663325765697
14125,0.06294465327112206
14126,0.07053280489977577
14127,0.04152776261454374
14128,0.029839767094507433
14129,0.043074375170392115
14130,0.043114014638900515
14131,0.07449165476333737
14132,0.06305401111565546
14133,0.04253469685609537
14134,0.0830939687162581
14135,0.0044805092685146495
14136,0.06833933749938613
14137,0.09814318247875052
14138,0.04409026932892585
14139,0.04266603687588361
14140,0.05415664012460539
14141,0.07727407890921766
14142,0.0522242323551839
14143,0.0484476298550089
14144,0.06033373904003856
14145,0.057576675110950416
14146,0.06710655599041539
14147,0.09079705710999984
14148,0.06172525325320662
14149,0.040928211152121766
14150,0.03714437456802583
14151,0.03562477634501342
14152,0.06062922743799771
14153,0.06965271455844874
14154,-0.0015369916629319252
14155,0.04738787329319392
14156,0.03978928018797589
14157,0.0950975417558113
14158,0.03684447152032643
14159,0.03930904187555842
14160,0.037617712586944525
14161,0.04334857094015684
14162,0.07055861762709836
14163,0.0707732142556977
14164,0.0835328919519865
14165,0.035203566615927835
14166,0.06045001570316181
14167,0.04797704136227351
14168,0.07390894454473025
14169,0.03204707749695952
14170,0.059133240006959624
14171,0.03883072121246472
14172,0.03889756691516229
14173,0.04143843520694529
14174,0.0704334222088739
14175,0.0241047703365973
14176,0.09076000419037424
14177,0.17918346389400605
14178,0.04266603687588361
14179,0.040092697022274096
14180,0.0301969420606671
14181,0.03355070476718754
14182,0.03071855700393708
14183,0.07658434863702322
14184,0.07127137850481186
14185,0.03149319039891598
14186,0.056861940316871806
14187,0.05479960035679609
14188,0.07441264520750995
14189,0.06044944775563408
14190,0.045743377952549534
14191,0.10638551389798277
14192,0.09798931072127667
14193,0.048199033272360525
14194,0.07532829786441363
14195,0.19674073705263517
14196,0.04244455266502663
14197,0.04539393776964348
14198,0.04070229655520841
14199,0.11455892815682547
14200,0.056424387985896544
14201,0.06545873174347616
14202,0.08306046929250277
14203,0.07684004778991692
14204,0.0637179724732641
14205,0.07519531800240127
14206,0.07824708016503504
14207,0.08364684138100581
14208,0.09865963363889028
14209,0.03991372090351401
14210,0.09541843389437898
14211,0.09113650134451345
14212,0.0962100752013904
14213,0.08710828754680179
14214,0.06272764348633748
14215,0.07682089771120287
14216,0.026913335309971843
14217,0.07204899784293912
14218,0.06805668222508231
14219,0.039243712301083006
14220,0.0934006273751185
14221,0.08016673587043587
14222,0.09376186553008901
14223,0.038261482328627215
14224,0.030875414493234672
14225,0.08294346424703321
14226,0.055762830036253534
14227,0.057043642531473926
14228,0.07648701819084085
14229,0.06408071790870429
14230,0.07759649426753838
14231,0.07619133011832348
14232,0.03160804621307471
14233,0.0576949857259641
14234,0.03916390842955888
14235,0.09801460488713831
14236,0.0406582151701499
14237,0.07649069591274554
14238,0.07527683659938772
14239,0.06333593968745688
14240,0.08477311172010416
14241,0.026532919095803673
14242,0.08418432381012328
14243,0.08773752414318915
14244,0.03948351060405885
14245,0.03868134549776446
14246,0.03140820893197795
14247,0.03179912994441483
14248,0.04927581775813803
14249,0.0974665218322533
14250,0.0770537655717311
14251,0.10058093982587407
14252,0.042642877609994016
14253,0.03901403339439806
14254,0.08379223297200676
14255,0.07518647609504074
14256,0.0435480661958569
14257,0.04375796947417695
14258,0.04161106041071444
14259,0.09773732258748108
14260,0.05290838563553013
14261,0.022769276859370885
14262,0.06022093617406869
14263,0.042134073776722555
14264,0.04907306842398114
14265,0.012430607348248026
14266,0.045371046984184454
14267,0.03606978177984843
14268,0.035464415279264215
14269,0.040332435148526906
14270,-0.02731949601445333
14271,0.0799834228484585
14272,0.08104477968099824
14273,0.041685097741395616
14274,0.0430623599187632
14275,0.09209192638822049
14276,0.026351110608514118
14277,0.04107997294840511
14278,0.047437052754990244
14279,0.07235315593779644
14280,0.07499190946151557
14281,0.07481102821272846
14282,0.045095091411486
14283,0.09545138521403342
14284,0.06220308892212748
14285,0.07459345866286672
14286,0.07511906811277147
14287,0.03085883599652312
14288,0.03693149902874662
14289,0.07055076756525061
14290,0.054035448064044145
14291,0.08625088601112614
14292,0.07270240115060987
14293,0.09106915552055803
14294,0.04083819304210578
14295,0.01620741213676389
14296,0.06227247594255105
14297,0.08083704894505668
14298,0.08352826566528078
14299,0.07568606853965898
14300,0.03431212176326876
14301,0.07470120990773779
14302,0.03937171833349116
14303,0.22226851259322922
14304,0.07973840037047593
14305,0.06935812436313755
14306,0.08452170706355436
14307,0.014529946074081715
14308,0.07198181525316781
14309,0.06403676058624758
14310,0.07183003464559698
14311,0.07829401168273571
14312,0.07255569255066342
14313,0.07232658806725127
14314,0.09668623524410858
14315,0.07526518128302762
14316,0.04143843520694529
14317,0.03137658279363286
14318,0.07300068757667856
14319,0.07278146001608274
14320,0.031142279902051522
14321,0.06129673890321925
14322,0.060984892411814984
14323,0.07417980062492024
14324,0.0875969276967108
14325,0.07558470939877857
14326,0.08214443715212416
14327,0.03373695289608514
14328,0.030485518281329727
14329,0.08655850553556801
14330,0.05510374284531934
14331,0.09021506740921897
14332,0.044849763870066256
14333,0.06927777483007723
14334,0.07304293511755168
14335,0.040928211152121766
14336,0.055125704622687885
14337,0.08028917766490119
14338,0.04520058362202445
14339,0.08196705314000853
14340,0.07139689862805655
14341,0.07089023558626786
14342,0.04676431333879613
14343,0.08183560858362621
14344,0.03398774907890375
14345,0.036674884569071815
14346,0.07595824402259335
14347,0.06550826957862264
14348,0.07753481237235259
14349,0.04140232135418843
14350,0.07591052433026578
14351,0.08253516785876956
14352,0.08795363639233185
14353,0.05890475595132793
14354,0.03788593542480987
14355,0.06404288318629964
14356,0.07163855960443867
14357,0.03355867013456637
14358,0.08829095797428481
14359,0.04068164982656234
14360,0.0409171786221111
14361,0.07605597013399965
14362,0.04400102306692091
14363,0.04855726770929859
14364,0.038310210933609985
14365,0.04935424908951467
14366,0.09143021706366003
14367,0.04588674834806052
14368,0.06807937061123297
14369,0.03431359293147847
14370,0.027131759308711347
14371,0.03299919516168481
14372,0.12241846495623918
14373,0.05770844863349525
14374,0.0718943453933951
14375,0.08347844547381637
14376,0.04122822196377755
14377,0.07878753635422725
14378,0.060880744738297306
14379,0.01746848750711883
14380,0.044928882957626225
14381,0.03282030478363765
14382,0.03437645830407335
14383,0.04099524644863836
14384,0.039246276426757584
14385,0.020682161588241356
14386,0.07521049629266079
14387,0.03973733991999553
14388,0.03940830035584983
14389,0.05747878512730908
14390,0.08222154923730125
14391,0.04626576336514266
14392,0.0828536528831156
14393,0.11227698407333059
14394,0.08283339496562374
14395,0.08859944779619351
14396,0.04220167763194265
14397,0.041240393604689354
14398,0.0751929888095246
14399,0.03844697187312963
14400,0.048439504709142635
14401,0.03104650136849936
14402,0.054817535720593884
14403,0.060189373706521776
14404,0.07255569255066342
14405,0.033258539686209586
14406,0.06748526868820305
14407,0.08226452453471823
14408,0.05614534940471492
14409,0.06482505979211513
14410,0.1041305536952653
14411,0.04678956947717246
14412,0.042471083467154856
14413,0.04498435477154252
14414,0.0718943453933951
14415,0.039862796647177665
14416,0.042632338404377704
14417,0.060280436938942195
14418,0.03518354115929057
14419,0.10579378839357544
14420,0.07444637423173983
14421,0.08634386753565952
14422,0.04397487483319577
14423,0.03912659122505391
14424,0.042162677177681684
14425,0.045232720908600206
14426,0.03745942129917867
14427,0.11190589439570392
14428,0.04586384476307408
14429,0.059191065022855066
14430,0.03533573725575877
14431,0.0884021006876017
14432,0.060839801602727436
14433,0.07487664946653597
14434,0.036293293005929594
14435,0.08556945138862428
14436,0.03666132353402701
14437,0.07816946090270568
14438,0.04292487853795497
14439,0.07408828584445107
14440,0.07672778356539943
14441,0.05237594696131941
14442,0.08167220320699295
14443,0.04550207794585366
14444,0.019422221517151225
14445,0.06070971318577051
14446,0.038899435977654336
14447,0.083912282803883
14448,0.04034435859139744
14449,0.07110126905916343
14450,0.028591664869817356
14451,0.03991134152058173
14452,0.024276209416189548
14453,0.036829425957932635
14454,0.040359927441991406
14455,0.10658329173145935
14456,0.04687055200753118
14457,0.07420804336114047
14458,0.06046714434687337
14459,0.04103212553541224
14460,0.10403453775481873
14461,0.07911206399203176
14462,0.02882400138592357
14463,0.04062270867632181
14464,0.08100381925194448
14465,0.06317414987987192
14466,0.035501820332715726
14467,0.046733282581702056
14468,0.04777954454253971
14469,0.07198181525316781
14470,0.0373417094569263
14471,0.04203016721557588
14472,0.04120461070951587
14473,0.07557430346940275
14474,0.034525318244115526
14475,0.046538160761939056
14476,0.0666625734193688
14477,0.036551257273352976
14478,0.04537783786951035
14479,0.03790558753217009
14480,0.0774403400317412
14481,0.07832527546945559
14482,0.08390940771840594
14483,0.11084237090038421
14484,0.04186882512364565
14485,0.039991526982935816
14486,0.07664365587246119
14487,0.03700133271270535
14488,0.058317257024965104
14489,0.07184770945197883
14490,0.03631159548709674
14491,0.040583214783714426
14492,0.08456456761682858
14493,0.0044805092685146495
14494,0.02812336501561259
14495,0.04640198470323034
14496,0.04507413990158247
14497,0.03331497143931747
14498,0.04408005073980898
14499,0.1987129895207298
14500,0.0657748025265721
14501,0.04308898178932882
14502,0.07579391953048625
14503,0.08435455450297873
14504,0.03363397970683977
14505,0.03949130379131649
14506,0.052507650283014934
14507,0.08017249917871405
14508,0.026532919095803673
14509,0.08270021558027771
14510,0.038736830752951375
14511,0.06279133530762708
14512,0.07559294800836856
14513,0.06658090844931756
14514,0.03607539797417859
14515,0.07992524965602384
14516,0.03250999263638439
14517,0.07256919811901973
14518,0.08533165184336253
14519,0.045496130289833535
14520,0.08113153070853951
14521,0.07286734911595982
14522,0.0468999131843764
14523,0.2063187205401188
14524,0.06841845532968285
14525,0.03874789348210128
14526,0.08070596464708625
14527,0.015457617390986368
14528,0.07730260430716042
14529,0.06522472813008555
14530,0.03855903189736838
14531,0.21039055142266277
14532,0.04204260510205514
14533,0.052173831975529425
14534,0.02291604563134798
14535,0.05169665545526546
14536,0.07934682175861948
14537,0.05528811056453538
14538,0.03765443951402034
14539,0.03560685009133885
14540,0.07626588166041637
14541,0.07230679516962668
14542,0.04198977054257425
14543,0.06680941198899717
14544,0.06828530098801097
14545,0.03559251151667206
14546,0.04068423071130211
14547,0.038726293835657344
14548,0.15919034503981774
14549,0.06479232102721877
14550,0.06575192713299448
14551,0.05944800713670087
14552,0.07399908105286471
14553,0.03818987158375365
14554,0.10051734730532651
14555,0.08493903049556288
14556,0.06648805372564952
14557,0.10157178277718108
14558,0.04685072740475474
14559,0.07804987355125624
14560,0.11211271200980213
14561,0.05027754685211099
14562,0.058247948527003
14563,0.07205364466065922
14564,0.04408162555366897
14565,0.08305045262088645
14566,0.025946225802130813
14567,0.05117849968185383
14568,0.05183385234013188
14569,0.04991334536480778
14570,0.04173367206156021
14571,0.07021412434804149
14572,0.07999064111564208
14573,0.06369383351862355
14574,0.10285004374901234
14575,0.02044731547983983
14576,0.07690413982827059
14577,0.06552663325765697
14578,0.057792945233718813
14579,0.048538347411172154
14580,0.10962282012595055
14581,0.04229042361299123
14582,0.08135174212818694
14583,0.0259447874685665
14584,0.04109294369079088
14585,0.041422058741838616
14586,0.03684827862503572
14587,0.028323029339733873
14588,0.03153374988587228
14589,0.07148280445308973
14590,0.06462859458431608
14591,0.030340673378708657
14592,0.05300184358817777
14593,0.11976381320730783
14594,0.03474137519882215
14595,0.06791039355687001
14596,0.062299921790594744
14597,0.054829365940598215
14598,0.0407797207139351
14599,0.12851688931970295
14600,0.049844610352530135
14601,0.08096743728596778
14602,0.10201302562288829
14603,0.04332063089267531
14604,0.06732528157919185
14605,0.09939019200192976
14606,0.02369713504498543
14607,0.052147791445930076
14608,0.06908150421337131
14609,0.082897171581101
14610,0.07979491574068635
14611,0.043126986042151476
14612,0.040053781646018354
14613,0.06221737961485927
14614,0.04942216358873865
14615,0.07427962187134397
14616,0.02534694211644812
14617,0.06870083815191882
14618,0.08940044352976831
14619,0.05940056764543871
14620,0.0189417416395528
14621,0.029624834212548457
14622,0.07919616782599263
14623,0.06947508321499227
14624,0.08836039353952656
14625,0.09321145851708264
14626,0.042598935012965314
14627,0.13122659226952352
14628,0.07112122075071133
14629,0.07141263234881802
14630,0.07756978015267363
14631,0.038253808731807885
14632,0.045664443743013594
14633,0.040181134846651
14634,0.026734921811907845
14635,0.04699281462711163
14636,0.08375403492225823
14637,0.04733982617450413
14638,0.047486230736372176
14639,0.032646980972946354
14640,0.09165383252291394
14641,0.04471990652608955
14642,0.0923396773830118
14643,0.08517887971668717
14644,0.0388569100454404
14645,0.1063538465514202
14646,0.08854832437717242
14647,0.061305963381270444
14648,0.07811583611676
14649,0.04600530300917418
14650,0.03842661834663723
14651,0.13430199678162136
14652,0.010591378758342113
14653,0.043562148751790104
14654,0.07909774477735429
14655,0.03843610491828736
14656,0.09471641444546952
14657,0.006162881029472349
14658,0.08028394651816498
14659,0.04361225841139313
14660,0.060880744738297306
14661,0.053953796872096796
14662,0.03480477069440996
14663,0.06829086717610522
14664,0.03067147023898891
14665,0.07118285997433933
14666,0.04218037095858574
14667,0.032127169912446595
14668,-0.023385944973886654
14669,0.07885315914563269
14670,0.10502866738623723
14671,0.08415387551806151
14672,0.03973717338270115
14673,0.07026162506975182
14674,0.0819968143778199
14675,0.029659199517988902
14676,0.07137010496241004
14677,0.06862457321912661
14678,0.14193360256014753
14679,0.1302480501158919
14680,0.01135828842489654
14681,0.06525434524611352
14682,0.06297489870062582
14683,0.03766259035175457
14684,0.06005339040874614
14685,0.04133903572080779
14686,0.062217857706566765
14687,0.08403185812433416
14688,0.0820768679711343
14689,0.02568513744308554
14690,0.07479898712305912
14691,0.07678680828798032
14692,0.08301623937940619
14693,0.03599400891902803
14694,0.040505108369608946
14695,0.061254625113165144
14696,0.03483972742062328
14697,0.0830251836021505
14698,0.07399908105286471
14699,0.07531184162666615
14700,0.04440188558956271
14701,0.038757181653306896
14702,0.05377464210714669
14703,0.07902349360905346
14704,0.04191100560229516
14705,0.032583604710407645
14706,0.040562226041837596
14707,0.029074503335261313
14708,0.06893837045076069
14709,0.07525742154112226
14710,0.07185483490049252
14711,0.04096404439546476
14712,0.03193625579806751
14713,0.07346653471359846
14714,0.06879368402323194
14715,0.06718701523175118
14716,0.03844823709495655
14717,0.0712442088212573
14718,0.07688754675298658
14719,0.07865249601227677
14720,0.0723560358828484
14721,0.07615270493829633
14722,0.07544813809931512
14723,0.038313742734973795
14724,0.04725229370936264
14725,0.06176267176648456
14726,0.0637573199161488
14727,0.028167961264680394
14728,0.04072098883791135
14729,0.04736436893103999
14730,0.037043903064893274
14731,0.0783247292869358
14732,0.039463360598157415
14733,0.04717831817871173
14734,0.03443114210109812
14735,0.06918768486421231
14736,0.03927810833046627
14737,0.045241321935213887
14738,0.11051803921638877
14739,0.0690213984089317
14740,0.010603944550279718
14741,0.08410241444228282
14742,0.029761068803753857
14743,0.08107682154099465
14744,0.07062728548023055
14745,0.045048936371190035
14746,0.10538882811314926
14747,0.040698131577216135
14748,0.07347507868916901
14749,0.037394916096439086
14750,0.043757215272960386
14751,0.06954393600990336
14752,0.04706690212499929
14753,0.04223709025244927
14754,0.07530433670280004
14755,0.01280545787476468
14756,0.040274170998158665
14757,0.06976316169647218
14758,0.09002524821404563
14759,0.04047367511793991
14760,0.038898455660663404
14761,0.06879720862570272
14762,0.03827113155569722
14763,0.07312224454704086
14764,0.0845164874438801
14765,0.030508831503614692
14766,0.0881936504192652
14767,0.06718665318826857
14768,0.08206859342193777
14769,0.04211320246313306
14770,0.04850647233143228
14771,0.019427467861339448
14772,0.07871727947196236
14773,0.03717156569631089
14774,0.036704019642847675
14775,0.035724309362208405
14776,0.03473398312396448
14777,0.06638429727508027
14778,0.07921761813627431
14779,0.05530526481767392
14780,0.03539745343227669
14781,0.08151654909011302
14782,0.038849098249820996
14783,0.07137010496241004
14784,0.04819465983550604
14785,0.10536868000855364
14786,0.14704746722175238
14787,0.03890523460301445
14788,0.07406771328305065
14789,0.07526518128302762
14790,0.07506545235456397
14791,0.04141952759342657
14792,0.09400114676285407
14793,0.08183078149503036
14794,0.0743912773748666
14795,0.0822908042332856
14796,0.10705419435181186
14797,0.04757612278081392
14798,0.04055675390052849
14799,0.10305875036860934
14800,0.03630690915767479
14801,0.053042558006645396
14802,0.11233463418799187
14803,0.09609558182177252
14804,0.04160431436963466
14805,0.02423604908691167
14806,0.05407709501064378
14807,0.05806953809143301
14808,0.04409026932892585
14809,0.020924243030412248
14810,0.046204547030919675
14811,0.042474670484499155
14812,0.06476609920436349
14813,0.06263404877490089
14814,0.07587127894189014
14815,0.04384148490091665
14816,0.08213720210309645
14817,0.049030545872281665
14818,0.037503226091977725
14819,0.04255550014769182
14820,0.03137639396007555
14821,0.02244485605324854
14822,0.06739570450894605
14823,0.08084977897317815
14824,0.09282905404573279
14825,0.09819302066502374
14826,0.04400017317374387
14827,0.06847339952736507
14828,0.075018494237421
14829,0.06788079878340994
14830,0.040058994368053664
14831,0.05061411618587146
14832,0.07139689862805655
14833,0.03067147023898891
14834,0.07281694510838527
14835,0.064474189988485
14836,0.06842445907058133
14837,0.05104109154775155
14838,0.03696586947560798
14839,0.04078449262824847
14840,0.03728351458423181
14841,0.06441296008327671
14842,0.09200767493277613
14843,0.11375867563477066
14844,0.0707562857541088
14845,0.1086075781501971
14846,0.055354633138321424
14847,0.03691587679250581
14848,0.04281670009364947
14849,0.07022855403096746
14850,0.03667263979275558
14851,0.032464861150632573
14852,0.045850746379332036
14853,0.048385132393845474
14854,-0.0027629816045782983
14855,0.03384702521810265
14856,0.0804258316451712
14857,0.021998665225710222
14858,0.06954393600990336
14859,0.031937087676509844
14860,0.06156656116835411
14861,0.04222678860158025
14862,0.07771251805624205
14863,0.08476729825691547
14864,0.08351592621465662
14865,0.08096743728596778
14866,0.02215306374015597
14867,0.07530433670280004
14868,0.07235315593779644
14869,0.07497017477667672
14870,0.06957925473097533
14871,0.0803912780223672
14872,0.08557618609185086
14873,0.07511127025588864
14874,0.0646264041852011
14875,0.07277565468716274
14876,0.041197832384487966
14877,0.05095057406289097
14878,0.07178079522380182
14879,0.06651729673832742
14880,0.08525774530639742
14881,0.0923942522039835
14882,0.027809918816485268
14883,0.08840442187926677
14884,0.04595887183152169
14885,0.04335204769006797
14886,0.07603817842308457
14887,0.08171339550251018
14888,0.06802336229986819
14889,0.06454594344744831
14890,0.04399598810349699
14891,0.046459955520423916
14892,0.0677024999663489
14893,0.03533573725575877
14894,0.02203915144165234
14895,0.04240446685656015
14896,0.03429313157522866
14897,0.0316908134418866
14898,0.043614281136987405
14899,0.09677187210489749
14900,0.03510464377706688
14901,0.07638311318781815
14902,0.03949130379131649
14903,0.05610127151157982
14904,0.04474728469976677
14905,0.05862237970977742
14906,0.046134440873679544
14907,0.01146014352276082
14908,0.12888800952052926
14909,0.07138743764316577
14910,0.0723193439860363
14911,0.08252431111497299
14912,0.07923452085404349
14913,0.032907218022871276
14914,0.06947682739354019
14915,0.03855597510063002
14916,0.07241122047812878
14917,0.0758488605987771
14918,0.07858783586671057
14919,0.08814002766887111
14920,0.10072332956646309
14921,0.04310409992334096
14922,0.08046525632832342
14923,0.03265922776449558
14924,0.05998159059078219
14925,0.08352096693975035
14926,0.028335473301733888
14927,0.07445855490459395
14928,0.07626420415799295
14929,0.03771001409280966
14930,0.03562477634501342
14931,0.030774243842655778
14932,0.09116615321624268
14933,0.13840184895256907
14934,0.007827455825117935
14935,0.06427759631632841
14936,0.06983342273219043
14937,0.04679951098717246
14938,0.06363438257022015
14939,0.04678142689075362
14940,0.07103054349488819
14941,0.028494373736300302
14942,0.06507393779941296
14943,0.0846222728962641
14944,0.03260443630214541
14945,0.028431838513071076
14946,-0.02020942428418369
14947,0.05440003078279266
14948,0.07148280445308973
14949,0.09344305270973463
14950,0.0771399741907629
14951,0.03689826260869198
14952,0.07975834698621237
14953,0.023837386259772095
14954,0.04100088109663196
14955,0.08188797654271539
14956,0.03604955850745182
14957,0.010466058930731133
14958,0.0807761071240002
14959,0.03851033141465547
14960,0.04831471885369022
14961,0.08098663977619287
14962,0.0972960326163336
14963,0.0719337381723384
14964,0.028416903712690945
14965,0.045354898937419265
14966,0.09468234757180978
14967,0.06810838622522448
14968,0.04443078121328686
14969,0.05324529897334632
14970,0.09237156184652932
14971,0.16073223655718927
14972,0.026790755619872163
14973,0.05983234370964704
14974,0.07596697665106981
14975,0.08372959569748188
14976,0.08511479801616748
14977,-0.10527602121287663
14978,0.0389940603200056
14979,0.036443417103002466
14980,0.041987327860431585
14981,0.0759123083914549
14982,0.043795842117854186
14983,0.07852061784410411
14984,0.07917160769408504
14985,0.0770275000596059
14986,0.07317365027190549
14987,-0.06552517083466737
14988,0.0895068253394097
14989,0.0652133910987183
14990,0.07026228926557843
14991,0.0721620661649883
14992,0.038368156114262385
14993,0.008121004777654657
14994,0.07451789705276508
14995,0.0991489156348493
14996,0.0826287433396425
14997,0.09930051453746301
14998,0.038749657946566145
14999,0.09181224080323394
15000,0.07793106339451414
15001,0.04589480092466281
15002,0.09962809375724514
15003,0.0791180857394814
15004,0.08898816847797612
15005,0.03097740346496683
15006,0.08066413600831876
15007,0.04340489088756429
15008,0.03723053868784002
15009,0.03437645830407335
15010,0.07691822624565933
15011,0.03559019137038324
15012,0.0606001439097031
15013,0.08087253108729182
15014,0.040026677449533296
15015,0.028760390415500603
15016,0.0674780256790448
15017,0.03267036011125991
15018,0.04158908537748955
15019,0.0411836779294201
15020,0.12926516821578707
15021,0.08173794500472811
15022,0.07518036209659763
15023,0.03143582447578133
15024,0.04092437321188929
15025,0.063634808916585
15026,0.032420039150202126
15027,0.03677837395427885
15028,0.11190589439570392
15029,0.03225076882682129
15030,0.04670377265546558
15031,0.06619356892663097
15032,0.08264466408087072
15033,0.04134134776377499
15034,0.08340977961684327
15035,0.04237459160534411
15036,0.05732005153928348
15037,0.07889495065302939
15038,0.07311792364830184
15039,0.06475718689969795
15040,0.0488148248973376
15041,0.03672802734392373
15042,0.015312030395478949
15043,0.08476168071487787
15044,0.04468638795706637
15045,0.06727984047763497
15046,0.03534241054937049
15047,0.030911944635796627
15048,0.04353545752466546
15049,0.07987961949005154
15050,0.07763930478252311
15051,0.03060433807685876
15052,0.09235922255945737
15053,0.05607453168463263
15054,0.10017097514796097
15055,0.08353688162370282
15056,0.043124139407877654
15057,0.09135234698086016
15058,0.07277931069845243
15059,0.04899503151260696
15060,0.08328903011956725
15061,0.08682464231587891
15062,0.0753340842887365
15063,0.04781921897204935
15064,0.04491248003132075
15065,0.05185865811143971
15066,0.06267405373195695
15067,0.07752658286827599
15068,0.03570722870446431
15069,0.03964844324420265
15070,0.08481811327922563
15071,0.07580099318060532
15072,0.07419812710406817
15073,0.04865608284451588
15074,0.07738181102770754
15075,0.06616471144845226
15076,0.08117135062449046
15077,0.032675917724036455
15078,0.005408282919591781
15079,0.07113189586739749
15080,0.07607998222504801
15081,0.07731565869813255
15082,0.053953796872096796
15083,0.07622959258889044
15084,0.1021171119376037
15085,0.042480357417410575
15086,0.029430593824686872
15087,0.044885436022911104
15088,0.05099942767439524
15089,0.05344867889499788
15090,0.03781181018151638
15091,0.046728133336253024
15092,0.035256625137085676
15093,0.03178404988630627
15094,0.062485009407026365
15095,0.06739570450894605
15096,0.08210611007587669
15097,0.0387157218971142
15098,0.08717766078203475
15099,0.0494865880621105
15100,0.04310409992334096
15101,0.08328903011956725
15102,0.08107067014788831
15103,0.07847788250322563
15104,0.0853259108457359
15105,0.0654701358652056
15106,0.03851011041685271
15107,0.037128770269654374
15108,0.08443376413345943
15109,0.0691542690231278
15110,0.09669195508791219
15111,0.07986473563887014
15112,0.031937087676509844
15113,0.06918887670747165
15114,0.04975559027935214
15115,0.03667643420214686
15116,0.09190824567165885
15117,0.06153196319978341
15118,0.04052883805105041
15119,0.03982962387431755
15120,0.042767875674763346
15121,0.04375939932128193
15122,0.07901967097369077
15123,0.06430530637207307
15124,-0.01783025742160992
15125,-0.07557033379726587
15126,0.03806620416767726
15127,0.04995673161528078
15128,0.043795842117854186
15129,0.06629415725332134
15130,0.052921092448190495
15131,0.08215909198736551
15132,0.06774725980252025
15133,0.04247343193391414
15134,0.0672871553975652
15135,0.06220310033728369
15136,0.06467144024111843
15137,0.03525051863732875
15138,0.03890357658805934
15139,0.031090728035244476
15140,0.08218042188171111
15141,0.04690658153607978
15142,0.07894280228044087
15143,0.12000787470958917
15144,0.040938609873340866
15145,0.07255216794819264
15146,0.07962697824774904
15147,0.0484476298550089
15148,0.07459345866286672
15149,0.07026228926557843
15150,0.0828882741989782
15151,0.04060446404926798
15152,0.04361882445600499
15153,0.03656005519309119
15154,0.0824327339917118
15155,0.07569887126737466
15156,0.1314813336013933
15157,0.05224370441170544
15158,0.011458018597039021
15159,0.07748390882257686
15160,0.09495583297243869
15161,0.03918604359316843
15162,0.04456168749613524
15163,0.0774291548717482
15164,0.08249617337699337
15165,0.04956035279593882
15166,0.06689207097918924
15167,0.07811255164653916
15168,0.037428473412369045
15169,0.029882418863250843
15170,0.021389676416992676
15171,0.11035525177923003
15172,0.07275159633892829
15173,0.07863080329769924
15174,0.06871806955255942
15175,0.18375145102045196
15176,0.038537740464056676
15177,0.02067039625393116
15178,0.06635384110109228
15179,0.07285351875456966
15180,0.01756649767638708
15181,0.02622868590236698
15182,0.07278146001608274
15183,0.09108125567929051
15184,0.08633387050818975
15185,0.07539740962267232
15186,0.07876315030410186
15187,0.06573012696858554
15188,0.04503188727283755
15189,0.07264230445632709
15190,0.08572869372389055
15191,0.07940559165130096
15192,0.04203885462651668
15193,0.0407797207139351
15194,0.09872214883230081
15195,0.04221749207683743
15196,0.051625892836914676
15197,0.05586663152851457
15198,0.038427680394749225
15199,0.038673346528947265
15200,0.06848447976690039
15201,0.0395709270459893
15202,0.038774006462042675
15203,0.08230817943500761
15204,0.0776431099140519
15205,0.04608800229078366
15206,0.061890982076660016
15207,0.04282608312187631
15208,0.0846141733773385
15209,0.06555058444908515
15210,0.0925225358849951
15211,0.04120802315493591
15212,0.07306597456735607
15213,0.03714437456802583
15214,0.04547575892075047
15215,0.11022495652583465
15216,0.07624153949191646
15217,0.07668296102032582
15218,0.080151577255428
15219,0.08608053305910104
15220,0.03823850089118612
15221,0.08000187668913222
15222,0.0865780495413619
15223,0.09036692118009146
15224,0.07590257369635563
15225,0.03995589342891346
15226,0.049693355906305
15227,0.10083313164947123
15228,0.07631466898543636
15229,0.10390203401525037
15230,0.08339285695548031
15231,0.03151962263319448
15232,0.04415474701698427
15233,0.040167865138664036
15234,0.039955893786827415
15235,0.0787256246792608
15236,0.03501237847624672
15237,0.07655152543147682
15238,0.06268090561303069
15239,0.03477556537255048
15240,0.07599396938858732
15241,-0.02109268113424654
15242,0.03088568977539706
15243,0.06985599558734162
15244,0.03159527257286552
15245,0.04222678860158025
15246,0.06241606673282083
15247,0.03055649601917655
15248,0.13241403918384326
15249,0.034634417023049216
15250,0.07667438675053172
15251,0.07908758070839905
15252,0.07379746242625279
15253,0.040995781952662076
15254,0.0444422854052914
15255,0.04213616076898968
15256,0.08212087060008785
15257,0.12819014994362862
15258,0.09609441296632909
15259,0.1018174311409131
15260,0.07926642636915457
15261,0.08219057019261992
15262,0.08075928686439349
15263,0.036736033348389464
15264,0.10141526681277453
15265,0.06487833991196205
15266,0.03575655313001826
15267,0.020257284181648322
15268,0.08579683558235354
15269,0.07744920348108635
15270,0.09172487370293235
15271,0.05206540803434694
15272,0.06113529019928287
15273,0.038999848570749056
15274,0.05864601309935282
15275,0.08344531069057785
15276,0.08700143923443893
15277,0.051176484657121726
15278,0.06669398987017382
15279,0.07678259406049351
15280,0.040938609873340866
15281,0.0754891721554318
15282,0.0850799433652023
15283,0.04551045730673318
15284,0.026136736803431614
15285,0.02678474168416852
15286,0.04009319728823057
15287,0.08021325045890998
15288,0.044002860453958785
15289,0.040181617336264346
15290,0.011445494564979529
15291,0.05162593630091188
15292,0.06214355037765682
15293,0.06201343657212629
15294,0.07139689862805655
15295,0.030919790135251417
15296,0.03518354115929057
15297,0.004999925545243295
15298,0.0822737343173283
15299,0.03282030478363765
15300,0.08038522341603896
15301,0.03140894352304693
15302,0.04371027710874599
15303,0.08096743728596778
15304,0.09117862139309134
15305,0.0910032665192577
15306,0.03137658279363286
15307,0.06806563698483918
15308,0.11613182070629362
15309,0.06636329859989473
15310,0.05287245553074315
15311,0.028252935961215867
15312,0.06980010416491464
15313,0.0337032634392642
15314,0.06163290247614694
15315,0.07610288529567742
15316,0.08782213376301005
15317,0.06658205902749048
15318,0.031882964765784456
15319,0.07264230445632709
15320,0.06803834291138476
15321,0.035866625238829275
15322,0.04339695930173426
15323,0.030030017212140107
15324,0.07390094717105752
15325,0.04637296948610146
15326,0.08870165031362624
15327,0.041976456099388895
15328,0.08011470235227289
15329,0.044005674166066336
15330,0.08150398722565001
15331,0.04790884232497463
15332,0.08367872826673635
15333,0.04656767294231158
15334,0.10433973698373528
15335,0.08224891523821683
15336,0.06816109921183132
15337,0.046726308605978595
15338,0.05672396703698755
15339,0.08083452313146312
15340,0.040989300051463215
15341,0.09127706792038459
15342,0.07730523216173565
15343,0.0751026094984109
15344,0.042303115565012595
15345,0.04362867751987634
15346,0.07304293511755168
15347,0.09943684828503872
15348,0.07113189586739749
15349,0.07545510411966816
15350,0.07357237851245065
15351,0.03358658695974641
15352,0.018339645763463263
15353,0.03924034760540014
15354,0.1087784837008854
15355,0.04273932384805303
15356,0.06893723333532012
15357,0.060880744738297306
15358,0.04060446404926798
15359,0.07733449456463999
15360,0.061477647190905566
15361,0.036676555019865296
15362,0.08172476180596068
15363,0.06472826354162547
15364,0.09771953992650068
15365,0.03367987683164666
15366,0.026027093590484426
15367,0.07712240234727466
15368,0.01993131988380289
15369,0.06756629240413684
15370,0.08123060435337019
15371,0.0455601348951324
15372,0.07314062821171062
15373,0.0441177063639802
15374,0.05881904235883128
15375,0.038737424367625374
15376,0.07763392291103073
15377,0.06901452370444022
15378,0.0362571668740335
15379,0.05224370441170544
15380,0.03938432889604857
15381,0.07913005770804699
15382,0.03640784394172792
15383,0.07851519893926225
15384,0.07997941024868972
15385,0.06675117192744227
15386,0.03514693548261147
15387,0.04859092406378579
15388,0.04083168641670116
15389,0.03720670630480749
15390,0.08449624220576689
15391,0.04500911722093079
15392,0.09545322146115312
15393,0.08916884933711632
15394,0.04835827324910572
15395,0.07435134646766786
15396,0.04329323617647094
15397,0.0721620661649883
15398,0.0940349280229214
15399,0.0847239318097217
15400,0.03511140390933927
15401,0.04110322580598782
15402,0.04228663311857763
15403,-0.09794462540717916
15404,0.08169012930851884
15405,0.07343666901128185
15406,0.061815637525138224
15407,0.08582214590473351
15408,0.024420040322497446
15409,0.03282030478363765
15410,0.07390894454473025
15411,0.06165723996998656
15412,0.03239595615942461
15413,0.07597521509154016
15414,0.07986473563887014
15415,0.051910449012042864
15416,0.09441974165516558
15417,0.06407608283915887
15418,0.0838453408063071
15419,0.051150423606722166
15420,0.04543881259691853
15421,0.03027111640589884
15422,0.08008867206138874
15423,0.04084405908656999
15424,0.04662931299254484
15425,0.07333676736864951
15426,0.03757112129215154
15427,0.041224411181470494
15428,0.06740873135999335
15429,0.08614689207982669
15430,0.04163587732509545
15431,0.0875148367112827
15432,0.04017823022608208
15433,0.03723730803858859
15434,0.04011413155530879
15435,0.040399028892229835
15436,0.07315906060513484
15437,0.045754370576407064
15438,0.0425279166938961
15439,0.026913335309971843
15440,0.0715319103934129
15441,0.09240802422553168
15442,0.07977820640545213
15443,-0.07222372800337426
15444,0.07557681231973085
15445,0.07655887020295661
15446,0.07600153884431961
15447,0.04314376226895623
15448,0.040637475030668765
15449,0.0991350878928026
15450,0.03894927598866089
15451,0.06887359914150512
15452,0.04068666563213483
15453,0.07384148371042905
15454,0.0761725962243411
15455,0.041661204490209984
15456,0.07057821185305033
15457,0.038407524861554306
15458,0.0730214594769215
15459,0.08065747885894875
15460,0.04415054461055064
15461,0.09193645094264241
15462,0.07036121919641708
15463,0.0389940603200056
15464,0.08174390275384034
15465,0.06559623189563892
15466,0.03055649601917655
15467,0.02922264346768111
15468,0.04076511776062837
15469,0.05847099944373511
15470,0.08160888903721887
15471,0.01686555460213733
15472,0.03349465417922088
15473,0.10155505303085302
15474,0.03384702521810265
15475,0.06615155873281305
15476,0.041228055815068866
15477,0.05838955921359279
15478,0.07379816478333989
15479,0.049837691527167556
15480,0.08685119801285167
15481,0.07665269358460343
15482,0.0746329097050208
15483,0.06938128623900078
15484,0.015694147278724212
15485,0.07912186311940653
15486,0.04222749240571044
15487,0.08941260216475598
15488,0.041673668320958396
15489,0.05887556105177001
15490,0.03360970641701198
15491,0.02135235334430934
15492,0.04173794716949757
15493,0.018623065265550975
15494,0.04448102236277033
15495,0.05737737896980283
15496,0.04585593129818575
15497,0.04068015765106155
15498,0.08707986246637864
15499,0.03763860506303376
15500,0.03995571759069438
15501,0.0794063315980119
15502,0.044774606806402203
15503,0.068523931571946
15504,0.09950038264027483
15505,0.09181932820592578
15506,0.03775862423174554
15507,0.06775532108714116
15508,0.08452212574521249
15509,0.07328502383293625
15510,0.03568998105629326
15511,0.03705241857406247
15512,0.04997048271380291
15513,0.02867904451731026
15514,0.039637302123059534
15515,0.09154402983042813
15516,0.11980319742037995
15517,0.03457258583633258
15518,0.07390094717105752
15519,0.07615057373954294
15520,0.06700268306445163
15521,0.040468585979805696
15522,0.0825763597110031
15523,0.08274189458268166
15524,0.0692003702124169
15525,0.02701354314831547
15526,0.09255698055941121
15527,0.0790613372270706
15528,0.07680241876828212
15529,0.07027832661996535
15530,0.06533199046962603
15531,0.04619181447207749
15532,0.07495300913204563
15533,0.06028249447394869
15534,0.04554734212576724
15535,0.0405226440524502
15536,0.097383132530202
15537,0.07792563773965497
15538,0.06805668222508231
15539,0.03708126858107907
15540,0.060091316651127
15541,0.04082775485406511
15542,0.07265509400631699
15543,0.09187139084402882
15544,0.062351183551563306
15545,0.05559942000014686
15546,0.06270411266532934
15547,0.06283265487324144
15548,0.07328605638069033
15549,0.07580835192823077
15550,0.029472390352662498
15551,0.061676611631669244
15552,0.05251883105493503
15553,0.04164338953821067
15554,0.09769094108283534
15555,0.045012820319125596
15556,0.08212087060008785
15557,0.08098364774512837
15558,0.08893637895965588
15559,0.05606866622681567
15560,0.018072672031738117
15561,0.07691981270898139
15562,0.10899653532378377
15563,0.03154194233641032
15564,0.028454097405581417
15565,0.07836682546732103
15566,0.07569809453646043
15567,0.06738949035594287
15568,0.04222071346380691
15569,0.03474137519882215
15570,0.08103096808511293
15571,0.03334309786682685
15572,0.06020768740041234
15573,0.08359849834251913
15574,0.04571932828219638
15575,0.0857439918399829
15576,0.09270417052605756
15577,0.03534768720372186
15578,0.03585210707156708
15579,0.06409362009853528
15580,0.07447702727107619
15581,0.07741381982974471
15582,0.09470856604972483
15583,0.06354637137040946
15584,0.04938656999910397
15585,0.058074788326240225
15586,0.07729555033071113
15587,0.08141955231906199
15588,0.0298167115643463
15589,0.08194791439549698
15590,0.07800760947198021
15591,0.06918887670747165
15592,0.03955260649617718
15593,0.019106728841955963
15594,0.03471531716057458
15595,0.07386547181160318
15596,0.031773024767615114
15597,0.09109186964455657
15598,0.020376603040321316
15599,0.05562553748987016
15600,0.08294097392705878
15601,0.043801760261298776
15602,0.07332306396074584
15603,0.06509885583854313
15604,0.06815921949546223
15605,0.06340311189358636
15606,0.08839907985650447
15607,0.04827619404796851
15608,0.058460370852326145
15609,0.04692269372211828
15610,0.050039298323998366
15611,0.03534513702598813
15612,0.034949346129502123
15613,0.08076540963891671
15614,0.07439882119148333
15615,0.039452061425571006
15616,0.0859672606087916
15617,0.04979902544034846
15618,0.09230981095146623
15619,0.04140712159918676
15620,0.21515450260257105
15621,0.0872937365641294
15622,0.08022293115664349
15623,0.0634362349987973
15624,0.03855597510063002
15625,0.08091951056312834
15626,0.0614058515160011
15627,0.038518033873422286
15628,0.036611000326112524
15629,0.0716719385326356
15630,0.02643158584333897
15631,0.08606178111813251
15632,0.036588369097908476
15633,0.08354262383271437
15634,0.028793072847773805
15635,0.0508572052983684
15636,0.08534495492162883
15637,0.13314896557125108
15638,0.06275230342919601
15639,0.03868134549776446
15640,0.08522909939118248
15641,0.03471209983937238
15642,0.07884701315433877
15643,0.07572798835031905
15644,0.06130619547178153
15645,0.06258229173192298
15646,0.09787741570802919
15647,0.05898367942568972
15648,0.0745158587211151
15649,0.040553163220358845
15650,0.06939802577505193
15651,0.07855297192287819
15652,0.039126839938737314
15653,0.03841436280255413
15654,0.07383248359490757
15655,0.04554055234610005
15656,0.03533691182289236
15657,0.08655540234391232
15658,-0.09150399314043554
15659,0.03951113270503198
15660,0.03328957621004575
15661,0.08236643401917876
15662,0.08919298659844539
15663,0.09065874187546033
15664,0.039461812172552416
15665,0.036830091482667054
15666,0.09405882223370247
15667,0.019206522643037294
15668,0.0690213984089317
15669,0.06086178683986752
15670,0.06885636625988979
15671,0.08797875713231176
15672,0.0465068394177587
15673,0.0872451239596179
15674,0.05051567644096355
15675,0.07140134295208304
15676,0.07513612096555361
15677,0.12349901359282864
15678,0.11855207208390041
15679,0.0442100138563909
15680,0.028667122759878146
15681,0.04983256124097535
15682,0.09565925813670342
15683,0.03285025893481002
15684,0.06460202463974016
15685,0.021461831227682346
15686,0.08216192546470741
15687,0.021178865802136963
15688,0.05741762183519453
15689,0.0690213984089317
15690,0.07729524579518783
15691,0.0485278470074125
15692,0.06030054773643966
15693,0.03910080937967918
15694,0.06249320093333049
15695,0.03780803515895483
15696,0.06630144443542157
15697,0.031577127218519574
15698,0.028837963827949956
15699,0.0414727591036873
15700,0.07427962187134397
15701,0.03295276915039043
15702,0.025433105245937514
15703,0.08695744605722483
15704,0.036385757907192506
15705,0.08414998447919719
15706,0.026081454827868108
15707,0.06322658189852148
15708,0.07144827854018483
15709,0.05665868392449736
15710,0.07530433670280004
15711,0.1085511013914654
15712,0.06755361691368682
15713,0.04431234604904449
15714,0.07138743764316577
15715,0.03681550919340635
15716,0.04092357362972887
15717,0.027981015246171564
15718,0.03229056752871222
15719,0.03978928018797589
15720,0.09584545669607587
15721,0.054177830527977464
15722,0.038141337483271996
15723,0.045292705857212213
15724,0.07255216794819264
15725,0.018564908547003326
15726,0.022344689758400694
15727,0.13811812785804314
15728,0.03912633969815104
15729,0.0399592561880939
15730,0.07113189586739749
15731,0.16729327028037058
15732,0.07883515781378472
15733,0.08702000824028257
15734,0.06964227806587725
15735,0.01758275795747077
15736,0.04412646960193674
15737,0.049418897172699844
15738,0.11387802952094934
15739,0.04202871283117922
15740,0.0776336244285807
15741,0.07232658806725127
15742,0.0672929112908882
15743,0.04650728158755798
15744,0.010047701528126802
15745,0.0861987665591007
15746,0.04740156036417623
15747,0.04869908310321886
15748,0.03754377923429509
15749,0.02985180279888354
15750,0.05463227445166661
15751,0.0606390849481332
15752,0.0747304645378777
15753,0.044501612763005224
15754,0.03296851608905294
15755,0.043579407221346705
15756,0.07868605037822896
15757,0.04444250144957932
15758,0.03625511034422072
15759,0.03560615384557028
15760,0.07973988528341523
15761,0.08029782636877453
15762,0.04250230156344495
15763,0.2013429775308055
15764,0.07196814264109352
15765,0.043334950410157155
15766,0.057898772497311145
15767,0.03296851608905294
15768,0.06945694461243697
15769,0.05301817441858986
15770,0.07583997100753267
15771,0.041757586507160785
15772,0.07612747056217911
15773,0.026570261054515702
15774,0.09867544997835508
15775,0.05338506290921548
15776,0.03829961858801212
15777,0.07716280127033084
15778,0.042190898485461696
15779,0.07805347068494126
15780,0.036317902770585817
15781,0.08409487157030615
15782,0.07987961949005154
15783,0.0076480752431342105
15784,0.07061312678985562
15785,0.04161761983937166
15786,0.0709826834510619
15787,0.03213358480450624
15788,0.04404162349244199
15789,0.0770476593917518
15790,0.03853718377471553
15791,0.05192473840427856
15792,0.03505138168304307
15793,0.04693840215234909
15794,0.06696363117204433
15795,0.09127170716332297
15796,0.05787189890484155
15797,0.04322423411900979
15798,0.060115599064198555
15799,0.034949346129502123
15800,0.015827345618010843
15801,0.09344305270973463
15802,0.06959100145896507
15803,0.038379802111256106
15804,0.04100088109663196
15805,0.1171421389542449
15806,0.043160919443396784
15807,0.040492766562595595
15808,0.037614589427254465
15809,0.08493596840800982
15810,0.03067147023898891
15811,0.07422370436235708
15812,0.07300068757667856
15813,0.06502996549864971
15814,0.027580033095212935
15815,0.04051096469631899
15816,0.060880744738297306
15817,0.05721305885678116
15818,0.03560028482022027
15819,0.03037699637798273
15820,0.05770844863349525
15821,0.036381057319586525
15822,0.06395704022615659
15823,0.037905772310613
15824,0.03575161816767687
15825,0.08864025507290893
15826,0.07763930478252311
15827,0.034806871779237795
15828,0.09069137317798359
15829,0.1122491067770917
15830,0.059133240006959624
15831,0.03933039801565936
15832,0.041531506392964934
15833,0.075978913226289
15834,0.03380786500228035
15835,0.07449165476333737
15836,0.01834642277704195
15837,0.08608672671541956
15838,0.026081454827868108
15839,0.09286404468728973
15840,0.034923405009190396
15841,0.05005765016747176
15842,0.03834253933651202
15843,0.04976997168105112
15844,0.06805668222508231
15845,0.06796623088640727
15846,0.02749006608490597
15847,0.03027111640589884
15848,0.04469267720125322
15849,0.07695145971883559
15850,0.03395798139572076
15851,0.07434055421225638
15852,0.08112553287213457
15853,0.03627875530924067
15854,0.08831246233957066
15855,0.039433944105005364
15856,0.07278146001608274
15857,0.10536078891278343
15858,0.07927830457552672
15859,0.08932646028196142
15860,0.06099036182454177
15861,0.06167433426044849
15862,0.07179660168472383
15863,0.025487100399872474
15864,0.05092212663290338
15865,0.039410904438058364
15866,-0.01700035937665097
15867,0.09660800036259844
15868,0.029458328212135943
15869,0.037779878416150166
15870,0.09660800036259844
15871,0.0790691016528945
15872,0.07564920935361369
15873,0.05189581181697942
15874,0.04709824249879623
15875,0.033604670137536555
15876,0.06094564597756125
15877,0.023686421231088117
15878,0.031937087676509844
15879,0.047387008599168896
15880,0.0804231637775394
15881,0.04193808516616603
15882,0.08197337794837967
15883,0.040378422369684766
15884,0.03027111640589884
15885,0.02612026573013758
15886,0.07728322191702662
15887,0.08789987795560329
15888,0.1226974753248559
15889,0.03348056255697806
15890,0.059788242907688145
15891,0.041661204490209984
15892,0.0398981234742993
15893,0.059400505693054564
15894,0.04409026932892585
15895,0.06678007484206
15896,0.08160219067390966
15897,0.03959919448639227
15898,0.025091018434016496
15899,0.06101091796624032
15900,-0.053506409788134465
15901,0.03402560648989462
15902,0.03384702521810265
15903,0.08329557355661323
15904,0.07446857251700054
15905,0.059030602317641866
15906,0.04736872608458945
15907,0.09482483378607512
15908,0.034402833308737855
15909,0.07742750182785418
15910,0.06122823453050841
15911,0.08063378161422805
15912,0.028167961264680394
15913,0.055719846124921694
15914,0.08437968955163216
15915,0.03756668814591444
15916,0.055972574185188896
15917,0.03883432751133217
15918,0.061877591183292814
15919,0.09206296409380153
15920,0.040058994368053664
15921,0.04507508604595242
15922,0.04384148490091665
15923,0.042063915293782506
15924,0.026913335309971843
15925,0.06083242173439716
15926,0.06195942891690015
15927,0.09446479689382169
15928,0.06311089131227965
15929,0.06710655599041539
15930,0.042446781979511024
15931,0.042040411409576366
15932,0.040349706778653065
15933,0.08140342044682948
15934,0.0384515638672207
15935,0.07589151845732169
15936,0.04085783601838707
15937,0.07255216794819264
15938,0.04131333310604948
15939,0.04561030250725229
15940,0.0723560358828484
15941,0.04715956874511191
15942,0.06431802951874177
15943,0.04899520714961734
15944,0.0746329097050208
15945,0.043245710654342545
15946,0.04086049239993483
15947,0.05301817441858986
15948,0.08205498301842422
15949,0.08480458537620539
15950,0.039630763820753825
15951,0.03027111640589884
15952,0.05245954429556659
15953,0.041208549934834054
15954,0.07759649426753838
15955,-0.06668971249748307
15956,0.03583539281950525
15957,0.04617380063609399
15958,0.042880092734287355
15959,0.08859126821080932
15960,0.07296975120743882
15961,0.08860476412755036
15962,0.02635741467155135
15963,0.051275173446385616
15964,0.08805180420276006
15965,0.030839050209625435
15966,0.08033424593406092
15967,0.040299697363871234
15968,0.08398012663792144
15969,0.03250999263638439
15970,0.045308224298849106
15971,0.04066337279608888
15972,0.016215449848530634
15973,0.045323559657021464
15974,0.134379996508543
15975,0.044769994254307575
15976,0.08184022675211688
15977,0.0636874296939011
15978,0.08380193225791807
15979,0.044580500241296894
15980,0.09162922469783222
15981,0.08105409370352815
15982,0.06650870170757138
15983,0.051553088116648195
15984,0.045750330921866346
15985,0.033689758118588056
15986,0.0743684589812223
15987,-0.016291014405492396
15988,0.06333593968745688
15989,0.04474940096341408
15990,0.09512572246156395
15991,0.07678054585011003
15992,0.03606210290311879
15993,0.092400746541977
15994,0.07450322373628422
15995,0.04908363927886886
15996,0.039958421821506156
15997,0.13444960536762546
15998,0.055919745841912886
15999,0.06256301085269345
